1,2,3,4,5,6,7,8,9,10,11,12,13,14,15,16,17
율무밥(55),유부쑥갓맑은국,양상추요거트샐러드,S사과(35g),S사과(35g),율무밥(55),새우젓국찌개,소고기토마토볶음,얼갈이무침,단무지무침,S카카오올리브케익,S코코아,율무밥(55),미역국,시금치두부전,고구마순된장무침,콜라비나박김치
감자밥(63),호박감자수제비국,과일샐러드(요거트드레싱),S복숭아(천도)-60g,S호두,감자밥(63),오징어찌개,두부톳무침,파래무침,오이피클,S매실젤리,S복숭아호두스무디,감자밥(55),닭곰탕,매콤오징어볶음,쑥갓나물,오이피클
찹쌀팥밥(55),호박감자수제비국,진미채초무침,S블루베리(50g),S사과(35g),찹쌀팥밥(55),매콤애호박국,소고기양배추조림,미역줄기채소볶음,비트초절이,S치즈케이크,S복숭아호두스무디,찹쌀팥밥(55),동태살무국,소고기감자조림,건취나물간장볶음,배추김치
찹쌀보리밥(55),애호박두부젓국찌개,당근스틱,S복숭아(60g),S복숭아(황도)-80g,찹쌀보리밥(55),두부새우젓국,삼겹살구이,건새우애호박볶음,석박지,S밤설기(40g),S보리차,찹쌀보리밥(55),북어김치국,감자그라탕,상추오이무침,나박김치
밤밥(55),닭고기채소찌개,콩나물김무침,S멜론(50g),S사과(35g),밤밥(55),닭살당면국,오징어채소볶음,실곤약간장채소무침,깻잎김치,S냉콩국+소면,S둥글레차,밤밥(63),온청포묵국,쫄면채소무침,건취나물간장볶음,비트초절이
찹쌀보리밥(55),쑥갓어묵탕,애호박볶음,S참외(50g),S청포도(100g),찹쌀보리밥(55),동태살국,소고기채소조림,진미채초무침,열무물김치,S단호박꿀찜,S(우유제외)수제블루베리우유,찹쌀보리밥(55),해물탕,오리훈제구이,감자당근채볶음,열무물김치
차조밥(63),멸치장국,가지나물무침,S복숭아(천도)-60g,S키위(50g),차조밥(63),버섯개장,수제비샐러드,단호박우유찜,석박지,S떡볶이,S복숭아호두스무디,차조밥(63),유부대파국,새우버터구이,해초볶음,깻잎김치
기장밥(55),다슬기된장국,감자그라탕,S복숭아(60g),S사과(35g),기장밥(55),매콤애호박국,소고기깻잎볶음,실곤약간장채소무침,열무물김치,S짜장떡볶이,S쌀음료,기장밥(55),우동국물,소고기채소조림,건새우애호박볶음,나박김치
검정콩밥(63),동태맑은국,무미역무침,S참외(50g),S사과(100g),검정콩밥(63),건새우된장국,오징어치즈전,미나리나물,비트초절이,S슈크림빵,S보리차,검정콩밥(63),차돌얼갈이국,오징어간장조림,애호박볶음,단배추물김치
흑미밥(55),실파장국,건새우애호박볶음,S사과(35g),S멜론(50g),흑미밥(55),유부쑥갓맑은국,채소전,양상추요거트샐러드,배추김치,S새우크림소스볶음,S고구마쉐이크,흑미밥(55),쑥갓어묵탕,차돌양배추볶음,땅콩우엉무침,배추김치
완두콩밥(55),대구지리,진미채초무침,S복숭아(천도)-60g,S사과(100g),완두콩밥(55),아욱우렁된장국,어묵감자조림,감자당근채볶음,석박지,S도너츠,S둥글레차,완두콩밥(55),맑은애호박국,소고기토마토조림,애호박볶음,깍두기
찹쌀현미밥(63),오징어맑은국,상추오이무침,S사과(35g),S복숭아(황도)-60g,찹쌀현미밥(63),얼갈이맑은국,매콤오삼불고기,맛살볶음,열무물김치,S단팥빵,S토마토쉐이크,찹쌀현미밥(63),다슬기아욱국,차돌양배추볶음,건새우애호박볶음,열무물김치
밤찹쌀팥밥(55),팽이장국,양상추요거트샐러드,S복숭아(천도)-60g,S수박화채,밤찹쌀팥밥(63),대구탕,햄구이,애호박건새우볶음,비트초절이,S약과,S보리차,밤찹쌀팥밥(55),애호박새우젓국,피망어묵볶음,매쉬드포테이토,동치미
옥수수밥(55),닭고기채소찌개,요거트과일샐러드,S복숭아(60g),S복숭아(황도)-80g,옥수수밥(55),두부새우젓국,참치어묵조림,애호박볶음,석박지,S새우크림소스볶음,S쌀음료,옥수수밥(55),어묵국수,새우살채소볶음,과일샐러드(요거트드레싱),석박지
밤밥(55),미니우동,감자그라탕,S사과(35g),S복숭아(천도)-60g,밤밥(63),동태살국,새우살조림,가지무침,단배추물김치,S(우유제외)토마토스파게티,S보리차,밤밥(63),(저염)닭곰탕,으깬두부채소전,애호박건새우볶음,단배추물김치
수수밥(55),무채국,동초무침,S멜론(100g),S(우유제외)과일화채,수수밥(55),근대국,(저염)갈치조림,청경채초무침,나박김치,S쑥떡(40g),S검은깨두유(150ml),수수밥(55),새우달걀국,소고기감자조림,미나리나물,나박김치
쌀밥(40),온청포묵국,채소샐러드,S사과(35g),S복숭아(황도)-80g,쌀밥(40),버섯소고기국,맛살꼬지전,진미채무말랭이무침,단배추물김치,S약과,S쌀음료,쌀밥(40),콩가루열무된장국,오리훈제구이,당근스틱,단배추물김치
완두콩밥(55),유부쑥갓맑은국,가지양념찜,S복숭아(60g),S복숭아(천도)-60g,완두콩밥(55),매콤애호박국,새우살채소볶음,동초무침,오이소박이김치,S크로와상,S둥글레차,완두콩밥(63),동태살무국,온두부찜,감자당근채볶음,배추김치
완두콩밥(63),닭곰탕,깻잎순멸치볶음,S사과(50g),S멜론(50g),완두콩밥(63),대파감자국,매콤낙지채소볶음,과일샐러드(요거트드레싱),백김치,S고로케,S보리차,완두콩밥(55),팽이장국,소고기떡조림,쑥갓무침,비트초절이
완두콩밥(63),동태살무국,건취나물간장볶음,S사과(35g),S복숭아(천도)-60g,완두콩밥(55),안매운닭개장,으깬두부채소전,진미채초무침,열무물김치,S쿠키,S고구마쉐이크,완두콩밥(55),유부쑥갓맑은국,두부톳무침,표고버섯간장볶음,배추김치
현미밥(55),닭고기채소찌개,동초무침,S멜론(50g),S복숭아(60g),현미밥(55),동태맑은국,매콤주꾸미볶음,실곤약간장채소무침,비트초절이,S슈크림빵,S검은깨두유(150ml),현미밥(55),차돌얼갈이국,소고기떡조림,가지나물무침,단배추물김치
찹쌀팥밥(55),동태살무국,무미역생채,S복숭아(황도)-80g,S참외(50g),찹쌀팥밥(55),북어달걀국,등심탕수육+소스,진미채초무침,석박지,S크림빵,S고구마쉐이크,찹쌀팥밥(55),두부새우젓국,참치어묵조림,쑥갓나물무침,석박지
찹쌀밥(40),김치유부맑은국,부추사과무침,S사과(50g),S복숭아(천도)-60g,찹쌀밥(40),유부맑은국,옥수수채소튀김,실곤약채소무침,비트초절이,S멸치주먹밥,S보리차,찹쌀밥(40),순두부찌개,소고기떡조림,쑥갓나물무침,단배추물김치
감자밥(63),아욱우렁된장국,미역줄기채소볶음,S복숭아(60g),S복숭아(황도)-80g,감자밥(63),떡국,소고기토마토조림,진미채초무침,나박김치,S(우유제외)토마토스파게티,S매실쥬스,감자밥(63),실파장국,청경채불고기,채소샐러드,석박지
찹쌀밥(40),해물탕,애호박새우젓볶음,S멜론(50g),S블루베리고구마샐러드,찹쌀밥(40),감자된장찌개,애호박생선살찜,건파래자반,열무물김치,S으깬견과류고구마샐러드(요거트),S오미자아이스크림,찹쌀밥(40),감자된장국,매콤오징어볶음,참치양파볶음,열무물김치
잡곡밥(63),오징어국,옥수수토마토소스볶음,S사과(35g),S복숭아(황도)-80g,잡곡밥(63),어묵국,다시마튀각,얼갈이배추겉절이,나박김치,S스크램블에그(버터),S레몬주스,잡곡밥(63),매콤콩나물국,차돌숙주볶음,청포묵김무침,얼갈이배추겉절이
수수밥(63),유부쑥갓맑은국,상추오이무침,S복숭아(천도)-80g,S복숭아(80g),수수밥(63),매콤애호박국,온두부찜,진미채초무침,배추김치,S슈크림빵,S둥글레차,수수밥(63),동태살무국,소고기토마토조림,동초무침,비트초절이
밤밥(55),동태살국,애호박볶음,S복숭아(60g),S멜론(50g),밤밥(55),콩가루얼갈이배추국,고구마연근맛탕,땅콩우엉무침,나박김치,S크림떡볶이,S오미자아이스크림,밤밥(63),떡국,병어조림,건새우애호박볶음,나박김치
현미밥(63),건새우된장국,우엉간장조림,S복숭아(황도)-80g,S복숭아(백도)-60g,현미밥(63),우동국물,조랭이떡소불고기,채소샐러드,열무김치,S치즈,S보리차,현미밥(63),(저염)닭곰탕,삼치살양념조림,청경채나물,총각김치
찹쌀현미밥(55),두부새우젓국,아욱무침,S복숭아(60g),S사과(100g),찹쌀현미밥(55),오징어맑은국,멸치땅콩볶음,미역줄기채소볶음,나박김치,S(우유제외)토마토스파게티,S둥글레차,찹쌀현미밥(55),동태살국,청경채불고기,도라지무침,나박김치
찰현미밥(63),오징어감자국,얼갈이무침,S사과(75g),S사과(35g),찰현미밥(55),김치유부맑은국,새우튀김,양배추오이샐러드,열무물김치,S멸치주먹밥,S보리차,찰현미밥(63),오징어숙주국,애호박생선살찜,상추쌈,열무물김치
찹쌀팥밥(55),유부쑥갓맑은국,실곤약채소무침,S복숭아(60g),S복숭아(천도)-60g,찹쌀팥밥(55),매콤애호박국,수제비샐러드,배추게맛살샐러드,배추김치,S치즈케이크,S매실쥬스,찹쌀팥밥(55),버섯개장,칠리새우,파래무침,깍두기
밤밥(55),호박감자수제비국,무미역무침,S사과(35g),S멜론(50g),밤밥(55),두부새우젓국,으깬두부채소전,단호박견과류찜,비트초절이,S멸치주먹밥,S고구마쉐이크,밤밥(55),동태살무국,탕평채무침,건파래자반,콜라비나박김치
잡곡밥(55),온청포묵국,동초무침,S복숭아(60g),S참외(50g),잡곡밥(55),대구지리,(저염)갈치조림,실곤약채소무침,단배추물김치,S떡볶이,S보리차,잡곡밥(55),닭고기채소찌개,어묵감자조림,해초볶음,열무물김치
밤밥(55),떡국,얼갈이무침,S복숭아(백도)-80g,S사과(35g),밤밥(55),실파장국,탕평채무침,애호박건새우볶음,비트초절이,S유부초밥,S둥글레차,밤밥(63),다슬기된장국,병어조림,양배추오이샐러드,얼갈이배추김치
보리밥(55),닭고기채소찌개,실곤약채소무침,S복숭아(황도)-80g,S멜론(50g),보리밥(55),팽이장국,오이참치마요무침,채소샐러드(발사믹드레싱),단배추물김치,S멸치주먹밥,S우유(150ml),보리밥(55),동태맑은국,소면채소무침,건새우애호박볶음,열무물김치
잡곡밥(55),매콤애호박국,마늘종볶음,S복숭아(천도)-60g,S복숭아(60g),잡곡밥(55),버섯개장,참치어묵조림,무미역생채,배추김치,S소보로빵,S복숭아호두스무디,잡곡밥(55),유부쑥갓맑은국,수제비샐러드,토마토범벅,배추김치
찹쌀밥(40),(소고기제외)당면양배추국,황태채조림,S사과(35g),S멜론(50g),찹쌀밥(40),동태살무국,어묵고구마조림,아욱무침,백김치,S쿠키,S둥글레차,찹쌀밥(40),호박감자수제비국,소고기당면불고기,(우유제외)옥수수버터구이,백김치
감자밥(55),닭고기채소찌개,과일샐러드(요거트드레싱),S복숭아(백도)-80g,S복숭아(황도)-80g,감자밥(55),해물탕,닭날개북어찜,애호박건새우볶음,비트초절이,S단호박샐러드,S보리차,감자밥(55),어묵국수,라조기,감자그라탕,깍두기
보리밥(55),떡국,감자당근채볶음,S복숭아(60g),S복숭아(천도)-60g,보리밥(55),닭곰탕,매콤낙지채소볶음,애호박볶음,열무김치,S증편(40g),S둥글레차,보리밥(55),아욱우렁된장국,소고기채소조림,채소샐러드,열무물김치
찰현미밥(63),유부쑥갓맑은국,감자당근채볶음,S사과(35g),S복숭아(천도)-80g,찰현미밥(63),매콤애호박국,소고기토마토조림,애호박새우젓볶음,오이소박이김치,S치즈,S우유미숫가루,찰현미밥(63),동태살무국,닭고기냉채,가지무침,배추김치
쌀밥(63),대구지리,얼갈이배추겉절이,S복숭아(천도)-60g,S복숭아(황도)-80g,쌀밥(40),닭고기채소찌개,감자부추전,실곤약간장채소무침,나박김치,S새우크림소스볶음,S매실쥬스,쌀밥(40),온도토리묵국,옥수수치즈전,땅콩우엉무침,깍두기
밤콩밥(55),매콤애호박국,참치양파볶음,S사과(35g),S멜론(50g),밤콩밥(55),차돌얼갈이국,온두부찜,동초무침,단배추물김치,S(우유제외)토마토스파게티,S둥글레차,밤콩밥(55),미니우동,김치전,감자그라탕,열무김치
쌀밥(40),해물탕,더덕사과무침,S복숭아(천도)-80g,S복숭아(60g),쌀밥(40),건새우시금치국,오리훈제구이,건파래자반,열무물김치,S찐고구마,S오미자아이스크림,쌀밥(40),떡국,매콤오징어볶음,건취나물간장볶음,나박김치
검정콩밥(63),탕국,톳나물무침,S귤(80g),S복숭아(천도)-60g,검정콩밥(63),매콤애호박국,단호박전,(고춧가루제외)노각무침,열무김치,S멸치주먹밥,S둥글레차,검정콩밥(63),다시마새우젓국,유부맛살숙주무침,양상추요거트샐러드,열무김치
검정콩밥(55),실파장국,얼갈이나물,S사과(35g),S멜론(50g),검정콩밥(55),유부쑥갓맑은국,채소전,매쉬드포테이토,오이소박이김치,S으깬견과류고구마샐러드(요거트),S수정과,검정콩밥(55),팽이장국,소고기토마토볶음,마카로니채소샐러드(토마토소스),오이소박이김치
고구마밥(55),동태살무국,뱅어포구이,S아몬드,S귤(80g),고구마밥(55),단호박무국,치즈등심돈까스,양념가지찜,깍두기,S단팥빵,S코코아,고구마밥(55),유부대파국,주꾸미숙회,(우유제외)단호박두유찜,깍두기
보리밥(55),버섯개장,동초무침,S복숭아(천도)-60g,S복숭아(60g),보리밥(55),팽이장국,돼지고기굴소스볶음,건새우애호박볶음,배추김치,S크로와상,S매실쥬스,보리밥(55),애호박맑은국,토마토카프레제,얼갈이무침,배추김치
고구마밥(55),호박감자수제비국,매쉬드포테이토,S사과(50g),S사과(35g),고구마밥(55),닭곰탕,라조기,건취나물간장볶음,단무지,S(우유제외)토마토스파게티,S보리차,고구마밥(55),곰취마른새우국,매콤주꾸미볶음,오이쌈장무침,열무물김치
팥밥(55),유부쑥갓맑은국,맛살볶음,S복숭아(60g),S복숭아(천도)-60g,팥밥(55),대구지리,매콤오징어볶음,조미김,배추김치,S(우유제외)알리오올리오스파게티,S식혜,팥밥(55),건새우시금치국,어묵볶음,동초무침,배추김치
밤밥(55),동태맑은국,매쉬드포테이토,S사과(35g),S블루베리(50g),밤밥(63),멸치장국,으깬두부채소전,건파래자반,단배추물김치,S(우유제외)토마토스파게티,S수정과,밤밥(63),차돌얼갈이국,김치전,가지양념무침,깻잎김치
고구마밥(55),동태살무국,진미채초무침,S복숭아(천도)-60g,S복숭아(60g),고구마밥(55),호박감자수제비국,온두부찜,파래무침,오이소박이김치,S절편,S오미자아이스크림,고구마밥(55),유부쑥갓맑은국,맛살꼬지전,애호박볶음,배추김치
밤콩밥(55),다슬기아욱국,상추오이무침,S사과(35g),S멜론(50g),밤콩밥(55),매콤애호박국,삼치무조림,가지양념찜,열무물김치,S쿠키,S둥글레차,밤콩밥(55),오징어숙주국,새우살크림소스볶음,채소샐러드,비트초절이
찰현미밥(55),오징어찌개,멸치볶음,S복숭아(천도)-60g,S사과(100g),찰현미밥(55),버섯찌개,갈치감자조림,참나물된장무침,오이소박이김치,S(우유제외)버터감자구이,S우유미숫가루,찰현미밥(55),멸치장국,안매운오삼불고기,미역초무침,오이소박이김치
찹쌀밥(40),두부새우젓국,돌나물오이무침,S사과(35g),S블루베리고구마샐러드,찹쌀밥(40),두부젓국찌개,닭다리카레찜,과일샐러드(요거트드레싱),석박지,S멸치주먹밥,S보리차,찹쌀밥(40),해물탕,닭가슴살고구마볶음,무미역생채,석박지
찹쌀현미밥(55),매콤애호박국,매쉬드포테이토,S복숭아(천도)-80g,S복숭아(80g),찹쌀현미밥(55),동태살무국,고구마연근맛탕,다시마북어볶음,배추김치,S으깬견과류고구마샐러드(요거트),S오미자아이스크림,찹쌀현미밥(55),홍합탕,삼치무조림,실곤약간장채소무침,배추김치
고구마밥(55),유부쑥갓맑은국,참치양파볶음,S당근스틱,S자두(50g),고구마밥(55),미니새우튀김우동,가지구이,애호박새우젓볶음,단배추물김치,S잣죽,S고구마쉐이크,고구마밥(55),들깨감자국,닭간장조림,표고버섯나물,비트초절이
옥수수밥(63),새우젓국찌개,모듬쌈,S사과(35g),S멜론(50g),옥수수밥(63),단호박맑은국,소고기채소조림,애호박건새우볶음,나박김치,S크림떡볶이,S보리차,옥수수밥(63),콩나물무국,옥수수채소튀김,감자그라탕,석박지
밤밥(63),유부쑥갓맑은국,건새우애호박볶음,S복숭아(80g),S복숭아(천도)-80g,밤밥(63),동태살무국,탕평채무침,무미역생채,배추김치,S짜장떡볶이,S둥글레차,밤밥(63),다슬기된장국,매콤오삼불고기,토마토범벅,열무물김치
보리밥(55),닭고기채소찌개,진미채초무침,S복숭아(천도)-60g,S복숭아(60g),보리밥(63),북어김치국,참치어묵조림,김구이+양념장,석박지,S냉콩국+소면,S보리차,보리밥(55),건새우맑은국,수제비샐러드,배추게맛살샐러드,석박지
찹쌀현미밥(55),우동국물,채소샐러드,S사과(35g),S복숭아(황도)-80g,찹쌀현미밥(55),양파오징어국,오리훈제구이,채소샐러드(발사믹드레싱),비트초절이,S멸치주먹밥,S수제블루베리우유,찹쌀현미밥(55),닭고기무국,소면채소무침,애호박건새우볶음,깍두기
차조밥(55),쑥갓어묵탕,브로콜리숙채,S멜론(50g),S복숭아(60g),차조밥(55),(저염)닭곰탕,(저염)갈치조림,애호박볶음,열무물김치,S쑥떡(40g),S검은깨두유(200ml),차조밥(55),오징어찌개,옥수수채소전,치커리무침,총각김치
쌀밥(40),닭곰탕,진미채초무침,S복숭아(천도)-80g,S복숭아(80g),쌀밥(40),어묵국수,소고기채소조림,뱅어포볶음,석박지,S(우유제외)토마토스파게티,S코코아,쌀밥(40),동태살무국,고구마연근맛탕,쑥갓나물,석박지
밤찹쌀팥밥(63),닭고기곰탕,토마토범벅,S당근스틱,S복숭아(백도)-60g,밤찹쌀팥밥(63),오징어무국,게맛살튀김,양배추건새우볶음,배추김치,S떡국,S미숫가루,밤찹쌀팥밥(63),오징어찌개,브로콜리오징어무침,쌈채소,배추김치
쌀밥(40),닭고기채소찌개,땅콩우엉무침,S사과(35g),S복숭아(천도)-60g,쌀밥(40),떡국,등심탕수육+소스,건새우애호박볶음,비트초절이,S약과,S보리차,쌀밥(40),건새우된장국,감자그라탕,무미역생채,비트초절이
찹쌀현미밥(55),유부맑은국,고구마우유조림,S멜론(50g),S복숭아(천도)-80g,찹쌀현미밥(55),참치무국,어묵감자조림,진미채초무침,열무물김치,S치즈,S코코아,찹쌀현미밥(55),북어김치국,돼지고기굴소스볶음,감자당근채볶음,동치미
기장밥(55),오징어찌개,애호박볶음,S복숭아(60g),S참외(50g),기장밥(55),차돌얼갈이국,매콤낙지채소볶음,동초무침,단배추물김치,S(우유제외)토마토스파게티,S보리차,기장밥(55),동태맑은국,두부톳무침,배추게맛살샐러드,비트초절이
쌀밥(55),실파장국,새우살호박볶음,S멜론퓨레,S포도(100g),쌀밥(55),온청포묵국,삼치무조림,얼갈이무침,콜라비나박김치,S(우유제외)알리오올리오스파게티,S오미자아이스크림,쌀밥(55),팽이장국,미역귀튀각,오이토마토샐러드(발사믹드레싱),배추김치
찹쌀보리밥(63),동태살무국,진미채초무침,S복숭아(천도)-60g,S복숭아(60g),찹쌀보리밥(63),유부쑥갓맑은국,소고기채소조림,가지양념찜,비트초절이,S크림떡볶이,S검은깨두유(200ml),찹쌀보리밥(63),매콤애호박국,닭고기냉채,채소샐러드,비트초절이
완두콩밥(63),동태살국,과일샐러드(요거트드레싱),S멜론(50g),S사과(50g),완두콩밥(63),콩가루얼갈이배추국,조랭이떡소불고기,맛살양파볶음,깍두기,S단호박꿀찜,S보리차,완두콩밥(63),닭곰탕,매콤낙지채소볶음,양배추건새우볶음,깍두기
검정콩밥(55),유부쑥갓맑은국,곤드레나물볶음,S사과(35g),S과일화채,검정콩밥(55),매콤애호박국,감자그라탕,파래무침,배추김치,S크로와상,S매실쥬스,검정콩밥(55),동태살무국,온두부찜,진미채초무침,배추김치
완두콩밥(63),가자미미역국,양념가지찜,S배(50g),S복숭아(천도)-60g,완두콩밥(63),찹쌀옹심이국,훈제오리냉채,도라지나물(간장),오이소박이김치,S크림떡볶이,S둥글레차,완두콩밥(63),얼갈이배추국,소고기무볶음,건새우볶음,오이소박이김치
밤찹쌀팥밥(55),대구탕,마늘종볶음,S과일샐러드(마요네즈),S복숭아(황도)-80g,밤찹쌀팥밥(55),양송이된장국,오징어치즈전,맛살당근볶음,열무물김치,S케이크,S코코아,밤찹쌀팥밥(55),오징어국,닭다리카레찜,토마토범벅,열무물김치
보리밥(63),동태살무국,맛살볶음,S복숭아(천도)-80g,S복숭아(80g),보리밥(63),애호박맑은국,(저염)갈치조림,동초무침,배추김치,S고로케,S둥글레차,보리밥(63),유부쑥갓맑은국,소고기토마토조림,사과미나리무침,배추김치
차조밥(55),아욱우렁된장국,오이생채,S땅콩,S수박(100g),차조밥(55),애호박두부젓국찌개,소면채소무침,매쉬드포테이토,단무지,S(우유제외)알리오올리오스파게티,S보리차,차조밥(63),양지곰국,오징어무조림,실곤약채소무침,단무지
현미밥(55),버섯부추국,쑥갓나물무침,S블루베리(50g),S복숭아(황도)-60g,현미밥(55),시래기된장국,고추장소고기볶음,미나리나물,파프리카피클,S크로와상(30g),S(우유제외)호두두유,현미밥(55),청국장국,옥수수치즈전,상추배생채,단배추물김치
옥수수밥(55),온청포묵국,두부열무나물,S복숭아(60g),S복숭아(천도)-60g,옥수수밥(55),버섯개장,시금치두부전,도라지나물(간장),배추김치,S채소찐빵,S보리차,옥수수밥(55),미니유부우동,닭고기냉채,무사과무침,배추김치
감자밥(63),닭곰탕,애호박볶음,S멜론(50g),S바나나(50g),감자밥(63),유부쑥갓맑은국,떡갈비간장조림,건새우애호박볶음,오이소박이김치,S짜장떡볶이,S토마토쉐이크,감자밥(63),동태살무국,매콤오징어볶음,감자그라탕,열무물김치
잡곡밥(55),매콤애호박국,맛살볶음,S복숭아(60g),S복숭아(천도)-60g,잡곡밥(55),대파감자국,소고기토마토볶음,조미김,배추김치,S크림떡볶이,S코코아,잡곡밥(63),다슬기된장국,무나물볶음,크래미채소볶음,파김치
밤밥(55),안매운닭개장,마카로니채소샐러드(토마토소스),S사과(35g),S멜론(50g),밤밥(63),(저염)닭곰탕,매콤주꾸미볶음,동초무침,열무물김치,S절편(40g),S(우유제외)수제블루베리우유,밤밥(63),오징어찌개,주꾸미숙회,감자그라탕,열무물김치
기장밥(55),버섯부추국,당근스틱,S복숭아(황도)-60g,S블루베리(50g),기장밥(55),청국장국,삼치살두부감자조림,얼갈이무침,파프리카피클,S크로와상(30g),S(우유제외)호두두유,기장밥(55),쑥갓어묵탕,뱅어포튀김,청경채도토리묵무침,나박김치
기장밥(63),해물탕,고구마범벅,S복숭아(60g),S복숭아(천도)-60g,기장밥(63),동태살무국,소고기토마토조림,감자당근채볶음,열무물김치,S치즈,S보리차,기장밥(63),완자탕,참치어묵조림,유채나물무침,비트초절이
감자밥(63),닭살숙주국,마카로니채소샐러드(토마토소스),S사과(35g),S블루베리(50g),감자밥(63),북어김치국,감자그라탕,건새우애호박볶음,깻잎김치,S멸치주먹밥,S둥글레차,감자밥(63),애호박두부젓국찌개,새송이버섯전,양념가지찜,나박김치
쌀밥(63),동태살무국,매쉬드포테이토,S복숭아(천도)-60g,S멜론(50g),쌀밥(40),다슬기된장국,으깬두부채소전,사과미나리무침,오이소박이김치,S(우유제외)토마토스파게티,S코코아,쌀밥(40),유부쑥갓맑은국,오리훈제구이,김구이+양념장,오이소박이김치
잡곡밥(55),콩가루얼갈이배추국,건취나물간장볶음,S복숭아(60g),S사과(35g),잡곡밥(55),오징어숙주국,두부톳무침,파래무침,열무김치,S치즈,S오미자아이스크림,잡곡밥(55),떡국,고구마연근맛탕,애호박볶음,열무김치
고구마밥(63),실파장국,실곤약채소무침,S사과(100g),S방울토마토(35g),고구마밥(63),닭고기채소찌개,조기구이,오이생채,나박김치,S멸치주먹밥,S보리차,고구마밥(63),아욱우렁된장국,소고기당면불고기,옥수수토마토소스볶음,나박김치
감자밥(55),동태살무국,아욱무침,S블루베리고구마샐러드,S멜론(50g),감자밥(55),안매운닭개장,맛살어묵볶음,건취나물간장볶음,배추김치,S크로와상,S식혜,감자밥(55),오징어숙주국,두부톳무침,곤드레나물볶음,배추김치
찹쌀보리밥(63),닭곰탕,동초무침,S복숭아(60g),S복숭아(천도)-60g,찹쌀보리밥(63),유부쑥갓맑은국,토마토카프레제,채소샐러드,나박김치,S연두부샐러드(오리엔탈드레싱),S검은깨두유(200ml),찹쌀보리밥(63),매콤애호박국,가래떡구이,진미채초무침,오이소박이김치
찹쌀밥(40),실파장국,토마토범벅,S사과(35g),S멜론퓨레,찹쌀밥(40),만두국,으깬두부채소전,열무나물,단배추물김치,S멸치주먹밥,S코코아,찹쌀밥(40),애호박두부젓국,어묵감자조림,무미역생채,비트초절이
흑미밥(55),북어달걀국,크래미채소볶음,S당근스틱,S복숭아(천도)-60g,흑미밥(63),유부쑥갓맑은국,두부톳무침,땅콩우엉무침,배추김치,S맘모스빵,S둥글레차,흑미밥(55),매콤애호박국,매콤오징어볶음,동초무침,배추김치
찹쌀현미밥(55),잘게썬오징어무국,김구이+양념장,S귤(80g),S복숭아(백도)-60g,찹쌀현미밥(55),대구살맑은국,두부찜+김치볶음,쑥갓나물,동치미,S케이크,S수제블루베리바나나우유,찹쌀현미밥(55),닭가슴살미역국,미역귀튀각,감자버터구이,얼갈이배추김치
찹쌀현미밥(63),미니유부우동,청경채초무침,S블루베리(50g),S복숭아(천도)-60g,찹쌀현미밥(63),대구탕,새우버터구이,단호박구이,나박김치,S(우유제외)로제스파게티,S검은깨두유(100ml),찹쌀현미밥(63),미역오이냉국,소고기청경채볶음,쑥갓나물무침,배추김치
고구마밥(63),오징어숙주국,참나물간장무침,S복숭아(천도)-60g,S복숭아(60g),고구마밥(63),콩가루봄동국,돼지고기짜장볶음,매쉬드포테이토,오이소박이김치,S(우유제외)토마토스파게티,S식혜,고구마밥(63),유부쑥갓맑은국,새우살채소볶음,애호박볶음,파김치
차조밥(55),매콤애호박국,상추오이무침,S복숭아(황도)-80g,S멜론(50g),차조밥(55),동태살무국,소고기토마토조림,진미채초무침,열무물김치,S슈크림빵,S고구마쉐이크,차조밥(55),유부김치국,참치어묵조림,애호박새우젓볶음,비트초절이
찹쌀팥밥(63),청국장국,얼갈이배추겉절이,S사과(35g),S귤(50g),찹쌀팥밥(63),표고버섯된장국,차돌숙주볶음,미역초무침,배추김치,S단호박샐러드,S코코아,찹쌀팥밥(63),황태미역국,삼치살무조림,건파래볶음,배추김치
흑미밥(55),대구지리,크래미채소볶음,S복숭아(천도)-60g,S멜론(50g),흑미밥(55),호박감자수제비국,두부톳무침,맛살볶음,열무물김치,S새우크림소스볶음,S둥글레차,흑미밥(55),유부쑥갓맑은국,매콤오징어볶음,애호박볶음,오이소박이김치
찹쌀밥(55),온청포묵국,실곤약간장채소무침,S복숭아(60g),S사과(35g),찹쌀밥(40),차돌얼갈이국,매콤오삼불고기,과일샐러드(요거트드레싱),단배추물김치,S단호박샐러드,S보리차,찹쌀밥(63),순한육개장,온두부찜,청포묵김무침,비트초절이
찹쌀밥(40),다슬기된장국,애호박건새우볶음,S멜론(50g),S복숭아(황도)-80g,찹쌀밥(55),콩가루얼갈이배추국,소면채소무침,매쉬드포테이토,나박김치,S(우유제외)알리오올리오스파게티,S검은콩두유(150ml),찹쌀밥(40),닭고기채소찌개,닭살간장조림,가지양념찜,석박지
잡곡밥(55),얼갈이맑은국,토마토범벅,S복숭아(천도)-80g,S복숭아(80g),잡곡밥(55),묵국,매콤오징어볶음,참치양파볶음,열무물김치,S새우크림소스볶음,S둥글레차,잡곡밥(55),해물탕,생선까스,해초볶음,깍두기
옥수수밥(55),근대국,동초무침,S복숭아(60g),S멜론(50g),옥수수밥(55),차돌얼갈이국,단호박튀김,매쉬드포테이토,비트초절이,S슈크림빵,S코코아,옥수수밥(55),동태살국,애호박생선살찜,건취나물간장볶음,비트초절이
옥수수밥(63),건새우된장국,해초볶음,S복숭아(황도)-60g,S복숭아(황도)-80g,옥수수밥(63),닭고기채소찌개,오징어채소볶음,북어채조림,단배추물김치,S치즈,S보리차,옥수수밥(63),김치유부맑은국,소고기채소조림,실곤약간장채소무침,총각김치
차조밥(55),해물탕,진미채초무침,S멜론(50g),S복숭아(60g),차조밥(55),두부새우젓국,매콤오징어볶음,동초무침,나박김치,S짜장떡볶이,S둥글레차,차조밥(55),실파장국,오리훈제구이,고구마우유조림,비트초절이
옥수수밥(63),건새우감자국,실곤약간장채소무침,S사과(35g),S복숭아(백도)-80g,옥수수밥(63),양배추맑은국,삼치무조림,애호박건새우볶음,열무김치,S으깬견과류고구마샐러드(요거트),S오미자아이스크림,옥수수밥(63),멸치장국,삼치조림,양배추오이샐러드,비트초절이
보리밥(63),유부쑥갓맑은국,양상추요거트샐러드,S복숭아(60g),S복숭아(천도)-60g,보리밥(63),다시마새우젓국,등심탕수육+소스,유채나물,열무물김치,S멸치주먹밥,S보리차,보리밥(63),표고버섯탕,새우버터구이,상추오이무침,열무물김치
기장밥(63),동태살무국,얼갈이무침,S멜론(50g),S사과(35g),기장밥(63),북어달걀국,으깬두부채소전,건새우애호박볶음,오이소박이김치,S치즈,S매실쥬스,기장밥(63),매콤애호박국,떡갈비간장조림,매쉬드포테이토,오이소박이김치
흑미밥(63),두부새우젓국,애호박볶음,S복숭아(60g),S복숭아(천도)-60g,흑미밥(63),두부젓국찌개,닭고기냉채,건취나물간장볶음,배추김치,S새우크림소스볶음,S둥글레차,흑미밥(63),온청포묵국,매콤오징어볶음,크래미채소볶음,배추김치
수수밥(55),동태살무국,애호박새우젓볶음,S복숭아(60g),S사과(35g),수수밥(55),수제비아욱국,소고기양배추볶음,건새우애호박볶음,열무물김치,S치즈,S매실쥬스,수수밥(55),동태살무국,소고기토마토조림,매쉬드포테이토,오이소박이김치
찹쌀팥밥(55),해물탕,뱅어포구이,S복숭아(천도)-80g,S복숭아(80g),찹쌀팥밥(55),다슬기아욱국,참치어묵조림,고구마우유조림,비트초절이,S연두부,S매실쥬스,찹쌀팥밥(55),실파장국,생선까스,진미채초무침,비트초절이
찹쌀팥밥(63),건새우된장국,곤드레나물볶음,S복숭아(60g),S사과(35g),찹쌀팥밥(63),우동국물,삼치무조림,건취나물간장볶음,열무물김치,S치즈,S오미자아이스크림,찹쌀팥밥(63),동태살국,고구마연근맛탕,애호박새우젓볶음,석박지
보리밥(55),우렁이두부된장국,참외나물,S사과(75g),S사과(100g),보리밥(55),실파장국,다시마튀각,(고춧가루제외)노각무침,파프리카피클,S증편,S고칼슘우유(200ml),보리밥(55),양지곰국,소고기찹쌀구이,노각나물,비트초절이
검정콩밥(55),두부찌개,곤드레나물볶음,S사과(35g),S복숭아(천도)-60g,검정콩밥(63),유부쑥갓맑은국,닭고기냉채,감자그라탕,열무물김치,S슈크림빵,S매실쥬스,검정콩밥(55),동태살무국,참치어묵조림,마카로니채소샐러드(토마토소스),배추김치
보리밥(55),차돌얼갈이국,감자당근채볶음,S멜론(50g),S복숭아(60g),보리밥(63),동태살국,오징어간장조림,동초무침,단배추물김치,S크림빵,S보리차,보리밥(55),미니우동,삼치무조림,건새우애호박볶음,비트초절이
보리밥(63),부추맑은국,매쉬드포테이토,S배(50g),S복숭아(천도)-60g,보리밥(55),우동국물,(저염)갈치조림,애호박양파볶음,석박지,S절편(40g),S오미자아이스크림,보리밥(63),새우살시금치국,감자치즈전,상추묵무침,석박지
기장밥(55),실파장국,도라지나물,S복숭아(60g),S사과(100g),기장밥(55),소고기숙주국,옥수수치즈전,양배추샐러드(딸기드레싱),단배추물김치,S샌드위치,S떠먹는요구르트(100ml),기장밥(55),대합미역국,김치전,실곤약간장채소무침,깻잎김치
현미밥(55),유부쑥갓맑은국,매콤숙주미나리무침,S사과(35g),S멜론(50g),현미밥(63),매콤애호박국,참치어묵조림,진미채초무침,배추김치,S단호박꿀찜,S검은깨두유(200ml),현미밥(63),김치유부맑은국,동태포전,동초무침,비트초절이
고구마밥(63),쑥갓어묵탕,얼갈이무침,S복숭아(천도)-80g,S복숭아(80g),고구마밥(63),팽이장국,카레닭가슴살볶음,상추쌈,열무물김치,S샌드위치,S수제딸기우유,고구마밥(63),새우살시금치국,차돌숙주볶음,진미채초무침,열무물김치
흑미밥(55),동태살국,과일샐러드(요거트드레싱),S멜론(50g),S사과(35g),흑미밥(55),닭고기채소찌개,감자그라탕,매쉬드포테이토,비트초절이,S쌀과자,S보리차,흑미밥(55),쑥국,새우살채소볶음,실곤약간장채소무침,단배추물김치
팥밥(55),미역북어국,배무생채,S복숭아(황도)-80g,S참외(50g),팥밥(55),건새우된장국,새우까스,건파래자반,배추김치,S(우유제외)알리오올리오스파게티,S오미자아이스크림,팥밥(55),감자국,숙주맛살무침,양상추요거트샐러드,배추김치
옥수수밥(55),유부쑥갓맑은국,크래미채소볶음,S복숭아(천도)-80g,S사과(35g),옥수수밥(55),매콤애호박국,떡갈비간장조림,채소샐러드,비트초절이,S크림떡볶이,S코코아,옥수수밥(55),동태살무국,오리훈제구이,동초무침,오이소박이김치
차조밥(55),차돌얼갈이국,땅콩우엉무침,S복숭아(황도)-60g,S참외(50g),차조밥(55),늙은호박국,으깬두부채소전,찐감자,단배추물김치,S카카오올리브케익,S떠먹는요구르트(100ml),차조밥(55),동태맑은국,매콤낙지채소볶음,애호박볶음,깻잎김치
수수밥(63),유부쑥갓맑은국,크래미채소볶음,S복숭아(천도)-80g,S사과샐러드(마요네즈),수수밥(63),매콤애호박국,소고기토마토조림,미역초무침,오이소박이김치,S치즈케이크,S둥글레차,수수밥(63),동태살무국,닭고기냉채,건새우애호박볶음,배추김치
현미밥(63),쑥갓어묵탕,건취나물간장볶음,S복숭아(60g),S복숭아(천도)-60g,현미밥(63),북어김치국,감자그라탕,진미채초무침,석박지,S단호박샐러드(마요네즈),S보리차,현미밥(55),두부새우젓국,참치어묵조림,상추오이무침,석박지
찹쌀밥(40),감자미역국,다시마북어볶음,S블루베리고구마샐러드,S멜론(50g),찹쌀밥(40),차돌얼갈이국,라조기,더덕사과무침,단배추물김치,S(우유제외)토마토스파게티,S둥글레차,찹쌀밥(40),안매운닭개장,애호박생선살찜,애호박건새우볶음,깻잎김치
찹쌀보리밥(55),동태살무국,고구마우유조림,S사과(35g),S복숭아(천도)-60g,찹쌀보리밥(55),호박감자수제비국,삼겹살구이,진미채초무침,비트초절이,S절편(40g),S망고주스,찹쌀보리밥(55),유부쑥갓맑은국,소고기토마토조림,맛살볶음,배추김치
보리밥(55),오징어찌개,브로콜리참깨무침,S블루베리(50g),S복숭아(황도)-80g,보리밥(55),대파감자국,소고기양파볶음,쑥갓나물,얼갈이배추김치,S연두부,S코코아,보리밥(55),쑥갓어묵탕,코다리엿장조림,청포묵숙주김무침,얼갈이배추김치
차조밥(55),감자된장국,호박고지나물,S사과(75g),S복숭아(60g),차조밥(55),당근황태국,멸치땅콩볶음,다시마북어볶음,비트초절이,S(우유제외)알리오올리오스파게티,S수제블루베리바나나우유,차조밥(55),동태맑은국,훈제오리단호박찜,토마토범벅,비트초절이
밤찹쌀팥밥(63),매콤어묵국,무채무침,S사과(35g),S방울토마토(70g),밤찹쌀팥밥(63),팽이미소국,두부톳무침,쌈채소,배추김치,S쑥떡(40g),S오미자아이스크림,밤찹쌀팥밥(63),얼갈이된장국,고구마연근맛탕,땅콩우엉무침,배추김치
쌀밥(55),오징어찌개,아욱무침,S복숭아(60g),S복숭아(천도)-60g,쌀밥(55),동태살무국,소고기채소조림,미역줄기채소볶음,비트초절이,S크로와상,S둥글레차,쌀밥(55),애호박맑은국,수제비샐러드,애호박건새우볶음,오이소박이김치
찹쌀현미밥(55),북어달걀국,고구마줄기볶음,S복숭아(천도)-80g,S블루베리(50g),찹쌀현미밥(63),얼갈이배추국,참치어묵조림,쑥갓나물,나박김치,S크림떡볶이,S보리차,찹쌀현미밥(63),우동국물,등심탕수육+소스,과일샐러드(요거트드레싱),배추김치
밤밥(55),차돌얼갈이국,해초볶음,S복숭아(60g),S귤(50g),밤밥(55),늙은호박국,옥수수치즈전,상추쌈,단배추물김치,S(우유제외)토마토스파게티,S오미자아이스크림,밤밥(55),닭개장,삼치양념조림,찐감자,깻잎김치
옥수수밥(55),쑥완자탕,감자당근채볶음,S복숭아(황도)-60g,S복숭아(황도)-80g,옥수수밥(63),얼갈이맑은국,가지구이,으깬견과류고구마샐러드(요거트),얼갈이배추김치,S크림떡볶이,S보리차,옥수수밥(55),안매운닭개장,오징어간장조림,건새우애호박볶음,열무물김치
밤콩밥(55),멸치장국,쌈채소,S수박(100g),S복숭아(백도)-80g,밤콩밥(55),표고버섯무국,소고기채소조림,양송이버섯볶음,비트초절이,S쑥설기(40g),S(우유제외)수제블루베리우유,밤콩밥(55),양지곰국,오징어간장볶음,돌나물부추무침,석박지
팥밥(63),동태살무국,진미채초무침,S블루베리고구마샐러드,S복숭아(천도)-80g,팥밥(55),대구지리,참치어묵조림,곤드레나물볶음,열무물김치,S으깬견과류고구마샐러드(요거트),S보리차,팥밥(55),유부쑥갓맑은국,소고기토마토조림,맛살볶음,배추김치
찹쌀현미밥(63),닭고기채소찌개,해초볶음,S복숭아(60g),S복숭아(천도)-60g,찹쌀현미밥(55),동태맑은국,오징어채소볶음,실곤약간장채소무침,깻잎김치,S냉콩국+소면,S둥글레차,찹쌀현미밥(63),온청포묵국,삼치무조림,얼갈이된장나물,비트초절이
찹쌀보리밥(63),소고기미역국,해초볶음,S사과(50g),S사과(35g),찹쌀보리밥(63),유부쑥갓맑은국,닭고기냉채,도라지나물,나박김치,S으깬견과류고구마샐러드(요거트),S떠먹는요구르트(100ml),찹쌀보리밥(63),버섯개장,매콤오삼불고기,애호박새우젓볶음,오이소박이김치
찹쌀보리밥(55),소고기떡국,아욱무침,S복숭아(천도)-60g,S자두(50g),찹쌀보리밥(55),호박감자수제비국,조기찜,크래미채소볶음,열무물김치,S크림떡볶이,S떠먹는요구르트(100ml),찹쌀보리밥(55),얼갈이배추국,매콤오삼불고기,북어채볶음,배추김치
율무밥(63),동태살국,상추오이무침,S복숭아(황도)-80g,S복숭아(60g),율무밥(63),두부새우젓국,감자그라탕,매콤숙주미나리무침,석박지,S절편(40g),S오미자아이스크림,율무밥(55),매콤애호박국,고구마연근맛탕,건새우애호박볶음,석박지
팥밥(63),오이미역냉국,미역줄기당근볶음,S사과(75g),S사과(35g),팥밥(63),돼지사골국,소고기양배추조림,양상추요거트샐러드,백김치,S단팥빵,S보리차,팥밥(63),건새우맑은국,소고기토마토조림,유채나물,얼갈이배추김치
흑미밥(63),대합미역국,얼갈이무침,S복숭아(60g),S복숭아(천도)-60g,흑미밥(63),유부쑥갓맑은국,토마토치즈범벅,애호박볶음,배추김치,S단호박꿀찜,S둥글레차,흑미밥(63),대구지리,볼어묵채소조림,땅콩우엉무침,배추김치
밤밥(63),(소고기제외)당면양배추국,애호박건새우볶음,S사과(35g),S복숭아(황도)-80g,밤밥(63),차돌얼갈이국,소고기채소조림,무미역생채,석박지,S채소찐빵,S보리차,밤밥(63),얼갈이맑은국,단호박전,옥수수버터구이,석박지
현미밥(55),대파된장찌개,실곤약간장채소무침,S복숭아(60g),S복숭아(황도)-80g,현미밥(63),차돌얼갈이국,오리훈제구이,얼갈이된장나물,단배추물김치,S치즈케이크,S보리차,현미밥(63),애호박두부젓국,분홍소시지전,얼갈이무침,나박김치
밤찹쌀팥밥(63),(소고기제외)당면양배추국,진미채초무침,S블루베리고구마샐러드,S멜론(50g),밤찹쌀팥밥(63),얼갈이맑은국,삼치무조림,애호박볶음,배추김치,S크림떡볶이,S오미자아이스크림,밤찹쌀팥밥(63),우동국물,미역귀튀각,해초볶음,열무물김치
현미밥(55),동태살국,아욱무침,S복숭아(60g),S복숭아(천도)-60g,현미밥(63),해물탕,차돌양배추볶음,땅콩우엉무침,나박김치,S단팥빵,S둥글레차,현미밥(55),건새우시금치국,옥수수채소튀김,도라지나물(간장),석박지
찹쌀현미밥(63),두부새우젓국,동초무침,S사과(35g),S멜론(50g),찹쌀현미밥(63),차돌얼갈이국,닭봉조림,얼갈이무침,단배추물김치,S매실젤리,S보리차,찹쌀현미밥(63),늙은호박국,어묵고구마조림,오이사과무침,열무김치
완두콩밥(55),동태살국,뱅어포구이,S사과(75g),S배(50g),완두콩밥(55),아욱우렁된장국,훈제오리단호박찜,참나물간장무침,배추김치,S단팥빵,S두유(100ml),완두콩밥(55),떡국,조랭이떡소불고기,호박나물,얼갈이배추김치
수수밥(63),완자탕,고구마줄기볶음,S오이당근스틱,S복숭아(60g),수수밥(63),(저염)닭곰탕,참치어묵조림,곤드레나물볶음,비트초절이,S치즈,S미숫가루,수수밥(63),건새우된장국,소고기토마토조림,도라지나물,단무지
잡곡밥(55),유부쑥갓맑은국,맛살볶음,S토마토(200g),S멜론(50g),잡곡밥(55),동태살무국,차돌숙주볶음,(고춧가루제외)노각무침,배추김치,S(우유제외)토마토스파게티,S요구르트,잡곡밥(55),두부달걀국,새우깐풍기,사과미나리무침,단배추물김치
고구마밥(63),오징어국,찐고구마,S복숭아(황도)-80g,S멜론(50g),고구마밥(63),미역오이냉국,두부채소굴소스볶음,매콤숙주미나리무침,나박김치,S매실젤리,S오미자아이스크림,고구마밥(63),쑥갓어묵탕,새우살채소깨무침,건새우애호박볶음,석박지
옥수수밥(55),동태살무국,감자그라탕,S복숭아(60g),S복숭아(천도)-60g,옥수수밥(55),우동국물,라조기,동초무침,깍두기,S(우유제외)알리오올리오스파게티,S둥글레차,옥수수밥(55),해물탕,온두부찜,진미채채소무침,열무물김치
율무밥(55),유부쑥갓맑은국,토마토범벅,S사과(35g),S블루베리(50g),율무밥(55),매콤애호박국,김치전,콩나물김무침,배추김치,S찐고구마,S오미자아이스크림,율무밥(55),건새우시금치국,오징어채소볶음,무미역무침,비트초절이
고구마밥(55),아욱우렁된장국,애호박새우젓볶음,S복숭아(천도)-60g,S배(50g),고구마밥(55),떡국,청경채불고기,감자그라탕,석박지,S(우유제외)토마토스파게티,S레몬주스,고구마밥(55),실파장국,소고기토마토조림,진미채초무침,깍두기
수수밥(55),버섯샤브샤브,청경채된장무침,S복숭아(황도)-80g,S사과(100g),수수밥(55),올갱이된장국,소고기브로콜리볶음,참나물된장무침,나박김치,S쌀과자,S검은깨두유(100ml),수수밥(55),맑은애호박국,북어볶음,쑥갓무침,오이소박이김치
보리밥(63),아욱토장국,건새우애호박볶음,S과일샐러드(요거트드레싱),S복숭아(60g),보리밥(63),북어김치국,어묵고구마조림,진미채초무침,열무물김치,S치즈,S식혜,보리밥(63),소고기탕국,삼치카레구이,김구이+양념장,비트초절이
찹쌀현미밥(55),두부맑은된장국,상추오이무침,S사과(35g),S귤(50g),찹쌀현미밥(55),건새우된장국,닭가슴살버터구이,건취나물간장볶음,나박김치,S소보로빵,S코코아,찹쌀현미밥(55),동태살국,매콤오징어볶음,호박나물,갓김치
밤밥(55),팽이장국,가지양념무침,S멜론(50g),S복숭아(황도)-80g,밤밥(55),아욱우렁된장국,소고기무볶음,쑥갓나물,단무지무침,S(우유제외)토마토스파게티,S보리차,밤밥(55),차돌박이된장국,옥수수채소튀김,부추사과무침,깍두기
찹쌀팥밥(63),차돌얼갈이국,애호박볶음,S사과(35g),S복숭아(천도)-80g,찹쌀팥밥(55),동태살무국,맛살꼬지전,쑥갓나물,단배추물김치,S짜장떡볶이,S둥글레차,찹쌀팥밥(55),실파장국,오리훈제구이,감자그라탕,열무물김치
흑미밥(63),(소고기제외)당면양배추국,실곤약간장채소무침,S복숭아(60g),S복숭아(천도)-60g,흑미밥(63),닭고기채소찌개,삼치무조림,얼갈이무침,석박지,S새우크림소스볶음,S매실쥬스,흑미밥(63),팽이장국,어묵감자조림,애호박건새우볶음,나박김치
찹쌀현미밥(63),해물탕,감자그라탕,S사과(35g),S복숭아(황도)-80g,찹쌀현미밥(55),실파장국,매콤주꾸미볶음,채소샐러드(발사믹드레싱),열무물김치,S단팥빵,S떠먹는요구르트(100ml),찹쌀현미밥(63),닭곰탕,옥수수채소튀김,건새우애호박볶음,깍두기
잡곡밥(55),동태살무국,실곤약간장채소무침,S복숭아(천도)-60g,S멜론(50g),잡곡밥(55),버섯개장,소고기당면불고기,얼갈이무침,비트초절이,S(우유제외)옥수수버터구이,S둥글레차,잡곡밥(55),온청포묵국,볼어묵채소조림,양배추샐러드(딸기드레싱),배추김치
찰현미밥(63),북어김치국,고구마줄기볶음,S복숭아(60g),S사과(35g),찰현미밥(63),건새우시금치국,으깬두부채소전,무미역생채,나박김치,S단호박샐러드,S보리차,찰현미밥(63),유부쑥갓맑은국,탕평채무침,토마토범벅,석박지
검정콩밥(55),설렁탕,건새우애호박볶음,S단감(50g),S귤(80g),검정콩밥(55),설렁탕+소면,삼치레몬구이,찐당근스틱,깻잎김치,S치즈,S코코아,검정콩밥(55),닭곰탕,소면채소무침,무미역무침,열무물김치
찹쌀팥밥(55),유부쑥갓맑은국,맛살볶음,S사과(35g),S복숭아(천도)-60g,찹쌀팥밥(55),동태살무국,소고기짜장볶음,진미채초무침,배추김치,S짜장떡볶이,S고구마쉐이크,찹쌀팥밥(55),애호박맑은국,닭가슴살버터구이,곤드레나물볶음,비트초절이
옥수수밥(63),오징어맑은국,건새우애호박볶음,S복숭아(황도)-80g,S사과(75g),옥수수밥(63),건새우된장국,소고기토마토조림,무미역생채,나박김치,S고로케,S보리차,옥수수밥(63),북어김치국,삼치무조림,양배추볶음,석박지
밤밥(55),두부새우젓국,감자그라탕,S복숭아(60g),S멜론(50g),밤밥(63),동태살국,소고기양배추조림,과일샐러드(요거트드레싱),깻잎김치,S슈크림빵,S둥글레차,밤밥(55),건새우시금치국,고구마연근맛탕,동초무침,비트초절이
옥수수밥(55),닭고기곰탕,잔멸치볶음,S감말랭이,S블루베리(50g),옥수수밥(55),소고기국,훈제오리단호박볶음,건취나물간장볶음,얼갈이배추김치,S단팥빵,S레몬주스,옥수수밥(55),아욱우렁된장국,다시마튀각,진미채초무침,백김치
옥수수밥(63),유부쑥갓맑은국,크래미채소볶음,S복숭아(천도)-80g,S사과(35g),옥수수밥(63),매콤애호박국,소고기양배추조림,맛살볶음,오이소박이김치,S연두부샐러드(오리엔탈드레싱),S둥글레차,옥수수밥(63),동태살무국,소고기토마토볶음,감자그라탕,배추김치
감자밥(55),실파장국,과일샐러드(요거트드레싱),S방울토마토(70g),S복숭아(천도)-60g,감자밥(55),배추당면국,수제비샐러드,요거트과일샐러드,콜라비나박김치,S크로와상,S코코아,감자밥(63),가자미미역국,어묵고구마조림,참나물된장무침,단배추물김치
팥밥(55),건새우된장국,(우유제외)고구마두유조림,S복숭아(60g),S사과(35g),팥밥(55),단호박무국,소고기토마토조림,진미채초무침,나박김치,S단팥빵,S보리차,팥밥(55),동태살국,삼치카레구이,애호박새우젓볶음,비트초절이
율무밥(63),두부탕국,상추오이무침,S사과(100g),S사과(50g),율무밥(63),북어김치국,닭가슴살버터구이,무미역생채,총각김치,S으깬견과류고구마샐러드(요거트),S매실쥬스,율무밥(63),해물탕,참치어묵조림,얼갈이배추겉절이,단무지무침
잡곡밥(55),어묵국,진미채간장조림,S사과(35g),S복숭아(백도)-80g,잡곡밥(55),동태살국,닭가슴살구이+소스,마늘종잡채,열무김치,S치즈,S오미자아이스크림,잡곡밥(55),소고기탕국,고구마연근맛탕,청경채사과무침,열무김치
잡곡밥(63),해물탕,진미채초무침,S복숭아(천도)-60g,S당근스틱,잡곡밥(63),얼갈이맑은국,소고기채소조림,감자당근채볶음,열무물김치,S치즈,S검은깨두유(100ml),잡곡밥(63),우동국물,소고기떡찜,땅콩우엉무침,나박김치
찹쌀밥(40),닭살당면국,애호박건새우볶음,S멜론(50g),S복숭아(60g),찹쌀밥(40),떡국,삼치무조림,깻잎순나물,비트초절이,S새우크림소스볶음,S검은콩두유(150ml),찹쌀밥(40),닭고기채소찌개,소면채소무침,무미역생채,석박지
찹쌀밥(63),(저염)닭곰탕,과일샐러드(요거트드레싱),S사과(35g),S방울토마토(70g),찹쌀밥(63),우동국물,미역귀튀각,감자그라탕,열무물김치,S새우튀김,S보리차,찹쌀밥(63),배추당면국,훈제오리단호박찜,미역줄기채소볶음,단무지무침
팥밥(55),유부쑥갓맑은국,동초무침,S복숭아(60g),S복숭아(천도)-60g,팥밥(55),안매운닭개장,삼치무조림,진미채초무침,배추김치,S(우유제외)알리오올리오스파게티,S우유(100ml),팥밥(55),팽이장국,오징어간장조림,요거트과일샐러드,비트초절이
찹쌀팥밥(55),백짬뽕국,과일샐러드(요거트드레싱),S사과(50g),S사과(35g),찹쌀팥밥(63),매콤애호박국,두부톳무침,감자그라탕,열무물김치,S슈크림빵,S보리차,찹쌀팥밥(63),동태살무국,닭고기냉채,채소샐러드,나박김치
찹쌀밥(40),동태살국,더덕사과무침,S복숭아(천도)-60g,S복숭아(60g),찹쌀밥(40),건새우시금치국,오징어불고기,배무생채,단배추물김치,S(우유제외)토마토스파게티,S오미자아이스크림,찹쌀밥(40),떡국,고구마연근맛탕,파래무침,비트초절이
완두콩밥(63),차돌얼갈이국,채소샐러드,S복숭아(60g),S멜론(50g),완두콩밥(63),늙은호박국,소고기떡찜,감자당근채볶음,갓김치,S삶은달걀(30g),S레몬주스,완두콩밥(63),동태맑은국,두부톳무침,감자그라탕,열무물김치
완두콩밥(55),아욱우렁된장국,(우유제외)옥수수버터구이,S참외(50g),S곶감,완두콩밥(55),차돌박이된장국,오징어청경채볶음,진미채초무침,백김치,S모닝빵,S보리차,완두콩밥(55),실파장국,새우살조림,단호박구이,나박김치
잡곡밥(55),버섯개장,얼갈이무침,S복숭아(60g),S복숭아(천도)-60g,잡곡밥(55),팽이장국,볼어묵채소조림,양상추요거트샐러드,비트초절이,S멸치주먹밥,S둥글레차,잡곡밥(55),유부실파국,감자그라탕,건취나물간장볶음,배추김치
현미밥(63),동태살무국,진미채초무침,S복숭아(황도)-80g,S청포도(100g),현미밥(63),양파오징어국,오징어불고기,소고기우엉조림,열무물김치,S치즈,S코코아,현미밥(63),유부쑥갓맑은국,닭고기냉채,가지무침,오이소박이김치
옥수수밥(63),해물탕,도라지나물(간장),S멜론(50g),S복숭아(60g),옥수수밥(63),건새우된장국,삼치구이,감자그라탕,석박지,S찐옥수수,S보리차,옥수수밥(63),단호박무국,조랭이떡소불고기,도라지나물,단무지
흑미밥(55),북어김치국,얼갈이무침,S복숭아(천도)-80g,S복숭아(80g),흑미밥(63),찹쌀옹심이국,소고기떡찜,명엽채조림,깻잎김치,S치즈,S떠먹는요구르트(100ml),흑미밥(55),실파장국,새우살채소볶음,브로콜리무침,비트초절이
고구마밥(55),실파장국,오이생채,S과일샐러드(요거트드레싱),S블루베리고구마샐러드,고구마밥(55),차돌얼갈이국,소면채소무침,해초볶음,얼갈이배추김치,S증편(40g),S둥글레차,고구마밥(63),대합미역국,삼겹케첩조림,가지양념무침,얼갈이배추김치
찰현미밥(55),동태살무국,건새우애호박볶음,S복숭아(천도)-60g,S복숭아(60g),찰현미밥(55),북어달걀국,수제비샐러드,김구이+양념장,오이소박이김치,S떡볶이,S오미자아이스크림,찰현미밥(55),온청포묵국,고구마연근맛탕,가지무침,오이소박이김치
잡곡밥(55),가자미미역국,동초무침,S멜론(50g),S사과(35g),잡곡밥(63),쑥갓어묵탕,소고기채소조림,얼갈이된장나물,석박지,S매실젤리,S보리차,잡곡밥(63),북어김치국,두부채소굴소스볶음,해초볶음,깍두기
율무밥(63),온청포묵국,양배추오이샐러드,S복숭아(천도)-80g,S당근스틱,율무밥(63),차돌얼갈이국,김치전,실곤약간장채소무침,단배추물김치,S온도토리묵밥,S미숫가루,율무밥(55),닭고기채소찌개,(저염)갈치조림,건파래자반,단배추물김치
밤밥(55),당근황태국,실곤약채소무침,S사과(100g),S복숭아(80g),밤밥(55),미니우동,삼겹살구이,우엉채어묵조림,갓김치,S단호박꿀찜,S쌀음료,밤밥(55),오징어감자국,동태포전,건새우아몬드조림,갓김치
잡곡밥(55),온도토리묵국,실곤약간장채소무침,S복숭아(60g),S복숭아(황도)-60g,잡곡밥(55),늙은호박국,옥수수치즈전,얼갈이배추겉절이,깍두기,S크림떡볶이,S보리차,잡곡밥(55),닭고기채소찌개,소고기당면불고기,양배추오이샐러드,깍두기
쌀밥(40),멸치장국,과일샐러드(요거트드레싱),S복숭아(황도)-80g,S멜론(50g),쌀밥(40),새우살시금치국,라조기,가지양념무침,단배추물김치,S쑥떡,S검은콩두유(150ml),쌀밥(40),동태맑은국,소고기양배추조림,감자그라탕,열무물김치
밤찹쌀팥밥(63),온청포묵국,무미역무침,S사과(35g),S복숭아(천도)-60g,밤찹쌀팥밥(63),매콤애호박국,뱅어포튀김,건파래자반,깻잎김치,S짜장떡볶이,S둥글레차,밤찹쌀팥밥(63),동태살무국,훈제오리단호박찜,으깬견과류고구마샐러드(요거트),나박김치
고구마밥(63),늙은호박국,토마토범벅,S복숭아(60g),S복숭아(황도)-60g,고구마밥(63),맑은장국,소고기짜장볶음,애호박건새우볶음,갓김치,S치즈머핀,S보리차,고구마밥(63),차돌얼갈이국,조랭이떡소불고기,감자그라탕,단배추물김치
쌀밥(55),쑥갓어묵탕,해초볶음,S복숭아(황도)-80g,S멜론(50g),쌀밥(55),닭고기채소찌개,감자그라탕,실곤약간장채소무침,비트초절이,S치즈케이크,S둥글레차,쌀밥(55),해물탕,두부톳무침,감자당근채볶음,비트초절이
밤찹쌀팥밥(55),떡국,새우까스,S복숭아(60g),S당근스틱,밤찹쌀팥밥(55),동태살국,고구마연근맛탕,과일샐러드(요거트드레싱),단배추물김치,S새우크림소스볶음,S쌀음료,밤찹쌀팥밥(55),북어김치국,매콤주꾸미볶음,애호박건새우볶음,열무물김치
완두콩밥(55),건새우맑은국,명엽채볶음,S배(50g),S복숭아(황도)-60g,완두콩밥(55),양배추맑은국,소고기양배추조림,맛살당근볶음,석박지,S(우유제외)토마토스파게티,S코코아,완두콩밥(55),돼지고기된장찌개,(저염)닭가슴살단호박조림,곤드레나물볶음,석박지
팥밥(55),실파달걀국,동초무침,S복숭아(60g),S사과(35g),팥밥(63),미니새우튀김우동,채소스크램블에그,매쉬드포테이토,비트초절이,S쿠키,S보리차,팥밥(55),실파장국,가지구이,양상추요거트샐러드,얼갈이배추김치
율무밥(55),팽이장국,토마토범벅,S복숭아(황도)-80g,S과일샐러드(요거트드레싱),율무밥(55),애탕국,채소비빔소면,양배추오이샐러드,총각김치,S카카오올리브케익,S매실쥬스,율무밥(55),아욱우렁된장국,뱅어포간장조림,실곤약간장채소무침,총각김치
찹쌀보리밥(63),대구탕,옥수수토마토소스볶음,S사과(35g),S수박(100g),찹쌀보리밥(63),오징어맑은국,갈비조림,비름나물,비트초절이,S핫도그,S보리차,찹쌀보리밥(63),두부콩나물국,삼치양념구이,시래기된장무침,석박지
찹쌀보리밥(55),다슬기된장국,매콤숙주미나리무침,S멜론(50g),S사과(35g),찹쌀보리밥(55),버섯개장,오이참치마요무침,배추게맛살샐러드,비트초절이,S쿠키,S보리차,찹쌀보리밥(55),온청포묵국,브로콜리달걀볶음,무미역생채,오이소박이김치
완두콩밥(63),유부양파국,명엽채고추장조림,S복숭아(천도)-60g,S복숭아(60g),완두콩밥(55),아욱우렁된장국,가래떡구이,단호박찜,나박김치,S짜장떡볶이,S둥글레차,완두콩밥(55),(소고기제외)당면양배추국,닭가슴살버터구이,건취나물볶음,석박지
완두콩밥(63),팽이장국,애호박새우젓볶음,S멜론(50g),S블루베리(50g),완두콩밥(55),가자미미역국,청경채불고기,채소샐러드,비트초절이,S증편(40g),S(우유제외)수제블루베리우유,완두콩밥(63),유부쑥갓맑은국,닭고기냉채,마카로니채소샐러드(토마토소스),배추김치
감자밥(63),동태살무국,과일샐러드(요거트드레싱),S사과(35g),S복숭아(천도)-60g,감자밥(63),닭곰탕,조랭이떡소불고기,진미채초무침,열무물김치,S녹차밤양갱,S둥글레차,감자밥(63),매콤애호박국,옥수수채소튀김,단배추멸치조림,오이소박이김치
찹쌀밥(40),동태살국,멸치볶음,S복숭아(60g),S복숭아(황도)-80g,찹쌀밥(40),해물탕,두부톳무침,무미역무침,비트초절이,S찐고구마,S오미자아이스크림,찹쌀밥(40),두부콩나물국,톳두부무침,새우까스,비트초절이
수수밥(55),건새우된장국,감자당근채볶음,S사과(100g),S사과(35g),수수밥(55),차돌얼갈이국,가지구이,진미채초무침,석박지,S매실젤리,S코코아,수수밥(55),(저염)닭곰탕,조기구이,맛살양파볶음,깍두기
수수밥(63),동태살무국,단배추나물,S복숭아(천도)-60g,S복숭아(60g),수수밥(63),북어달걀국,참치어묵조림,삶은달걀,동치미,S고로케,S미숫가루,수수밥(63),온청포묵국,토마토카프레제,고구마순된장무침,배추김치
검정콩밥(63),콩가루얼갈이배추국,무미역생채,S자두(50g),S당근스틱,검정콩밥(63),차돌얼갈이국,소고기채소조림,(우유제외)고구마두유조림,석박지,S쌀과자,S둥글레차,검정콩밥(63),얼갈이맑은국,가지구이,해초볶음,깍두기
수수밥(55),애호박맑은국,새우까스,S복숭아(천도)-60g,S복숭아(60g),수수밥(63),유부쑥갓맑은국,소고기양배추조림,맛살볶음,열무물김치,S짜장떡볶이,S두유(100ml),수수밥(63),매콤애호박국,오리훈제구이,아욱무침,배추김치
흑미밥(55),애호박새우젓국,크래미숙주나물무침,S멜론(50g),S복숭아(백도)-60g,흑미밥(55),오징어맑은국,양배추맛살나물,단배추나물,나박김치,S건포도감자볼,S오미자아이스크림,흑미밥(55),부추맑은국,맛살꼬지전,애호박콩가루볶음,파김치
검정콩밥(55),유부쑥갓맑은국,동초무침,S복숭아(60g),S복숭아(천도)-60g,검정콩밥(55),매콤애호박국,소고기양배추조림,애호박볶음,비트초절이,S(우유제외)토마토스파게티,S보리차,검정콩밥(55),동태살무국,닭고기냉채,채소샐러드,오이소박이김치
밤찹쌀팥밥(63),얼갈이맑은국,무미역무침,S사과(35g),S멜론(50g),밤찹쌀팥밥(63),애호박맑은국,매콤주꾸미볶음,감자그라탕,배추김치,S슈크림빵,S고구마쉐이크,밤찹쌀팥밥(63),사골당면국,새우살조림,양상추요거트샐러드,열무물김치
찹쌀보리밥(55),묵국,애호박새우젓볶음,S복숭아(60g),S복숭아(천도)-60g,찹쌀보리밥(55),콩가루얼갈이배추국,닭살간장조림,건취나물간장볶음,나박김치,S단호박설기,S검은깨두유(200ml),찹쌀보리밥(55),차돌박이된장국,삼치무조림,진미채초무침,비트초절이
보리밥(63),실파장국,애호박볶음,S사과(35g),S멜론(50g),보리밥(55),닭곰탕,새우살크림소스볶음,당근양파볶음,깍두기,S증편(40g),S둥글레차,보리밥(55),동태살무국,감자그라탕,단배추멸치조림,석박지
팥밥(55),버섯개장,참나물유자청무침,S복숭아(천도)-60g,S복숭아(60g),팥밥(55),미니유부우동,소고기당면불고기,크래미채소볶음,비트초절이,S멸치주먹밥,S보리차,팥밥(55),멸치장국,시금치두부전,오이미역초무침,배추김치
잡곡밥(55),콩가루얼갈이배추국,곤드레나물볶음,S복숭아(황도)-60g,S복숭아(황도)-80g,잡곡밥(55),아욱우렁된장국,청경채불고기,호박고지나물,총각김치,S채소튀김,S레몬주스,잡곡밥(55),양파오징어국,소고기토마토조림,진미채초무침,총각김치
밤찹쌀팥밥(63),차돌얼갈이국,땅콩우엉무침,S참외(50g),S멜론(50g),밤찹쌀팥밥(55),동태살국,두부톳무침,미역줄기채소볶음,단배추물김치,S찐고구마,S오미자아이스크림,밤찹쌀팥밥(63),맑은장국,매콤주꾸미볶음,건파래자반,비트초절이
차조밥(63),소고기미역국,새우까스,S당근스틱,S참외샐러드,차조밥(63),우동국물,토마토카프레제,양상추요거트샐러드,오이소박이김치,S해물파전,S레몬주스,차조밥(63),다시마새우젓국,새우살채소볶음,찐고구마,배추김치
현미밥(55),건새우된장국,애호박볶음,S복숭아(백도)-60g,S멜론(50g),현미밥(55),쑥갓어묵탕,오징어간장조림,가지양념무침,열무물김치,S(우유제외)알리오올리오스파게티,S보리차,현미밥(55),해물탕,소고기채소조림,감자당근채볶음,나박김치
흑미밥(55),동태살무국,진미채초무침,S복숭아(천도)-60g,S복숭아(60g),흑미밥(55),팽이장국,소고기폭찹,단배추멸치조림,비트초절이,S슈크림빵,S고구마쉐이크,흑미밥(55),매콤애호박국,새우버터구이,가지양념찜,석박지
밤찹쌀팥밥(63),북어달걀국,무미역생채,S멜론(50g),S사과(75g),밤찹쌀팥밥(63),닭살미역국,(저염)닭가슴살단호박조림,(우유제외)옥수수버터구이,열무물김치,S치즈스틱,S둥글레차,밤찹쌀팥밥(63),오이냉국,소고기토마토조림,참나물볶음,배추김치
밤밥(63),버섯개장,동초무침,S복숭아(천도)-60g,S복숭아(60g),밤밥(63),온청포묵국,소고기당면불고기,무사과무침,오이소박이김치,S멸치주먹밥,S보리차,밤밥(63),매콤애호박국,오리훈제구이,애호박볶음,오이소박이김치
찹쌀현미밥(55),매콤콩나물국,실곤약간장채소무침,S멜론(50g),S사과(35g),찹쌀현미밥(55),북어달걀국,소면채소무침,과일샐러드(요거트드레싱),열무물김치,S찐고구마,S오미자아이스크림,찹쌀현미밥(55),동태살무국,온두부찜,애호박건새우볶음,콜라비나박김치
고구마밥(55),동태살국,참치양파볶음,S복숭아(황도)-80g,S블루베리고구마샐러드,고구마밥(55),미니우동,두부톳무침,가지양념무침,비트초절이,S단호박샐러드(마요네즈),S수정과,고구마밥(55),차돌얼갈이국,매콤오징어볶음,감자그라탕,단배추물김치
찹쌀밥(40),떡국,감자당근채볶음,S복숭아(60g),S멜론(50g),찹쌀밥(40),(저염)닭곰탕,옥수수채소튀김,애호박볶음,열무물김치,S(우유제외)토마토스파게티,S둥글레차,찹쌀밥(40),아욱우렁된장국,차돌숙주볶음,진미채초무침,나박김치
밤콩밥(55),유부쑥갓맑은국,땅콩우엉무침,S사과(50g),S블루베리(50g),밤콩밥(55),매콤애호박국,차돌양배추볶음,곤드레나물볶음,오이소박이김치,S치즈머핀,S보리차,밤콩밥(55),쑥갓어묵탕,참치어묵조림,아욱무침,배추김치
쌀밥(55),버섯개장,얼갈이무침,S사과(35g),S복숭아(천도)-60g,쌀밥(55),북어달걀국,옥수수채소튀김,애호박건새우볶음,석박지,S온도토리묵밥,S매실쥬스,쌀밥(55),차돌박이된장국,소면채소무침,무미역생채,석박지
수수밥(63),해물탕,땅콩우엉무침,S복숭아(60g),S복숭아(황도)-80g,수수밥(63),근대국,오리훈제구이,감자당근채볶음,열무물김치,S치즈스틱,S보리차,수수밥(63),실파장국,채소스크램블에그,애호박볶음,비트초절이
옥수수밥(63),단호박된장국,실곤약간장채소무침,S사과(35g),S멜론(50g),옥수수밥(63),차돌얼갈이국,옥수수채소튀김,건파래자반,단배추물김치,S새우크림소스볶음,S둥글레차,옥수수밥(63),늙은호박국,온두부찜,과일샐러드(요거트드레싱),깻잎김치
찹쌀현미밥(63),차돌박이된장국,애호박건새우볶음,S배(50g),S복숭아(황도)-80g,찹쌀현미밥(63),동태맑은국,새우살크림소스볶음,가지양념무침,나박김치,S치즈,S식혜,찹쌀현미밥(63),콩가루얼갈이배추국,오징어간장조림,단호박구이,동치미
기장밥(55),쑥갓어묵탕,동초무침,S멜론(50g),S복숭아(60g),기장밥(55),늙은호박국,소고기떡찜,감자당근채볶음,열무물김치,S슈크림빵,S코코아,기장밥(55),차돌얼갈이국,애호박생선살찜,매쉬드포테이토,단배추물김치
쌀밥(40),닭고기채소찌개,채소샐러드,S복숭아(황도)-80g,S당근스틱,쌀밥(40),북어달걀국,새우살조림,감자당근채볶음,총각김치,S찐고구마,S고구마쉐이크,쌀밥(40),콩가루얼갈이배추국,삼겹살구이,건새우애호박볶음,총각김치
잡곡밥(63),유부쑥갓맑은국,사과미나리무침,S복숭아(천도)-60g,S복숭아(60g),잡곡밥(55),매콤애호박국,으깬두부채소전,감자그라탕,열무물김치,S참치밥전,S두유(100ml),잡곡밥(63),애호박맑은국,오리훈제구이,과일샐러드(요거트드레싱),나박김치
찹쌀현미밥(55),안매운닭개장,애호박볶음,S사과(35g),S멜론(50g),찹쌀현미밥(63),팽이장국,삼치무조림,해초볶음,오이소박이김치,S새우크림소스볶음,S(우유제외)수제블루베리우유,찹쌀현미밥(55),근대국,수제비샐러드,동초무침,배추김치
밤콩밥(55),얼갈이배추국,우엉채조림,S사과(50g),S복숭아(황도)-60g,밤콩밥(55),소고기두부탕국,피망어묵볶음,브로콜리숙채,깻잎김치,S녹차밤양갱,S오미자아이스크림,밤콩밥(55),미니유부우동,삼치양념구이,김구이+양념장,석박지
완두콩밥(55),닭곰탕,애호박볶음,S사과(35g),S참외(50g),완두콩밥(63),동태살국,오징어간장조림,깻잎순멸치볶음,열무물김치,S찐고구마,S보리차,완두콩밥(63),해물탕,소고기채소조림,당근스틱,비트초절이
잡곡밥(55),버섯개장,실곤약간장채소무침,S복숭아(천도)-60g,S멜론(50g),잡곡밥(55),팽이장국,훈제오리냉채,얼갈이무침,나박김치,S멸치주먹밥,S요구르트,잡곡밥(55),안매운육개장,주꾸미숙회,애호박건새우볶음,배추김치
차조밥(55),우동국물,청경채된장무침,S복숭아(60g),S사과(35g),차조밥(55),북어김치국,생선까스,미나리나물,석박지,S크로와상(30g),S검은깨두유(100ml),차조밥(55),건새우된장국,고추장소고기볶음,무미역생채,깍두기
찹쌀밥(63),닭고기채소찌개,가지양념무침,S멜론(50g),S복숭아(황도)-80g,찹쌀밥(40),차돌박이된장국,칠리새우,아욱무침,열무물김치,S쌀과자,S보리차,찹쌀밥(40),온청포묵국,주꾸미숙회,실곤약채소무침,단배추물김치
밤밥(55),오징어숙주국,얼갈이무침,S복숭아(백도)-60g,S사과(35g),밤밥(55),오징어맑은국,삼치양념구이,애호박콩가루볶음,파김치,S감자채요거트샐러드,S오미자아이스크림,밤밥(55),부추맑은국,양배추맛살나물,크래미숙주나물무침,파김치
검정콩밥(63),동태살국,감자그라탕,S복숭아(황도)-80g,S멜론(50g),검정콩밥(63),닭고기채소찌개,오징어간장조림,건새우애호박볶음,열무물김치,S치즈,S레몬주스,검정콩밥(63),해물탕,소면채소무침,감자당근채볶음,깍두기
찹쌀현미밥(55),얼갈이맑은국,애호박볶음,S복숭아(천도)-60g,S복숭아(60g),찹쌀현미밥(55),올갱이국,소고기채소조림,옥수수버터구이,열무김치,S약과,S둥글레차,찹쌀현미밥(55),시래기된장국,소고기토마토볶음,단배추나물,열무김치
찹쌀보리밥(55),버섯개장,얼갈이무침,S멜론(50g),S참외(50g),찹쌀보리밥(55),꼬치어묵국,시금치두부전,건취나물간장볶음,비트초절이,S멸치주먹밥,S망고주스,찹쌀보리밥(55),동태살무국,소고기당면불고기,매콤콩나물무침,배추김치
찹쌀팥밥(55),미니새우튀김우동,건취나물볶음,S복숭아(천도)-60g,S복숭아(60g),찹쌀팥밥(55),유부맑은국,떡갈비간장조림,크래미채소볶음,파김치,S채소찐빵,S둥글레차,찹쌀팥밥(55),매콤애호박국,닭고기냉채,감자그라탕,오이소박이김치
옥수수밥(63),멸치장국,건새우애호박볶음,S당근스틱,S사과(35g),옥수수밥(63),우동국물,콘치즈전,오이토마토샐러드(발사믹드레싱),나박김치,S치즈,S(우유제외)두유미숫가루,옥수수밥(63),동태살국,토마토카프레제,매콤숙주미나리무침,콜라비나박김치
찹쌀밥(40),(소고기제외)당면양배추국,무미역무침,S오이스틱,S방울토마토(35g),찹쌀밥(40),떡만두국,소면채소무침,실곤약채소무침,단배추물김치,S멸치주먹밥,S보리차,찹쌀밥(40),해물탕,소고기찹쌀구이,블루베리고구마샐러드,단배추물김치
보리밥(63),동태살국,진미채초무침,S복숭아(황도)-60g,S사과(35g),보리밥(63),아욱우렁된장국,참치어묵조림,애호박새우젓볶음,깻잎김치,S짜장떡볶이,S둥글레차,보리밥(63),순한육개장,삼치유자청구이,도라지나물,배추김치
찹쌀팥밥(55),온청포묵국,연근흑임자샐러드,S사과(100g),S사과(35g),찹쌀팥밥(55),오징어찌개,소면채소무침,청경채무침,나박김치,S참치밥전,S망고주스,찹쌀팥밥(55),버섯개장,(우유제외)닭가슴살버터구이,과일샐러드(요거트드레싱),배추김치
밤밥(55),두부새우젓국,감자그라탕,S참외(50g),S멜론(50g),밤밥(63),동태살국,돼지고기굴소스볶음,동초무침,비트초절이,S(우유제외)알리오올리오스파게티,S보리차,밤밥(63),해물탕,소고기떡찜,감자당근채볶음,비트초절이
현미밥(55),북어김치국,무미역무침,S복숭아(60g),S복숭아(천도)-60g,현미밥(55),새우살시금치국,소고기무볶음,실곤약간장채소무침,나박김치,S크림떡볶이,S검은깨두유(200ml),현미밥(55),찹쌀옹심이국,(저염)갈치조림,과일샐러드(요거트드레싱),석박지
보리밥(55),강된장,얼갈이배추겉절이,S멜론(100g),S멜론(50g),보리밥(55),동태살무국,참치어묵조림,요거트과일범벅,열무물김치,S치즈케이크,S보리차,보리밥(55),해물탕,라조기,무몰무침,비트초절이
차조밥(63),북어김치국,과일샐러드(요거트드레싱),S복숭아(천도)-60g,S복숭아(60g),차조밥(63),북어달걀국,소고기당면불고기,배추게맛살샐러드,나박김치,S치즈,S둥글레차,차조밥(63),유부쑥갓맑은국,시금치두부전,얼갈이된장나물,총각김치
흑미밥(55),실파김국,참나물토마토샐러드,S사과(35g),S복숭아(황도)-80g,흑미밥(55),매콤애호박국,새우살크림소스볶음,매콤콩나물무침,배추김치,S크림떡볶이,S코코아,흑미밥(55),동태살무국,옥수수치즈전,채소샐러드(발사믹드레싱),비트초절이
찹쌀팥밥(55),건새우시금치국,매콤숙주미나리무침,S복숭아(황도)-60g,S멜론(50g),찹쌀팥밥(55),오징어숙주국,으깬두부채소전,청포묵무침,나박김치,S도너츠,S보리차,찹쌀팥밥(55),어묵국수,주꾸미채소간장볶음,무미역생채,나박김치
율무밥(55),오징어맑은국,실곤약간장채소무침,S복숭아(60g),S복숭아(천도)-60g,율무밥(55),건새우근대국,소고기채소조림,과일샐러드(요거트드레싱),열무김치,S크림떡볶이,S수정과,율무밥(55),우동국물,옥수수채소튀김,브로콜리숙채,열무김치
찹쌀보리밥(55),유부쑥갓맑은국,매쉬드포테이토,S멜론(50g),S블루베리(50g),찹쌀보리밥(55),동태살무국,매콤낙지채소볶음,건새우애호박볶음,열무물김치,S치즈케이크,S유자차,찹쌀보리밥(55),안매운닭개장,돼지고기굴소스볶음,감자당근채볶음,비트초절이
밤밥(55),다슬기아욱국,무미역무침,S사과(35g),S복숭아(천도)-60g,밤밥(55),호박감자수제비국,오징어채소볶음,북어채무침,총각김치,S증편(40g),S오미자아이스크림,밤밥(55),두부새우젓국,삼치무조림,건파래자반,배추김치
밤찹쌀팥밥(63),차돌얼갈이국,미역줄기채소볶음,S복숭아(60g),S당근스틱,밤찹쌀팥밥(63),동태살국,새우살조림,가지나물무침,단배추물김치,S약과,S검은깨두유(100ml),밤찹쌀팥밥(63),닭고기채소찌개,소면채소무침,매콤숙주미나리무침,열무물김치
팥밥(55),우동국물,감자그라탕,S사과(35g),S복숭아(황도)-80g,팥밥(55),팽이장국,닭살간장조림,실곤약간장채소무침,깻잎김치,S크로와상,S둥글레차,팥밥(55),실파장국,감자그라탕,건새우애호박볶음,나박김치
찹쌀밥(55),해물탕,해초볶음,S멜론(50g),S복숭아(60g),찹쌀밥(40),쑥갓어묵국,칠리새우,아욱무침,열무물김치,S쌀과자,S보리차,찹쌀밥(63),쑥갓어묵탕,소고기단호박조림,감자당근채볶음,석박지
찹쌀팥밥(55),소고기버섯찌개,실곤약간장채소무침,S아몬드,S참외(50g),찹쌀팥밥(55),온도토리묵국,유자고구마맛탕,얼갈이된장나물,파김치,S연두부,S둥글레차,찹쌀팥밥(55),북어김치국,쫄면채소무침,건파래자반,깻잎김치
잡곡밥(55),동태살무국,무미역생채,S수박(100g),S배(50g),잡곡밥(55),아욱우렁된장국,청경채불고기,양배추샐러드(딸기드레싱),열무물김치,S쿠키,S식혜,잡곡밥(55),미소장국,소고기토마토조림,맛살볶음,열무물김치
감자밥(63),호박감자수제비국,아욱무침,S멜론(50g),S복숭아(천도)-80g,감자밥(63),유부쑥갓맑은국,떡갈비간장조림,애호박볶음,오이소박이김치,S크로와상,S둥글레차,감자밥(63),매콤애호박국,삼치무조림,크래미채소볶음,배추김치
밤찹쌀팥밥(63),버섯부추국,명엽채조림,S복숭아(백도)-80g,S복숭아(황도)-60g,밤찹쌀팥밥(63),시래기된장국,베이컨팽이버섯볶음,크래미숙주나물무침,나박김치,S크로와상(30g),S오미자아이스크림,밤찹쌀팥밥(63),부추미소장국,조기찜,방풍나물,나박김치
감자밥(55),동태살무국,동초무침,S복숭아(천도)-60g,S복숭아(60g),감자밥(55),호박감자수제비국,(저염)갈치조림,크래미채소볶음,오이소박이김치,S(우유제외)토마토스파게티,S둥글레차,감자밥(55),유부쑥갓맑은국,떡갈비간장조림,맛살볶음,파김치
잡곡밥(63),오징어맑은국,청경채사과무침,S복숭아(백도)-80g,S복숭아(황도)-80g,잡곡밥(63),건새우감자국,당근참치마요무침,쌈채소,파프리카피클,S쑥떡(40g),S오미자아이스크림,잡곡밥(63),매콤콩나물국,오징어치즈전,애호박양파볶음,나박김치
보리밥(55),유부쑥갓맑은국,동초무침,S사과(35g),S복숭아(천도)-60g,보리밥(63),매콤애호박국,등심탕수육+소스,무미역생채,배추김치,S카카오올리브케익,S둥글레차,보리밥(55),동태살무국,참치어묵조림,진미채초무침,배추김치
찰현미밥(55),안매운닭개장,감자채볶음,S멜론(50g),S복숭아(황도)-80g,찰현미밥(63),감자된장국,고구마연근맛탕,애호박건새우볶음,단배추물김치,S단팥빵,S오미자아이스크림,찰현미밥(55),동태살국,매콤주꾸미볶음,감자그라탕,단배추물김치
흑미밥(55),늙은호박국,채소샐러드,S사과(35g),S복숭아(황도)-80g,흑미밥(55),두부새우젓국,소고기양배추조림,무미역무침,깻잎김치,S크림떡볶이,S둥글레차,흑미밥(55),차돌얼갈이국,양배추맛살나물,파래무침,비트초절이
밤밥(55),동태살국,으깬견과류고구마샐러드(요거트),S참외(50g),S멜론(50g),밤밥(55),유부대파국,햄참치채소전,매쉬드포테이토,단배추물김치,S매실젤리,S보리차,밤밥(55),미니우동,옥수수채소전,얼갈이된장나물,나박김치
찰현미밥(55),맑은애호박국,뱅어포구이,S복숭아(황도)-80g,S사과(100g),찰현미밥(55),시금치맑은국,무나물볶음,청경채무침,열무물김치,S(우유제외)로제스파게티,S검은깨두유(100ml),찰현미밥(55),버섯샤브샤브,소고기무볶음,미나리무생채,오이소박이김치
옥수수밥(63),우동국물,애호박볶음,S복숭아(천도)-80g,S복숭아(80g),옥수수밥(63),유부쑥갓맑은국,소고기양배추조림,건새우애호박볶음,나박김치,S크림떡볶이,S둥글레차,옥수수밥(63),매콤애호박국,소고기토마토볶음,감자그라탕,비트초절이
검정콩밥(55),다슬기아욱국,진미채초무침,S복숭아(60g),S복숭아(천도)-60g,검정콩밥(55),동태살무국,옥수수치즈전,건취나물간장볶음,열무물김치,S크림빵,S보리차,검정콩밥(55),묵국,소고기표고버섯볶음,도토리묵채소무침,석박지
차조밥(63),매콤애호박국,당근스틱,S자두(50g),S사과(100g),차조밥(63),애호박맑은국,탕평채무침,땅콩우엉무침,비트초절이,S새우크림소스볶음,S둥글레차,차조밥(55),쑥갓어묵탕,등심탕수육+소스,건새우애호박볶음,비트초절이
찹쌀보리밥(63),차돌얼갈이국,채소샐러드,S복숭아(60g),S당근스틱,찹쌀보리밥(63),동태살국,매콤주꾸미볶음,찐감자,단배추물김치,S슈크림빵,S오미자차,찹쌀보리밥(63),대구지리,온두부찜,단배추멸치조림,열무물김치
찹쌀팥밥(55),콩가루얼갈이배추국,토마토범벅,S사과(50g),S블루베리(50g),찹쌀팥밥(55),해물탕,라조기,진미채채소무침,나박김치,S단호박꿀찜,S둥글레차,찹쌀팥밥(55),떡국,(저염)갈치조림,뱅어포조림,비트초절이
옥수수밥(63),유부쑥갓맑은국,동초무침,S복숭아(천도)-80g,S복숭아(천도)-60g,옥수수밥(63),매콤애호박국,온두부찜,곤드레나물볶음,오이소박이김치,S크림떡볶이,S보리차,옥수수밥(63),대구지리,참치어묵조림,맛살볶음,배추김치
감자밥(55),오징어숙주국,채소샐러드,S참외(50g),S복숭아(60g),감자밥(55),닭살당면국,브로콜리오징어무침,실곤약간장채소무침,깻잎김치,S(우유제외)알리오올리오스파게티,S검은콩두유(100ml),감자밥(63),떡국,삼치무조림,아욱무침,얼갈이배추김치
밤콩밥(55),두부새우젓국,감자당근채볶음,S복숭아(황도)-80g,S멜론(50g),밤콩밥(55),동태살국,오징어채소볶음,토마토범벅,석박지,S단호박꿀찜,S매실쥬스,밤콩밥(55),해물탕,감자그라탕,땅콩우엉무침,나박김치
차조밥(63),근대국,애호박건새우볶음,S복숭아(천도)-80g,S복숭아(천도)-60g,차조밥(63),동태살무국,으깬두부채소전,감자그라탕,열무물김치,S연두부샐러드(오리엔탈드레싱),S레몬주스,차조밥(55),우동국물,소고기채소조림,과일샐러드(요거트드레싱),비트초절이
옥수수밥(63),소고기된장국,실곤약채소무침,S복숭아(60g),S오렌지(50g),옥수수밥(63),김치유부맑은국,가지구이,얼갈이무침,깍두기,S떡볶이,S두유(100ml),옥수수밥(63),순한김치두부국,소고기당면불고기,당근스틱,석박지
율무밥(55),애호박맑은국,진미채초무침,S블루베리(50g),S사과(35g),율무밥(55),건새우시금치국,차돌양배추볶음,상추오이무침,오이소박이김치,S맘모스빵,S둥글레차,율무밥(55),매콤애호박국,닭고기냉채,채소샐러드,배추김치
기장밥(55),다슬기된장국,과일샐러드(요거트드레싱),S복숭아(천도)-80g,S복숭아(80g),기장밥(55),대구지리,소면채소무침,건새우애호박볶음,나박김치,S치즈케이크,S보리차,기장밥(55),해물탕,어묵감자조림,배추게맛살샐러드,나박김치
잡곡밥(55),멸치장국,땅콩우엉무침,S당근스틱,S사과(35g),잡곡밥(55),차돌얼갈이국,당면김말이튀김,실곤약간장채소무침,열무김치,S슈크림빵,S요구르트,잡곡밥(55),두부새우젓국,감자그라탕,애호박볶음,비트초절이
찰현미밥(55),실파장국,감자당근채볶음,S복숭아(천도)-60g,S복숭아(천도)-80g,찰현미밥(55),쑥갓어묵탕,소고기토마토조림,동초무침,열무물김치,S(우유제외)수제멸치과자,S둥글레차,찰현미밥(63),팽이장국,등심탕수육+소스,건새우애호박볶음,열무물김치
옥수수밥(63),콩가루얼갈이배추국,더덕사과무침,S복숭아(60g),S복숭아(황도)-60g,옥수수밥(55),근대국,새우버터구이,배무생채,열무김치,S새우크림소스볶음,S매실쥬스,옥수수밥(63),두부새우젓국,고구마연근맛탕,참치양파볶음,열무김치
현미밥(55),쑥갓어묵탕,동초무침,S멜론(50g),S사과(35g),현미밥(55),동태맑은국,소고기양배추조림,실곤약채소무침,열무물김치,S(우유제외)토마토스파게티,S(우유제외)수제블루베리우유,현미밥(55),매콤애호박국,(저염)갈치조림,애호박볶음,비트초절이
밤콩밥(55),실파장국,건파래자반,S복숭아(60g),S복숭아(천도)-60g,밤콩밥(55),애호박새우젓국,토마토카프레제,상추쌈,단배추물김치,S약과,S검은콩두유(200ml),밤콩밥(55),다시마새우젓국,채소스크램블에그,감자그라탕,나박김치
찰현미밥(55),두부새우젓국,건새우애호박볶음,S사과(35g),S멜론(50g),찰현미밥(55),어묵국수,닭고기냉채,땅콩우엉무침,배추김치,S크림떡볶이,S둥글레차,찰현미밥(55),동태살무국,(저당)닭갈비,크래미채소볶음,비트초절이
쌀밥(55),다슬기된장국(올갱이국),미역줄기채소볶음,S복숭아(황도)-80g,S복숭아(60g),쌀밥(55),다슬기된장국,오징어간장조림,가지양념무침,열무물김치,S약과,S코코아,쌀밥(40),(저염)닭곰탕,매콤주꾸미볶음,감자그라탕,열무물김치
수수밥(63),건새우된장국,감자당근채볶음,S사과(35g),S멜론(50g),수수밥(63),버섯소고기국,토마토카프레제,애호박볶음,총각김치,S치즈,S(우유제외)두유미숫가루,수수밥(55),오징어감자국,(우유제외)웨지감자,김구이+달래양념장,나박김치
찹쌀현미밥(55),동태살무국,매쉬드포테이토,S복숭아(천도)-60g,S복숭아(60g),찹쌀현미밥(55),찹쌀옹심이국,소고기양배추조림,크래미채소볶음,오이소박이김치,S치즈머핀,S둥글레차,찹쌀현미밥(55),유부쑥갓맑은국,소고기토마토볶음,맛살볶음,배추김치
밤밥(55),단호박새우젓국,깻잎순멸치볶음,S사과(35g),S사과(50g),밤밥(55),온청포묵국,떡갈비간장조림,애호박볶음,비트초절이,S멸치주먹밥,S미숫가루,밤밥(55),닭곰탕,닭고기냉채,건취나물간장볶음,열무김치
찹쌀보리밥(63),닭고기채소찌개,실곤약채소무침,S참외(50g),S멜론(50g),찹쌀보리밥(63),닭살당면국,어묵감자조림,건새우애호박볶음,단배추물김치,S삶은달걀(30g),S보리차,찹쌀보리밥(63),동태맑은국,소면채소무침,매쉬드포테이토,단배추물김치
검정콩밥(63),유부쑥갓맑은국,당근스틱,S복숭아(황도)-60g,S복숭아(천도)-60g,검정콩밥(63),쑥갓어묵탕,칠리새우,땅콩우엉무침,배추김치,S증편(40g),S매실쥬스,검정콩밥(63),대구지리,참치어묵조림,얼갈이무침,비트초절이
감자밥(63),오징어숙주국,애호박건새우볶음,S복숭아(천도)-80g,S복숭아(60g),감자밥(63),미니우동,씻은김치전,실곤약간장채소무침,열무김치,S치즈케이크,S보리차,감자밥(63),닭고기채소찌개,춘천닭갈비,매쉬드포테이토,열무김치
밤콩밥(63),온청포묵국,크래미채소볶음,S복숭아(천도)-80g,S복숭아(80g),밤콩밥(55),매콤애호박국,시금치두부전,애호박볶음,비트초절이,S새우크림소스볶음,S보리차,밤콩밥(63),동태살무국,닭주물럭,무사과무침,배추김치
밤콩밥(55),얼갈이맑은국,건새우애호박볶음,S사과(50g),S사과(35g),밤콩밥(55),버섯개장,매콤오징어볶음,도라지무침,총각김치,S온도토리묵밥,S복숭아호두스무디,밤콩밥(63),북어달걀국,오징어숙회,얼갈이무침,총각김치
옥수수밥(55),유부쑥갓맑은국,맛살볶음,S복숭아(60g),S복숭아(천도)-60g,옥수수밥(55),동태살무국,두부톳무침,매쉬드포테이토,비트초절이,S(우유제외)토마토스파게티,S보리차,옥수수밥(55),다슬기된장국,떡갈비간장조림,동초무침,비트초절이
수수밥(55),쑥갓맑은국,실곤약간장채소무침,S곶감,S사과(35g),수수밥(55),아욱우렁된장국,다시마튀김,양상추요거트샐러드,단배추물김치,S짜장떡볶이,S(우유제외)호두두유,수수밥(63),미역냉국,(우유제외)새우버터구이,얼갈이무침,나박김치
밤밥(55),오징어숙주국,건새우애호박볶음,S복숭아(60g),S(우유제외)수박화채,밤밥(55),유부새우젓국,새우살채소깨무침,배추게맛살샐러드,열무물김치,S닭백숙,S복숭아호두스무디,밤밥(55),가지냉국,오징어숙회+유자소스,무미역생채,동치미
검정콩밥(55),건새우된장국,애호박볶음,S복숭아(황도)-80g,S멜론(50g),검정콩밥(55),닭고기채소찌개,차돌양배추볶음,진미채초무침,나박김치,S절편(40g),S보리차,검정콩밥(63),해물탕,삼치무조림,감자당근채볶음,석박지
밤밥(55),아욱우렁된장국,양배추샐러드(레몬드레싱),S과일화채,S복숭아(천도)-80g,밤밥(55),떡국,닭가슴살버터구이,새우까스,비트초절이,S(우유제외)옥수수버터구이,S둥글레차,밤밥(55),실파장국,웨지감자,으깬견과류고구마샐러드(요거트),깻잎김치
밤찹쌀팥밥(55),닭고기채소찌개,무미역무침,S멜론(50g),S사과(35g),밤찹쌀팥밥(55),북어김치국,새송이버섯전,건파래자반,열무물김치,S멸치주먹밥,S보리차,밤찹쌀팥밥(55),온도토리묵국,소면채소무침,동초무침,나박김치
감자밥(55),유부쑥갓맑은국,건새우애호박볶음,S복숭아(60g),S복숭아(천도)-60g,감자밥(55),동태살무국,소고기토마토조림,진미채초무침,오이소박이김치,S치즈케이크,S둥글레차,감자밥(55),수제비아욱국,가래떡김치전,곤드레나물볶음,오이소박이김치
옥수수밥(55),두부새우젓국,감자당근채볶음,S사과(35g),S멜론(50g),옥수수밥(55),차돌얼갈이국,두부톳무침,애호박볶음,단배추물김치,S쿠키,S매실쥬스,옥수수밥(55),안매운닭개장,소고기무볶음,동초무침,열무물김치
밤밥(55),김치유부맑은국,양상추요거트샐러드,S복숭아(천도)-80g,S복숭아(80g),밤밥(55),다슬기아욱국,옥수수치즈전,유채나물,배추김치,S핫케이크,S둥글레차,밤밥(55),유부쑥갓맑은국,북어볶음,옥수수버터구이,배추김치
찹쌀밥(40),멸치장국,고구마우유조림,S당근스틱,S블루베리고구마샐러드,찹쌀밥(40),해물탕,소고기케첩볶음,감자당근채볶음,열무물김치,S연두부샐러드(오리엔탈드레싱),S보리차,찹쌀밥(40),우동면국,미역귀튀각,새우까스,석박지
밤콩밥(55),유부쑥갓맑은국,동초무침,S복숭아(80g),S복숭아(천도)-80g,밤콩밥(55),매콤애호박국,동태포전,무미역생채,배추김치,S짜장떡볶이,S둥글레차,밤콩밥(63),동태살무국,수제비샐러드,진미채초무침,비트초절이
잡곡밥(55),오징어찌개,참나물된장무침,S사과(100g),S방울토마토(70g),잡곡밥(55),멸치장국,애호박소고기찜,미나리나물,나박김치,S미니핫도그,S코코아,잡곡밥(55),쑥갓어묵탕,차돌양배추볶음,얼갈이무침,오이소박이김치
옥수수밥(55),두부탕국,미역초무침,S사과(100g),S사과(50g),옥수수밥(55),맑은애호박국,수제비샐러드,애호박볶음,동치미,S새우크림소스볶음,S(우유제외)수제블루베리우유,옥수수밥(55),다슬기된장국,(저염)갈치조림,콩나물김무침,얼갈이배추김치
기장밥(55),버섯부추국,건새우애호박볶음,S복숭아(60g),S복숭아(천도)-60g,기장밥(55),오징어찌개,고구마연근맛탕,무미역생채,나박김치,S멸치주먹밥,S오미자아이스크림,기장밥(55),팽이장국,탕평채무침,건취나물간장볶음,비트초절이
현미밥(55),유부쑥갓맑은국,채소샐러드,S사과(35g),S멜론(50g),현미밥(55),동태살무국,소고기떡찜,감자그라탕,배추김치,S쿠키,S떠먹는요구르트(100ml),현미밥(55),두부새우젓국,닭고기냉채,가지양념찜,오이소박이김치
현미밥(63),매콤애호박국,가지나물무침,S복숭아(황도)-80g,S복숭아(60g),현미밥(63),차돌얼갈이국,조랭이떡소불고기,파래자반,단배추물김치,S새우튀김,S쌀음료,현미밥(63),동태살국,미역귀튀각,당근스틱,갓김치
잡곡밥(55),동태맑은국,미역줄기채소볶음,S복숭아(황도)-60g,S멜론(50g),잡곡밥(55),오징어찌개,소고기떡찜,애호박건새우볶음,얼갈이배추김치,S치즈케이크,S식혜,잡곡밥(55),늙은호박국,새우살크림소스볶음,가지양념찜,열무물김치
옥수수밥(55),멸치장국,감자당근채볶음,S사과(35g),S복숭아(천도)-60g,옥수수밥(55),동태살무국,김치전,진미채초무침,나박김치,S크림떡볶이,S매실주스,옥수수밥(55),콩가루얼갈이배추국,소고기토마토조림,건새우애호박볶음,석박지
검정콩밥(63),건새우된장국,노각나물,S복숭아(60g),S호두,검정콩밥(63),닭고기채소찌개,새우버터구이,도라지나물,깍두기,S(우유제외)토마토스파게티,S보리차,검정콩밥(63),시금치된장국,뱅어포간장조림,오이생채,깍두기
완두콩밥(55),차돌얼갈이국,새우까스,S복숭아(황도)-80g,S멜론(50g),완두콩밥(55),애호박맑은국,소고기양배추조림,과일샐러드(요거트드레싱),단배추물김치,S(우유제외)알리오올리오스파게티,S수정과,완두콩밥(55),동태살국,매콤주꾸미볶음,더덕사과무침,깻잎김치
밤찹쌀팥밥(55),오징어맑은국,애호박볶음,S복숭아(백도)-60g,S사과(35g),밤찹쌀팥밥(55),(저염)닭곰탕,옥수수채소튀김,봄동된장나물,비트초절이,S크로와상(30g),S코코아,밤찹쌀팥밥(55),건새우시금치국,삼치무조림,단호박찜,석박지
찹쌀현미밥(55),차돌얼갈이국,토마토범벅,S복숭아(황도)-80g,S멜론(50g),찹쌀현미밥(63),늙은호박국,온두부찜,동초무침,단배추물김치,S연두부샐러드(오리엔탈드레싱),S수정과,찹쌀현미밥(55),팽이장국,소고기양배추조림,감자그라탕,깻잎김치
찹쌀밥(40),김치양파국,으깬견과류고구마샐러드(요거트),S복숭아(천도)-60g,S과일샐러드(요거트드레싱),찹쌀밥(40),동태살무국,옥수수채소튀김,참외노각무침,오이소박이김치,S잔치국수,S코코아,찹쌀밥(40),닭곰탕,닭고기냉채,양상추요거트샐러드,오이소박이김치
율무밥(55),멸치장국,과일샐러드(요거트드레싱),S복숭아(황도)-60g,S블루베리(50g),율무밥(55),대파감자국,가지달걀말이,쑥갓나물무침,파프리카피클,S크로와상,S검은깨두유(100ml),율무밥(55),근대국,오리훈제구이,양송이버섯볶음,나박김치
율무밥(63),멸치장국,해초볶음,S복숭아(천도)-80g,S복숭아(80g),율무밥(63),애호박새우젓국찌개,소고기토마토볶음,애호박새우젓볶음,단배추물김치,S새우크림소스볶음,S둥글레차,율무밥(63),연두부탕,맛살꼬지전,건파래자반,비트초절이
완두콩밥(63),얼갈이맑은국,건새우애호박볶음,S멜론(100g),S멜론(50g),완두콩밥(55),동태살무국,삼치무조림,진미채초무침,배추김치,S크림떡볶이,S오미자아이스크림,완두콩밥(63),우동국물,고구마연근맛탕,매콤숙주미나리무침,나박김치
찹쌀현미밥(55),안매운닭개장,동초무침,S복숭아(천도)-60g,S사과(35g),찹쌀현미밥(55),북어달걀국,새우살채소볶음,애호박볶음,파김치,S맘모스빵,S둥글레차,찹쌀현미밥(63),온청포묵국,닭고기냉채,건취나물간장볶음,파김치
기장밥(63),탕국,실곤약간장채소무침,S사과(35g),S수박(100g),기장밥(63),건새우된장국,무나물볶음,명엽채고추장조림,석박지,S연근어묵,S둥글레차,기장밥(63),닭고기채소찌개,검은깨고구마맛탕,양배추오이샐러드,깍두기
밤찹쌀팥밥(63),유부쑥갓맑은국,건새우애호박볶음,S복숭아(천도)-80g,S복숭아(80g),밤찹쌀팥밥(63),매콤애호박국,닭고기냉채,크래미채소볶음,비트초절이,S크림떡볶이,S보리차,밤찹쌀팥밥(63),쑥갓어묵탕,매콤오징어볶음,맛살볶음,오이소박이김치
밤밥(55),동태맑은국,땅콩우엉무침,S(우유제외)과일화채,S복숭아(백도)-60g,밤밥(63),건새우된장국,오리훈제구이,채소샐러드,백김치,S건포도감자볼,S(우유제외)호두두유,밤밥(63),당근황태국,온두부찜,참치양파볶음,백김치
완두콩밥(63),차돌얼갈이국,피망잡채,S복숭아(60g),S복숭아(천도)-60g,완두콩밥(63),우렁이된장찌개,가지구이,토마토범벅,배추김치,S크림떡볶이,S둥글레차,완두콩밥(63),단호박새우젓국,크래미유자샐러드,실곤약간장채소무침,비트초절이
팥밥(55),동태살국,진미채초무침,S사과(35g),S복숭아(황도)-80g,팥밥(55),실파장국,소고기카레볶음,곤드레나물볶음,석박지,S(우유제외)토마토스파게티,S보리차,팥밥(55),건새우된장국,소고기토마토조림,맛살볶음,석박지
수수밥(55),매콤콩나물국,뱅어포구이,S당근스틱,S복숭아(황도)-60g,수수밥(55),양송이된장국,소고기당면불고기,과일샐러드(요거트드레싱),비트초절이,S새우크림소스볶음,S검은깨두유(200ml),수수밥(55),오징어맑은국,온두부찜,마늘종볶음,깍두기
감자밥(63),북어김치국,고구마줄기볶음,S복숭아(천도)-60g,S복숭아(60g),감자밥(63),해물탕,소고기무볶음,애호박볶음,나박김치,S절편,S우유(200ml),감자밥(63),동태살무국,고구마베이컨볶음,진미채초무침,석박지
보리밥(55),멸치장국,쑥갓나물,S수박화채,S블루베리(50g),보리밥(55),대파감자국,고구마연근맛탕,땅콩우엉무침,총각김치,S크로와상,S쌀음료,보리밥(55),맑은애호박국,애호박생선살찜,무조림,총각김치
검정콩밥(55),실파장국,애호박건새우볶음,S오렌지(50g),S사과(35g),검정콩밥(55),우동면국,토마토치즈범벅,건파래자반,콜라비나박김치,S멸치주먹밥,S둥글레차,검정콩밥(55),쑥갓나물,소고기단호박조림,배무생채,콜라비나박김치
기장밥(55),유부쑥갓맑은국,애호박볶음,S복숭아(60g),S복숭아(천도)-60g,기장밥(55),동태살무국,채소스크램블에그,깻잎순멸치볶음,배추김치,S(우유제외)알리오올리오스파게티,S보리차,기장밥(55),안매운닭개장,소고기떡조림,감자당근채볶음,비트초절이
현미밥(55),두부새우젓국,파래무침,S사과(35g),S블루베리(50g),현미밥(55),얼갈이배추국,매콤오징어볶음,땅콩우엉무침,오이소박이김치,S모닝빵+딸기잼,S오미자아이스크림,현미밥(55),애호박맑은국,삼치무조림,크래미채소볶음,열무물김치
고구마밥(63),쑥갓어묵탕,배추게맛살샐러드,S복숭아(60g),S복숭아(천도)-60g,고구마밥(63),북어김치국,소면채소무침,감자버터구이,나박김치,S냉콩국+소면,S우유(100ml),고구마밥(55),안매운닭개장,새우살채소깨무침,애호박새우젓볶음,비트초절이
고구마밥(63),잘게썬오징어무국,건새우애호박볶음,S사과(35g),S멜론(50g),고구마밥(55),가지냉국,수제비샐러드,무미역생채,석박지,S멸치주먹밥,S복숭아호두스무디,고구마밥(55),버섯개장,소고기당면불고기,양배추샐러드(레몬드레싱),열무물김치
검정콩밥(55),유부쑥갓맑은국,시금치된장무침,S복숭아(60g),S복숭아(천도)-60g,검정콩밥(55),맑은가쓰오부시장국,탕평채무침,배추게맛살샐러드,비트초절이,S채소찐빵,S보리차,검정콩밥(55),모듬어묵장국,옥수수치즈전,봄동부추겉절이,배추김치
현미밥(63),대구탕,쑥갓무침,S사과(100g),S복숭아(황도)-80g,현미밥(55),매콤콩나물국,햄구이,당근스틱,나박김치,S크랜베리찹쌀케이크,S검은깨두유(100ml),현미밥(55),양파오징어국,두부톳무침,청경채된장무침,석박지
찰현미밥(55),동태살국,건취나물간장볶음,S복숭아(천도)-60g,S멜론(50g),찰현미밥(55),미니우동,오징어불고기,건새우애호박볶음,단배추물김치,S(우유제외)토마토스파게티,S둥글레차,찰현미밥(55),안매운닭개장,단호박달걀찜,감자그라탕,열무김치
감자밥(63),새우살시금치국,무미역무침,S복숭아(60g),S복숭아(황도)-80g,감자밥(63),쑥갓어묵국,두부톳무침,애호박볶음,열무물김치,S치즈머핀,S오미자아이스크림,감자밥(63),쑥갓어묵탕,옥수수채소튀김,가지나물무침,나박김치
흑미밥(63),멸치장국,무미역생채,S사과(35g),S멜론(50g),흑미밥(63),버섯개장,삼치무조림,쑥갓나물무침,깍두기,S새우크림소스볶음,S복숭아호두스무디,흑미밥(63),부추미소장국,소면채소무침,건새우애호박볶음,깍두기
밤콩밥(63),실파장국,단배추멸치조림,S아몬드,S오이당근스틱,밤콩밥(63),우동면국,가지구이,상추쌈,얼갈이배추김치,S맘모스빵,S둥글레차,밤콩밥(63),유부쑥갓맑은국,소고기채소조림,감자당근채볶음,열무물김치
고구마밥(55),오징어맑은국,쌈채소,S사과(75g),S복숭아(백도)-80g,고구마밥(55),건새우감자국,닭날개북어찜,땅콩우엉무침,파프리카피클,S연두부,S오미자아이스크림,고구마밥(55),매콤콩나물국,검은깨고구마맛탕,청경채사과무침,파프리카피클
밤밥(55),부추맑은국,참나물된장무침,S복숭아(백도)-60g,S사과(35g),밤밥(63),동태살국,옥수수채소튀김,파래무침,석박지,S(우유제외)토마토스파게티,S호두우유,밤밥(63),해물탕,오징어간장조림,무미역생채,석박지
감자밥(63),아욱우렁된장국,과일샐러드(요거트드레싱),S사과(35g),S오이스틱,감자밥(63),떡국,소고기양배추조림,쑥갓나물무침,열무물김치,S(우유제외)토마토스파게티,S검은깨두유(150ml),감자밥(63),오징어맑은국,라조기,다시마북어볶음,비트초절이
찹쌀현미밥(63),안매운닭개장,참치양파볶음,S복숭아(황도)-80g,S멜론(50g),찹쌀현미밥(55),묵국,오징어채소볶음,동초무침,단배추물김치,S(우유제외)알리오올리오스파게티,S보리차,찹쌀현미밥(63),동태살국,동태포전,감자그라탕,나박김치
완두콩밥(55),유부쑥갓맑은국,채소샐러드,S복숭아(60g),S복숭아(천도)-60g,완두콩밥(55),매콤애호박국,오리훈제구이,진미채초무침,오이소박이김치,S(우유제외)토마토스파게티,S고구마쉐이크,완두콩밥(55),동태살무국,새우살채소볶음,청경채사과무침,비트초절이
차조밥(55),쑥갓어묵탕,과일샐러드(요거트드레싱),S사과(35g),S복숭아(황도)-80g,차조밥(55),동태살국,매콤주꾸미볶음,매콤숙주미나리무침,나박김치,S찐감자,S오미자아이스크림,차조밥(55),해물탕,오징어간장조림,애호박건새우볶음,석박지
잡곡밥(55),팽이장국,미역줄기채소볶음,S당근스틱,S복숭아(60g),잡곡밥(55),실파장국,라조기,고춧잎된장무침,열무물김치,S(우유제외)수제멸치과자,S검은깨두유(150ml),잡곡밥(55),동태살무국,조랭이떡소불고기,돈까스,비트초절이
기장밥(63),건새우맑은국,양파초절임,S복숭아(백도)-60g,S사과(35g),기장밥(63),오징어맑은국,게맛살달걀부침,무화과땅콩조림,나박김치,S(우유제외)버터감자구이,S오미자아이스크림,기장밥(63),부추맑은국,웨지감자,청경채초무침,파김치
팥밥(63),동태살무국,애호박볶음,S복숭아(천도)-60g,S복숭아(60g),팥밥(63),유부쑥갓맑은국,소고기짜장볶음,무화과땅콩조림,오이소박이김치,S새우크림소스볶음,S둥글레차,팥밥(63),매콤애호박국,떡갈비간장조림,맛살볶음,배추김치
밤콩밥(55),오징어찌개,쑥갓나물,S복숭아(백도)-80g,S복숭아(황도)-80g,밤콩밥(55),온도토리묵국,소고기표고버섯볶음,양배추볶음,오이피클,S스크램블에그(버터),S유자차,밤콩밥(55),대파감자국,부추잡채볶음,브로콜리참깨무침,동치미
차조밥(63),동태살무국,매콤콩나물무침,S사과(35g),S복숭아(천도)-60g,차조밥(55),북어달걀국,새우버터구이,김구이+양념장,비트초절이,S쿠키,S둥글레차,차조밥(55),온청포묵국,시금치두부전,아욱무침,배추김치
기장밥(55),닭고기채소찌개,동초무침,S복숭아(60g),S멜론(50g),기장밥(55),팽이장국,옥수수채소튀김,과일샐러드(요거트드레싱),열무물김치,S크로와상,S보리차,기장밥(55),건새우시금치국,소면채소무침,무미역생채,나박김치
율무밥(55),아욱우렁된장국,토마토범벅,S블루베리(50g),S사과(35g),율무밥(55),두부새우젓국,소고기양배추조림,매쉬드포테이토,석박지,S단호박샐러드,S매실쥬스,율무밥(63),실파장국,쫄면채소무침,채소샐러드,석박지
고구마밥(55),북어김치국,애호박건새우볶음,S복숭아(황도)-80g,S복숭아(천도)-60g,고구마밥(55),팽이장국,탕평채무침,무미역생채,나박김치,S(우유제외)토마토스파게티,S둥글레차,고구마밥(63),오징어숙주국,감자치즈전,동초무침,나박김치
고구마밥(55),방아잎된장국,토마토범벅,S감말랭이,S호두,고구마밥(63),새우달걀국,주꾸미숙회,가지양념무침,열무물김치,S절편(40g),S(우유제외)수제딸기두유,고구마밥(63),곰취마른새우국,라조기,양상추요거트샐러드,비트초절이
찹쌀밥(40),건새우맑은국,동초무침,S사과(35g),S복숭아(황도)-80g,찹쌀밥(40),닭고기채소찌개,(저염)갈치조림,무미역생채,깍두기,S(우유제외)토마토스파게티,S보리차,찹쌀밥(63),떡국,등심탕수육+소스,진미채초무침,석박지
보리밥(63),두부곤약탕국,무미역무침,S사과(50g),S방울토마토(35g),보리밥(63),떡국떡미역국,소고기양배추조림,매쉬드포테이토,비트초절이,S단팥빵,S둥글레차,보리밥(63),아욱우렁된장국,훈제오리단호박찜,뱅어포구이,비트초절이
찹쌀현미밥(55),닭고기채소찌개,동초무침,S멜론(50g),S사과(35g),찹쌀현미밥(63),해물탕,온두부찜,애호박볶음,열무물김치,S애플파이,S보리차,찹쌀현미밥(63),건새우된장국,오징어간장조림,진미채초무침,석박지
밤밥(55),대구지리,건취나물간장볶음,S복숭아(60g),S참외(50g),밤밥(55),아욱우렁된장국,으깬두부채소전,감자그라탕,깻잎김치,S쿠키,S둥글레차,밤밥(55),떡국,삼치무조림,건파래자반,비트초절이
찹쌀밥(63),안매운닭개장,채소샐러드,S복숭아(황도)-80g,S멜론(50g),찹쌀밥(63),미니우동,매콤주꾸미볶음,애호박건새우볶음,열무물김치,S치즈케이크,S보리차,찹쌀밥(40),동태맑은국,감자그라탕,진미채채소무침,열무물김치
밤콩밥(55),팽이장국,매콤숙주미나리무침,S복숭아(천도)-60g,S복숭아(60g),밤콩밥(55),차돌박이된장국,채소비빔소면,아욱무침,비트초절이,S(우유제외)알리오올리오스파게티,S매실쥬스,밤콩밥(55),온청포묵국,소면채소무침,무미역생채,배추김치
율무밥(55),북어달걀국,진미채초무침,S블루베리(50g),S사과(35g),율무밥(55),동태살무국,수제비샐러드,가지양념무침,나박김치,S치즈케이크,S(우유제외)수제블루베리우유,율무밥(55),우동국물,닭고기냉채,애호박볶음,오이소박이김치
찰현미밥(63),두부새우젓국,곤드레나물볶음,S복숭아(황도)-80g,S멜론(50g),찰현미밥(63),실파장국,소고기토마토조림,무미역생채,석박지,S치즈머핀,S보리차,찰현미밥(55),쑥갓어묵탕,청경채불고기,동초무침,콜라비나박김치
잡곡밥(63),쑥갓어묵탕,모듬채소,S복숭아(천도)-60g,S복숭아(60g),잡곡밥(55),양지곰국,고구마연근맛탕,동초무침,배추김치,S(우유제외)수제멸치과자,S둥글레차,잡곡밥(55),유부쑥갓맑은국,탕평채무침,무미역생채,배추김치
잡곡밥(55),삼계탕,미역줄기채소볶음,S사과(35g),S복숭아(천도)-80g,잡곡밥(63),멸치장국,새우살크림소스볶음,도라지나물(간장),석박지,S슈크림빵,S식혜,잡곡밥(63),해물탕,토마토카프레제,진미채채소무침,석박지
쌀밥(40),닭고기채소찌개,무미역생채,S복숭아(천도)-60g,S복숭아(60g),쌀밥(40),아욱우렁된장국,소고기케첩볶음,배추게맛살샐러드,열무물김치,S(우유제외)토마토스파게티,S보리차,쌀밥(40),어묵국수,수제비샐러드,건취나물간장볶음,단무지
쌀밥(63),동태살무국,땅콩우엉무침,S멜론(50g),S사과(35g),쌀밥(63),애호박맑은국,참치어묵조림,감자그라탕,오이소박이김치,S짜장떡볶이,S둥글레차,쌀밥(63),유부쑥갓맑은국,닭고기냉채,과일샐러드(요거트드레싱),배추김치
찹쌀팥밥(55),떡국,동초무침,S복숭아(황도)-80g,S복숭아(천도)-60g,찹쌀팥밥(63),동태살국,두부톳무침,채소샐러드,석박지,S치즈,S보리차,찹쌀팥밥(63),해물탕,소고기채소조림,우엉간장조림,석박지
수수밥(55),우동국물,애호박볶음,S복숭아(60g),S사과(35g),수수밥(55),콩가루얼갈이배추국,소고기케첩볶음,아욱무침,깍두기,S(우유제외)토마토스파게티,S요구르트,수수밥(55),새우살시금치국,소고기양배추조림,매쉬드포테이토,열무물김치
율무밥(55),유부쑥갓맑은국,새우살호박볶음,S사과(35g),S참외(50g),율무밥(55),새우젓국찌개,소고기토마토볶음,얼갈이무침,배추김치,S카카오올리브케익,S우유(200ml),율무밥(55),미역국,시금치두부전,고구마순된장무침,깍두기
감자밥(63),북어달걀국,건새우애호박볶음,S복숭아(천도)-60g,S청포도(100g),감자밥(63),낙지연포탕,피망잡채,파래무침,배추김치,S도너츠,S우유(200ml),감자밥(63),닭고기채소찌개,매콤오징어볶음,쑥갓나물,깍두기
옥수수밥(55),콩가루얼갈이배추국,(저염·저당)돼지고기메추리알조림,S복숭아(60g),S멜론(50g),옥수수밥(63),해물탕,소고기잡채,동초무침,나박김치,S딸기쨈식빵,S우유(100ml),옥수수밥(63),팽이장국,가자미구이,무미역무침,석박지
찹쌀팥밥(55),호박감자수제비국,진미채초무침,S블루베리(50g),S사과(35g),찹쌀팥밥(55),매콤애호박국,소고기양배추조림,미역줄기채소볶음,비트초절이,S치즈케이크,S검은콩두유(200ml),찹쌀팥밥(55),동태살무국,돈까스,토마토카프레제,깍두기
찹쌀보리밥(55),애호박두부젓국찌개,진미채초무침,S복숭아(60g),S복숭아(황도)-80g,찹쌀보리밥(55),버섯개장,삼겹살구이,상추오이무침,석박지,S밤설기(40g),S우유(200ml),찹쌀보리밥(55),북어김치국,떡갈비간장조림,브로콜리초무침,나박김치
밤밥(55),대구살맑은국,콩나물김무침,S멜론(50g),S사과(35g),밤밥(55),닭살당면국,오징어채소볶음,실곤약간장채소무침,깻잎김치,S냉콩국+소면,S둥글레차,밤밥(63),온청포묵국,쫄면채소무침,건취나물간장볶음,배추김치
찹쌀보리밥(55),쑥갓어묵탕,애호박볶음,S참외(50g),S청포도(100g),찹쌀보리밥(55),동태살국,소고기채소조림,진미채초무침,열무물김치,S단호박꿀찜,S(우유제외)수제블루베리우유,찹쌀보리밥(55),해물탕,오리훈제구이,감자당근채볶음,나박김치
차조밥(63),얼갈이맑은국,단호박우유찜,S복숭아(천도)-60g,S키위(50g),차조밥(63),버섯개장,매콤주꾸미볶음,가지나물무침,배추김치,S찐밤,S우유(100ml),차조밥(63),유부대파국,새우버터구이,양배추사과샐러드,깻잎김치
기장밥(55),다슬기된장국,감자당근채볶음,S복숭아(60g),S사과(35g),기장밥(55),매콤애호박국,소고기깻잎볶음,실곤약간장채소무침,배추김치,S짜장떡볶이,S쌀음료,기장밥(55),우동국물,생선까스,과일샐러드(요거트드레싱),깍두기
검정콩밥(63),동태맑은국,무미역무침,S멜론(50g),S사과(100g),검정콩밥(63),건새우된장국,오징어치즈전,미나리나물,비트초절이,S슈크림빵,S요구르트,검정콩밥(63),차돌얼갈이국,고등어무조림,애호박볶음,단배추물김치
완두콩밥(55),아욱우렁된장국,진미채초무침,S복숭아(천도)-60g,S사과(100g),완두콩밥(55),대구지리,어묵감자조림,감자당근채볶음,석박지,S도너츠,S둥글레차,완두콩밥(55),맑은애호박국,소고기토마토조림,애호박볶음,깍두기
찹쌀현미밥(63),오징어맑은국,건새우애호박볶음,S사과(35g),S복숭아(황도)-60g,찹쌀현미밥(63),얼갈이맑은국,매콤오삼불고기,상추오이무침,배추김치,S단팥빵,S토마토쉐이크,찹쌀현미밥(63),유부쑥갓맑은국,차돌양배추볶음,쫄면채소무침,배추김치
밤찹쌀팥밥(55),팽이장국,햄구이,S사과(100g),S수박화채,밤찹쌀팥밥(63),대구탕,동그랑땡전,양상추요거트샐러드,비트초절이,S약과,S우유(100ml),밤찹쌀팥밥(55),애호박새우젓국,피망어묵볶음,매쉬드포테이토,배추김치
옥수수밥(55),두부새우젓국,애호박볶음,S복숭아(60g),S복숭아(황도)-80g,옥수수밥(55),닭고기채소찌개,참치어묵조림,과일샐러드(요거트드레싱),배추김치,S크림떡볶이,S쌀음료,옥수수밥(55),어묵국수,새우살채소볶음,감자전,배추김치
밤밥(63),(저염)닭곰탕,애호박건새우볶음,S사과(35g),S복숭아(천도)-60g,밤밥(63),미니우동,매쉬드포테이토,으깬두부채소전,깍두기,S푸실리샐러드,S수제바나나우유,밤밥(63),동태살국,새우살조림,가지무침,배추김치
수수밥(55),무채국,곤약메추리알장조림,S멜론(100g),S(우유제외)과일화채,수수밥(55),근대국,(저염)갈치조림,숙주당근나물,나박김치,S쑥떡(40g),S검은깨두유(150ml),수수밥(55),새우달걀국,소고기감자조림,미나리나물,석박지
쌀밥(40),콩가루열무된장국,진미채무말랭이무침,S사과(35g),S복숭아(황도)-80g,쌀밥(40),버섯소고기국,맛살꼬지전,파프리카사과초무침,단배추물김치,S약과,S우유(200ml),쌀밥(40),온청포묵국,오리훈제구이,채소샐러드,배추김치
완두콩밥(55),유부쑥갓맑은국,가지양념찜,S복숭아(60g),S복숭아(천도)-60g,완두콩밥(55),매콤애호박국,새우살채소볶음,동초무침,오이소박이김치,S크로와상,S우유(100ml),완두콩밥(63),동태살무국,온두부찜,감자당근채볶음,배추김치
완두콩밥(63),대파감자국,두부양념조림,S사과(50g),S멜론(50g),완두콩밥(63),닭곰탕,매콤낙지채소볶음,쑥갓나물,깍두기,S고로케,S보리차,완두콩밥(63),팽이장국,소고기떡조림,깻잎순멸치볶음,배추김치
완두콩밥(55),유부쑥갓맑은국,진미채초무침,S사과(35g),S복숭아(천도)-60g,완두콩밥(55),안매운닭개장,으깬두부채소전,건취나물간장볶음,배추김치,S쿠키,S고구마쉐이크,완두콩밥(55),동태살무국,두부톳무침,표고버섯간장볶음,배추김치
현미밥(55),동태맑은국,실곤약간장채소무침,S멜론(50g),S복숭아(60g),현미밥(55),닭고기채소찌개,매콤주꾸미볶음,동초무침,배추김치,S슈크림빵,S검은깨두유(150ml),현미밥(55),차돌얼갈이국,쫄면채소무침,가지나물무침,단배추물김치
찹쌀팥밥(55),북어달걀국,진미채초무침,S복숭아(황도)-80g,S참외(50g),찹쌀팥밥(55),두부새우젓국,등심탕수육+소스,무미역생채,배추김치,S크림빵,S고구마쉐이크,찹쌀팥밥(55),동태살무국,참치어묵조림,파프리카사과초무침,석박지
감자밥(63),아욱우렁된장국,미역줄기채소볶음,S복숭아(60g),S복숭아(황도)-80g,감자밥(63),떡국,소고기토마토조림,진미채초무침,배추김치,S(우유제외)토마토스파게티,S매실쥬스,감자밥(63),실파장국,청경채불고기,상추쌈,석박지
찹쌀밥(40),감자된장국,잔멸치볶음,S멜론(50g),S블루베리고구마샐러드,찹쌀밥(40),해물탕,으깬두부채소전,실곤약채소무침,열무물김치,S으깬견과류고구마샐러드(요거트),S오미자아이스크림,찹쌀밥(40),사골파국,매콤오징어볶음,건파래자반,깍두기
잡곡밥(63),어묵국,옥수수토마토소스볶음,S사과(35g),S복숭아(황도)-80g,잡곡밥(63),오징어국,배추전,다시마채무침,깍두기,S스크램블에그(버터),S우유(100ml),잡곡밥(63),매콤콩나물국,차돌숙주볶음,청포묵김무침,비트초절이
수수밥(63),유부쑥갓맑은국,온두부찜,S복숭아(천도)-80g,S복숭아(80g),수수밥(63),매콤애호박국,고등어구이,시금치된장무침,배추김치,S슈크림빵,S우유(100ml),수수밥(63),동태살무국,돼지고기잡채,상추오이무침,비트초절이
찹쌀팥밥(55),콩가루얼갈이배추국,매쉬드포테이토,S복숭아(60g),S사과(75g),찹쌀팥밥(55),(저염)닭곰탕,오징어숙회,미역줄기채소볶음,깍두기,S채소찐빵,S코코아,찹쌀팥밥(55),해물탕,두부냉채,가지양념찜,얼갈이배추김치
수수밥(55),북어김치국,파래자반,S사과(35g),S참외(50g),수수밥(63),닭고기채소찌개,참치어묵조림,뱅어포볶음,석박지,S단팥빵,S수제바나나우유,수수밥(63),버섯부추국,제육불고기,쌈채소+쌈장,깍두기
밤밥(55),콩가루얼갈이배추국,건새우애호박볶음,S복숭아(60g),S멜론(50g),밤밥(63),동태살국,멸치새송이버섯볶음,상추묵무침,나박김치,S크림떡볶이,S오미자아이스크림,밤밥(55),떡국,병어조림,땅콩우엉무침,깍두기
현미밥(55),건새우된장국,우엉간장조림,S복숭아(황도)-80g,S오렌지(50g),현미밥(63),우동국물,소고기찹스테이크,채소샐러드,깍두기,S찐빵,S우유(100ml),현미밥(55),(저염)닭곰탕,삼치살양념조림,청경채나물,총각김치
찹쌀현미밥(55),두부새우젓국,아욱무침,S복숭아(60g),S사과(100g),찹쌀현미밥(55),오징어맑은국,청경채불고기,모듬채소겉절이,나박김치,S도너츠,S우유(100ml),찹쌀현미밥(55),동태살국,닭감자조림,미역줄기채소볶음,배추김치
찰현미밥(63),오징어감자국,얼갈이무침,S사과(75g),S사과(35g),찰현미밥(55),김치유부맑은국,새우까스,양배추오이샐러드,깍두기,S멸치주먹밥,S보리차,찰현미밥(63),버섯개장,애호박생선살찜,사과미나리무침,비트초절이
찹쌀팥밥(55),유부쑥갓맑은국,돼지고기곤약조림,S사과(75g),S복숭아(60g),찹쌀팥밥(55),매콤애호박국,가자미구이,배추게맛살샐러드,깍두기,S치즈케이크,S우유(100ml),찹쌀팥밥(55),버섯개장,칠리새우,파래무침,깍두기
잡곡밥(55),온청포묵국,동초무침,S복숭아(60g),S참외(50g),잡곡밥(55),대구지리,어묵감자조림,실곤약채소무침,배추김치,S떡볶이,S보리차,잡곡밥(55),닭고기채소찌개,(저염)갈치조림,해초볶음,배추김치
밤밥(55),떡국,얼갈이무침,S복숭아(백도)-80g,S사과(35g),밤밥(55),다슬기된장국,병어조림,애호박건새우볶음,배추김치,S유부초밥,S둥글레차,밤밥(63),실파장국,돈까스,양배추오이샐러드,깍두기
보리밥(55),동태맑은국,실곤약채소무침,S사과(35g),S바나나(50g),보리밥(55),팽이장국,연어스테이크,오이참치마요무침,깍두기,S멸치주먹밥,S우유(150ml),보리밥(55),닭고기채소찌개,소면채소무침,건새우애호박볶음,열무물김치
잡곡밥(55),유부쑥갓맑은국,참치어묵조림,S사과(35g),S귤(80g),잡곡밥(55),버섯개장,소고기찹쌀구이,마늘종볶음,얼갈이배추김치,S쿠키,S우유(200ml),잡곡밥(55),매콤애호박국,닭살간장조림,숙주당근나물,배추김치
보리밥(55),어묵국,애호박건새우볶음,S오렌지(50g),S사과(35g),보리밥(63),해물탕,두부버섯스테이크,과일샐러드(요거트드레싱),비트초절이,S단호박샐러드,S보리차,보리밥(63),닭고기채소찌개,간장코다리강정,매쉬드포테이토,깍두기
보리밥(55),아욱우렁된장국,애호박볶음,S오렌지(50g),S사과(35g),보리밥(55),떡국,소고기채소조림,감자당근채볶음,석박지,S증편(40g),S둥글레차,보리밥(55),닭곰탕,매콤낙지채소볶음,채소샐러드,깍두기
찰현미밥(63),동태살무국,가지무침,S사과(35g),S복숭아(천도)-80g,찰현미밥(63),매콤애호박국,소고기토마토조림,매쉬드포테이토,오이소박이김치,S치즈,S(우유제외)두유미숫가루,찰현미밥(63),유부쑥갓맑은국,닭고기냉채,애호박새우젓볶음,배추김치
쌀밥(40),대구지리,실곤약간장채소무침,S사과(50g),S오렌지(50g),쌀밥(63),닭고기채소찌개,옥수수치즈전,땅콩우엉무침,나박김치,S새우크림소스볶음,S매실쥬스,쌀밥(40),온도토리묵국,감자부추전,얼갈이배추겉절이,깍두기
감자밥(55),만두국,동초무침,S사과(35g),S귤(50g),감자밥(55),차돌얼갈이국,온두부찜,참치양파볶음,배추김치,S(우유제외)토마토스파게티,S둥글레차,감자밥(55),미니우동,김치전,매쉬드포테이토,열무김치
쌀밥(40),건새우시금치국,건파래자반,S복숭아(천도)-80g,S복숭아(60g),쌀밥(40),해물탕,훈제오리채소볶음,더덕사과무침,비트초절이,S찐고구마,S오미자아이스크림,쌀밥(40),떡국,매콤오징어볶음,건취나물간장볶음,배추김치
보리밥(63),탕국,톳나물무침,S귤(50g),S복숭아(천도)-60g,보리밥(63),매콤애호박국,완자전,오이무침,배추김치,S단호박찜,S우유(200ml),보리밥(63),다시마새우젓국,생선까스,양상추요거트샐러드,깍두기
콩밥(55),팽이장국,소고기토마토볶음,S사과(35g),S멜론(50g),콩밥(55),유부쑥갓맑은국,채소전,매쉬드포테이토,오이소박이김치,S으깬견과류고구마샐러드(요거트),S수정과,콩밥(55),미역국,미트볼케첩조림,마카로니채소샐러드(토마토소스),비트초절이
고구마밥(55),동태살무국,양념가지찜,S아몬드,S귤(80g),고구마밥(55),유부대파국,치즈등심돈까스,(우유제외)단호박두유찜,깻잎김치,S단팥빵,S코코아,고구마밥(55),단호박무국,주꾸미숙회,뱅어포구이,배추김치
보리밥(55),버섯개장,건새우애호박볶음,S복숭아(천도)-60g,S복숭아(60g),보리밥(55),팽이장국,돼지고기굴소스볶음,얼갈이무침,깍두기,S크로와상,S매실쥬스,보리밥(55),팽이장국,새우까스,토마토카프레제,비트초절이
고구마밥(55),곰취마른새우국,건취나물간장볶음,S사과(50g),S사과(35g),고구마밥(55),호박감자수제비국,라조기,매쉬드포테이토,석박지,S(우유제외)토마토스파게티,S보리차,고구마밥(55),닭곰탕,매콤주꾸미볶음,오이쌈장무침,깍두기
팥밥(55),유부쑥갓맑은국,맛살볶음,S복숭아(60g),S복숭아(천도)-60g,팥밥(55),대구지리,어묵볶음,조미김,배추김치,S(우유제외)알리오올리오스파게티,S식혜,팥밥(55),건새우시금치국,매콤오징어볶음,동초무침,비트초절이
밤밥(55),동태맑은국,건파래자반,S사과(35g),S블루베리(50g),밤밥(63),멸치장국,치즈등심돈까스,매쉬드포테이토,깍두기,S(우유제외)토마토스파게티,S매실쥬스,밤밥(63),차돌얼갈이국,김치전,가지양념무침,비트초절이
밤콩밥(55),다슬기아욱국,가지양념찜,S사과(35g),S멜론(50g),밤콩밥(55),매콤애호박국,삼치무조림,상추오이무침,배추김치,S쿠키,S둥글레차,밤콩밥(55),오징어숙주국,새우살크림소스볶음,채소샐러드,비트초절이
찰현미밥(55),버섯찌개,멸치볶음,S복숭아(천도)-60g,S사과(100g),찰현미밥(55),단호박맑은국,안매운오삼불고기,미역초무침,오이소박이김치,S(우유제외)버터감자구이,S우유미숫가루,찰현미밥(55),오징어찌개,갈치감자조림,참나물된장무침,나박김치
찹쌀밥(40),북어김치국,돌나물오이무침,S사과(35g),S블루베리고구마샐러드,찹쌀밥(40),두부젓국찌개,닭다리카레찜,과일샐러드(요거트드레싱),비트초절이,S멸치주먹밥,S보리차,찹쌀밥(40),해물탕,닭가슴살고구마볶음,무미역생채,석박지
찹쌀현미밥(55),동태살무국,실곤약간장채소무침,S복숭아(천도)-80g,S복숭아(80g),찹쌀현미밥(55),매콤애호박국,삼치무조림,파프리카유자청무침,나박김치,S단호박꿀찜,S우유(200ml),찹쌀현미밥(55),홍합탕,돼지고기굴소스볶음,고구마연근맛탕,깍두기
고구마밥(55),유부쑥갓맑은국,참치양파볶음,S당근스틱,S자두(50g),고구마밥(55),미니새우튀김우동,닭간장조림,파프리카유자청무침,단배추물김치,S잣죽,S고구마쉐이크,고구마밥(55),들깨감자국,새우살호박볶음,표고버섯나물,비트초절이
옥수수밥(63),콩나물무국,애호박건새우볶음,S사과(50g),S멜론(50g),옥수수밥(63),단호박맑은국,소고기채소조림,브로콜리초무침,나박김치,S크림떡볶이,S고칼슘오렌지주스,옥수수밥(63),새우젓국찌개,삼겹살구이,모듬쌈,석박지
밤밥(63),유부쑥갓맑은국,건새우애호박볶음,S복숭아(80g),S복숭아(천도)-80g,밤밥(63),동태살무국,탕평채무침,(저염·저당)메추리알장조림,비트초절이,S짜장떡볶이,S둥글레차,옥수수밥(63),다슬기된장국,매콤오삼불고기,쌈채소+쌈장,열무물김치
보리밥(55),건새우맑은국,김구이+양념장,S사과(75g),S복숭아(60g),보리밥(63),북어김치국,참치어묵조림,진미채초무침,비트초절이,S냉콩국+소면,S보리차,보리밥(55),닭고기채소찌개,수제비샐러드,오징어볶음,깍두기
현미밥(55),닭고기무국,애호박건새우볶음,S사과(35g),S복숭아(황도)-80g,찹쌀현미밥(55),양파오징어국,오리훈제구이,채소샐러드(발사믹드레싱),비트초절이,S멸치주먹밥,S수제블루베리우유,찹쌀현미밥(55),우동국물,새우까스,소면채소무침,깍두기
차조밥(55),쑥갓어묵탕,애호박볶음,S멜론(50g),S복숭아(60g),차조밥(55),(저염)닭곰탕,(저염)갈치조림,치커리무침,깍두기,S쑥떡(40g),S검은깨두유(200ml),차조밥(55),오징어찌개,옥수수채소전,브로콜리초무침,총각김치
쌀밥(40),어묵국,진미채초무침,S복숭아(천도)-80g,S복숭아(80g),쌀밥(40),동태살무국,소고기채소조림,쑥갓나물,나박김치,S(우유제외)토마토스파게티,S코코아,쌀밥(40),닭곰탕,뱅어포볶음,고구마연근맛탕,석박지
찹쌀현미밥(55),참치무국,진미채초무침,S사과(75g),S복숭아(천도)-80g,찹쌀현미밥(55),북어김치국,돼지고기굴소스볶음,콩나물냉채,열무물김치,S건포도감자볼,S우유(200ml),찹쌀현미밥(55),유부맑은국,고등어무조림,감자당근채볶음,배추김치
기장밥(55),동태맑은국,두부톳무침,S복숭아(60g),S참외(50g),기장밥(55),차돌얼갈이국,매콤낙지채소볶음,동초무침,깍두기,S(우유제외)토마토스파게티,S보리차,기장밥(55),오징어찌개,간장찜닭,애호박볶음,비트초절이
쌀밥(40),팽이장국,새우살호박볶음,S멜론퓨레,S포도(100g),쌀밥(55),미역국,삼치무조림,얼갈이무침,콜라비나박김치,S(우유제외)알리오올리오스파게티,S오미자아이스크림,쌀밥(55),온청포묵국,매콤오징어볶음,오이무침,배추김치
찹쌀보리밥(63),동태살무국,가지양념찜,S복숭아(천도)-60g,S복숭아(60g),찹쌀보리밥(63),유부쑥갓맑은국,소고기채소조림,진미채초무침,나박김치,S크림떡볶이,S검은깨두유(200ml),찹쌀보리밥(63),매콤애호박국,닭고기냉채,채소샐러드,비트초절이
완두콩밥(63),콩가루얼갈이배추국,맛살양파볶음,S멜론(50g),S사과(50g),완두콩밥(63),동태살국,조랭이떡소불고기,양배추건새우볶음,석박지,S단호박꿀찜,S보리차,완두콩밥(63),닭곰탕,매콤낙지채소볶음,과일샐러드(요거트드레싱),깍두기
검정콩밥(55),유부쑥갓맑은국,온두부찜,S사과(75g),S오렌지(50g),검정콩밥(63),매콤애호박국,가자미구이,파래무침,배추김치,S단호박설기,S우유(200ml),검정콩밥(55),동태살무국,돼지고기장조림,진미채초무침,배추김치
밤찹쌀팥밥(55),양송이된장국,맛살당근볶음,S과일샐러드(마요네즈),S복숭아(황도)-80g,밤찹쌀팥밥(55),대구탕,명란달걀찜,새송이버섯전,배추김치,S케이크,S우유(150ml),밤찹쌀팥밥(55),오징어국,닭다리카레찜,토마토범벅,오이피클
보리밥(63),동태살무국,맛살볶음,S복숭아(천도)-80g,S복숭아(80g),보리밥(63),애호박맑은국,(저염)갈치조림,동초무침,오이소박이김치,S고로케,S둥글레차,보리밥(63),유부쑥갓맑은국,소고기토마토조림,사과미나리무침,배추김치
차조밥(55),애호박두부젓국찌개,감자볶음,S사과(50g),S수박(100g),차조밥(63),아욱우렁된장국,고등어구이,오이생채,배추김치,S단호박설기,S우유(150ml),차조밥(63),양지곰국,오징어무조림,실곤약채소무침,깍두기
현미밥(55),버섯부추국,삼색채소달걀말이,S블루베리(50g),S복숭아(황도)-60g,현미밥(55),시래기된장국,고추장소고기볶음,새송이버섯전,오이소박이김치,S크로와상(30g),S우유(200ml),현미밥(55),청국장국,고등어무조림,상추배생채,단배추물김치
쌀밥(55),탕국,가지구이,S사과(50g),S블루베리(50g),쌀밥(40),호박감자수제비국,등심탕수육+소스,파프리카무침,깍두기,S단팥빵,S우유(200ml),쌀밥(63),유부쑥갓맑은국,제육불고기,상추+쌈장,오이소박이김치
옥수수밥(55),온청포묵국,두부열무나물,S복숭아(60g),S복숭아(천도)-60g,옥수수밥(55),버섯개장,시금치두부전,무사과무침,배추김치,S채소찐빵,S보리차,옥수수밥(55),미니유부우동,닭고기냉채,새우튀김,단무지
감자밥(63),닭곰탕,건새우애호박볶음,S멜론(50g),S바나나(50g),감자밥(63),유부쑥갓맑은국,떡갈비간장조림,수제비샐러드,오이소박이김치,S짜장떡볶이,S토마토쉐이크,감자밥(63),동태살무국,매콤오징어볶음,콩나물무침,열무물김치
잡곡밥(55),대파감자국,조미김,S복숭아(60g),S복숭아(천도)-60g,잡곡밥(55),매콤애호박국,소고기토마토볶음,곤약김치무침,단배추물김치,S크림떡볶이,S코코아,잡곡밥(63),다슬기된장국,가자미살구이,오이생채,총각김치
밤밥(63),(저염)닭곰탕,동초무침,S사과(35g),S멜론(50g),밤밥(63),안매운닭개장,감자전,마카로니채소샐러드(토마토소스),열무물김치,S절편(40g),S(우유제외)수제블루베리우유,밤밥(63),미역국,매콤주꾸미볶음,콩나물무침,비트초절이
기장밥(55),버섯부추국,맛살당근볶음,S복숭아(황도)-60g,S블루베리(50g),기장밥(55),청국장국,삼치살두부감자조림,얼갈이무침,배추김치,S크로와상(30g),S(우유제외)호두두유,기장밥(55),쑥갓어묵탕,뱅어포튀김,청경채도토리묵무침,배추김치
기장밥(63),동태살무국,유채나물무침,S복숭아(60g),S복숭아(천도)-60g,기장밥(63),동태살무국,소고기토마토조림,감자당근채볶음,열무물김치,S무지개떡(40g),S보리차,기장밥(63),완자탕,참치어묵조림,고구마범벅,비트초절이
쌀밥(40),북어김치국,소고기장조림,S사과(100g),S블루베리(50g),쌀밥(55),닭살숙주국,삼치유자소스조림,새송이버섯전,배추김치,S프렌치토스트,S우유(200ml),쌀밥(63),애호박두부젓국찌개,새우볼조림,양념가지찜,나박김치
쌀밥(40),동태살무국,김구이+양념장,S복숭아(천도)-60g,S멜론(50g),쌀밥(63),다슬기된장국,으깬두부채소전,소고기감자조림,오이소박이김치,S(우유제외)토마토스파게티,S코코아,쌀밥(40),유부쑥갓맑은국,오리훈제구이,사과미나리무침,배추김치
고구마밥(63),실파장국,떡갈비조림,S바나나(100g),S멜론(100g),고구마밥(63),아욱우렁된장국,조기구이,오이생채,열무물김치,S멸치주먹밥,S바나나쉐이크,고구마밥(63),닭고기채소찌개,소고기당면불고기,상추쌈,나박김치
감자밥(55),동태살무국,아욱무침,S블루베리고구마샐러드,S멜론(50g),감자밥(55),안매운닭개장,맛살어묵볶음,건취나물간장볶음,배추김치,S크로와상,S식혜,감자밥(55),오징어숙주국,두부톳무침,곤드레나물볶음,비트초절이
찹쌀보리밥(63),닭곰탕,동초무침,S복숭아(60g),S방울토마토(35g),찹쌀보리밥(63),우동국물,새우까스,채소샐러드,비트초절이,S연두부샐러드(오리엔탈드레싱),S검은깨두유(200ml),찹쌀보리밥(63),매콤애호박국,궁중떡볶음,진미채초무침,배추김치
찹쌀밥(55),애호박두부젓국,단배추멸치조림,S사과(35g),S멜론퓨레,찹쌀밥(40),실파장국,미니돈까스,소면채소무침,깍두기,S딸기쨈식빵,S우유(200ml),찹쌀밥(40),만두국,매콤오징어볶음,무미역생채,비트초절이
흑미밥(55),북어달걀국,크래미채소볶음,S사과(100g),S복숭아(천도)-60g,흑미밥(63),유부쑥갓맑은국,매콤오징어볶음,새송이버섯전,오이소박이김치,S맘모스빵,S둥글레차,흑미밥(55),매콤애호박국,소고기찹쌀구이,동초무침,배추김치
찹쌀현미밥(55),닭가슴살미역국,김구이+양념장,S귤(80g),S복숭아(백도)-60g,찹쌀현미밥(55),대구살맑은국,두부찜+김치볶음,쑥갓나물,오이소박이김치,S케이크,S수제블루베리바나나우유,찹쌀현미밥(55),잘게썬오징어무국,소고기장조림,감자채볶음,얼갈이배추김치
고구마밥(63),오징어숙주국,참나물간장무침,S복숭아(천도)-60g,S복숭아(60g),고구마밥(63),콩가루봄동국,돼지고기짜장볶음,매쉬드포테이토,오이소박이김치,S(우유제외)토마토스파게티,S식혜,고구마밥(63),유부쑥갓맑은국,새우살채소볶음,애호박볶음,파김치
차조밥(55),유부김치국,소고기토마토조림,S복숭아(황도)-80g,S멜론(50g),차조밥(55),동태살무국,가지카레튀김,진미채초무침,열무물김치,S슈크림빵,S고구마쉐이크,차조밥(55),매콤애호박국,참치어묵조림,애호박새우젓볶음,비트초절이
찹쌀팥밥(63),황태미역국,건파래볶음,S사과(35g),S귤(50g),찹쌀팥밥(63),표고버섯된장국,차돌숙주볶음,미역초무침,비트초절이,S단호박샐러드,S코코아,찹쌀팥밥(63),청국장국,삼치살무조림,얼갈이배추겉절이,배추김치
감자밥(63),어묵맑은국,애호박볶음,S복숭아(황도)-80g,S호두,감자밥(63),해물탕,소고기토마토조림,가지들깨나물,콜라비나박김치,S카카오올리브케익,S우유(150ml),감자밥(63),떡국,(저염)닭가슴살단호박조림,새송이버섯전,얼갈이배추김치
흑미밥(55),대구지리,애호박볶음,S복숭아(천도)-60g,S멜론(50g),흑미밥(55),수제비국,매콤오징어볶음,호박전,석박지,S새우크림소스볶음,S둥글레차,흑미밥(55),유부쑥갓맑은국,크래미채소볶음,삼치조림,오이소박이김치
찹쌀밥(55),순한육개장,실곤약간장채소무침,S복숭아(60g),S사과(35g),찹쌀밥(63),차돌얼갈이국,온두부찜,과일샐러드(요거트드레싱),단배추물김치,S단호박샐러드,S보리차,찹쌀밥(55),온청포묵국,매콤오삼불고기,상추쌈,석박지
찹쌀밥(40),콩가루얼갈이배추국,애호박건새우볶음,S멜론(50g),S복숭아(황도)-80g,찹쌀밥(55),다슬기된장국,소면채소무침,닭살간장조림,나박김치,S크림빵,S우유(150ml),찹쌀밥(63),닭고기채소찌개,동태포전,가지양념찜,석박지
잡곡밥(55),얼갈이맑은국,참치양파볶음,S복숭아(천도)-80g,S복숭아(80g),잡곡밥(63),해물탕,생선까스,해초볶음,깍두기,S새우크림소스볶음,S둥글레차,잡곡밥(63),묵국,매콤오징어볶음,상추오이무침,배추김치
옥수수밥(55),근대국,동초무침,S복숭아(60g),S멜론(50g),옥수수밥(55),차돌얼갈이국,애호박생선살찜,매쉬드포테이토,열무김치,S슈크림빵,S우유(150ml),옥수수밥(55),동태살국,단호박튀김,건취나물간장볶음,비트초절이
옥수수밥(63),닭고기채소찌개,해초볶음,S복숭아(황도)-60g,S사과(100g),옥수수밥(63),건새우된장국,오징어채소볶음,양배추오이샐러드,단배추물김치,S치즈,S보리차,옥수수밥(63),김치유부맑은국,소고기채소조림,상추오이무침,총각김치
차조밥(55),해물탕,진미채초무침,S멜론(50g),S복숭아(60g),차조밥(55),두부새우젓국,매콤오징어볶음,동초무침,나박김치,S짜장떡볶이,S우유(200ml),차조밥(55),실파장국,오리훈제구이,상추오이무침,비트초절이
쌀밥(40),매콤어묵국,청경채초무침,S포도(100g),S복숭아(천도)-60g,쌀밥(40),팽이버섯미역된장국,찹스테이크,양배추샐러드(딸기드레싱),백김치,S참치밥전,S검은깨두유(200ml),쌀밥(55),다슬기된장국,소고기등심떡찜,김구이,콜라비나박김치
옥수수밥(63),건새우감자국,실곤약간장채소무침,S사과(35g),S복숭아(백도)-80g,옥수수밥(63),양배추맑은국,삼치무조림,애호박건새우볶음,열무김치,S으깬견과류고구마샐러드(요거트),S오미자아이스크림,옥수수밥(63),멸치장국,돈까스,양배추오이샐러드,비트초절이
보리밥(63),유부쑥갓맑은국,양상추요거트샐러드,S복숭아(60g),S사과(35g),보리밥(63),다시마새우젓국,등심탕수육+소스,상추오이무침,열무물김치,S멸치주먹밥,S보리차,보리밥(63),표고버섯탕,새우버터구이,유채나물,배추김치
기장밥(63),동태살무국,매쉬드포테이토,S멜론(50g),S사과(35g),기장밥(63),북어달걀국,으깬두부채소전,건새우애호박볶음,비트초절이,S치즈,S매실쥬스,기장밥(63),멸치장국,떡갈비간장조림,얼갈이무침,오이소박이김치
흑미밥(63),북어달걀국,애호박볶음,S복숭아(60g),S사과(100g),흑미밥(63),두부젓국찌개,닭고기냉채,건취나물간장볶음,배추김치,S새우크림소스볶음,S둥글레차,흑미밥(63),온청포묵국,매콤오징어볶음,상추오이무침,나박김치
수수밥(55),동태살무국,애호박새우젓볶음,S멜론(50g),S사과(35g),수수밥(55),수제비아욱국,소고기양배추볶음,상추오이무침,열무물김치,S치즈,S바나나쉐이크,수수밥(55),부추맑은국,소고기토마토조림,매쉬드포테이토,비트초절이
찹쌀팥밥(55),해물탕,뱅어포구이,S복숭아(천도)-60g,S아몬드,찹쌀팥밥(55),다슬기아욱국,참치어묵조림,상추오이무침,나박김치,S쿠키,S우유(200ml),찹쌀팥밥(55),실파장국,생선까스,새싹채소샐러드,비트초절이
찹쌀팥밥(63),건새우된장국,곤드레나물볶음,S복숭아(60g),S사과(35g),찹쌀팥밥(63),실파장국,삼치무조림,건취나물간장볶음,열무물김치,S치즈,S오미자아이스크림,찹쌀팥밥(63),동태살국,고구마연근맛탕,애호박새우젓볶음,석박지
보리밥(55),우렁이두부된장국,참외나물,S복숭아(60g),S사과(100g),보리밥(55),양지곰국,다시마튀각,(고춧가루제외)노각무침,배추김치,S증편,S고칼슘우유(200ml),보리밥(55),실파장국,소고기찹쌀구이,상추오이무침,파프리카피클
검정콩밥(55),두부찌개,곤드레나물볶음,S사과(35g),S복숭아(천도)-60g,검정콩밥(63),유부쑥갓맑은국,닭고기냉채,마카로니채소샐러드(토마토소스),열무물김치,S슈크림빵,S우유(200ml),검정콩밥(55),동태살무국,참치어묵조림,가지나물무침,배추김치
보리밥(55),동태살국,감자당근채볶음,S멜론(50g),S복숭아(60g),보리밥(63),차돌얼갈이국,오징어간장조림,동초무침,단배추물김치,S크림빵,S보리차,보리밥(55),실파장국,삼치무조림,건새우애호박볶음,배추김치
보리밥(63),부추맑은국,감자치즈전,S배(50g),S복숭아(천도)-60g,보리밥(55),실파장국,(저염)갈치조림,애호박양파볶음,나박김치,S절편(40g),S오미자아이스크림,보리밥(63),새우살시금치국,찹스테이크,상추묵무침,배추김치
기장밥(55),실파장국,도라지나물,S복숭아(60g),S사과(100g),기장밥(55),소고기숙주국,브로콜리두부무침,양배추샐러드(딸기드레싱),깻잎김치,S샌드위치,S우유(200ml),기장밥(55),대합미역국,김치전,실곤약간장채소무침,비트초절이
현미밥(55),유부쑥갓맑은국,매콤숙주미나리무침,S사과(35g),S멜론(50g),현미밥(63),애호박두부젓국찌개,참치어묵조림,진미채초무침,배추김치,S단호박꿀찜,S검은깨두유(200ml),현미밥(63),돼지고기김치찌개,동태포전,동초무침,배추김치
고구마밥(63),쑥갓어묵탕,건파래자반,S사과(100g),S복숭아(80g),고구마밥(63),팽이장국,카레닭가슴살볶음,채소샐러드,열무물김치,S(우유제외)알리오올리오스파게티,S수제딸기우유,고구마밥(63),실파장국,차돌숙주볶음,상추쌈,배추김치
흑미밥(55),동태살국,부추양파겉절이,S멜론(50g),S사과(35g),흑미밥(55),닭고기채소찌개,두부미역무침,부추무침,비트초절이,S쌀과자,S우유(200ml),흑미밥(55),쑥국,새우살채소볶음,브로콜리무침,단배추물김치
팥밥(55),미역북어국,배무생채,S복숭아(황도)-80g,S참외(50g),팥밥(55),건새우된장국,새우까스,양상추요거트샐러드,배추김치,S(우유제외)알리오올리오스파게티,S오미자아이스크림,팥밥(55),감자국,숙주맛살무침,건파래자반,열무물김치
옥수수밥(55),동태살무국,크래미채소볶음,S복숭아(천도)-80g,S사과(35g),옥수수밥(55),매콤애호박국,떡갈비간장조림,채소샐러드,배추김치,S크림떡볶이,S매실쥬스,옥수수밥(55),유부쑥갓맑은국,오리훈제구이,동초무침,오이소박이김치
감자밥(55),실파장국,양배추호두무침,S복숭아(천도)-80g,S사과(35g),감자밥(55),아욱우렁된장국,매콤오징어볶음,단호박찜,나박김치,S송편(40g),S우유(200ml),쌀밥(55),떡국,소고기당면불고기,도토리묵상추무침,나박김치
차조밥(55),차돌얼갈이국,땅콩우엉무침,S복숭아(황도)-60g,S참외(50g),차조밥(55),늙은호박국,으깬두부채소전,매콤숙주미나리무침,단배추물김치,S카카오올리브케익,S우유(200ml),차조밥(55),동태맑은국,매콤낙지채소볶음,도토리묵무침,깻잎김치
수수밥(63),유부쑥갓맑은국,사과미나리무침,S복숭아(천도)-80g,S사과샐러드(마요네즈),수수밥(63),팽이장국,소고기토마토조림,애호박양파볶음,배추김치,S치즈케이크,S우유(200ml),수수밥(63),동태살무국,닭고기냉채,건새우애호박볶음,오이소박이김치
현미밥(63),쑥갓어묵탕,건취나물간장볶음,S복숭아(60g),S참외(50g),현미밥(63),북어김치국,감자그라탕,진미채초무침,나박김치,S단호박샐러드(마요네즈),S보리차,현미밥(55),두부새우젓국,참치어묵조림,상추오이무침,석박지
찹쌀밥(40),감자미역국,다시마북어볶음,S블루베리고구마샐러드,S멜론(50g),찹쌀밥(40),차돌얼갈이국,라조기,더덕사과무침,단배추물김치,S(우유제외)토마토스파게티,S둥글레차,찹쌀밥(40),안매운닭개장,애호박생선살찜,상추오이무침,배추김치
찹쌀보리밥(55),동태살무국,매콤오징어볶음,S사과(35g),S복숭아(천도)-60g,찹쌀보리밥(55),호박감자수제비국,삼겹살구이,상추쌈,배추김치,S절편(40g),S우유(200ml),찹쌀보리밥(55),유부쑥갓맑은국,소고기토마토조림,오이무침,배추김치
보리밥(55),오징어찌개,브로콜리참깨무침,S블루베리(50g),S복숭아(황도)-80g,보리밥(55),대파감자국,소고기양파볶음,쑥갓나물,얼갈이배추김치,S단팥빵,S우유(200ml),보리밥(55),쑥갓어묵탕,코다리엿장조림,청포묵숙주김무침,나박김치
차조밥(55),감자된장국,호박고지나물,S사과(75g),S복숭아(60g),차조밥(55),당근황태국,닭강정,상추오이무침,비트초절이,S(우유제외)알리오올리오스파게티,S우유(200ml),차조밥(55),동태맑은국,훈제오리단호박찜,토마토범벅,석박지
현미밥(63),매콤어묵국,무채무침,S사과(35g),S방울토마토(70g),현미밥(63),팽이미소국,두부톳무침,상추오이무침,배추김치,S쑥떡(40g),S우유(200ml),현미밥(63),얼갈이된장국,고구마연근맛탕,땅콩우엉무침,나박김치
쌀밥(55),매콤애호박국,아욱무침,S복숭아(60g),S사과(35g),쌀밥(55),실파장국,소고기채소조림,상추오이무침,비트초절이,S크로와상,S우유(200ml),쌀밥(55),동태살무국,수제비샐러드,청포묵숙주김무침,오이소박이김치
찹쌀현미밥(55),북어달걀국,고구마줄기볶음,S복숭아(천도)-80g,S블루베리(50g),찹쌀현미밥(63),얼갈이배추국,참치어묵조림,쑥갓나물,나박김치,S크림떡볶이,S우유(200ml),찹쌀현미밥(63),실파장국,등심탕수육+소스,상추겉절이,배추김치
밤밥(55),차돌얼갈이국,해초볶음,S복숭아(60g),S귤(50g),밤밥(55),늙은호박국,삼치양념조림,양배추무침,깻잎김치,S(우유제외)토마토스파게티,S식혜,밤밥(55),닭개장,옥수수치즈전,청포묵숙주김무침,단배추물김치
옥수수밥(55),쑥완자탕,감자당근채볶음,S복숭아(황도)-60g,S사과(75g),옥수수밥(63),얼갈이맑은국,오징어간장조림,상추오이무침,열무물김치,S크림떡볶이,S우유(200ml),옥수수밥(55),안매운닭개장,가지구이,건새우애호박볶음,얼갈이배추김치
밤콩밥(55),멸치장국,감자당근채볶음,S수박(100g),S복숭아(백도)-80g,밤콩밥(55),표고버섯무국,차돌숙주볶음,양송이버섯볶음,배추김치,S쑥설기(40g),S(우유제외)수제블루베리우유,밤콩밥(55),양지곰국,오징어간장볶음,돌나물부추무침,석박지
팥밥(63),동태살무국,진미채채소무침,S블루베리고구마샐러드,S복숭아(천도)-80g,팥밥(55),대구지리,참치어묵조림,곤드레나물볶음,배추김치,S으깬견과류고구마샐러드(요거트),S보리차,팥밥(55),유부쑥갓맑은국,소고기토마토조림,맛살볶음,배추김치
찹쌀현미밥(63),닭고기채소찌개,해초볶음,S복숭아(60g),S블루베리고구마샐러드,찹쌀현미밥(55),동태맑은국,오징어채소볶음,실곤약간장채소무침,깻잎김치,S냉콩국+소면,S둥글레차,찹쌀현미밥(63),온청포묵국,삼치무조림,얼갈이된장나물,배추김치
찹쌀보리밥(63),소고기미역국,건새우애호박볶음,S복숭아(60g),S사과(35g),찹쌀보리밥(63),유부쑥갓맑은국,닭고기냉채,도라지나물,나박김치,S으깬견과류고구마샐러드(요거트),S우유(200ml),찹쌀보리밥(63),버섯개장,매콤오삼불고기,감자당근채볶음,오이소박이김치
찹쌀보리밥(55),소고기떡국,애호박볶음,S복숭아(천도)-60g,S자두(50g),찹쌀보리밥(55),실파장국,조기찜,크래미채소볶음,열무물김치,S크림떡볶이,S우유(200ml),찹쌀보리밥(55),얼갈이배추국,매콤오징어볶음,청포묵숙주김무침,배추김치
율무밥(63),동태살국,상추오이무침,S자두(50g),S복숭아(60g),율무밥(63),두부새우젓국,닭다리살튀김,매콤숙주미나리무침,나박김치,S절편(40g),S오미자아이스크림,율무밥(55),매콤애호박국,고구마연근맛탕,청포묵숙주김무침,석박지
팥밥(63),오이미역냉국,미역줄기당근볶음,S사과(75g),S복숭아(60g),팥밥(63),유부쑥갓맑은국,소고기양배추조림,양상추요거트샐러드,백김치,S단팥빵,S보리차,팥밥(63),건새우맑은국,소고기토마토조림,유채나물,얼갈이배추김치
흑미밥(63),대합미역국,얼갈이무침,S복숭아(60g),S사과(75g),흑미밥(63),유부쑥갓맑은국,새우까스,애호박볶음,열무물김치,S단호박꿀찜,S둥글레차,흑미밥(63),대구지리,메추리알장조림,땅콩우엉무침,배추김치
밤밥(63),(소고기제외)당면양배추국,애호박건새우볶음,S사과(35g),S복숭아(황도)-80g,밤밥(63),차돌얼갈이국,소고기채소조림,무미역생채,석박지,S채소찐빵,S우유(200ml),밤밥(63),얼갈이맑은국,단호박전,청포묵숙주김무침,나박김치
옥수수밥(55),쑥갓어묵탕,동초무침,S복숭아(천도)-60g,S멜론(50g),옥수수밥(55),매콤애호박국,옥수수채소튀김,매콤숙주미나리무침,열무물김치,S크림떡볶이,S둥글레차,옥수수밥(55),실파장국,조랭이떡소불고기,청포묵숙주김무침,깍두기
현미밥(55),차돌얼갈이국,실곤약간장채소무침,S복숭아(60g),S사과(35g),현미밥(63),대파된장찌개,오리훈제구이,얼갈이된장나물,단배추물김치,S치즈케이크,S우유(200ml),현미밥(63),애호박두부젓국,분홍소시지전,얼갈이무침,나박김치
밤찹쌀팥밥(63),(소고기제외)당면양배추국,진미채초무침,S블루베리고구마샐러드,S멜론(50g),밤찹쌀팥밥(63),얼갈이맑은국,삼치무조림,애호박볶음,배추김치,S크림떡볶이,S오미자아이스크림,밤찹쌀팥밥(63),실파장국,미역귀튀각,해초볶음,열무물김치
밤찹쌀팥밥(55),떡만두국(가공만두),감자당근채볶음,S참외(50g),S감말랭이,밤찹쌀팥밥(55),늙은호박국,오징어채소볶음,참치양파볶음,단배추물김치,S채소찐빵,S보리차,밤찹쌀팥밥(55),유부대파국,소고기채소조림,유채나물무침,비트초절이
고구마밥(55),매콤애호박국,브로콜리무침,S멜론(50g),S사과(35g),고구마밥(55),동태살무국,떡갈비간장조림,배추겉절이,열무물김치,S절편,S오미자아이스크림,고구마밥(55),감자된장국,(저염)갈치조림,감자당근채볶음,배추김치
현미밥(55),동태살국,아욱무침,S복숭아(60g),S사과(75g),현미밥(63),해물탕,차돌양배추볶음,땅콩우엉무침,나박김치,S단팥빵,S둥글레차,현미밥(55),건새우시금치국,옥수수채소튀김,도라지나물(간장),석박지
찹쌀현미밥(63),두부새우젓국,동초무침,S사과(35g),S멜론(50g),찹쌀현미밥(63),차돌얼갈이국,닭봉조림,애호박볶음,단배추물김치,S절편,S보리차,찹쌀현미밥(63),늙은호박국,어묵고구마조림,감자당근채볶음,열무김치
수수밥(55),동태살무국,애호박건새우볶음,S복숭아(60g),S사과(35g),수수밥(55),다슬기된장국,삼치무조림,감자당근채볶음,나박김치,S절편,S오미자아이스크림,수수밥(55),해물탕,고구마연근맛탕,배추겉절이,단배추물김치
완두콩밥(55),동태살국,뱅어포구이,S사과(75g),S배(50g),완두콩밥(55),아욱우렁된장국,조랭이떡소불고기,참나물간장무침,배추김치,S단팥빵,S두유(100ml),완두콩밥(55),떡국,훈제오리단호박찜,호박나물,얼갈이배추김치
수수밥(63),완자탕,고구마줄기볶음,S오이당근스틱,S복숭아(60g),수수밥(63),(저염)닭곰탕,참치어묵조림,곤드레나물볶음,배추김치,S치즈,S미숫가루,수수밥(63),건새우된장국,소고기토마토조림,도라지나물,배추김치
잡곡밥(55),유부쑥갓맑은국,맛살볶음,S토마토(200g),S사과(35g),잡곡밥(55),동태살무국,차돌숙주볶음,(고춧가루제외)노각무침,배추김치,S(우유제외)토마토스파게티,S요구르트,잡곡밥(55),두부달걀국,새우깐풍기,사과미나리무침,단배추물김치
고구마밥(63),오징어국,고구마줄기볶음,S복숭아(황도)-80g,S멜론(50g),고구마밥(63),미역오이냉국,두부채소굴소스볶음,매콤숙주미나리무침,나박김치,S마들렌,S오미자아이스크림,고구마밥(63),쑥갓어묵탕,새우살채소깨무침,건새우애호박볶음,석박지
옥수수밥(55),동태살무국,매쉬드포테이토,S복숭아(60g),S멜론(50g),옥수수밥(55),실파장국,라조기,동초무침,깍두기,S(우유제외)알리오올리오스파게티,S둥글레차,옥수수밥(55),해물탕,온두부찜,진미채채소무침,열무물김치
율무밥(55),유부쑥갓맑은국,배추겉절이,S사과(35g),S블루베리(50g),율무밥(55),매콤애호박국,김치전,콩나물김무침,배추김치,S찐고구마,S오미자아이스크림,율무밥(55),건새우시금치국,오징어채소볶음,무미역무침,비트초절이
고구마밥(55),아욱우렁된장국,애호박새우젓볶음,S복숭아(천도)-60g,S배(50g),고구마밥(55),떡국,소고기토마토조림,부추양파생채,석박지,S(우유제외)토마토스파게티,S두유(100ml),고구마밥(55),실파장국,청경채불고기,진미채초무침,깍두기
수수밥(55),버섯샤브샤브,청경채된장무침,S복숭아(황도)-80g,S사과(100g),수수밥(55),올갱이된장국,소고기브로콜리볶음,참나물된장무침,나박김치,S쌀과자,S검은깨두유(100ml),수수밥(55),맑은애호박국,북어볶음,쑥갓무침,오이소박이김치
보리밥(63),아욱토장국,건새우애호박볶음,S과일샐러드(요거트드레싱),S복숭아(60g),보리밥(63),북어김치국,삼치카레구이,진미채초무침,열무물김치,S치즈,S식혜,보리밥(63),소고기탕국,어묵고구마조림,배추겉절이,비트초절이
찹쌀현미밥(55),두부맑은된장국,상추오이무침,S사과(35g),S귤(50g),찹쌀현미밥(55),건새우된장국,닭가슴살버터구이,건취나물간장볶음,석박지,S소보로빵,S우유(200ml),찹쌀현미밥(55),동태살국,매콤오징어볶음,애호박새우젓볶음,석박지
밤밥(55),팽이장국,가지양념무침,S멜론(50g),S복숭아(황도)-80g,밤밥(55),아욱우렁된장국,소고기무볶음,쑥갓나물,단무지무침,S(우유제외)토마토스파게티,S매실쥬스,밤밥(55),차돌박이된장국,옥수수채소튀김,부추사과무침,깍두기
찹쌀팥밥(63),차돌얼갈이국,애호박볶음,S사과(35g),S복숭아(천도)-80g,찹쌀팥밥(55),동태살무국,맛살꼬지전,동초무침,단배추물김치,S짜장떡볶이,S매실쥬스,찹쌀팥밥(55),실파장국,오리훈제구이,매쉬드포테이토,열무물김치
흑미밥(63),두부새우젓국,브로콜리나물,S복숭아(60g),S사과(100g),흑미밥(63),닭고기채소찌개,삼치무조림,얼갈이무침,석박지,S새우크림소스볶음,S매실쥬스,흑미밥(63),팽이장국,어묵감자조림,애호박건새우볶음,나박김치
찹쌀현미밥(63),해물탕,채소샐러드(발사믹드레싱),S사과(35g),S복숭아(황도)-80g,찹쌀현미밥(55),실파장국,매콤주꾸미볶음,매쉬드포테이토,열무물김치,S단팥빵,S떠먹는요구르트(100ml),찹쌀현미밥(63),닭곰탕,옥수수채소튀김,건새우애호박볶음,깍두기
잡곡밥(55),동태살무국,실곤약간장채소무침,S복숭아(천도)-60g,S멜론(50g),잡곡밥(55),버섯개장,볼어묵채소조림,얼갈이무침,배추김치,S(우유제외)옥수수버터구이,S매실쥬스,잡곡밥(55),온청포묵국,소고기당면불고기,양배추샐러드(딸기드레싱),배추김치
찰현미밥(63),북어김치국,고구마줄기볶음,S복숭아(60g),S사과(35g),찰현미밥(63),건새우시금치국,으깬두부채소전,무미역생채,나박김치,S단호박샐러드,S보리차,찰현미밥(63),유부쑥갓맑은국,탕평채무침,부추나물,석박지
검정콩밥(55),설렁탕,건새우애호박볶음,S단감(50g),S귤(80g),검정콩밥(55),설렁탕+소면,삼치레몬구이,숙주당근나물,깻잎김치,S치즈,S우유(200ml),검정콩밥(55),늙은호박국,소면채소무침,무미역무침,열무물김치
찹쌀팥밥(55),유부쑥갓맑은국,맛살볶음,S사과(35g),S복숭아(천도)-60g,찹쌀팥밥(55),동태살무국,소고기짜장볶음,진미채초무침,배추김치,S떡볶이,S우유(200ml),찹쌀팥밥(55),애호박맑은국,닭가슴살버터구이,곤드레나물볶음,배추김치
옥수수밥(63),오징어맑은국,건새우애호박볶음,S복숭아(황도)-80g,S사과(75g),옥수수밥(63),건새우된장국,소고기토마토조림,무미역생채,나박김치,S고로케,S보리차,옥수수밥(63),북어김치국,삼치무조림,양배추볶음,석박지
밤밥(55),두부새우젓국,매쉬드포테이토,S복숭아(60g),S멜론(50g),밤밥(63),동태살국,소고기양배추조림,무미역생채,배추김치,S슈크림빵,S우유(200ml),밤밥(55),건새우시금치국,고구마연근맛탕,양배추볶음,배추김치
옥수수밥(55),닭고기곰탕,잔멸치볶음,S감말랭이,S블루베리(50g),옥수수밥(55),소고기국,훈제오리단호박볶음,건취나물간장볶음,얼갈이배추김치,S단팥빵,S레몬주스,옥수수밥(55),아욱우렁된장국,다시마튀각,진미채초무침,백김치
옥수수밥(63),동태살무국,크래미채소볶음,S복숭아(천도)-80g,S사과(35g),옥수수밥(63),매콤애호박국,소고기양배추조림,맛살볶음,오이소박이김치,S연두부샐러드(오리엔탈드레싱),S둥글레차,옥수수밥(63),유부쑥갓맑은국,소고기토마토볶음,매쉬드포테이토,배추김치
감자밥(55),대합미역국,잔멸치볶음,S방울토마토(70g),S복숭아(천도)-60g,감자밥(55),배추당면국,수제비샐러드,무미역생채,콜라비나박김치,S크로와상,S우유(200ml),감자밥(63),실파장국,어묵고구마조림,참나물된장무침,단배추물김치
팥밥(55),건새우된장국,감자당근채볶음,S복숭아(60g),S사과(100g),팥밥(55),단호박무국,소고기토마토조림,브로콜리무침,나박김치,S단팥빵,S우유(200ml),팥밥(55),동태살국,삼치카레구이,애호박새우젓볶음,비트초절이
율무밥(63),두부탕국,상추오이무침,S사과(100g),S블루베리(50g),율무밥(63),북어김치국,닭가슴살버터구이,무미역생채,단무지무침,S으깬견과류고구마샐러드(요거트),S매실쥬스,율무밥(63),해물탕,감자어묵조림,얼갈이배추겉절이,총각김치
밤밥(55),근대국,감자당근채볶음,S블루베리(50g),S사과(35g),밤밥(63),동태살국,오징어간장조림,양배추샐러드,석박지,S모닝빵+딸기잼,S우유(200ml),밤밥(55),(저염)닭곰탕,(저염·저당)메추리알장조림,건새우애호박볶음,나박김치
보리밥(63),매콤애호박국,배무생채,S복숭아(60g),S복숭아(황도)-80g,보리밥(55),차돌얼갈이국,(고춧가루제외)갈치조림,더덕사과무침,단배추물김치,S짜장떡볶이,S둥글레차,보리밥(63),애호박맑은국,(저염)갈치조림,동초무침,깻잎김치
차조밥(55),유부쑥갓맑은국,김구이+양념장,S복숭아(천도)-80g,S사과(35g),차조밥(63),동태살무국,채소전,건취나물간장볶음,비트초절이,S멸치주먹밥,S둥글레차,차조밥(55),모듬버섯찌개,소고기양배추조림,동초무침,배추김치
찹쌀팥밥(63),동태살국,진미채초무침,S복숭아(60g),S사과(35g),소고기상추비빔밥,유부대파국,김치전,무미역생채,깍두기,S(우유제외)토마토스파게티,S우유(150ml),찹쌀팥밥(63),유부새우젓국,닭가슴살채소말이조림,상추오이무침,배추김치
검정콩밥(55),찹쌀옹심이국,동초무침,S멜론(50g),S복숭아(황도)-60g,검정콩밥(55),동태살무국,매콤오징어볶음,애호박볶음,배추김치,S으깬견과류고구마샐러드(요거트),S우유(200ml),검정콩밥(55),닭곰탕,(저염)갈치조림,상추묵무침,배추김치
찰현미밥(63),소고기미역국,미니새송이볶음,S복숭아(천도)-60g,S호두,찰현미밥(63),우렁이두부된장국,차돌양배추볶음,상추겉절이,석박지,S꿀떡,S식혜,찰현미밥(63),매콤애호박국,닭고기냉채,건취나물간장볶음,오이소박이김치
쌀밥(55),콩가루얼갈이배추국,애호박새우젓볶음,S복숭아(60g),S복숭아(황도)-80g,크림소스스파게티,팽이장국,매쉬드포테이토,양배추샐러드(사우전아일랜드드레싱),깍두기,S단팥빵,S(우유제외)바나나쉐이크,쌀밥(55),얼갈이맑은국,북어볶음,두부톳무침,나박김치
율무밥(55),배추당면국,참치양파볶음,S사과(35g),S참외(50g),율무밥(63),소고기채소조림,연두부찜,동초무침,깍두기,S매실젤리,S검은깨두유(200ml),해물우동볶음,우동국물,군만두,양상추요거트샐러드,깍두기
찹쌀밥(40),건새우시금치국,진미채초무침,S아몬드,S멜론퓨레,찹쌀밥(40),두부콩나물국,매콤주꾸미볶음,부추전,열무물김치,S찐고구마,S오미자아이스크림,찹쌀밥(40),표고버섯된장국,삼겹살구이,모듬채소,배추김치
팥밥(55),차돌얼갈이국,가지나물무침,S복숭아(60g),S복숭아(천도)-60g,팥밥(55),닭고기채소찌개,미트볼구이,소면채소무침,단배추물김치,S새우크림소스볶음,S보리차,오징어덮밥,늙은호박국,옥수수채소튀김,매쉬드포테이토,비트초절이
밤밥(55),감자된장국,파래자반,S사과(35g),S복숭아(황도)-80g,밤밥(55),닭개장,수제비샐러드,깻잎멸치찜,열무물김치,S약식,S오미자아이스크림,꼬마김밥,미니유부우동,고구마연근맛탕,마늘종볶음,단무지
완두콩밥(63),어묵국,참나물된장무침,S사과샐러드(마요네즈),S땅콩,완두콩밥(63),닭살당면국,갈치감자조림,상추배생채,나박김치,S매실젤리,S우유(200ml),완두콩밥(63),시래기된장국,오징어무침,감자전,총각김치
찹쌀밥(55),동태살무국,파래무침,S복숭아(천도)-60g,S사과(100g),새우크림스파게티,우동국물,치킨텐더샐러드(머스타드드레싱),웨지감자,비트초절이,S머핀,S우유(150ml),찹쌀밥(63),안매운닭개장,고등어무조림,건취나물간장볶음,배추김치
기장밥(55),느타리버섯국,피망어묵볶음,S복숭아(천도)-80g,S포도(100g),소고기유부초밥,만두국,우엉간장조림,쑥갓나물무침,나박김치,S새우크림소스볶음,S요구르트,기장밥(55),두부새우젓국,삼치구이,청경채나물,석박지
밤콩밥(55),아욱우렁된장국,고구마줄기볶음,S멜론(50g),S복숭아(황도)-80g,미나리불고기덮밥,실파장국,가지구이,감자당근채볶음,나박김치,S크림떡볶이,S보리차,밤콩밥(55),곤약어묵국,매생이육전,숙주당근나물,석박지
수수밥(63),표고버섯무국,온두부찜,S땅콩,S복숭아(천도)-60g,깍두기볶음밥,대파감자국,소고기잡채,참나물간장무침,비트초절이,S케이크,S검은깨두유(100ml),수수밥(63),두부탕국,흰살생선전,양배추볶음,배추김치
쌀밥(55),달걀파국,맛살당근볶음,S배(50g),S복숭아(황도)-60g,알리오올리오스파게티,실파장국,토마토카프레제,(저염)닭가슴살단호박조림,깍두기,S약과,S요구르트,쌀밥(55),만두국,오징어간장조림,두절건새우마늘종조림,배추김치
팥밥(55),아욱맑은국,감자당근채볶음,S복숭아(60g),S복숭아(천도)-60g,팥밥(55),다진소고기콩나물국,삼치무조림,깻잎순멸치볶음,총각김치,S슈크림빵,S우유(200ml),해산물칼국수,우동국물,매콤오징어볶음,사과샐러드(발사믹드레싱),비트초절이
차조밥(55),유부쑥갓맑은국,온두부찜,S멜론(50g),S사과(35g),소고기하이라이스,호박감자수제비국,가지양념찜,채소샐러드,깍두기,S크림빵,S우유(200ml),차조밥(55),동태살무국,주꾸미숙회,동초무침,배추김치
수수밥(55),쑥갓어묵탕,미역초무침,S멜론(100g),S땅콩,어묵우동,미역장국,(우유제외)감자그라탕,마카로니채소샐러드(토마토소스),석박지,S케이크,S우유(200ml),수수밥(55),소고기팽이버섯국,삼치카레구이,도라지나물(간장),오이소박이김치
검정콩밥(55),건새우시금치국,진미채초무침,S복숭아(60g),S복숭아(천도)-60g,검정콩밥(55),미역냉국,매콤오징어볶음,애호박새우젓볶음,배추김치,S으깬견과류고구마샐러드(요거트),S코코아,소고기굴소스덮밥,팽이장국,흰살생선전,채소샐러드,나박김치
완두콩밥(55),아욱우렁된장국,참치양파볶음,S사과(35g),S멜론(50g),크림리조또,실파장국,오징어링튀김,맛살양상추샐러드,비트초절이,S단호박떡케익,S보리차,완두콩밥(55),어묵국수,오징어채소볶음,매콤숙주미나리무침,배추김치
차조밥(55),맑은애호박국,맛살어묵볶음,S멜론(100g),S바나나(100g),차조밥(55),실파김국,닭살카레조림,브로콜리참깨무침,오이소박이김치,S(우유제외)버터감자구이,S검은깨두유(100ml),소고기무밥+양념장,멸치장국,(우유제외)닭가슴살버터구이,오이유자청무침,얼갈이배추김치
옥수수밥(63),탕국,실곤약간장채소무침,S복숭아(천도)-80g,S방울토마토(35g),불고기주먹밥,건새우감자국,게맛살튀김,양상추요거트샐러드,배추김치,S증편(40g),S오미자아이스크림,옥수수밥(63),배추당면국,애호박소고기찜,양배추볶음,배추김치
찰현미밥(55),동태살국,동초무침,S복숭아(천도)-60g,S멜론(50g),찰현미밥(63),해물탕,김치전,사과미나리무침,깍두기,S쿠키,S우유(150ml),찰현미밥(55),(저염)닭곰탕,매콤주꾸미볶음,콩나물무침,깍두기
보리밥(63),새우살시금치국,건파래자반,S복숭아(60g),S사과(35g),해물우동볶음,우동국물,군만두,매쉬드포테이토,비트초절이,S크림빵,S우유(100ml),보리밥(63),차돌얼갈이국,동태포전,무몰무침,열무물김치
옥수수밥(63),다슬기된장국(올갱이국),애호박건새우볶음,S복숭아(황도)-80g,S호두,오징어채소덮밥,실파장국,닭다리살튀김,진미채초무침,오이소박이김치,S매실젤리,S우유(100ml),옥수수밥(63),매콤애호박국,소고기토마토조림,깻잎찜,총각김치
밤찹쌀팥밥(55),콩비지맑은국,맛살볶음,S복숭아(60g),S복숭아(천도)-60g,오징어덮밥,유부쑥갓맑은국,감자치즈전,가지무침,배추김치,S(우유제외)알리오올리오스파게티,S둥글레차,밤찹쌀팥밥(55),동태살무국,떡갈비간장조림,콩나물냉채,열무물김치
찹쌀현미밥(55),김치두부국,건새우애호박볶음,S사과(35g),S멜론(50g),찹쌀현미밥(63),애호박맑은국,매콤오삼불고기,쌈채소,배추김치,S연두부샐러드(오리엔탈드레싱),S우유(200ml),소고기가지덮밥,실파장국,맛살양상추샐러드,매쉬드포테이토,비트초절이
잡곡밥(55),아욱우렁된장국,참치어묵조림,S복숭아(60g),S복숭아(천도)-60g,간장비빔국수,우동국물,떡갈비간장조림,마카로니채소샐러드(토마토소스),열무물김치,S(우유제외)알리오올리오스파게티,S둥글레차,잡곡밥(55),소고기두부탕국,조기구이,고사리나물,단배추물김치
팥밥(55),동태살무국,김무침,S사과(35g),S복숭아(황도)-60g,팥밥(55),두부새우젓국,닭고기냉채,새우살파래전,배추김치,S크림떡볶이,S고칼슘오렌지주스,오징어덮밥,애호박맑은국,땅콩우엉무침,맛살양상추샐러드,배추김치
현미밥(55),오징어맑은국,청경채무침,S자두(50g),S땅콩,단호박카레라이스,미역미소장국,고로케,토마토치즈샐러드,깍두기,S크랜베리찹쌀케이크,S코코아,현미밥(55),부추된장국,동태무조림,참나물간장무침,석박지
찹쌀보리밥(55),애호박맑은국,참치어묵조림,S복숭아(60g),S복숭아(천도)-60g,새우크림스파게티,유부쑥갓맑은국,토마토카프레제,미니돈까스,비트초절이,S쌀과자,S수정과,찹쌀보리밥(55),동태살무국,두부볼케첩조림,사과미나리무침,배추김치
찹쌀밥(63),맑은배추국,온두부찜,S사과(50g),S복숭아(황도)-60g,소고기하이라이스,근대국,오징어치즈전,파프리카유자청무침,깍두기,S슈크림빵,S우유(200ml),찹쌀밥(63),닭개장,애호박생선살찜,파래무침,오이소박이김치
고구마밥(63),동태살국,애호박건새우볶음,S파인애플(50g),S사과(100g),고구마밥(63),해물탕,부추전,매콤숙주미나리무침,배추김치,S찐만두,S수제블루베리바나나우유,고구마밥(63),콩가루얼갈이배추국,매콤낙지채소볶음,연두부+양념장,깍두기
쌀밥(40),애호박맑은국,다시마북어볶음,S블루베리고구마샐러드,S사과(75g),오징어채소덮밥,우동국물,닭고기냉채,맛살양상추샐러드,비트초절이,S크림떡볶이,S떠먹는요구르트(100ml),쌀밥(55),두부새우젓국,삼치무간장조림,양배추찜+쌈장,배추김치
잡곡밥(55),무국,두부볼케첩조림,S포도(100g),S멜론(100g),새우크림스파게티,유부양파국,채소옥수수튀김,양배추콘샐러드,비트초절이,S(우유제외)버터감자구이,S레몬주스,잡곡밥(55),매콤콩나물국,삼치데리야끼구이,우엉조림,나박김치
밤콩밥(55),쑥갓어묵탕,가지무침,S복숭아(60g),S복숭아(천도)-60g,밤콩밥(55),동태살무국,소고기양배추조림,파프리카유자청무침,오이소박이김치,S찐고구마,S오미자아이스크림,밤콩밥(55),애호박맑은국,삼치무조림,채소샐러드,배추김치
흑미밥(55),(저염)닭곰탕,진미채초무침,S멜론(50g),S사과(35g),오징어덮밥,우동국물,감자그라탕,토마토카프레제,비트초절이,S쌀과자,S둥글레차,흑미밥(55),해물탕,시금치두부전,무미역생채,석박지
찰현미밥(55),동태살국,애호박건새우볶음,S당근스틱,S복숭아(60g),찰현미밥(55),콩가루얼갈이배추국,닭봉조림,땅콩우엉무침,열무물김치,S크림떡볶이,S보리차,오징어덮밥,우동국물,옥수수채소튀김,과일샐러드(요거트드레싱),비트초절이
옥수수밥(55),애호박맑은국,건파래자반,S멜론(50g),S사과(35g),옥수수밥(55),모듬버섯찌개,소고기채소조림,채소샐러드,오이소박이김치,S쿠키,S매실쥬스,옥수수밥(55),유부쑥갓맑은국,맛살꼬지전,동초무침,배추김치
차조밥(55),안매운김치국,애호박건새우볶음,S복숭아(천도)-60g,S오이당근스틱,크림리조또,우동국물,감자치즈전,마카로니채소샐러드(토마토소스),비트초절이,S단호박설기,S둥글레차,차조밥(55),유부새우젓국,순살찜닭,청포묵김무침,나박김치
팥밥(55),올갱이국,감자당근채볶음,S사과(35g),S복숭아(황도)-60g,팥밥(63),갈비탕+당면,김치전,미역줄기당근볶음,깍두기,S버터감자구이,S코코아,브로콜리채소볶음밥,실파장국,닭가슴살버터구이,양상추요거트샐러드,깍두기
완두콩밥(55),동태살무국,가지구이,S복숭아(60g),S복숭아(천도)-60g,완두콩밥(55),가자미미역국,시금치두부전,얼갈이된장나물,깍두기,S(우유제외)알리오올리오스파게티,S둥글레차,오징어덮밥,온청포묵국,상추배생채,으깬견과류고구마샐러드(요거트),배추김치
검정콩밥(63),팽이장국,참치양파볶음,S복숭아(황도)-80g,S멜론(50g),새우크림스파게티,실파장국,옥수수채소튀김,양상추사과샐러드,오이피클,S치즈머핀,S보리차,검정콩밥(63),쑥갓어묵탕,(저염)갈치조림,파래무침,깍두기
기장밥(55),유부배추국,애호박새우젓볶음,S복숭아(60g),S복숭아(천도)-60g,소고기채소볶음밥,오징어찌개,양배추맛살나물,매쉬드포테이토,비트초절이,S짜장떡볶이,S둥글레차,기장밥(55),양지곰국,우엉채곤약조림,아욱무침,깍두기
찹쌀보리밥(55),동태살무국,곤드레나물볶음,S멜론(50g),S사과(35g),소고기하이라이스,숙주당면국,닭고기냉채,동초무침,나박김치,S(우유제외)토마토스파게티,S보리차,찹쌀보리밥(55),안매운닭개장,온두부찜,깻잎순멸치볶음,배추김치
옥수수밥(63),안매운김치국,건새우애호박볶음,S사과샐러드(마요네즈),S참외(50g),옥수수밥(63),차돌얼갈이국,브로콜리오징어무침,부추양파생채,배추김치,S치즈머핀,S떠먹는요구르트(100ml),브로콜리채소볶음밥,실파장국,숙주맛살무침,매쉬드포테이토,배추김치
보리밥(55),다슬기된장국(올갱이국),두부조림,S복숭아(황도)-80g,S멜론(50g),새우크림스파게티,우동국물,감자튀김,파프리카콘샐러드,오이피클,S우유(200ml),S증편(40g),보리밥(55),매콤애호박국,오리훈제구이,가지양념찜,나박김치
완두콩밥(55),동태살무국,동초무침,S복숭아(천도)-80g,S복숭아(80g),오징어채소덮밥,유부쑥갓맑은국,탕평채무침,채소샐러드,비트초절이,S도너츠,S둥글레차,완두콩밥(63),모듬버섯찌개,삼치무조림,고구마줄기볶음,배추김치
기장밥(55),조랭이떡미역국,단배추멸치조림,S복숭아(60g),S복숭아(천도)-60g,온메밀국수,실파장국,매콤오징어볶음,단호박구이,단무지,S모닝빵,S매실쥬스,기장밥(55),탕국,돼지고기편육,오이유자청무침,배추김치
찹쌀밥(40),미역국,얼갈이나물,S사과(100g),S토마토(200g),시금치데리야끼볶음밥,실파장국,오징어찜,옥수수버터구이,비트초절이,S백설기,S우유(200ml),찹쌀밥(55),차돌얼갈이국,해물부추전,청포묵무침,단배추물김치
밥새우주먹밥,애호박맑은국,단호박견과류찜,S복숭아(천도)-60g,S복숭아(60g),밤찹쌀팥밥(63),동태살무국,애호박소고기찜,채소샐러드,배추김치,S(우유제외)알리오올리오스파게티,S둥글레차,밤찹쌀팥밥(63),닭살숙주국,삼치무조림,과일샐러드(요거트드레싱),나박김치
팥밥(55),찹쌀옹심이국,가지양념무침,S복숭아(60g),S복숭아(천도)-60g,팥밥(55),유부쑥갓맑은국,닭가슴살버터구이,양배추샐러드(사우전아일랜드드레싱),비트초절이,S치즈케이크,S둥글레차,팥밥(55),애호박맑은국,오징어청경채볶음,아욱무침,나박김치
잡곡밥(63),대구살맑은국,건파래자반,S사과(35g),S멜론(50g),잡곡밥(63),해물탕,수제비샐러드,얼갈이된장나물,배추김치,S치즈스틱,S수제블루베리우유,알리오올리오스파게티,우동국물,감자그라탕,양상추요거트샐러드,오이피클
현미밥(63),유부배추국,참치애호박볶음,S토마토(200g),S사과(75g),현미밥(63),다진소고기콩나물국,북어볶음,청포묵무침,석박지,S치즈스틱,S매실쥬스,버섯덮밥,애호박새우젓국,주꾸미숙회,오이유자청무침,나박김치
현미밥(55),재첩국,콩나물무침,S멜론퓨레,S아몬드,현미밥(63),숙주당면국,삼치무조림,땅콩우엉무침,배추김치,S(우유제외)버터감자구이,S우유(150ml),김치볶음밥,미니어묵우동,닭봉구이,단호박샐러드,단무지
현미밥(63),애호박맑은국,소고기채소조림,S복숭아(천도)-60g,S복숭아(60g),소고기채소볶음밥,대파감자국,두부톳무침,봄동된장나물,깍두기,S단팥빵,S검은깨두유(100ml),현미밥(55),동태살무국,닭살청경채볶음,채소샐러드,오이소박이김치
밤콩밥(55),쑥갓어묵탕,참나물간장무침,S사과(100g),S멜론(100g),밤콩밥(55),모듬버섯찌개,소고기채소볶음,아욱무침,비트초절이,S가래떡구이,S우유(200ml),밤콩밥(55),유부쑥갓맑은국,오리훈제구이,파프리카유자청무침,배추김치
쌀밥(40),동태살무국,콩나물무침,S사과(50g),S블루베리(50g),쌀밥(40),해물탕,동그랑땡전,애호박볶음,단배추물김치,S(우유제외)알리오올리오스파게티,S오미자아이스크림,오징어덮밥,건새우시금치국,고구마연근맛탕,과일샐러드(요거트드레싱),배추김치
찹쌀밥(55),쑥갓어묵탕,가지나물무침,S복숭아(천도)-60g,S복숭아(60g),찹쌀밥(55),동태맑은국,오징어볶음,가지나물무침,총각김치,S쌀과자,S쌀음료,새우크림스파게티,우동국물,웨지감자,단호박샐러드,비트초절이
흑미밥(55),우거지맑은국,참치어묵조림,S사과(35g),S복숭아(천도)-80g,흑미밥(55),애호박맑은국,라조기,과일샐러드(요거트드레싱),오이소박이김치,S케이크,S둥글레차,참나물유부초밥,온청포묵국,소고기단호박조림,동초무침,비트초절이
잡곡밥(55),건새우된장국,황태채조림,S멜론(50g),S사과(100g),잡곡밥(55),차돌얼갈이국,주꾸미숙회,해초볶음,단배추물김치,S치즈케이크,S포도주스,알리오올리오스파게티,미역장국,미니돈까스,단호박고구마샐러드,비트초절이
차조밥(55),동태살무국,건취나물간장볶음,S복숭아(천도)-60g,S복숭아(천도)-80g,차조밥(55),유부쑥갓맑은국,닭고기냉채,맛살양상추샐러드,비트초절이,S새우크림소스볶음,S코코아,차조밥(55),애호박맑은국,삼겹케첩조림,곤드레나물볶음,배추김치
보리밥(55),감자국,가지양념무침,S사과(100g),S복숭아(황도)-60g,보리밥(63),쑥갓어묵탕,오리훈제구이,사과미나리무침,단배추물김치,S쌀과자,S(우유제외)수제블루베리바나나우유,파인애플새우볶음밥,온청포묵국,애호박소고기찜,미역무침,배추김치
보리밥(55),오징어무국,두부톳무침,S오렌지(50g),S멜론(100g),보리밥(63),차돌얼갈이국,고등어구이,참나물된장무침,석박지,S단호박꿀찜,S우유(100ml),보리밥(63),가지냉국,매콤낙지채소볶음,연두부+양념장,배추김치
잡곡밥(63),실파김국,북어볶음,S포도(100g),S멜론(100g),새우크림스파게티,멸치장국,웨지감자,치커리유자청무침,비트초절이,S고로케,S레몬주스,잡곡밥(63),맑은애호박국,명태조림,당근숙주나물,배추김치
보리밥(55),유부쑥갓맑은국,건새우애호박볶음,S멜론(50g),S사과(35g),보리밥(55),소고기떡국,닭고기냉채,사과미나리무침,깍두기,S(우유제외)토마토스파게티,S둥글레차,보리밥(55),동태살무국,차돌양배추볶음,맛살양상추샐러드,나박김치
밤밥(63),배추맑은국,실곤약간장채소무침,S복숭아(60g),S복숭아(황도)-80g,밤밥(63),동태맑은국,동그랑땡전,동초무침,열무김치,S떡볶이,S보리차,밤밥(55),닭고기채소찌개,참치어묵조림,애호박건새우볶음,열무김치
찹쌀팥밥(55),단호박무국,다시마북어볶음,S사과(50g),S사과(35g),찹쌀팥밥(63),우렁이된장국,오징어불고기,사과상추무침,배추김치,S(우유제외)토마토스파게티,S매실쥬스,알리오올리오스파게티,실파장국,매쉬드포테이토,새우튀김,오이피클
쌀밥(40),떡국,진미채초무침,S복숭아(황도)-80g,S복숭아(60g),오징어채소덮밥,차돌얼갈이국,감자치즈전,가지양념무침,비트초절이,S단호박꿀찜,S코코아,쌀밥(40),동태살국,삼겹살구이,모듬채소,배추김치
차조밥(63),콩가루얼갈이배추국,애호박볶음,S멜론(50g),S사과(35g),차조밥(63),해물탕,시금치두부전,얼갈이나물,석박지,S으깬견과류고구마샐러드(요거트),S우유(200ml),차조밥(63),매콤애호박국,소고기토마토조림,상추유자청무침,나박김치
잡곡밥(63),김국,소고기우엉조림,S복숭아(천도)-60g,S사과(100g),오징어덮밥,유부실파국,김치전,사과미나리무침,오이소박이김치,S토마토스크램블에그,S매실쥬스,잡곡밥(63),유부쑥갓맑은국,닭고기냉채,참나물간장무침,배추김치
차조밥(55),소고기팽이버섯국,우엉채곤약조림,S푸실리샐러드,S멜론퓨레,유부우동,멸치장국,새우채소전,단호박조림,단무지,S노란시루떡,S수제바나나우유,차조밥(63),감자된장국,차돌양배추볶음,매콤숙주미나리무침,배추김치
잡곡밥(55),얼갈이배추국,애호박볶음,S멜론(50g),S복숭아(천도)-80g,잡곡밥(63),동태살무국,떡갈비간장조림,파래무침,배추김치,S절편,S둥글레차,새우크림스파게티,우동국물,오리훈제구이,해초볶음,비트초절이
찹쌀밥(40),오징어무국,참나물간장무침,S복숭아(황도)-60g,S복숭아(60g),찹쌀밥(40),차돌얼갈이국,씻은김치전,매콤숙주미나리무침,단배추물김치,S으깬견과류고구마샐러드(요거트),S(우유제외)고구마쉐이크,찹쌀밥(40),늙은호박국,라조기,당근새우짜장볶음,깍두기
현미밥(55),동태살국,참치어묵조림,S사과(35g),S땅콩,소고기가지덮밥,우동국물,파프리카유자청무침,감자당근채볶음,열무물김치,S치즈,S검은깨두유(200ml),현미밥(63),닭고기채소찌개,떡갈비간장조림,해초볶음,석박지
찹쌀팥밥(63),북어달걀국,진미채초무침,S복숭아(천도)-80g,S복숭아(80g),찹쌀팥밥(63),닭고기무국,미니돈까스,과일샐러드(요거트드레싱),비트초절이,S고로케,S우유(150ml),찹쌀팥밥(63),유부쑥갓맑은국,새우살크림소스볶음,무미역생채,배추김치
수수밥(63),토란국,깻잎멸치찜,S복숭아(천도)-60g,S사과(100g),수수밥(63),매콤애호박국,참치어묵조림,감자샐러드,오이소박이김치,S찐감자,S우유(200ml),찹쌀닭백숙,묵국,두부톳무침,브로콜리숙회,깍두기
고구마밥(55),팽이장국,볼어묵채소조림,S복숭아(60g),S사과(35g),오징어채소덮밥,매콤콩나물국,탕평채무침,청경채사과무침,나박김치,S(우유제외)알리오올리오스파게티,S매실쥬스,고구마밥(55),닭고기채소찌개,가자미무조림,양배추건새우볶음,단배추물김치
찹쌀팥밥(55),동태살국,감자당근채볶음,S멜론(50g),S복숭아(황도)-80g,소고기오므라이스,매콤애호박국,토마토카프레제,채소샐러드,석박지,S치즈,S보리차,찹쌀팥밥(55),해물탕,떡갈비간장조림,도라지나물(간장),깍두기
흑미밥(63),북어달걀국,애호박건새우볶음,S복숭아(천도)-60g,S사과(35g),흑미밥(63),닭고기채소찌개,어묵감자조림,얼갈이무침,나박김치,S단팥빵,S매실쥬스,알리오올리오스파게티,실파장국,새우살채소깨무침,옥수수토마토소스볶음,비트초절이
현미밥(55),늙은호박국,참치양파볶음,S복숭아(황도)-60g,S복숭아(60g),해물우동볶음,팽이장국,매쉬드포테이토,옥수수채소튀김,비트초절이,S치즈머핀,S검은콩두유(100ml),현미밥(55),차돌얼갈이국,골뱅이무침,감자치즈전,단배추물김치
잡곡밥(55),애호박두부젓국,상추오이무침,S복숭아(황도)-80g,S멜론(50g),잡곡밥(55),온청포묵국,오징어채소볶음,가지양념무침,열무물김치,S새우크림소스볶음,S보리차,잡곡밥(55),쑥갓어묵탕,소면채소무침,배추게맛살샐러드,비트초절이
수수밥(55),대구지리,애호박건새우볶음,S사과(35g),S참외(50g),오징어채소덮밥,닭살당면국,토마토카프레제,가지구이,총각김치,S온도토리묵밥,S매실쥬스,수수밥(63),닭고기채소찌개,어묵감자조림,무미역생채,단배추물김치
찹쌀현미밥(63),콩가루얼갈이배추국,연두부찜,S복숭아(천도)-60g,S복숭아(60g),찹쌀현미밥(63),매콤콩나물국,소고기잡채,건파래자반,배추김치,S(우유제외)버터감자구이,S보리차,소고기굴소스덮밥,무국,사과미나리무침,매쉬드포테이토,비트초절이
잡곡밥(55),동태살무국,애호박볶음,S사과(100g),S토마토(100g),닭칼국수,Empty,깻잎참치전,연두부+양념장,배추김치,S으깬견과류고구마샐러드(요거트),S둥글레차,잡곡밥(55),우렁이두부된장국,소고기양배추조림,고구마줄기볶음,배추김치
감자밥(55),북어달걀국,김구이+달래양념장,S멜론(100g),S바나나(100g),김치치즈볶음밥,쑥갓어묵국,감자그라탕,양상추요거트샐러드,나박김치,S약과,S보리차,감자밥(63),버섯개장,닭살고구마조림,해초볶음,석박지
감자밥(63),두부새우젓국,매콤숙주미나리무침,S블루베리고구마샐러드,S멜론(100g),해물우동볶음,콩가루얼갈이배추국,오리훈제구이,채소샐러드,깍두기,S크림떡볶이,S둥글레차,감자밥(63),매콤애호박국,(저염)갈치조림,진미채초무침,비트초절이
찹쌀팥밥(55),얼갈이맑은국,새우살채소깨무침,S복숭아(60g),S복숭아(천도)-60g,새우크림스파게티,얼갈이맑은국,감자튀김,양배추샐러드(사우전아일랜드드레싱),비트초절이,S약과,S보리차,찹쌀팥밥(55),감자된장국,매콤오징어볶음,사과미나리무침,나박김치
완두콩밥(55),두부새우젓국,건파래자반,S사과(35g),S블루베리(50g),해물우동볶음,우동국물,옥수수채소튀김,진미채초무침,비트초절이,S약과,S우유(200ml),완두콩밥(55),닭고기채소찌개,(저염)갈치조림,동초무침,깍두기
찰현미밥(55),동태맑은국,애호박조림,S과일샐러드(요거트드레싱),S토마토(200g),김치치즈볶음밥,우동면국,토마토카프레제,양배추오이샐러드,열무물김치,S카카오올리브케익,S보리차,찰현미밥(55),매콤애호박국,임연수카레구이,배무생채,열무물김치
찰현미밥(63),양파오징어국,어묵감자조림,S복숭아(80g),S복숭아(천도)-80g,일본식소고기덮밥(규동),실파장국,진미채초무침,과일샐러드(요거트드레싱),비트초절이,S매실젤리,S우유(200ml),찰현미밥(63),아욱우렁된장국,동태무조림,브로콜리숙채,배추김치
찹쌀보리밥(55),우렁이두부된장국,호박나물,S견과류,S호두,시금치소고기덮밥,유부쑥갓맑은국,가지구이,매콤숙주미나리무침,비트초절이,S절편,S식혜,찹쌀보리밥(55),닭다리백숙,매콤오징어볶음,상추오이무침,배추김치
찹쌀팥밥(55),들깨감자국,건파래자반,S사과(35g),S복숭아(천도)-80g,찹쌀닭백숙,Empty,오징어초무침,땅콩우엉조림,깍두기,S참치밥전,S수제블루베리우유,찹쌀팥밥(55),다진소고기콩나물국,궁중떡볶음,청경채초무침,석박지
옥수수밥(55),동태맑은국,가지양념무침,S복숭아(60g),S복숭아(천도)-60g,해물우동볶음,늙은호박국,으깬두부채소전,매쉬드포테이토,깍두기,S약과,S떠먹는요구르트(100ml),옥수수밥(55),동태맑은국,매콤오징어볶음,콩나물무침,열무물김치
보리밥(55),애호박새우젓국찌개,김달걀말이,S사과(100g),S(우유제외)과일화채,백김치볶음밥,부추맑은국,뱅어포튀김,치커리배무침,나박김치,S단팥빵,S우유(200ml),보리밥(55),소고기두부탕국,삼치무조림,상추묵무침,배추김치
팥밥(55),유부쑥갓맑은국,연두부찜,S사과(35g),S복숭아(천도)-60g,새우크림스파게티,팽이장국,Empty,파인콘샐러드,비트초절이,S쿠키,S검은깨두유(150ml),팥밥(63),동태살무국,오징어채소볶음,파래무침,열무물김치
밤밥(55),맑은미역국,애호박건새우볶음,S복숭아(60g),S복숭아(황도)-60g,소고기가지덮밥,실파장국,미트볼감자조림,양상추요거트샐러드,총각김치,S절편,S보리차,밤밥(55),차돌얼갈이국,매콤오삼불고기,모듬채소,단배추물김치
찹쌀밥(40),부추미소장국,양배추맛살나물,S아몬드,S사과(35g),찹쌀밥(40),소고기두부탕국,고등어무조림,양배추찜+쌈장,배추김치,S절편(40g),S(우유제외)고구마쉐이크,카레라이스,곤약어묵국,으깬두부채소전,우엉조림,깍두기
밤찹쌀팥밥(55),애호박맑은국,깻잎순멸치볶음,S복숭아(천도)-60g,S복숭아(60g),밤찹쌀팥밥(55),안매운닭개장,떡갈비간장조림,감자당근채볶음,열무물김치,S슈크림빵,S둥글레차,오징어채소덮밥,유부쑥갓맑은국,소고기잡채,양상추요거트샐러드,비트초절이
찹쌀현미밥(63),달걀파국,깻잎멸치찜,S사과(75g),S멜론(75g),찹쌀현미밥(55),동태살무국,오리훈제구이,양상추샐러드(발사믹드레싱),오이소박이김치,S샌드위치,S고칼슘오렌지주스,오징어덮밥,팽이장국,시금치두부전,수제비샐러드,배추김치
찹쌀밥(55),쑥국,진미채초무침,S사과(35g),S바나나(100g),크림소스스파게티,실파장국,토마토치즈범벅,고구마연근맛탕,비트초절이,S샌드위치,S우유(200ml),찹쌀밥(63),모듬버섯찌개,간장찜닭,매콤숙주미나리무침,배추김치
쌀밥(40),수제비아욱국,애호박건새우볶음,S멜론(50g),S사과(50g),쌀밥(40),차돌얼갈이국,오징어초무침,매쉬드포테이토,나박김치,S(우유제외)토마토스파게티,S보리차,쌀밥(40),동태살무국,조랭이떡소불고기,채소샐러드,배추김치
쌀밥(55),올갱이국,감자당근채볶음,S아몬드,S(우유제외)과일화채,백김치볶음밥,만두국,토마토치즈샐러드,Empty,깍두기,S연두부,S(우유제외)수제블루베리우유,쌀밥(55),곰국,북어볶음,상추묵무침,깍두기
찹쌀팥밥(55),유부맑은국,떡갈비간장조림,S단감(50g),S사과(35g),찹쌀팥밥(55),닭다리백숙,해물부추전,오이무침,깍두기,S단호박꿀찜,S우유(200ml),찹쌀팥밥(63),아욱우렁된장국,삼치무조림,애호박볶음,얼갈이배추김치
찹쌀밥(40),떡국,동초무침,S복숭아(천도)-60g,S땅콩,오징어채소덮밥,실파장국,라조기,채소샐러드,석박지,S케이크,S우유(200ml),찹쌀밥(40),닭살당면국,애호박생선살찜,땅콩우엉무침,나박김치
차조밥(55),동태살국,파래무침,S멜론(50g),S복숭아(황도)-80g,오징어덮밥,실파장국,고구마연근맛탕,파프리카유자청무침,열무물김치,S치즈,S오미자아이스크림,차조밥(55),해물탕,명엽채고추장조림,도토리묵무침,배추김치
잡곡밥(63),만두국,건파래자반,S복숭아(60g),S복숭아(천도)-60g,미트볼스파게티,유부쑥갓맑은국,으깬견과류고구마샐러드(요거트),토마토치즈범벅,깍두기,S채소찐빵,S둥글레차,잡곡밥(63),모듬버섯찌개,훈제오리단호박찜,얼갈이된장나물,나박김치
찹쌀팥밥(63),건새우시금치국,파래무침,S멜론(50g),S사과(35g),오징어채소덮밥,매콤애호박국,다시마튀각,가지양념무침,비트초절이,S매실젤리,S오미자아이스크림,찹쌀팥밥(63),동태살국,소고기토마토조림,진미채초무침,깍두기
보리밥(55),북어김치국,애호박볶음,S복숭아(천도)-60g,S오렌지(50g),오징어덮밥,온청포묵국,닭가슴살버터구이,열무된장무침,비트초절이,S떡볶이,S식혜,보리밥(55),닭고기채소찌개,김치전,새우살들깨무침,깍두기
찹쌀보리밥(63),버섯개장,동초무침,S사과(50g),S복숭아(황도)-80g,크림리조또,실파장국,닭살카레찜,매쉬드포테이토,깍두기,S절편(40g),S우유(100ml),찹쌀보리밥(63),매콤애호박국,소고기무볶음,탕평채무침,나박김치
옥수수밥(55),양파당면국,달걀말이,S복숭아(천도)-60g,S오이스틱,참나물유부초밥,조랭이떡국,배추장떡,과일샐러드(요거트드레싱),비트초절이,S찐고구마(80g),S떠먹는요구르트(100ml),옥수수밥(55),대합미역국,대구구이,오이파프리카무침,배추김치
완두콩밥(63),곤약어묵국,가지양념무침,S참외(100g),S사과(35g),해물우동볶음,팽이장국,감자그라탕,군만두,깍두기,S절편(40g),S우유(100ml),완두콩밥(63),매콤애호박국,삼겹살구이,모듬채소,배추김치
잡곡밥(55),만두국,김구이,S사과(100g),S멜론(100g),오징어덮밥,맑은가쓰오부시장국,숙주당근나물,뱅어포조림,비트초절이,S슈크림빵,S수제블루베리우유,잡곡밥(55),아욱우렁된장국,애호박생선살찜,소고기토마토조림,단배추물김치
찰현미밥(63),유부쑥갓맑은국,가지양념찜,S복숭아(60g),S복숭아(천도)-60g,새우크림스파게티,부추미소장국,고구마연근맛탕,사과미나리무침,깍두기,S크림빵,S둥글레차,찰현미밥(63),감자된장국,주꾸미숙회,청경채느타리무침,열무물김치
검정콩밥(63),맑은미역국,진미채초무침,S아몬드,S복숭아(60g),오징어채소덮밥,멸치장국,소고기토마토조림,건파래자반,비트초절이,S슈크림빵,S수정과,검정콩밥(63),다슬기된장국,청경채불고기,고구마순나물,배추김치
차조밥(55),애호박맑은국,김치전,S땅콩,S복숭아(60g),크림소스스파게티,우동국물,오이참치마요무침,매쉬드포테이토,깍두기,S단호박설기,S우유(200ml),차조밥(55),닭살당면국,삼치카레구이,무미역무침,단배추물김치
쌀밥(40),맑은배추국,온두부찜,S복숭아(황도)-80g,S사과(100g),양배추밥+양념장,소고기두부탕국,단호박오징어찜,치커리무침,비트초절이,S절편(40g),S우유(200ml),쌀밥(63),표고버섯된장국,삼겹살구이,모듬채소,배추김치
찹쌀밥(40),유부쑥갓맑은국,건파래자반,S복숭아(천도)-60g,S멜론(50g),소고기가지덮밥,어묵국수,채소샐러드,Empty,깍두기,S단호박설기,S보리차,찹쌀밥(55),다슬기된장국,닭고기냉채,가자미무조림,나박김치
옥수수밥(63),모듬어묵탕,애호박양파볶음,S복숭아(황도)-60g,S멜론(100g),옥수수밥(63),소고기콩나물국,유부맛살숙주무침,브로콜리초무침,석박지,S새우크림소스볶음,S검은콩두유(100ml),옥수수밥(63),닭살양파국,낙지볶음,실파김무침,깍두기
밤콩밥(55),탕국,김구이+양념장,S복숭아(60g),S복숭아(천도)-60g,소고기부추볶음밥,팽이장국,시금치두부전,상추배생채,비트초절이,S증편,S우유(200ml),밤콩밥(55),온청포묵국,매콤낙지채소볶음,얼갈이된장나물,깍두기
검정콩밥(55),쑥갓어묵탕,건새우애호박볶음,S사과(35g),S멜론(50g),오징어덮밥,팽이장국,토마토카프레제,매쉬드포테이토,파김치,S찐감자,S우유(200ml),검정콩밥(63),동태살무국,닭고기냉채,건취나물간장볶음,오이소박이김치
찹쌀보리밥(63),김치두부국,애호박볶음,S복숭아(천도)-80g,S복숭아(80g),소고기하이라이스,실파장국,참치어묵조림,동초무침,배추김치,S치즈스틱,S둥글레차,찹쌀보리밥(63),매콤애호박국,오리훈제구이,오이파프리카무침,석박지
보리밥(55),건새우시금치국,진미채초무침,S사과(35g),S멜론(50g),보리밥(63),해물탕,차돌숙주볶음,건파래자반,열무물김치,S단호박꿀찜,S미숫가루,오징어덮밥,우동국물,흰살생선전,과일샐러드(요거트드레싱),나박김치
쌀밥(40),떡국,진미채초무침,S사과(100g),S멜론(50g),쌀밥(55),들깨감자국,달걀치즈말이,가지나물무침,열무물김치,S단팥빵,S우유(200ml),쌀밥(55),아욱우렁된장국,삼치구이+양념장,도토리묵무침,나박김치
보리밥(55),동태살국,동초무침,S멜론(100g),S사과(35g),카레라이스,매콤애호박국,양상추요거트샐러드,매쉬드포테이토,비트초절이,S슈크림빵,S보리차,보리밥(63),해물탕,소고기토마토조림,미역초무침,석박지
찰현미밥(55),애호박맑은국,건취나물간장볶음,S토마토(200g),S사과(35g),오징어덮밥,유부쑥갓맑은국,생선까스,채소샐러드,비트초절이,S크림떡볶이,S고칼슘오렌지주스,찰현미밥(63),된장찌개,파돼지불고기,무미역무침,나박김치
쌀밥(40),팽이장국,소고기무볶음,S복숭아(천도)-60g,S감말랭이,해물볶음밥,미니칼국수,김치전,파프리카유자청무침,열무김치,S쌀과자,S우유(200ml),쌀밥(55),된장찌개,삼겹살구이,모듬채소,열무물김치
찹쌀밥(40),매콤애호박국,참치양파볶음,S복숭아(60g),S복숭아(황도)-80g,찹쌀밥(55),해물탕,돈까스+소스,마카로니채소샐러드(토마토소스),나박김치,S크로와상,S보리차,찹쌀밥(40),아욱우렁된장국,매콤오징어볶음,으깬두부채소전,석박지
고구마밥(55),차돌얼갈이국,건파래자반,S멜론(50g),S사과(35g),소고기가지덮밥,늙은호박국,고구마연근맛탕,양상추샐러드(발사믹드레싱),비트초절이,S옥수수버터구이,S요구르트,고구마밥(55),부추된장국,애호박생선살찜,동초무침,석박지
차조밥(55),쑥갓어묵탕,건새우애호박볶음,S복숭아(60g),S복숭아(천도)-60g,차조밥(55),유부장국,치킨까스+소스,과일샐러드(요거트드레싱),오이소박이김치,S크림떡볶이,S둥글레차,차조밥(55),버섯개장,닭고기냉채,채소옥수수튀김,배추김치
찹쌀팥밥(55),닭살당면국,무미역무침,S멜론(50g),S사과(35g),해물우동볶음,온청포묵국,고구마연근맛탕,양상추샐러드(발사믹드레싱),열무물김치,S가래떡구이,S오미자아이스크림,찹쌀팥밥(55),감자된장국,애호박생선살찜,가지나물무침,단배추물김치
찹쌀밥(40),동태살국,애호박건새우볶음,S복숭아(천도)-60g,S복숭아(60g),새송이버섯카레라이스,쑥갓어묵탕,사과미나리무침,감자그라탕,깍두기,S(우유제외)토마토스파게티,S떠먹는요구르트(100ml),찹쌀밥(40),해물탕,닭살간장조림,가지양념무침,비트초절이
쌀밥(63),건새우시금치국,가지나물무침,S멜론(50g),S사과(35g),오징어덮밥,닭살당면국,브로콜리초무침,과일샐러드(요거트드레싱),비트초절이,S단팥빵,S우유(200ml),쌀밥(40),차돌박이된장국,수제비샐러드,닭살카레튀김,오이소박이김치
완두콩밥(55),재첩국,진미채초무침,S복숭아(천도)-60g,S블루베리(50g),완두콩밥(55),아욱우렁된장국,삼치무조림,애호박건새우볶음,나박김치,S약과,S단호박식혜,완두콩밥(55),동태살국,떡갈비조림,땅콩우엉무침,배추김치
검정콩밥(55),매콤애호박국,건취나물간장볶음,S멜론(50g),S복숭아(60g),해물우동볶음,실파장국,감자그라탕,양상추요거트샐러드,석박지,S딸기쨈식빵,S우유(200ml),검정콩밥(55),해물탕,차돌양배추볶음,무미역무침,깍두기
차조밥(55),무국,건새우애호박볶음,S사과(35g),S배(50g),새우크림스파게티,미역오이냉국,고구마연근맛탕,파인콘샐러드,비트초절이,S절편(40g),S둥글레차,차조밥(55),얼갈이맑은국,삼치무조림,가지양념찜,나박김치
밤콩밥(55),동태살무국,가지무침,S복숭아(60g),S복숭아(천도)-60g,해물우동볶음,유부쑥갓맑은국,오징어초무침,채소샐러드,오이소박이김치,S가래떡구이,S우유(200ml),밤콩밥(63),매콤애호박국,닭고기냉채,매쉬드포테이토,배추김치
팥밥(55),감자된장국,두부채소굴소스볶음,S참외(50g),S멜론(50g),일본식소고기덮밥(규동),우동국물,Empty,채소샐러드,깍두기,S쿠키,S우유(200ml),팥밥(55),온청포묵국,삼치무조림,얼갈이무침,배추김치
고구마밥(63),동태살국,콩나물김무침,S복숭아(천도)-60g,S사과(100g),오징어채소덮밥,팽이장국,탕평채무침,채소샐러드,석박지,S(우유제외)토마토스파게티,S보리차,고구마밥(63),매콤애호박국,(저염)갈치조림,동초무침,깍두기
밤밥(55),쑥갓어묵탕,애호박볶음,S멜론(50g),S사과(50g),오징어덮밥,유부쑥갓맑은국,등심탕수육+소스,매쉬드포테이토,비트초절이,S가래떡구이,S둥글레차,밤밥(63),동태살무국,소고기양배추조림,아욱무침,배추김치
찹쌀밥(40),어묵감자국,온두부찜,S바나나(100g),S사과(35g),찹쌀밥(55),차돌박이된장국,닭살버섯불고기,청경채초무침,배추김치,S쑥떡(40g),S검은깨두유(100ml),찹쌀밥(40),다진소고기콩나물국,감자채소조림,동초무침,배추김치
찹쌀현미밥(55),떡국,진미채초무침,S복숭아(60g),S복숭아(천도)-60g,해물우동볶음,실파장국,등심탕수육+소스,과일샐러드(요거트드레싱),비트초절이,S슈크림빵,S수제바나나우유,찹쌀현미밥(55),오징어찌개,차돌양배추볶음,건취나물간장볶음,배추김치
쌀밥(40),동태살무국,으깬견과류고구마샐러드(요거트),S복숭아(황도)-60g,S배(100g),쌀밥(40),홍합살미역국,닭고기냉채,파래자반,단배추물김치,S치즈,S보리차,쌀밥(40),호박감자수제비국,치즈등심돈까스,매쉬드포테이토,깍두기
율무밥(63),콩가루봄동국,애호박볶음,S복숭아(천도)-80g,S복숭아(80g),소고기하이라이스,실파장국,토마토치즈범벅,동초무침,비트초절이,S슈크림빵,S우유(200ml),율무밥(63),감자된장국,(저염)갈치조림,상추쌈,열무물김치
찹쌀팥밥(55),다시마감자국,콩나물김무침,S블루베리(50g),S수박화채,파프리카유부초밥,미소장국,게살마요무침,매쉬드포테이토,배추김치,S(우유제외)토마토스파게티,S보리차,찹쌀팥밥(63),안매운닭개장,참치어묵조림,애호박볶음,단배추물김치
완두콩밥(75),아욱토장국,김구이+달래양념장,S복숭아(천도)-80g,S복숭아(80g),완두콩밥(75),실파장국,돼지고기청경채볶음,고구마줄기볶음,단배추물김치,S크림소스스파게티,S코코아,완두콩밥(75),유부실파국,다시마튀각,매쉬드포테이토,깻잎김치
완두콩밥(75),아욱토장국,매쉬드포테이토,S복숭아(천도)-80g,S사과(35g),완두콩밥(75),유부양파국,돼지고기청경채볶음,김구이+달래양념장,단배추물김치,S크림소스스파게티,S코코아,소고기쌀국수,실파장국,다시마튀각,고구마줄기볶음,깻잎김치
찹쌀보리밥(75),늙은호박국,동초무침,S멜론(50g),S블루베리(50g),찹쌀보리밥(75),모듬어묵국,(저염)갈치조림,참치양파볶음,나박김치,S채소전,S보리차,찹쌀보리밥(75),오징어찌개,찹쌀탕수육,얼갈이무침,비트초절이
찹쌀보리밥(75),순두부국,당근숙주나물,S오이당근스틱,S사과(75g),비빔국수,팽이장국,매콤오징어볶음,깻잎순멸치볶음,단배추물김치,S단호박샐러드,S(우유제외)수제딸기두유,찹쌀보리밥(75),소고기미역국,새송이버섯전,매쉬드포테이토,배추김치
검정콩밥(75),닭고기채소찌개,얼갈이무침,S복숭아(천도)-60g,S당근스틱,검정콩밥(75),실파장국,소고기잡채,부추무침,나박김치,S크림소스스파게티,S쌀음료,검정콩밥(75),모듬어묵국,새우살채소깨무침,고구마줄기볶음,비트초절이
옥수수밥(75),다슬기아욱국,매쉬드포테이토,S복숭아(황도)-80g,S사과(35g),옥수수밥(75),동태살무국,매콤오징어볶음,쑥갓나물,오이소박이김치,S크림빵,S보리차,옥수수밥(75),모듬버섯찌개,햄오믈렛,브로콜리참깨무침,배추김치
밤찹쌀팥밥(75),청국장국,마늘종볶음,S멜론(50g),S당근스틱,밤찹쌀팥밥(75),늙은호박국,찹쌀탕수육,게맛살파프리카볶음,비트초절이,S치즈케이크,S둥글레차,김치볶음밥,모듬어묵국,소고기당면볶음,무말랭이,깻잎김치
팥밥(75),새우젓국찌개,매쉬드포테이토,S복숭아(80g),S사과(35g),깍두기볶음밥,실파장국,사각어묵볶음,오이치커리무침,파김치,S냉콩국+소면,S보리차,팥밥(75),도토리묵냉국,훈제오리무침,얼갈이무침,나박김치
흑미밥(75),가지냉국,감자그라탕,S복숭아(천도)-60g,S블루베리(50g),흑미밥(75),늙은호박국,두부톳무침,맛살볶음,비트초절이,S치즈,S오미자아이스크림,흑미밥(75),청국장국,땅콩우엉조림,얼갈이배추겉절이,깻잎김치
쌀밥(75),아욱토장국,숙주당근나물,S사과(100g),S아몬드,쌀밥(75),모듬어묵국,오징어볶음,건새우애호박볶음,나박김치,S크림소스스파게티,S보리차,납작김밥,소고기양배추국,닭살연근조림,가지양념무침,단배추물김치
밤찹쌀팥밥(75),우거지국,깐쇼새우,S멜론(50g),S사과(35g),밤찹쌀팥밥(75),멸치장국,햄참치채소전,건취나물간장볶음,총각김치,S꼬마김밥(달걀제외),S둥글레차,밤찹쌀팥밥(75),늙은호박국,오징어두루치기,얼갈이무침,비트초절이
밤밥(75),팽이장국,오이사과무침,S사과(50g),S멜론(75g),밤밥(75),대구지리,칠리새우,동초무침,깻잎김치,S크림소스스파게티,S보리차,밤밥(75),유부쑥갓맑은국,매콤오징어볶음,애호박볶음,오이소박이김치
옥수수밥(75),멸치장국,김구이+양념장,S복숭아(황도)-80g,S블루베리(50g),옥수수밥(75),콩나물어묵탕,찹스테이크,무말랭이,비트초절이,S매실젤리,S오미자아이스크림,옥수수밥(75),다시마양파국,오리훈제구이,해초볶음,얼갈이배추김치
오므라이스,콩나물북어국,매쉬드포테이토,S멜론(50g),S사과(35g),찹쌀밥(75),모듬버섯찌개,두부채소전,숙주당근나물,오이소박이김치,S크림소스스파게티,S보리차,찹쌀밥(75),유부쑥갓맑은국,소고기청경채볶음,가지무침,나박김치
고구마밥(75),우거지국,얼갈이무침,S사과(50g),S복숭아(천도)-60g,고구마밥(75),실파장국,오징어볶음,미역초무침,열무김치,S크로와상,S(우유제외)수제블루베리우유,고구마밥(75),늙은호박국,오리훈제구이,아욱나물무침,비트초절이
차조밥(75),맑은장국,건새우애호박볶음,S멜론(50g),S사과(35g),차조밥(75),유부쑥갓맑은국,오징어불고기,아욱된장무침,나박김치,S크림떡볶이,S고구마쉐이크,차조밥(75),팽이장국,오리채소볶음,땅콩우엉조림,배추김치
완두콩밥(75),멸치장국,아욱나물무침,S복숭아(80g),S멜론(75g),완두콩밥(75),동태살무국,두부톳무침,콘샐러드,깻잎김치,S크림소스스파게티,S둥글레차,완두콩밥(75),유부된장국,치즈닭갈비,가지무침,비트초절이
찰현미밥(75),유부쑥갓맑은국,매쉬드포테이토,S사과(35g),S멜론(50g),찰현미밥(75),실파장국,소고기잡채,미역줄기채소볶음,오이소박이김치,S샌드위치,S보리차,찰현미밥(75),모듬버섯찌개,온두부+양념장,동초무침,나박김치
쌀밥(75),두부젓국찌개,아욱나물무침,S복숭아(80g),S사과(35g),쌀밥(75),청국장국,떡갈비간장조림,콘샐러드,깻잎김치,S크림소스스파게티,S두유(150ml),쌀밥(75),모듬어묵국,매콤오징어볶음,가지양념찜,단배추물김치
감자밥(75),동태살쑥갓국,매쉬드포테이토,S사과(35g),S멜론(50g),감자밥(75),오징어숙주국,두부채소볶음,감자당근채볶음,나박김치,S토마토스파게티,S보리차,김치치즈볶음밥,유부쑥갓맑은국,매콤낙지채소볶음,숙주당근나물,비트초절이
잡곡밥(75),연두부달걀탕,가지양념무침,S복숭아(80g),S사과(100g),잡곡밥(75),청국장국,단호박달걀찜,참치양파볶음,단배추물김치,S크림소스스파게티,S둥글레차,잡곡밥(75),늙은호박국,오징어볶음,고구마줄기볶음,깻잎김치
수수밥(75),두부곤약탕국,매쉬드포테이토,S사과(35g),S멜론(50g),수수밥(75),아욱토장국,사각어묵볶음,무말랭이무침,비트초절이,S크림빵,S보리차,해물수제비,실파장국,돼지고기청경채볶음,양상추유자청무침,총각김치
율무밥(75),동태살무국,건새우애호박볶음,S복숭아(천도)-80g,S자두(50g),율무밥(75),유부쑥갓맑은국,삼치무조림,미역초무침,나박김치,S쿠키,S오미자아이스크림,달걀볶음밥,팽이장국,(저염)갈치조림,아욱나물무침,배추김치
팥밥(75),대구지리,건취나물간장볶음,S복숭아(80g),S사과(50g),팥밥(75),두부젓국찌개,매콤오징어볶음,찐단호박,오이소박이김치,S채소전,S보리차,김치햄볶음밥,유부된장국,오이맛살무침,매쉬드포테이토,단무지무침
밤찹쌀팥밥(75),실파장국,김치볶음,S사과(100g),S배(50g),밤찹쌀팥밥(75),김치두부찌개,두부톳무침,아욱나물무침,오이피클,S크림소스스파게티,S둥글레차,밤찹쌀팥밥(75),애호박두부젓국,삼겹살구이,실곤약채소무침,얼갈이배추김치
밤찹쌀팥밥(75),늙은호박국,해초볶음,S멜론(50g),S배(50g),꼬마김밥,새우젓국찌개,닭피망볶음,매쉬드포테이토,비트초절이,S찐고구마,S오미자아이스크림,밤찹쌀팥밥(75),감자된장국,온두부+양념장,애호박볶음,단배추물김치
보리밥(75),매콤애호박국,단배추멸치조림,S사과(35g),S당근스틱,보리밥(75),닭고기채소찌개,오징어불고기,얼갈이무침,배추김치,S크림소스스파게티,S둥글레차,보리밥(75),실파장국,(저염)갈치조림,땅콩우엉조림,열무김치
율무밥(75),감자된장국,콩나물무침,S멜론(50g),S복숭아(천도)-60g,율무밥(75),다슬기된장국,두부채소전,애호박볶음,비트초절이,S쿠키,S오미자아이스크림,달걀주먹밥,늙은호박국,매콤낙지채소볶음,해초볶음,단배추물김치
수수밥(75),청경채맑은국,당근숙주나물,S아몬드,S단감(50g),수수밥(75),설렁탕,매생이전,양배추찜,열무김치,S크림소스스파게티,S고칼슘우유(100ml),수수밥(75),맑은애호박국,삼치유자청구이,실곤약간장채소무침,오이소박이김치
쌀밥(75),늙은호박국,파래무채무침,S멜론(50g),S복숭아(천도)-60g,쌀밥(75),모듬어묵국,미역귀튀각,참치양파볶음,나박김치,S크림떡볶이,S오미자아이스크림,쌀밥(75),오징어찌개,닭채볶음,매쉬드포테이토,단배추물김치
찹쌀팥밥(75),다슬기아욱국,맛살양상추샐러드,S복숭아(천도)-80g,S자두(50g),찹쌀팥밥(75),동태살무국,떡갈비간장조림,숙주당근나물,오이소박이김치,S크림소스스파게티,S식혜,찹쌀팥밥(75),유부쑥갓맑은국,소고기가래떡볶음,건취나물간장볶음,열무물김치
찹쌀밥(75),팽이장국,두부열무나물,S복숭아(80g),S멜론(50g),찹쌀밥(75),모듬버섯찌개,매콤오징어볶음,동초무침,깻잎김치,S애플파이,S둥글레차,돼지고기버섯카레라이스,유부된장국,어묵감자조림,당근숙주나물,나박김치
차조밥(75),닭고기무국,뱅어포구이,S사과(50g),S복숭아(천도)-80g,차조밥(75),유부쑥갓맑은국,두부채소굴소스볶음,봄동부추겉절이,비트초절이,S치즈,S(우유제외)수제바나나두유,돼지고기짜장밥,버섯개장,수제비샐러드,유채나물된장무침,배추김치
쌀밥(75),팽이장국,콘샐러드,S멜론(50g),S복숭아(천도)-80g,쌀밥(75),두부맑은국,토마토카프레제,매쉬드포테이토,깻잎김치,S크림소스스파게티,S둥글레차,쌀밥(75),모듬버섯찌개,찹쌀탕수육,얼갈이배추겉절이,나박김치
밤밥(75),감자채맑은국,마카로니오이샐러드,S사과(50g),S복숭아(80g),밤밥(75),북어김치국,오리훈제구이,애호박볶음,열무물김치,S냉콩국+소면,S보리차,밤밥(75),닭고기채소찌개,어묵감자조림,아욱무침,열무김치
찹쌀보리밥(75),팽이장국,실곤약채소무침,S오렌지(50g),S당근스틱,찹쌀보리밥(75),두부젓국찌개,햄구이,맛살볶음,나박김치,S쿠키,S고칼슘우유(100ml),찹쌀보리밥(75),유부쑥갓맑은국,삼치무조림,김구이+달래양념장,배추김치
수수밥(75),쑥갓어묵국,김구이+양념장,S멜론(50g),S복숭아(천도)-80g,수수밥(75),북어달걀국,돼지고기굴소스볶음,동초무침,비트초절이,S크림소스스파게티,S식혜,수수밥(75),오징어숙주국,두부톳무침,숙주당근나물,오이소박이김치
잡곡밥(75),애호박두부젓국찌개,상추오이무침,S사과(35g),S복숭아(80g),잡곡밥(75),감자된장국,삼치무조림,참치양파볶음,나박김치,S크림떡볶이,S오미자아이스크림,잡곡밥(75),다슬기아욱국,매콤오징어볶음,아욱무침,배추김치
찹쌀보리밥(75),모듬버섯찌개,감자당근채볶음,S사과(100g),S복숭아(80g),찹쌀보리밥(75),유부된장국,닭살고구마조림,파채겉절이,나박김치,S채소스크램블에그,S검은콩두유(200ml),찹쌀보리밥(75),유부쑥갓맑은국,삼치무조림,아욱나물무침,배추김치
밤찹쌀팥밥(75),안매운육개장,(우유제외)옥수수버터구이,S사과(35g),S사과(50g),밤찹쌀팥밥(75),두부맑은국,볼어묵채소조림,참치양파볶음,단무지,S채소스크램블에그,S고칼슘우유(100ml),밤찹쌀팥밥(75),다슬기아욱국,과일땅콩샐러드,도라지나물(간장),오이소박이김치
찹쌀보리밥(75),청국장국,동초무침,S멜론(50g),S복숭아(천도)-80g,찹쌀보리밥(75),모듬어묵국,고등어튀김,생취나물무침,깻잎김치,S새우채소전,S둥글레차,찹쌀보리밥(75),오징어찌개,돼지고기청경채볶음,고구마줄기볶음,단배추물김치
고구마밥(75),팽이장국,감자당근채볶음,S블루베리(50g),S사과(35g),고구마밥(75),실파장국,소고기파인애플볶음,건새우애호박볶음,오이소박이김치,S웨지감자구이,S수제딸기우유,고구마밥(75),유부쑥갓맑은국,어묵감자조림,찐단호박,나박김치
검정콩밥(75),유부대파국,맛살당근볶음,S사과(75g),S복숭아(황도)-80g,검정콩밥(75),애호박양파국,새우버터구이,콩나물김무침,파김치,S찐감자,S떠먹는요구르트(100ml),검정콩밥(75),느타리버섯국,맛살어묵볶음,삼색나물,백김치
찹쌀팥밥(75),근대국,건취나물간장볶음,S참외(50g),S참외(100g),찹쌀팥밥(75),늙은호박국,돼지고기청경채볶음,부추양파무침,나박김치,S채소스크램블에그,S고칼슘두유(190ml),찹쌀팥밥(75),모듬어묵국,두부채소전,감자당근채볶음,총각김치
검정콩밥(75),닭고기채소찌개,맛살미역줄기볶음,S복숭아(80g),S멜론(50g),검정콩밥(75),어묵국수,참치어묵조림,콩나물잡채,비트초절이,S단호박찜,S쌀음료,검정콩밥(75),매콤애호박국,새우살크림소스볶음,미역초무침,배추김치
찹쌀팥밥(75),건새우된장국,땅콩우엉조림,S참외(50g),S블루베리(50g),찹쌀팥밥(75),팽이장국,돼지고기굴소스볶음,감자당근채볶음,열무물김치,S채소스크램블에그,S고구마쉐이크,찹쌀팥밥(75),소고기콩나물국,두부채소전,숙주당근나물,열무물김치
쌀밥(75),소고기얼갈이국,얼갈이배추겉절이,S멜론(50g),S복숭아(천도)-80g,쌀밥(75),매콤애호박국,닭피망볶음,진미채초무침,비트초절이,S연두부샐러드(오리엔탈드레싱),S수제딸기우유,쌀밥(75),우동국물,매콤오징어볶음,참나물토마토샐러드,열무김치
현미밥(75),닭고기채소찌개,동초무침,S복숭아(80g),S사과(35g),현미밥(75),실파장국,소고기단호박조림,김구이+달래양념장,열무물김치,S찐고구마,S고칼슘우유(100ml),현미밥(75),건새우시금치국,차돌숙주볶음,감자당근채볶음,나박김치
밤찹쌀팥밥(75),팽이장국,진미채초무침,S멜론(50g),S자두(50g),밤찹쌀팥밥(75),우동국물,차돌양배추볶음,참나물토마토샐러드,열무김치,S크림소스스파게티,S고구마쉐이크,밤찹쌀팥밥(75),늙은호박국,닭가슴살굴소스볶음,미역줄기채소볶음,배추김치
옥수수밥(75),모듬버섯찌개,감자당근채볶음,S사과(35g),S복숭아(천도)-60g,옥수수밥(75),실파장국,오리채소볶음,콘샐러드,열무물김치,S쿠키,S수제딸기우유,옥수수밥(75),유부쑥갓맑은국,두부톳무침,아욱된장무침,나박김치
옥수수밥(75),다슬기아욱국,감자당근채볶음,S멜론(50g),S복숭아(천도)-80g,옥수수밥(75),동태살무국,새우살조림,연근사과샐러드,비트초절이,S크림떡볶이,S수제딸기우유,옥수수밥(75),오징어숙주국,매콤낙지채소볶음,도라지오이무침,배추김치
옥수수밥(75),유부쑥갓맑은국,맛살볶음,S자두(50g),S복숭아(80g),옥수수밥(75),팽이장국,칠리새우,견과류시금치무침,열무물김치,S웨지감자구이,S수제딸기우유,옥수수밥(75),모듬버섯찌개,차돌숙주볶음,봄동부추겉절이,나박김치
현미밥(75),실파맑은국,감자어묵볶음,S복숭아(황도)-60g,S아몬드,현미밥(75),배추당면국,오징어튀김,유채나물무침,비트초절이,S(우유제외)버터감자구이,S오미자아이스크림,현미밥(75),유부된장국,어묵오징어무침,곤드레나물,단무지
밤밥(75),새우젓국찌개,동초무침,S멜론(50g),S복숭아(천도)-80g,밤밥(75),청국장국,동태살전,얼갈이무침,단배추물김치,S맘모스빵,S수제딸기우유,밤밥(75),실파장국,햄참치채소전,감자당근채볶음,깻잎김치
팥밥(75),유부쑥갓맑은국,땅콩우엉조림,S사과(35g),S사과(50g),팥밥(75),아욱장국,닭날개간장조림,매콤콩나물무침,나박김치,S웨지감자구이,S수제딸기우유,팥밥(75),팽이장국,시금치두부전,콩나물잡채,비트초절이
검정콩밥(75),우동국물,얼갈이무침,S배(50g),S멜론(75g),검정콩밥(75),모듬버섯찌개,매콤오징어볶음,미역초무침,깻잎김치,S크로와상,S둥글레차,검정콩밥(75),늙은호박국,치즈닭갈비,얼갈이나물,배추김치
찹쌀보리밥(75),실파장국,건새우애호박볶음,S사과(35g),S복숭아(80g),찹쌀보리밥(75),아욱장국,모듬버섯탕수,매쉬드포테이토,비트초절이,S크림떡볶이,S보리차,찹쌀보리밥(75),팽이장국,소고기토마토볶음,양상추요거트샐러드,콜라비나박김치
율무밥(75),(소고기제외)당면양배추국,당근스틱,S복숭아(천도)-60g,S복숭아(60g),율무밥(75),두부맑은국,양배추낙지볶음,얼갈이무침,나박김치,S냉콩국+소면,S둥글레차,율무밥(75),동태살무국,오징어불고기,김구이+달래양념장,배추김치
차조밥(75),감자된장국,동초무침,S멜론(50g),S복숭아(천도)-80g,차조밥(75),아욱장국,닭다리살굴소스볶음,맛살볶음,총각김치,S채소스크램블에그,S오미자아이스크림,차조밥(75),가지냉국,두부톳무침,애호박볶음,총각김치
차조밥(75),다슬기된장국,배추게맛살샐러드,S사과(100g),S복숭아(80g),차조밥(75),다시마새우젓국,두부미역무침,애호박당근볶음,비트초절이,S크림떡볶이,S보리차,차조밥(75),토란국,탕평채무침,실곤약채소무침,배추김치
기장밥(75),차돌얼갈이국,요거트과일샐러드,S복숭아(천도)-60g,S멜론(50g),기장밥(75),실파장국,두부톳무침,참나물토마토샐러드,열무물김치,S웨지감자구이,S수제딸기우유,기장밥(75),오징어찌개,매콤낙지채소볶음,진미채초무침,나박김치
검정콩밥(75),다슬기아욱국,감자당근채볶음,S사과(35g),S복숭아(80g),검정콩밥(75),동태살무국,감자그라탕,애호박볶음,오이소박이김치,S애플파이,S보리차,검정콩밥(75),유부쑥갓맑은국,해물우동숙주볶음,김구이+달래양념장,비트초절이
잡곡밥(75),늙은호박국,맛살볶음,S멜론(50g),S수박(100g),잡곡밥(75),(소고기제외)당면양배추국,닭다리살굴소스볶음,얼갈이된장나물,나박김치,S냉콩국+소면,S둥글레차,잡곡밥(75),팽이장국,베이컨스크램블에그,도라지나물(간장),깻잎김치
검정콩밥(75),닭고기채소찌개,얼갈이무침,S아몬드,S사과(35g),검정콩밥(75),멸치장국,오징어새우볶음,단호박우유찜,비트초절이,S(우유제외)옥수수버터구이,S레몬주스,검정콩밥(75),동태살무국,쫄면채소무침,미역초무침,배추김치
잡곡밥(75),가자미미역국,부추무침,S멜론(50g),S복숭아(천도)-60g,잡곡밥(75),실파장국,닭다리살굴소스볶음,감자당근채볶음,단배추물김치,S웨지감자구이,S수제딸기우유,잡곡밥(75),도토리묵냉국,단호박채소전,김구이+양념장,단배추물김치
밤밥(75),김치맑은국,(우유제외)고구마두유조림,S복숭아(80g),S자두(50g),밤밥(75),애호박새우젓국,오리채소볶음,참나물토마토샐러드,열무김치,S꼬마김밥(달걀제외),S떠먹는요구르트(100ml),밤밥(75),모듬어묵탕,가지구이,깻잎순멸치볶음,비트초절이
찹쌀팥밥(75),대구지리,단배추나물,S멜론(50g),S사과(100g),찹쌀팥밥(75),소고기얼갈이국,동태살전,감자당근채볶음,열무물김치,S채소전,S고칼슘두유(190ml),찹쌀팥밥(75),늙은호박국,떡갈비간장조림,마카로니콘샐러드,단배추물김치
현미밥(75),북어김치국,시금치된장무침,S사과(100g),S복숭아(천도)-80g,현미밥(75),닭살미역국,매콤오징어볶음,미역초무침,열무김치,S냉콩국+소면,S토마토주스,현미밥(75),김치유부맑은국,감자튀김,김구이+양념장,비트초절이
기장밥(75),북어국,콘샐러드,S사과(100g),S수박화채,기장밥(75),오징어찌개,미역귀튀각,가지양념무침,단배추물김치,S단팥빵,S(우유제외)수제딸기두유,기장밥(75),맑은장국,주꾸미숙회,연두부+흑임자소스,깻잎김치
밤밥(75),모듬어묵국,땅콩우엉무침,S멜론(75g),S멜론(50g),밤밥(75),다슬기된장국,칠리새우,얼갈이무침,비트초절이,S크림소스스파게티,S오미자아이스크림,밤밥(75),실파장국,오리훈제구이,땅콩우엉조림,나박김치
찰현미밥(75),우렁이된장찌개,숙주당근나물,S사과(100g),S복숭아(천도)-80g,찰현미밥(75),팽이장국,어묵감자조림,도라지오이무침,단배추물김치,S크림떡볶이,S수제딸기우유,찰현미밥(75),유부쑥갓맑은국,달걀채소볶음,콘샐러드,오이소박이김치
완두콩밥(75),닭고기무국,콘샐러드,S멜론(75g),S사과(35g),완두콩밥(75),늙은호박국,감자그라탕,얼갈이무침,비트초절이,S쿠키,S둥글레차,완두콩밥(75),청국장국,햄참치채소전,도라지배무침,깻잎김치
찹쌀밥(75),오징어숙주국,김구이+달래양념장,S복숭아(천도)-80g,S사과(35g),찹쌀밥(75),유부쑥갓맑은국,새우살채소볶음,숙주당근나물,배추김치,S크림소스스파게티,S보리차,찹쌀밥(75),다슬기아욱국,두부채소전,애호박볶음,오이소박이김치
찹쌀팥밥(75),매콤애호박국,단배추나물,S사과(35g),S멜론(50g),찹쌀팥밥(75),우동국물,오징어새우볶음,아욱건새우전,단배추물김치,S채소찐빵,S고구마쉐이크,찹쌀팥밥(75),동태살무국,오리채소볶음,미역초무침,열무김치
밤밥(75),양파당면국,감자당근채볶음,S사과(35g),S복숭아(80g),밤밥(75),닭고기채소찌개,삼치무조림,고구마줄기볶음,단배추물김치,S크림소스스파게티,S수제딸기우유,밤밥(75),미니새우튀김우동,두부톳무침,얼갈이무침,깻잎김치
차조밥(75),늙은호박국,김구이+양념장,S자두(50g),S멜론(50g),차조밥(75),모듬어묵국,떡갈비간장조림,들깨오이무침,총각김치,S냉콩국+소면,S수제딸기우유,차조밥(75),오징어찌개,오리훈제구이,오이당근무침,나박김치
찹쌀보리밥(75),팽이장국,애호박건새우볶음,S복숭아(천도)-80g,S사과(35g),찹쌀보리밥(75),동태살무국,오징어새우볶음,미역줄기당근볶음,오이소박이김치,S애플파이,S보리차,찹쌀보리밥(75),닭곰탕,(저염)갈치조림,아욱나물무침,비트초절이
밤콩밥(75),닭고기채소찌개,아욱나물무침,S복숭아(80g),S바나나(50g),밤콩밥(75),멸치장국,어묵감자조림,두부열무나물,비트초절이,S크림소스스파게티,S보리차,밤콩밥(75),실파장국,(우유제외)닭가슴살버터구이,감자당근채볶음,열무물김치
흑미밥(75),북어달걀국,건취나물간장볶음,S복숭아(황도)-80g,S바나나(50g),흑미밥(75),늙은호박국,떡갈비간장조림,상추쌈,단배추물김치,S새우채소전,S고칼슘두유(190ml),흑미밥(75),유부쑥갓맑은국,매콤오징어볶음,감자당근채볶음,깻잎김치
찰현미밥(75),북어달걀국,콘샐러드,S멜론(50g),S복숭아(천도)-80g,찰현미밥(75),동태살무국,(저염)갈치조림,맛살미역줄기볶음,나박김치,S냉콩국+소면,S고구마쉐이크,찰현미밥(75),다슬기아욱국,삼겹살구이,오이미역초무침,비트초절이
잡곡밥(75),유부대파국,미역무침,S자두(50g),S복숭아(80g),잡곡밥(75),닭고기채소찌개,두부미역무침,실곤약채소무침,배추김치,S고로케,S레몬주스,잡곡밥(75),맑은가쓰오부시장국,닭다리살굴소스볶음,요거트과일샐러드,열무김치
수수밥(75),유부쑥갓맑은국,애호박볶음,S사과(35g),S멜론(50g),수수밥(75),소고기얼갈이국,닭살연근조림,감자당근채볶음,백김치,S마들렌,S고구마쉐이크,수수밥(75),모듬버섯찌개,온두부+양념장,콘샐러드,오이소박이김치
기장밥(75),팽이장국,찐단호박,S복숭아(80g),S자두(50g),기장밥(75),우동국물,(우유제외)감자그라탕,참나물토마토샐러드,열무김치,S치즈스틱,S두유(100ml),기장밥(75),실파장국,햄참치채소전,감자당근채볶음,배추김치
고구마밥(75),닭고기채소찌개,아욱나물무침,S사과(35g),S참외(50g),고구마밥(75),근대국,떡갈비간장조림,(고춧가루제외)부추사과무침,나박김치,S크로와상,S두유(150ml),고구마밥(75),오징어찌개,돼지고기찹스테이크,건새우애호박볶음,비트초절이
잡곡밥(75),단호박새우젓국,자두샐러드,S멜론(50g),S복숭아(천도)-80g,잡곡밥(75),유부대파국,치즈닭갈비,봄동나물,깻잎김치,S크림소스스파게티,S둥글레차,잡곡밥(75),모듬어묵국,삼치무조림,상추쌈,단배추물김치
차조밥(75),감자된장국,감자당근채볶음,S복숭아(80g),S사과(35g),차조밥(75),동태살무국,뿌리채소맛탕,건새우애호박볶음,나박김치,S치즈,S오미자아이스크림,차조밥(75),콩나물어묵국,오징어볶음,김구이+양념장,비트초절이
잡곡밥(75),쑥갓어묵국,아욱나물무침,S사과(50g),S멜론(75g),잡곡밥(75),닭고기채소찌개,(저염)갈치조림,차돌양배추볶음,열무물김치,S크림소스스파게티,S보리차,잡곡밥(75),두부젓국찌개,매콤낙지채소볶음,새우살호박볶음,배추김치
율무밥(75),소고기얼갈이국,요거트과일샐러드,S블루베리(50g),S사과(100g),율무밥(75),근대국,연어스테이크,양배추샐러드,나박김치,S찐감자,S떠먹는요구르트(100ml),율무밥(75),콩나물어묵국,차돌양배추볶음,깻잎멸치찜,얼갈이배추김치
옥수수밥(75),유부쑥갓맑은국,감자당근채볶음,S자두(50g),S사과(100g),옥수수밥(75),아욱장국,가지구이,고구마순나물,비트초절이,S새우채소전,S고칼슘두유(190ml),옥수수밥(75),버섯개장,조기구이,감자당근채볶음,배추김치
옥수수밥(75),늙은호박국,얼갈이무침,S복숭아(천도)-80g,S참외(100g),옥수수밥(75),모듬어묵국,훈제오리무침,김구이+달래양념장,단배추물김치,S크림떡볶이,S둥글레차,옥수수밥(75),가지냉국,돼지고기청경채볶음,고구마줄기볶음,깻잎김치
찹쌀보리밥(75),오징어찌개,애호박볶음,S방울토마토(35g),S사과(35g),찹쌀보리밥(75),홍합무국,삼치무조림,감자당근채볶음,나박김치,S크림소스스파게티,S고칼슘두유(190ml),찹쌀보리밥(75),아욱토장국,매콤오징어볶음,콘샐러드,비트초절이
차조밥(75),동태살무국,파래자반,S자두(50g),S귤(80g),차조밥(75),유부쑥갓맑은국,다시마튀각,가지양념찜,깻잎김치,S냉콩국+소면,S둥글레차,차조밥(75),단호박맑은국,고추장소고기볶음,진미채초무침,오이소박이김치
밤콩밥(75),바지락살맑은국,애호박볶음,S사과(35g),S복숭아(천도)-80g,밤콩밥(75),늙은호박국,칠리새우,동초무침,비트초절이,S크림소스스파게티,S토마토주스,밤콩밥(75),오징어찌개,매콤오징어볶음,맛살볶음,단배추물김치
감자밥(75),애호박두부젓국,진미채채소무침,S멜론(75g),S복숭아(80g),감자밥(75),청국장국,닭가슴살고구마볶음,감자당근채볶음,열무물김치,S웨지감자구이,S고칼슘두유(190ml),감자밥(75),소고기얼갈이국,햄구이,감자당근채볶음,얼갈이배추김치
찹쌀팥밥(75),모듬어묵국,애호박볶음,S사과(35g),S멜론(50g),찹쌀팥밥(75),감자된장국,(저당)닭갈비,요거트과일샐러드,비트초절이,S크림떡볶이,S오미자아이스크림,찹쌀팥밥(75),다슬기된장국,매콤오징어볶음,맛살볶음,단배추물김치
수수밥(75),다시마감자국,애호박건새우볶음,S복숭아(80g),S자두(50g),수수밥(75),닭고기채소찌개,소면채소무침,미역줄기채소볶음,동치미,S크림소스스파게티,S떠먹는요구르트(100ml),수수밥(75),소고기얼갈이국,오징어청경채볶음,실곤약채소무침,열무물김치
감자밥(75),두부맑은국,감자당근채볶음,S멜론(50g),S사과(35g),감자밥(75),모듬버섯찌개,매콤오징어볶음,맛살볶음,오이소박이김치,S냉콩국+소면,S(우유제외)고구마쉐이크,감자밥(75),소고기얼갈이국,(저당)닭갈비,단배추나물,나박김치
팥밥(75),유부쑥갓맑은국,얼갈이된장나물,S사과(50g),S복숭아(80g),팥밥(75),버섯개장,볼어묵채소조림,요거트과일샐러드,비트초절이,S삶은달걀(30g),S토마토주스,팥밥(75),쑥갓어묵국,닭다리살굴소스볶음,봄동부추겉절이,배추김치
찹쌀밥(75),닭고기채소찌개,콩나물잡채,S사과(50g),S멜론(75g),찹쌀밥(75),감자다시마국,참치어묵조림,매쉬드포테이토,오이소박이김치,S크림소스스파게티,S보리차,찹쌀밥(75),늙은호박국,닭살연근조림,동초무침,열무물김치
잡곡밥(75),새우살애호박국,콘샐러드,S사과(35g),S복숭아(천도)-80g,잡곡밥(75),유부쑥갓맑은국,(저염)갈치조림,얼갈이무침,배추김치,S샌드위치,S둥글레차,잡곡밥(75),쑥갓어묵국,쫄면채소무침,김치볶음,나박김치
팥밥(75),실파장국,참나물토마토샐러드,S사과(100g),S복숭아(80g),팥밥(75),닭고기채소찌개,시금치두부전,감자당근채볶음,열무물김치,S크림소스스파게티,S고칼슘두유(190ml),팥밥(75),감자미역국,메추리알브로콜리볶음,실곤약간장채소무침,콜라비나박김치
검정콩밥(75),다슬기된장국,김구이+양념장,S사과(35g),S멜론(50g),검정콩밥(75),동태살무국,닭가슴살고구마볶음,단배추된장무침,나박김치,S토마토스파게티,S바나나쉐이크,검정콩밥(75),유부쑥갓맑은국,떡갈비간장조림,맛살볶음,비트초절이
보리밥(75),대파된장찌개,얼갈이배추겉절이,S멜론(75g),S자두(50g),보리밥(75),아욱우렁된장국,삼겹살구이,실곤약채소무침,열무물김치,S애플파이,S바나나쉐이크,보리밥(75),팽이장국,오징어불고기,진미채초무침,열무김치
밤콩밥(75),감자미역국,요거트과일샐러드,S사과(35g),S참외(50g),밤콩밥(75),오징어찌개,두부채소전,땅콩우엉조림,나박김치,S크림소스스파게티,S보리차,밤콩밥(75),소고기얼갈이국,매콤낙지채소볶음,감자당근채볶음,비트초절이
고구마밥(75),늙은호박국,참나물토마토샐러드,S사과(75g),S복숭아(60g),고구마밥(75),유부쑥갓맑은국,매콤오징어볶음,매쉬드포테이토,배추김치,S삶은달걀(50g),S두유(150ml),고구마밥(75),삼계탕,뿌리채소맛탕,동초무침,깻잎김치
검정콩밥(75),느타리버섯국,새우살들깨무침,S사과(75g),S복숭아(황도)-80g,검정콩밥(75),닭가슴살미역국,삼치조림,봄동나물,단배추물김치,S찐감자,S오미자아이스크림,검정콩밥(75),애호박양파국,삼치무조림,깻잎순멸치볶음,백김치
찹쌀현미밥(75),늙은호박국,얼갈이배추겉절이,S사과(35g),S멜론(50g),찹쌀현미밥(75),모듬어묵국,삼치구이+양념장,아욱나물무침,열무김치,S쿠키,S고칼슘두유(190ml),찹쌀현미밥(75),청국장국,닭채볶음,참나물토마토샐러드,열무김치
잡곡밥(75),실파장국,팽이버섯볶음,S사과(35g),S복숭아(80g),잡곡밥(75),매콤애호박국,두부채소전,미역줄기채소볶음,나박김치,S크림소스스파게티,S고칼슘두유(190ml),잡곡밥(75),쑥갓어묵국,두부열무나물,참치양파볶음,배추김치
수수밥(75),감자된장국,뱅어포볶음,S사과(100g),S참외(50g),수수밥(75),다시마양파국,오리훈제구이,게맛살팽이버섯볶음,비트초절이,S단호박샐러드,S수제블루베리바나나우유,수수밥(75),애탕국,(우유제외)감자그라탕,김치볶음,열무김치
밤찹쌀팥밥(75),동태살무국,동초무침,S토마토(200g),S복숭아(천도)-80g,밤찹쌀팥밥(75),유부쑥갓맑은국,닭살고구마조림,김구이+양념장,오이소박이김치,S크림소스스파게티,S두유(150ml),밤찹쌀팥밥(75),팽이장국,삼치무조림,콘샐러드,나박김치
찹쌀밥(75),새우젓국찌개,얼갈이배추겉절이,S토마토(200g),S멜론(50g),찹쌀밥(75),늙은호박국,삼겹살구이,고구마줄기볶음,깻잎김치,S매실젤리,S두유(150ml),찹쌀밥(75),소고기얼갈이국,볼어묵채소조림,봄동부추겉절이,비트초절이
율무밥(75),두부젓국찌개,맛살볶음,S복숭아(천도)-80g,S사과(35g),율무밥(75),아욱토장국,매콤오징어볶음,아욱나물무침,나박김치,S크림소스스파게티,S오미자아이스크림,율무밥(75),실파장국,(저당)닭갈비,콘샐러드,단배추물김치
찹쌀밥(75),늙은호박국,가지양념찜,S사과(100g),S복숭아(80g),찹쌀밥(75),순한백짬뽕국,춘천닭갈비,진미채초무침,얼갈이배추김치,S단호박견과류찜,S토마토주스,찹쌀밥(75),차돌얼갈이국,온두부+양념장,참나물토마토샐러드,열무물김치
검정콩밥(75),아욱맑은국,해초볶음,S사과(35g),S바나나(50g),검정콩밥(75),오징어찌개,수제비샐러드,참치양파볶음,나박김치,S크림소스스파게티,S두유(150ml),검정콩밥(75),애호박두부젓국,돼지고기청경채볶음,단배추나물,비트초절이
흑미밥(75),두부젓국찌개,파래무채무침,S사과(100g),S복숭아(80g),흑미밥(75),소고기얼갈이국,닭살연근조림,김구이+양념장,단배추물김치,S삶은달걀(30g),S코코아,흑미밥(75),모듬어묵국,매콤오징어볶음,단배추나물,깻잎김치
흑미밥(75),아욱토장국,고구마순된장무침,S사과(35g),S복숭아(천도)-60g,흑미밥(75),소고기국,소고기당면불고기,호박나물,나박김치,S크림떡볶이,S코코아,흑미밥(75),유부맑은국,매콤오삼불고기,얼갈이배추겉절이,비트초절이
찰현미밥(75),두부젓국찌개,감자당근채볶음,S멜론(50g),S사과(35g),찰현미밥(75),동태살무국,닭살연근조림,아욱나물무침,배추김치,S쿠키,S두유(200ml),찰현미밥(75),유부쑥갓맑은국,온두부+양념장,감자당근채볶음,오이소박이김치
수수밥(75),팽이장국,얼갈이된장나물,S자두(50g),S복숭아(천도)-60g,수수밥(75),달래맑은국,소고기당면불고기,참나물토마토샐러드,열무김치,S크림소스스파게티,S두유(100ml),수수밥(75),우동국물,볼어묵채소조림,얼갈이배추겉절이,나박김치
흑미밥(75),소고기얼갈이국,자두샐러드,S복숭아(황도)-60g,S블루베리(50g),흑미밥(75),건새우감자국,삼치쌈장조림,깻잎찜,비트초절이,S단호박샐러드,S토마토쉐이크,흑미밥(75),애호박새우젓국,차돌숙주볶음,땅콩우엉조림,열무물김치
찰현미밥(75),가지냉국,맛살볶음,S멜론(50g),S복숭아(황도)-60g,찰현미밥(75),도토리묵냉국,닭다리살굴소스볶음,얼갈이무침,단배추물김치,S크림소스스파게티,S수제블루베리바나나우유,찰현미밥(75),닭고기채소찌개,오리훈제구이,단배추나물,총각김치
찹쌀밥(75),다슬기아욱국,감자당근채볶음,S복숭아(황도)-60g,S사과(35g),찹쌀밥(75),매콤소고기숙주국,소고기청경채볶음,미역줄기채소볶음,오이소박이김치,S채소스크램블에그,S고칼슘우유(100ml),찹쌀밥(75),유부쑥갓맑은국,가지구이,(우유제외)옥수수토마토소스볶음,비트초절이
찹쌀팥밥(75),동태살무국,참나물토마토샐러드,S멜론(50g),S자두(50g),찹쌀팥밥(75),쑥갓어묵국,오리훈제구이,얼갈이배추겉절이,배추김치,S크림소스스파게티,S오미자아이스크림,찹쌀팥밥(75),팽이장국,연근전,고구마줄기볶음,깻잎김치
찹쌀현미밥(75),늙은호박국,맛살볶음,S멜론(75g),S복숭아(천도)-60g,찹쌀현미밥(75),차돌얼갈이국,오징어볶음,건새우애호박볶음,비트초절이,S크림떡볶이,S둥글레차,찹쌀현미밥(75),아욱장국,닭가슴살고구마볶음,단배추나물,오이소박이김치
완두콩밥(75),오징어찌개,가지나물무침,S사과(35g),S참외(50g),완두콩밥(75),차돌얼갈이국,닭감자조림,단배추된장무침,열무물김치,S크림소스스파게티,S고칼슘우유(100ml),완두콩밥(75),미니우동,매콤낙지채소볶음,애호박볶음,나박김치
감자밥(75),청국장국,감자채요거트샐러드,S사과(50g),S복숭아(천도)-80g,감자밥(75),늙은호박국,매콤오징어볶음,파래무채무침,비트초절이,S새우채소전,S오미자아이스크림,감자밥(75),모듬어묵국,치즈닭갈비,파래무침,깻잎김치
찹쌀보리밥(75),동태살무국,단호박견과류찜,S복숭아(황도)-80g,S멜론(50g),찹쌀보리밥(75),아욱장국,떡갈비간장조림,두부톳무침,동치미,S매실젤리,S고칼슘우유(100ml),찹쌀보리밥(75),팽이장국,삼겹살구이,콘샐러드,단무지무침
잡곡밥(75),동태살쑥갓국,상추쌈,S복숭아(80g),S복숭아(천도)-80g,잡곡밥(75),늙은호박국,오징어새우볶음,파래무채무침,비트초절이,S치즈,S오미자아이스크림,잡곡밥(75),모듬어묵국,소고기파인애플볶음,맛살볶음,단배추물김치
찹쌀보리밥(75),매콤소고기숙주국,콩나물잡채,S사과(75g),S멜론(75g),찹쌀보리밥(75),늙은호박국,돼지고기청경채볶음,감자당근채볶음,총각김치,S채소스크램블에그,S수제딸기우유,찹쌀보리밥(75),모듬버섯찌개,오징어볶음,단배추나물,깍두기
밤찹쌀팥밥(75),매콤소고기숙주국,참치양파볶음,S사과(35g),S참외(50g),밤찹쌀팥밥(75),늙은호박국,레몬소스탕수육,무미역무침,열무물김치,S애플파이,S보리차,밤찹쌀팥밥(75),건새우된장국,오징어채소볶음,진미채채소무침,나박김치
밤찹쌀팥밥(75),동태살국,시금치된장무침,S단감(50g),S자두(50g),밤찹쌀팥밥(75),어묵탕,검은깨고구마맛탕,호박나물,깻잎김치,S치즈,S바나나쉐이크,밤찹쌀팥밥(75),유부쑥갓맑은국,닭채볶음,도라지나물(간장),배추김치
잡곡밥(75),아욱토장국,숙주당근나물,S사과(35g),S단감(50g),잡곡밥(75),모듬어묵국,오리훈제구이,콘샐러드,비트초절이,S크림소스스파게티,S바나나쉐이크,잡곡밥(75),가지냉국,(우유제외)햄오믈렛,매쉬드포테이토,단배추물김치
흑미밥(75),쑥갓어묵국,참치양파볶음,S사과(35g),S멜론(50g),흑미밥(75),팽이장국,두부톳무침,얼갈이무침,배추김치,S삶은고구마,S오미자아이스크림,흑미밥(75),우동국물,오징어볶음,감자당근채볶음,열무김치
잡곡밥(75),두부젓국찌개,콘샐러드,S사과(35g),S복숭아(천도)-60g,잡곡밥(75),근대국,두부채소전,애호박볶음,나박김치,S크림소스스파게티,S보리차,잡곡밥(75),소고기얼갈이국,매콤오징어볶음,요거트과일샐러드,비트초절이
기장밥(75),늙은호박국,가지나물무침,S멜론(75g),S사과(35g),기장밥(75),오징어찌개,감자그라탕,동초무침,얼갈이배추김치,S새우채소전,S둥글레차,기장밥(75),차돌박이된장국,매콤낙지채소볶음,무미역무침,열무물김치
밤밥(75),두부맑은국,숙주당근나물,S복숭아(80g),S멜론(50g),밤밥(75),동태살무국,(저염)갈치조림,아욱나물무침,나박김치,S크로와상,S보리차,밤밥(75),버섯개장,떡갈비간장조림,고구마줄기볶음,비트초절이
팥밥(75),설렁탕,건새우애호박볶음,S사과(100g),S배(50g),팥밥(75),소고기우거지국,삼치데리야끼소스튀김,감자당근채볶음,단배추물김치,S단호박꿀찜,S고칼슘두유(190ml),팥밥(75),실파장국,가지구이,얼갈이배추겉절이,깻잎김치
기장밥(75),애호박두부젓국찌개,단배추멸치조림,S사과(35g),S멜론(50g),기장밥(75),팽이장국,햄구이,얼갈이무침,비트초절이,S냉콩국+소면,S보리차,기장밥(75),버섯개장,닭날개간장조림,쑥갓나물,배추김치
찹쌀팥밥(75),가지냉국,애호박볶음,S사과(100g),S복숭아(60g),찹쌀팥밥(75),청국장국,오징어두루치기,감자당근채볶음,단배추물김치,S크림소스스파게티,S고칼슘두유(190ml),찹쌀팥밥(75),모듬버섯찌개,닭살고구마조림,동초무침,깻잎김치
잡곡밥(75),아욱토장국,숙주당근나물,S사과(100g),S복숭아(천도)-80g,잡곡밥(75),늙은호박국,매콤오징어볶음,맛살볶음,총각김치,S크림떡볶이,S검은콩두유(200ml),잡곡밥(75),모듬어묵국,다시마튀각,삶은달걀,비트초절이
쌀밥(75),감자된장국,가지양념무침,S사과(35g),S복숭아(60g),쌀밥(75),감자된장찌개,뿌리채소맛탕,매쉬드포테이토,단배추물김치,S크림소스스파게티,S오미자아이스크림,쌀밥(75),청국장국,토마토카프레제,가지나물무침,깻잎김치
밤밥(75),미니새우튀김우동,요거트과일샐러드,S사과(100g),S멜론(75g),밤밥(75),청국장국,매콤오징어볶음,건취나물간장볶음,깻잎김치,S(우유제외)새우크림소스볶음,S바나나쉐이크,밤밥(75),실파장국,닭살굴소스볶음,진미채초무침,단배추물김치
찰현미밥(75),모듬어묵국,애호박볶음,S사과(100g),S복숭아(80g),찰현미밥(75),건새우시금치국,두부채소전,동초무침,나박김치,S크림소스스파게티,S두유(150ml),찰현미밥(75),닭고기채소찌개,삼치무조림,맛살볶음,총각김치
찹쌀보리밥(75),동태살무국,옥수수토마토소스볶음,S사과(35g),S멜론(50g),찹쌀보리밥(75),모듬버섯찌개,닭가슴살채소말이조림,콘샐러드,비트초절이,S단호박샐러드(마요네즈),S고칼슘두유(190ml),찹쌀보리밥(75),유부쑥갓맑은국,매콤낙지채소볶음,가지무침,배추김치
팥밥(75),단호박새우젓국,진미채초무침,S청포도(100g),S아몬드,팥밥(75),연두부새우젓국,차돌양배추볶음,버섯채소볶음,열무물김치,S단호박견과류찜,S(우유제외)수제블루베리우유,팥밥(75),바지락미역국,무나물볶음,게맛살파프리카볶음,나박김치
옥수수밥(75),청국장국,얼갈이나물,S멜론(50g),S복숭아(천도)-80g,옥수수밥(75),가지냉국,닭채볶음,참치양파볶음,비트초절이,S채소스크램블에그,S(우유제외)수제블루베리우유,옥수수밥(75),대구지리,칠리새우,콘샐러드,단배추물김치
기장밥(75),어묵국수,진미채초무침,S복숭아(80g),S사과(35g),기장밥(75),소고기얼갈이국,매콤오징어볶음,상추오이무침,배추김치,S냉콩국+소면,S보리차,기장밥(75),애호박두부젓국찌개,소고기채소조림,미역줄기채소볶음,얼갈이배추김치
기장밥(75),두부젓국찌개,가지무침,S멜론(50g),S자두(50g),기장밥(75),동태살무국,매콤오징어볶음,얼갈이무침,깻잎김치,S(우유제외)수제멸치과자,S쌀음료,기장밥(75),모듬버섯찌개,차돌양배추볶음,쑥갓나물,나박김치
감자밥(75),팽이장국,감자당근채볶음,S사과(50g),S멜론(75g),감자밥(75),두부맑은국,(저염)갈치조림,김구이+양념장,콜라비나박김치,S채소스크램블에그,S수제딸기우유,감자밥(75),어묵국수,칠리새우,아욱나물무침,배추김치
팥밥(75),김치두부국,요거트과일샐러드,S사과(35g),S멜론(75g),팥밥(75),청국장국,어묵피망볶음,동초무침,비트초절이,S쿠키,S오미자아이스크림,팥밥(75),늙은호박국,오리훈제구이,김치볶음,단배추물김치
수수밥(75),청국장국,파래무채무침,S복숭아(천도)-60g,S멜론(50g),새우크림스파게티,우동국물,오징어청경채볶음,콘샐러드,비트초절이,S쿠키,S둥글레차,수수밥(75),오징어찌개,소고기청경채볶음,실곤약채소무침,총각김치
잡곡밥(75),청국장국,고구마줄기볶음,S사과(50g),S멜론(50g),잡곡밥(75),모듬버섯찌개,감자그라탕,파래무채무침,깻잎김치,S치즈,S검은콩두유(100ml),새우크림스파게티,실파장국,볼어묵조림,실곤약채소무침,배추김치
잡곡밥(75),늙은호박국,당근스틱,S멜론(50g),S사과(35g),우동,매콤애호박국,감자그라탕,파래무채무침,비트초절이,S크림소스스파게티,S보리차,잡곡밥(75),가지냉국,닭살연근조림,맛살볶음,단배추물김치
소고기무밥+양념장,(저염)닭곰탕,고구마줄기볶음,S복숭아(천도)-80g,S당근스틱,수수밥(75),다슬기된장국(올갱이국),뿌리채소맛탕,깻잎순나물볶음,깍두기,S냉콩국+소면,S코코아,수수밥(75),실파장국,볼어묵채소조림,실곤약채소무침,배추김치
완두콩밥(75),(저염)닭곰탕,애호박볶음,S복숭아(천도)-60g,S사과(50g),파인콘채소볶음밥,건새우맑은국,닭살청경채볶음,게맛살파프리카볶음,단배추물김치,S찐빵,S바나나쉐이크,완두콩밥(75),늙은호박국,오리훈제구이,건취나물간장볶음,깻잎김치
고구마밥(75),우동국물,채소샐러드,S멜론(50g),S사과(35g),고구마밥(75),오징어찌개,병어조림,진미채초무침,비트초절이,S크림소스스파게티,S코코아,오징어채소덮밥,묵국,닭감자조림,콘샐러드,배추김치
검정콩밥(75),청국장국,감자채소조림,S멜론(75g),S사과(50g),검정콩밥(75),실파장국,소고기청경채볶음,파인콘샐러드,나박김치,S떡볶이,S우유(150ml),새우부추볶음밥,맑은가쓰오부시장국,소면채소무침,매쉬드포테이토,오이소박이김치
완두콩밥(75),맑은가쓰오부시장국,치즈닭갈비,S멜론(50g),S사과(35g),완두콩밥(75),유부쑥갓맑은국,매콤오징어볶음,미역초무침,열무물김치,S크림소스스파게티,S둥글레차,소고기하이라이스,애호박젓국,땅콩우엉조림,아욱나물무침,비트초절이
보리밥(75),늙은호박국,(우유제외)감자버터구이,S파인애플(50g),S사과(50g),보리밥(75),우거지맑은국,돼지고기장조림,미역줄기채소볶음,배추김치,S치즈,S코코아,소고기가지덮밥,우동국물,춘권튀김,매쉬드포테이토,깻잎김치
크림소스스파게티,팽이장국,건새우애호박볶음,S복숭아(천도)-60g,S사과(50g),차조밥(75),청국장국,맛살어묵볶음,숙주당근나물,단배추물김치,S찐고구마,S오미자아이스크림,차조밥(75),실파장국,온두부+양념장,깻잎순나물볶음,단배추물김치
오징어채소덮밥,팽이버섯맑은국,애호박볶음,S멜론(50g),S사과(50g),고구마밥(75),오징어찌개,뼈없는닭갈비,양념가지찜,나박김치,S옥수수버터구이,S미숫가루,고구마밥(75),소고기양파국,단호박채소전,단배추멸치조림,얼갈이배추김치
치즈채소볶음밥,오징어숙주국,우엉간장조림,S복숭아(천도)-60g,S당근스틱,보리밥(75),유부쑥갓맑은국,오징어청경채볶음,상추오이무침,배추김치,S약과,S보리차,보리밥(75),대구지리,매콤주꾸미볶음,양파초절임,비트초절이
새우크림스파게티,팽이장국,당근스틱,S복숭아(백도)-80g,S사과(35g),찹쌀보리밥(75),해물탕,맛살무침,건취나물간장볶음,나박김치,S찐고구마,S두유(150ml),찹쌀보리밥(75),맑은가쓰오부시장국,오징어완자전,곤드레나물볶음,콜라비나박김치
밤밥(75),쑥국,콩나물잡채,S참외(100g),S복숭아(천도)-60g,밤밥(75),무채국,떡갈비간장조림,매쉬드포테이토,단배추물김치,S크림소스스파게티,S망고주스,밤밥(75),오징어찌개,닭가슴살고구마볶음,당근숙주나물,총각김치
팥밥(75),팽이장국,고구마순된장무침,S사과(50g),S복숭아(황도)-60g,팥밥(75),얼갈이된장국,뿌리채소맛탕,요거트과일샐러드,비트초절이,S영양주먹밥,S오미자아이스크림,유부초밥,안매운닭개장,어묵곤약조림,깻잎순나물볶음,배추김치
찹쌀팥밥(75),새우젓국찌개,가지양념찜,S사과(35g),S당근스틱,찹쌀팥밥(75),청국장국,삼겹살구이,얼갈이무침,단배추물김치,S크림소스스파게티,S토마토주스,소고기무밥+양념장,김치두부찌개,볼어묵채소조림,미역줄기채소볶음,얼갈이배추김치
달걀주먹밥,양배추맑은국,다시마튀각,S복숭아(천도)-80g,S사과(50g),보리밥(75),얼갈이된장국,게살스크램블에그,소시지케첩채소조림,나박김치,S크림빵,S토마토주스,보리밥(75),늙은호박국,온두부+양념장,당근숙주나물,비트초절이
찹쌀보리밥(75),쑥갓어묵국,김구이+달래양념장,S멜론(50g),S사과(35g),오징어채소덮밥,두부젓국찌개,애호박볶음,숙주당근나물,파김치,S크림소스스파게티,S보리차,찹쌀보리밥(75),유부쑥갓맑은국,병어조림,두부채소전,배추김치
기장밥(75),늙은호박국,콘샐러드,S멜론(75g),S사과(50g),새우크림스파게티,팽이장국,감자그라탕,진미채초무침,비트초절이,S검은깨죽,S둥글레차,기장밥(75),우동국물,매콤오징어볶음,참나물토마토샐러드,열무김치
잡곡밥(75),실파장국,숙주당근나물,S참외(100g),S당근스틱,잡곡밥(75),맑은장국,뼈없는닭갈비,게살마요무침,나박김치,B으깬견과류고구마샐러드(요거트),S보리차,잡곡밥(75),유부쑥갓맑은국,소고기토마토볶음,얼갈이무침,단배추물김치
찹쌀밥(75),쑥갓어묵국,아욱나물무침,S복숭아(80g),S사과(35g),소고기하이라이스,무채국,두부채소전,건취나물간장볶음,깻잎김치,S쿠키,S둥글레차,찹쌀밥(75),늙은호박국,치즈닭갈비,가지양념무침,비트초절이
쌀밥(75),모듬버섯찌개,얼갈이무침,S사과(50g),B오렌지(100g),쌀밥(75),팽이장국,닭가슴살고구마볶음,근대나물된장무침,나박김치,S크림소스스파게티,S검은콩두유(150ml),쌀밥(75),바지락살맑은국,온두부+양념장,매쉬드포테이토,배추김치
수수밥(75),유부쑥갓맑은국,가지무침,S사과(75g),S복숭아(천도)-80g,오징어채소덮밥,우동국물,뿌리채소맛탕,애호박볶음,비트초절이,S찐감자,S오미자아이스크림,수수밥(75),늙은호박국,치즈오믈렛,실곤약채소무침,열무물김치
잡곡밥(75),팽이장국,숙주당근나물,S복숭아(80g),S멜론(75g),소고기가지덮밥,맑은가쓰오부시장국,카레닭가슴살볶음,단배추나물,오이소박이김치,S냉콩국+소면,S보리차,잡곡밥(75),김치두부찌개,수제비샐러드,해초볶음,배추김치
쌀밥(75),동태살무국,애호박볶음,S멜론(50g),S사과(50g),오징어채소덮밥,실파장국,두부채소전,땅콩우엉조림,콜라비나박김치,S크림소스스파게티,S둥글레차,쌀밥(75),애호박두부젓국찌개,매콤오징어볶음,단배추멸치조림,열무김치
팥밥(75),미소장국,당근고구마볶음,S사과(35g),S당근스틱,팥밥(75),청국장국,뿌리채소맛탕,숙주당근나물,총각김치,S냉콩국+소면,S우유(150ml),(우유제외)장조림버터비빔밥,유부쑥갓맑은국,오징어숙회,양상추샐러드(키위드레싱),비트초절이
찹쌀현미밥(75),애호박두부젓국,매쉬드포테이토,S멜론(75g),S사과(35g),해물우동볶음,맑은장국,감자그라탕,실곤약채소무침,열무물김치,S새우채소전,S둥글레차,찹쌀현미밥(75),팽이장국,매콤낙지채소볶음,얼갈이무침,비트초절이
소고기파프리카볶음밥,실파장국,참나물토마토샐러드,S사과(35g),S복숭아(80g),보리밥(75),늙은호박국,치즈닭갈비,근대나물된장무침,나박김치,S냉콩국+소면,S매실쥬스,보리밥(75),연두부맑은국,오징어새우볶음,사과미나리무침,배추김치
찰현미밥(75),무채양파국,콩조림,S청포도(100g),S사과(35g),잔멸치주먹밥,무채국,두부채소전,파래무채무침,갓김치,S쿠키,S토마토주스,찰현미밥(75),닭살미역국,달걀숙주냉채,열무나물,단배추물김치
밤밥(75),새우젓국찌개,숙주당근나물,S사과(35g),S복숭아(80g),밤밥(75),실파장국,햄구이,건새우애호박볶음,나박김치,S냉콩국+소면,S오미자아이스크림,밤밥(75),늙은호박국,닭가슴살고구마볶음,매쉬드포테이토,비트초절이
오징어채소덮밥,두부젓국찌개,애호박볶음,S멜론(50g),S사과(35g),찹쌀팥밥(75),동태살무국,주꾸미떡볶음,김구이+달래양념장,오이소박이김치,S애플파이,S보리차,찹쌀팥밥(75),유부쑥갓맑은국,매콤낙지채소볶음,아욱나물무침,배추김치
소고기콩나물밥+양념장,실파장국,무말랭이,S사과(50g),S당근스틱,보리밥(75),늙은호박국,카레닭가슴살볶음,얼갈이무침,열무물김치,S크림소스스파게티,S둥글레차,보리밥(75),팽이장국,칠리새우,매쉬드포테이토,나박김치
잡곡밥(75),모듬버섯찌개,오징어볶음,S멜론(50g),S사과(35g),새우크림스파게티,쑥갓어묵국,땅콩우엉조림,매쉬드포테이토,비트초절이,S찐고구마,S보리차,잡곡밥(75),새우젓국찌개,닭가슴살고구마볶음,애호박새우젓볶음,단배추물김치
수수밥(75),달걀쑥국,무미역무침,S파인애플(50g),S바나나(50g),유부우동,팽이장국,오징어간장조림,블루베리고구마샐러드,배추김치,S단호박샐러드,S둥글레차,수수밥(75),차돌박이된장국,닭살고구마조림,뱅어포볶음,오이소박이김치
찹쌀보리밥(75),청경채된장국,가지양념무침,S복숭아(80g),S사과(50g),해물우동볶음,단호박새우젓국,맛살채소전,도라지배무침,비트초절이,S간장떡볶이,S우유(150ml),찹쌀보리밥(75),오징어찌개,삼겹살구이,애호박볶음,비트초절이
밤찹쌀팥밥(75),맑은가쓰오부시장국,닭가슴살고구마볶음,S당근스틱,S자두(50g),치즈채소볶음밥,실파장국,사과미나리무침,숙주당근나물,총각김치,S냉콩국+소면,S보리차,밤찹쌀팥밥(75),두부젓국찌개,닭살연근조림,땅콩우엉조림,단배추물김치
흑미밥(75),매콤애호박국,얼갈이무침,S파인애플(50g),S당근스틱,흑미밥(75),우동국물,새우버터구이,고구마줄기볶음,나박김치,S채소찐빵,S레몬주스,크림소스스파게티,팽이장국,옥수수채소튀김,요거트과일샐러드,비트초절이
밤밥(75),청국장국,도라지배무침,S당근스틱,S복숭아(80g),밤밥(75),팽이장국,삼겹살구이,김자반,단배추물김치,S채소찐빵,S(우유제외)수제블루베리우유,소고기가지덮밥,실파장국,두부채소전,매쉬드포테이토,단배추물김치
잡곡밥(75),가자미미역국,애호박새우젓볶음,S복숭아(황도)-80g,S사과(35g),새우크림스파게티,당근황태국,모듬버섯전,김자반,깍두기,S백설기,S오렌지주스(무가당),잡곡밥(75),건새우무국,삼치무찜,무몰무침,총각김치
참치주먹밥,실파장국,매쉬드포테이토,S멜론(50g),S복숭아(천도)-80g,율무밥(75),팽이장국,삼겹살구이,고구마줄기볶음,비트초절이,S크림소스스파게티,S둥글레차,율무밥(75),우동국물,두부채소전,얼갈이무침,열무김치
완두콩밥(75),닭고기채소찌개,동초무침,S멜론(75g),S사과(35g),오징어채소덮밥,동태살쑥갓국,삼치조림,콘샐러드,나박김치,S크림떡볶이,S보리차,완두콩밥(75),모듬버섯찌개,삼치무조림,건새우애호박볶음,단배추물김치
기장밥(75),쑥갓어묵국,참나물토마토샐러드,S자두(50g),S멜론(50g),기장밥(75),동태살무국,뼈없는닭갈비,찐단호박,배추김치,S치즈스틱,S레몬주스,기장밥(75),팽이장국,매콤오징어볶음,잔파느타리버섯강회,열무물김치
찹쌀현미밥(75),(소고기제외)당면양배추국,호두마늘종볶음,S포도(100g),S복숭아(황도)-60g,찹쌀현미밥(75),건새우맑은국,맛살채소전,아욱나물무침,비트초절이,S단팥도너츠,S보리차,토마토새우볶음밥,깻잎된장찌개,닭가슴살버터구이,숙주나물김무침,총각김치
유부초밥,늙은호박국,건취나물간장볶음,S사과(50g),S멜론(50g),기장밥(75),청국장국,돼지고기양배추볶음,양배추유자청무침,단배추물김치,S알리오올리오스파게티,S둥글레차,기장밥(75),모듬버섯찌개,닭채볶음,얼갈이무침,깻잎김치
기장밥(75),아욱토장국,숙주당근나물,S사과(35g),S복숭아(천도)-80g,소고기가지덮밥,실파장국,새우버터구이,김자반,총각김치,S알리오올리오스파게티,S고구마쉐이크,기장밥(75),실파장국,오리훈제구이,무몰무침,나박김치
찹쌀보리밥(75),소고기국,얼갈이배추겉절이,S멜론(50g),S사과(100g),찹쌀보리밥(75),아욱우렁된장국,오징어불고기,맛살볶음,단무지,S채소찐빵,S수정과,소고기무밥+양념장,우동국물,라조기,머위나물,열무김치
차조밥(75),유부쑥갓맑은국,(우유제외)감자그라탕,S당근스틱,S복숭아(천도)-80g,크림소스스파게티,팽이장국,매쉬드포테이토,땅콩우엉조림,비트초절이,S샌드위치,S보리차,차조밥(75),늙은호박국,돼지고기청경채볶음,요거트과일샐러드,총각김치
해물우동볶음,유부쑥갓맑은국,미역초무침,S사과(35g),S당근스틱,찹쌀현미밥(75),팽이장국,닭살굴소스볶음,땅콩우엉조림,비트초절이,S찐감자,S고구마쉐이크,찹쌀현미밥(75),동태살무국,치즈닭갈비,팽이맛살볶음,배추김치
보리밥(75),맑은가쓰오부시장국,고구마순된장무침,S사과(35g),S복숭아(80g),보리밥(75),버섯개장,수제비샐러드,애호박건새우볶음,나박김치,S샌드위치,S보리차,소고기가지덮밥,우동국물,단호박고구마샐러드,얼갈이무침,비트초절이
보리밥(75),청국장국,땅콩우엉조림,S멜론(50g),S사과(50g),새우크림스파게티,실파장국,감자그라탕,양상추요거트샐러드,단배추물김치,S단호박찜,S둥글레차,보리밥(75),감자된장국,떡갈비간장조림,파래무채무침,총각김치
잡곡밥(75),북어무국,(저염)갈치조림,S사과(100g),S귤(50g),잡곡밥(75),버섯무국,뱅어포간장조림,콘샐러드,열무김치,S크로와상(30g),S고구마쉐이크,참치김치볶음밥,모듬어묵장국,가지양념찜,팽이맛살볶음,깍두기
옥수수밥(75),팽이장국,매콤오징어볶음,S복숭아(80g),S사과(35g),옥수수밥(75),실파장국,돼지고기청경채볶음,얼갈이배추겉절이,열무물김치,S냉콩국+소면,S보리차,오징어덮밥,애호박두부젓국찌개,매쉬드포테이토,요거트과일샐러드,나박김치
완두콩짜장밥,늙은호박국,땅콩우엉조림,S귤(80g),S복숭아(황도)-60g,감자밥(75),맑은미역국,삼치유자청구이,머위나물,비트초절이,S치즈,S고구마쉐이크,감자밥(75),양지곰국,깻잎감자전,도라지나물(간장),비트초절이
찹쌀팥밥(75),쑥갓어묵탕,숙주당근나물,S멜론(50g),S복숭아(천도)-80g,소고기가지덮밥,청국장국,매콤주꾸미볶음,매쉬드포테이토,총각김치,S크림소스스파게티,S보리차,찹쌀팥밥(75),쑥갓어묵국,두부채소전,애호박새우젓볶음,나박김치
완두콩밥(75),대구지리,실곤약채소무침,S자두(50g),S사과(35g),오징어채소덮밥,우동국물,감자그라탕,참나물토마토샐러드,배추김치,S매실젤리,S레몬주스,완두콩밥(75),팽이장국,치즈닭갈비,땅콩우엉조림,깻잎김치
오징어덮밥,두부젓국찌개,매쉬드포테이토,S블루베리(50g),S멜론(50g),감자밥(75),실파장국,닭가슴살고구마볶음,무미역무침,비트초절이,S크림소스스파게티,S보리차,감자밥(75),애호박두부젓국찌개,소고기잡채,단배추멸치조림,콜라비나박김치
검정콩밥(75),늙은호박국,미역무침,S사과(100g),S멜론(75g),검정콩밥(75),북어김치국,오징어불고기,두부열무나물,나박김치,S삶은달걀(30g),S쌀음료,검정콩밥(75),팽이장국,감자그라탕,실곤약채소무침,열무김치
소고기가지덮밥,청국장국,미역무침,S배(50g),S멜론(75g),완두콩밥(75),맑은장국,감자부추전,콘샐러드,비트초절이,S크림소스스파게티,S식혜,완두콩밥(75),실파장국,미역귀튀각,매쉬드포테이토,단배추물김치
참치주먹밥,두부젓국찌개,애호박새우젓볶음,S멜론(50g),S사과(35g),현미밥(75),대구지리,수제비샐러드,숙주당근나물,총각김치,S크림떡볶이,S보리차,현미밥(75),아욱토장국,삼치양념구이,가지양념무침,나박김치
보리밥(75),아욱우렁된장국,땅콩우엉조림,S사과(50g),S배(50g),보리밥(75),팽이장국,닭피망볶음,요거트과일샐러드,비트초절이,S(우유제외)크랜베리찹쌀케이크,S둥글레차,참나물유부초밥,실파장국,깻잎감자전,동초무침,배추김치
간장비빔국수,연두부맑은국,호박고지나물,S(우유제외)과일화채,S멜론(50g),밤밥(75),무채양파국,닭살스테이크볶음,뱅어포조림,단배추물김치,S크로와상,S토마토쉐이크,밤밥(75),양파당면국,골뱅이무침,표고버섯간장볶음,깍두기
우엉소고기볶음밥,닭가슴살미역국,콩나물간장무침,S복숭아(황도)-80g,S오이스틱,옥수수밥(75),다시마채국,삼치유자청구이,무초절임,콜라비나박김치,S단호박떡케익,S우유미숫가루,옥수수밥(75),유부맑은국,매콤어묵볶음,숙주나물,얼갈이배추김치
크림소스스파게티,애호박된장국,아욱나물무침,S멜론(50g),S복숭아(천도)-80g,찹쌀현미밥(75),맑은장국,삼겹살구이,숙주당근나물,단배추물김치,S크림소스스파게티,S보리차,찹쌀현미밥(75),늙은호박국,어묵감자조림,애호박건새우볶음,비트초절이
단호박수제비,동태살무국,미역초무침,S사과(35g),S복숭아(80g),팥밥(75),유부쑥갓맑은국,비엔나도라지볶음,사과미나리무침,나박김치,S크림빵,S고구마쉐이크,팥밥(75),팽이장국,매콤오징어볶음,참나물토마토샐러드,배추김치
찹쌀밥(75),쑥갓어묵국,땅콩우엉무침,S멜론(75g),S사과(35g),해물우동볶음,우동국물,두부채소전,맛살볶음,콜라비나박김치,S크림소스스파게티,S보리차,찹쌀밥(75),다슬기아욱국,오리훈제구이,땅콩우엉조림,오이소박이김치
유부초밥,우동면국,애호박새우젓볶음,S사과(50g),S복숭아(황도)-60g,밤찹쌀팥밥(75),북어국,매콤오징어볶음,미역초무침,깻잎김치,S약과,S(우유제외)수제딸기두유,밤찹쌀팥밥(75),늙은호박국,가지구이,아욱나물무침,배추김치
잡곡밥(75),팽이장국,브로콜리새우볶음,S멜론(50g),S복숭아(천도)-80g,단호박수제비,연두부된장찌개,매콤낙지채소볶음,애호박볶음,나박김치,S크림소스스파게티,S둥글레차,잡곡밥(75),유부쑥갓맑은국,춘천닭갈비,요거트과일샐러드,비트초절이
소고기가지덮밥,실파장국,당근스틱,S사과(35g),S복숭아(80g),찹쌀밥(75),동태살무국,브로콜리숙회+초고추장,상추오이무침,배추김치,S크림떡볶이,S떠먹는요구르트(100ml),찹쌀밥(75),(소고기제외)당면양배추국,삼치레몬구이,건새우애호박볶음,오이소박이김치
감자밥(75),대구지리,무말랭이무침,S당근스틱,S블루베리(50g),감자밥(75),근대국,어묵감자조림,치커리겉절이,단배추물김치,S크림소스스파게티,S(우유제외)수제딸기두유,감자밥(75),버섯부추국,깻잎감자전,건취나물간장볶음,비트초절이
쌀밥(75),오징어찌개,감자당근채볶음,S귤(50g),S사과(35g),쌀밥(75),팽이장국,매콤낙지채소볶음,매쉬드포테이토,나박김치,S크림빵,S우유(150ml),오징어채소덮밥,두부젓국찌개,돼지고기굴소스볶음,오이치커리무침,열무물김치
완두콩밥(75),달래맑은국,곤드레나물볶음,S사과(100g),S멜론(50g),완두콩밥(75),배추맑은국,소고기가래떡볶음,과일땅콩샐러드,단배추물김치,S찐감자,S오미자아이스크림,우엉채소볶음밥,애호박새우젓국,삼치무조림,깻잎멸치찜,비트초절이
찹쌀밥(75),쑥갓어묵국,무화과땅콩조림,S사과(75g),S멜론(50g),파프리카유부초밥,연두부새우젓국,닭가슴살구이+소스,찐고구마,총각김치,S스크램블에그(버터),S보리차,찹쌀밥(75),유부대파국,두부채소전,오이치커리무침,나박김치
쌀밥(75),두부젓국찌개,오이치커리무침,S당근스틱,S복숭아(천도)-80g,쌀밥(75),실파장국,삼겹살구이,과일땅콩샐러드,비트초절이,S크림소스스파게티,S떠먹는요구르트(100ml),쌀밥(75),늙은호박국,어묵감자조림,얼갈이무침,배추김치
오징어채소덮밥,무국,무미역무침,S복숭아(황도)-80g,S사과(100g),찰현미밥(75),어묵탕,차돌양배추볶음,아욱나물무침,나박김치,S매실젤리,S보리차,찰현미밥(75),홍합살미역국,닭가슴살버터구이,청경채초무침,콜라비나박김치
미나리불고기덮밥,당근황태국,버섯채소볶음,S복숭아(80g),S사과(35g),현미밥(75),청경채된장국,버섯채소전,게맛살파프리카볶음,총각김치,S단팥도너츠,S우유(150ml),현미밥(75),유부대파국,브로콜리오징어무침,잔파느타리버섯강회,오이피클
완두콩밥(75),오징어찌개,애호박볶음,S복숭아(황도)-80g,S당근스틱,밤밥(75),모듬버섯찌개,떡갈비간장조림,오이치커리무침,오이소박이김치,S크림소스스파게티,S망고주스,밤밥(75),늙은호박국,참치치즈전,깻잎멸치찜,나박김치
오징어채소덮밥,새우젓국찌개,매쉬드포테이토,S사과(75g),S복숭아(80g),찹쌀현미밥(75),실파장국,오리훈제구이,진미채초무침,비트초절이,S치즈스틱,S보리차,찹쌀현미밥(75),가지냉국,닭가슴살양배추볶음,찐단호박,단배추물김치
검정콩밥(75),팽이장국,미나리사과무침,S멜론(50g),S복숭아(천도)-60g,검정콩밥(75),동태살무국,매콤낙지채소볶음,당근숙주나물,나박김치,S냉콩국+소면,S매실쥬스,채소유부초밥,매콤애호박국,닭가슴살굴소스볶음,미역초무침,배추김치
잡곡밥(75),다슬기아욱국,땅콩우엉조림,S멜론(75g),S사과(35g),소고기하이라이스,우동국물,미역귀튀각,애호박새우젓볶음,비트초절이,S크림소스스파게티,S보리차,잡곡밥(75),실파장국,돼지고기청경채볶음,동초무침,오이소박이김치
율무밥(75),청국장국,얼갈이무침,S복숭아(천도)-80g,S과일샐러드(요거트드레싱),참치주먹밥,모듬버섯찌개,매콤오징어볶음,가지나물무침,단배추물김치,S애플파이,S둥글레차,율무밥(75),늙은호박국,치즈닭갈비,가지양념무침,깻잎김치
흑미밥(75),다시마새우젓국,맛살양상추샐러드,S사과(35g),S복숭아(백도)-80g,해물우동볶음,우동국물,돼지고기청경채볶음,팽이버섯볶음,비트초절이,S크림떡볶이,S우유(150ml),흑미밥(75),오징어숙주국,매콤낙지채소볶음,건취나물간장볶음,오이소박이김치
검정콩밥(75),실파장국,김구이+달래양념장,S복숭아(천도)-60g,S귤(50g),오징어채소덮밥,팽이장국,소면채소무침,고구마줄기볶음,나박김치,S크림소스스파게티,S우유(150ml),검정콩밥(75),쑥갓어묵국,닭고기장똑똑이,김치볶음,단배추물김치
찹쌀팥밥(75),순한백짬뽕국,실곤약채소무침,S사과(35g),S멜론(50g),찹쌀팥밥(75),팽이장국,삼겹살구이,얼갈이무침,배추김치,S단호박샐러드,S둥글레차,찹쌀팥밥(75),우동국물,볼어묵채소조림,매쉬드포테이토,비트초절이
오징어채소덮밥,다슬기된장국,오이치커리무침,S복숭아(천도)-80g,S귤(50g),보리밥(75),늙은호박국,떡갈비간장조림,애호박볶음,오이소박이김치,S애플파이,S떠먹는요구르트(100ml),찹쌀현미밥(75),유부쑥갓맑은국,닭살연근조림,실곤약채소무침,나박김치
밤밥(75),어묵국수,진미채채소무침,S사과(35g),S멜론(50g),새우크림스파게티,팽이장국,뿌리채소맛탕,매쉬드포테이토,비트초절이,S참치주먹밥,S둥글레차,밤밥(75),실파장국,병어조림,무미역무침,배추김치
찰현미밥(75),김치양파국,참치양파볶음,S사과(75g),S멜론(50g),찰현미밥(75),다슬기아욱국,훈제오리숙주볶음,노각나물,나박김치,S크림소스스파게티,S바나나쉐이크,소고기굴소스볶음밥,유부대파국,가지구이,양배추초절임,나박김치
베이컨채소볶음밥,청국장국,매쉬드포테이토,S복숭아(80g),S사과(35g),흑미밥(75),모듬버섯찌개,매콤오징어볶음,건취나물간장볶음,단배추물김치,S크림빵,S우유(150ml),흑미밥(75),오징어찌개,닭다리살굴소스볶음,땅콩우엉조림,단배추물김치
흑미밥(75),건새우무국,무채무침,S사과(50g),S복숭아(80g),흑미밥(75),얼갈이배추국,동태살전,애호박볶음,나박김치,S찐감자,S보리차,새우크림스파게티,무국,닭고기장똑똑이,부추배무침,비트초절이
찹쌀밥(75),모듬버섯찌개,가지양념무침,S호두,S멜론퓨레,찹쌀밥(75),늙은호박국,찹쌀탕수육,건취나물간장볶음,깻잎김치,웨지감자,S매실쥬스,베이컨주먹밥,호박감자수제비국,토마토카프레제,다시마북어볶음,단배추물김치
소고기가지덮밥,청국장국,도라지배무침,S멜론(50g),S복숭아(천도)-80g,흑미밥(75),아욱토장국,두부채소전,참치양파볶음,비트초절이,S크림빵,S보리차,흑미밥(75),실파장국,북어볶음,매쉬드포테이토,총각김치
크림리조또,유부쑥갓맑은국,땅콩우엉조림,S사과(35g),S복숭아(80g),잡곡밥(75),팽이장국,오리훈제구이,얼갈이무침,배추김치,S크림소스스파게티,S쌀음료,잡곡밥(75),우동국물,볼어묵채소조림,애호박볶음,깻잎김치
차조밥(75),두부젓국찌개,오이치커리무침,S당근스틱,S귤(50g),오징어채소덮밥,동태살무국,미역귀튀각,요거트과일샐러드,비트초절이,S크림떡볶이,S떠먹는요구르트(100ml),차조밥(75),실파장국,볼어묵채소조림,참나물토마토샐러드,비트초절이
고구마밥(75),늙은호박국,해초볶음,S멜론(50g),S복숭아(천도)-80g,고구마밥(75),유부쑥갓맑은국,돼지고기청경채볶음,아욱된장무침,배추김치,S크림소스스파게티,S두유(150ml),소고기콩나물밥+양념장,팽이장국,닭다리살굴소스볶음,마늘쫑무침,열무물김치
베이컨채소볶음밥,얼갈이맑은국,근대나물,S블루베리(50g),S멜론(50g),찹쌀밥(75),건새우맑은국,삼치무조림,부추배무침,나박김치,S크로와상,S보리차,찹쌀밥(75),달래맑은국,수제비샐러드,애호박새우젓볶음,비트초절이
잡곡밥(75),두부젓국찌개,가지양념찜,S복숭아(80g),S사과(35g),잡곡밥(75),동태살무국,닭가슴살채소말이조림,동초무침,오이소박이김치,S크림소스스파게티,S둥글레차,잡곡밥(75),유부쑥갓맑은국,매콤오징어볶음,참나물토마토샐러드,열무물김치
밤찹쌀팥밥(75),청국장찌개,얼갈이무침,S멜론(50g),S사과(50g),밤찹쌀팥밥(75),우동국물,채소맛살전,아욱나물무침,비트초절이,S크로와상,S매실쥬스,밤찹쌀팥밥(75),실파장국,오징어불고기,실곤약채소무침,배추김치
잡곡밥(75),삼계탕,얼갈이무침,S멜론(50g),S사과(35g),잡곡밥(75),청국장국,오징어불고기,콘샐러드,단배추물김치,S크림소스스파게티,S떠먹는요구르트(100ml),잡곡밥(75),늙은호박국,칠리새우,참치양파볶음,단배추물김치
쌀밥(75),팽이장국,매쉬드포테이토,S복숭아(천도)-80g,S자두(50g),오징어덮밥,다슬기된장국,온두부+양념장,파래무채무침,비트초절이,S쿠키,S오미자아이스크림,쌀밥(75),동태살무국,매콤낙지채소볶음,과일샐러드(요거트드레싱),배추김치
옥수수밥(75),늙은호박국,진미채초무침,S사과(35g),S복숭아(황도)-80g,옥수수밥(75),실파장국,오리훈제구이,단배추멸치조림,열무물김치,S크림소스스파게티,S고구마쉐이크,소고기가지덮밥,우동국물,브로콜리오징어무침,콘샐러드,나박김치
흑미밥(75),닭고기채소찌개,숙주당근나물,S사과(35g),S복숭아(천도)-80g,흑미밥(75),청국장국,닭가슴살고구마볶음,콩나물잡채,비트초절이,S떡볶이,S보리차,새우크림스파게티,유부대파국,볼어묵채소조림,단배추나물,단배추물김치
파프리카유부초밥,감자미역국,무몰무침,S사과(75g),S멜론(50g),완두콩밥(75),단호박새우젓국,가자미구이,찐고구마,깻잎김치,S스크램블에그(버터),S망고주스,완두콩밥(75),유부대파국,닭가슴살구이+소스,오이치커리무침,총각김치
찰현미밥(75),새우젓국찌개,숙주당근나물,S복숭아(천도)-60g,S멜론(50g),깍두기치즈볶음밥,애호박맑은국,달걀채소볶음,찐고구마,비트초절이,S치즈,S두유(100ml),찰현미밥(75),우동국물,떡갈비간장조림,콘샐러드,배추김치
찰현미밥(75),매콤애호박국,(저당)닭갈비,S귤(50g),S당근스틱,찰현미밥(75),호박감자수제비국,삼치무조림,감자당근채볶음,나박김치,S크림빵,S고칼슘두유(190ml),소고기가지덮밥,실파장국,가지구이,깻잎멸치찜,오이소박이김치
찰현미밥(75),당근황태국,오징어치즈전,S복숭아(황도)-80g,S멜론(50g),찰현미밥(75),곰국,닭갈비구이,찐당근스틱,파프리카피클,S녹차밤양갱,S고구마쉐이크,파인애플새우볶음밥,건새우무국,숙주나물무침,봄동나물,비트초절이
찹쌀보리밥(75),실파장국,땅콩우엉조림,S멜론(50g),S복숭아(60g),찹쌀보리밥(75),늙은호박국,채소크로켓,고구마줄기볶음,깻잎김치,S크림떡볶이,S보리차,소고기가지덮밥,모듬버섯찌개,숙주맛살무침,매쉬드포테이토,단배추물김치
찰현미밥(75),맑은장국,요거트과일샐러드,S사과(35g),S멜론(50g),찰현미밥(75),팽이장국,주꾸미떡볶음,오이치커리무침,배추김치,스크램블에그,S고구마쉐이크,오징어채소덮밥,유부대파국,볼어묵채소조림,콘샐러드,배추김치
팥밥(75),청국장국,애호박새우젓볶음,S참외(100g),S멜론(75g),소고기하이라이스,아욱토장국,오징어볶음,진미채초무침,나박김치,S냉콩국+소면,S보리차,팥밥(75),늙은호박국,삼치무조림,건취나물간장볶음,단배추물김치
씻은김치볶음밥,다시마채국,당근스틱,S사과(35g),S바나나(50g),현미밥(75),콩비지맑은국,오징어단무지무침,봄동된장나물,비트초절이,S쿠키,S수제블루베리바나나우유,현미밥(75),갈비탕,소시지피망볶음,숙주당근나물,갓김치
해물우동볶음,모듬버섯찌개,상추쌈,S멜론(50g),S복숭아(천도)-60g,밤콩밥(75),실파장국,매콤오징어볶음,콘샐러드,단배추물김치,S크림소스스파게티,S고칼슘두유(190ml),밤콩밥(75),늙은호박국,닭채볶음,마카로니채소샐러드(요거트드레싱),총각김치
흑미밥(75),다슬기아욱국,요거트과일샐러드,S멜론(75g),S사과(35g),흑미밥(75),동태살무국,닭다리살굴소스볶음,맛살볶음,나박김치,S건포도감자볼,S오미자아이스크림,흑미밥(75),새우살애호박국,미역귀튀각,콘샐러드,비트초절이
쌀밥(75),두부젓국찌개,진미채초무침,S사과(50g),S멜론(50g),소고기가지덮밥,미역냉국,감자그라탕,오이나물,콜라비나박김치,S크림소스스파게티,S보리차,쌀밥(75),늙은호박국,매콤주꾸미볶음,미역줄기채소볶음,오이소박이김치
팥밥(75),모듬버섯찌개,동초무침,S사과(50g),S멜론(50g),닭채소칼국수,실파장국,매콤오징어볶음,건취나물간장볶음,열무물김치,S매실젤리,S두유(200ml),팥밥(75),늙은호박국,치즈닭갈비,얼갈이배추겉절이,나박김치
현미밥(75),연두부새우젓국,당근스틱,S(우유제외)과일화채,S바나나(50g),현미밥(75),무채양파국,달걀채소볶음,미역줄기고추볶음,총각김치,S쿠키,S(우유제외)복숭아호두스무디,찹쌀닭백숙,양파당면국,토마토카프레제,오이파프리카무침,비트초절이
오징어덮밥,청국장국,요거트과일샐러드,S복숭아(천도)-60g,S멜론(50g),찹쌀팥밥(75),늙은호박국,두부채소전,맛살볶음,단배추물김치,S크림소스스파게티,S매실쥬스,찹쌀팥밥(75),새우살애호박국,매콤오징어볶음,땅콩우엉조림,깍두기
크림소스스파게티,쑥갓어묵국,가지무침,S바나나(50g),S사과(35g),수수밥(75),순한고추장찌개,미트볼케첩조림,찐고구마,깻잎김치,S연두부샐러드(오리엔탈드레싱),S둥글레차,수수밥(75),닭살당면국,매콤주꾸미볶음,미역줄기당근볶음,석박지
밤콩밥(75),실파장국,매콤숙주미나리무침,S복숭아(천도)-80g,S복숭아(천도)-60g,밤콩밥(75),늙은호박국,주꾸미떡볶음,애호박볶음,열무물김치,S채소전,S보리차,새우크림스파게티,유부쑥갓맑은국,수제비샐러드,감자당근채볶음,배추김치
고구마밥(75),청국장국,더덕사과무침,S복숭아(80g),S사과(35g),고구마밥(75),채소닭고기국,닭살고구마조림,진미채채소무침,나박김치,S크림빵,S둥글레차,소고기가지덮밥,오징어찌개,깻잎감자전,단배추멸치조림,비트초절이
밤콩밥(75),늙은호박국,맛살볶음,S멜론(50g),S사과(35g),크림소스스파게티,실파장국,쫄면채소무침,단호박꿀찜,단배추물김치,S냉콩국+소면,S수정과,밤콩밥(75),새우젓국찌개,찹쌀탕수육,건취나물간장볶음,깻잎김치
흑미밥(75),소고기봄동국,김구이+달래양념장,S참외(100g),S참외(50g),흑미밥(75),도토리묵냉국,돼지고기청경채볶음,참치양파볶음,비트초절이,S크림소스스파게티,S보리차,단호박수제비,청국장국,닭채볶음,숙주당근나물,총각김치
옥수수밥(75),모듬버섯찌개,닭살고구마조림,S사과(35g),S멜론(50g),볶음우동,유부쑥갓맑은국,땅콩우엉조림,진미채초무침,배추김치,S크림빵,S바나나쉐이크,옥수수밥(75),늙은호박국,매콤오징어볶음,참나물토마토샐러드,나박김치
소고기하이라이스,실파장국,아욱나물무침,S멜론(75g),S사과(35g),밤찹쌀팥밥(75),다슬기아욱국,닭가슴살고구마볶음,곤드레나물볶음,나박김치,S애플파이,S보리차,밤찹쌀팥밥(75),유부쑥갓맑은국,삼치무조림,상추오이무침,배추김치
잡곡밥(75),새우젓국찌개,건새우애호박볶음,S사과(50g),S멜론(50g),크림소스스파게티,늙은호박국,감자그라탕,피망채죽순볶음,비트초절이,S새우채소전,S둥글레차,잡곡밥(75),청국장국,매콤오징어볶음,애호박볶음,깻잎김치
고구마밥(75),모듬버섯찌개,숙주당근나물,S사과(35g),S복숭아(80g),새우크림스파게티,미니새우튀김우동,닭채볶음,파래무채무침,나박김치,S크림소스스파게티,S보리차,고구마밥(75),실파장국,오리훈제구이,고구마줄기볶음,단배추물김치
옥수수밥(75),연두부달걀탕,오이치커리무침,S사과(100g),S복숭아(황도)-80g,옥수수밥(75),얼갈이배추국,소고기감자볶음,봄동된장나물,비트초절이,S쿠키,S떠먹는요구르트(100ml),옥수수밥(75),새우젓국찌개,삼치유자청구이,깻잎순멸치볶음,배추김치
팥밥(75),팽이장국,애호박새우젓볶음,S멜론(50g),S사과(35g),새우파래볶음밥,근대국,수제비샐러드,오이달래무침,열무물김치,S크림소스스파게티,S(우유제외)수제블루베리우유,팥밥(75),실파장국,차돌양배추볶음,상추오이무침,나박김치
참치주먹밥,우동국물,도라지무침,S복숭아(천도)-60g,S복숭아(60g),옥수수밥(75),다슬기아욱국,닭가슴살고구마볶음,매쉬드포테이토,배추김치,S냉콩국+소면,S둥글레차,옥수수밥(75),동태살무국,토마토카프레제,김구이+양념장,오이소박이김치
차조밥(75),늙은호박국,파래무채무침,S사과(35g),S멜론(50g),차조밥(75),청국장국,뿌리채소맛탕,요거트과일샐러드,비트초절이,S치즈,S오미자아이스크림,소고기가지덮밥,실파장국,쫄면채소무침,고구마줄기볶음,깻잎김치
오징어채소덮밥,두부맑은국,매쉬드포테이토,S당근스틱,S복숭아(천도)-80g,쌀밥(75),새우젓국찌개,주꾸미떡볶음,애호박볶음,파김치,S호박죽,S보리차,쌀밥(75),오이냉국,돼지고기간장불고기,건새우애호박볶음,단배추물김치
밤콩밥(75),건새우맑은국,건취나물간장볶음,S멜론(50g),S사과(35g),베이컨채소볶음밥,쑥갓어묵국,(우유제외)새우버터구이,가지양념찜,비트초절이,S크림소스스파게티,S둥글레차,밤콩밥(75),팽이장국,돼지사태찜,찐단호박,배추김치
율무밥(75),유부쑥갓맑은국,맛살볶음,S참외(100g),S복숭아(천도)-60g,율무밥(75),아욱장국,닭가슴살고구마볶음,진미채간장조림,오이소박이김치,S채소전,S보리차,율무밥(75),새우젓국찌개,떡갈비간장조림,매쉬드포테이토,나박김치
밤찹쌀팥밥(75),소고기버섯찌개,무미역생채,S오렌지(50g),S사과(35g),깍두기치즈볶음밥,버섯개장,오징어간장볶음,요거트과일범벅,배추김치,S약과,S둥글레차,밤찹쌀팥밥(75),(소고기제외)당면양배추국,닭살데리야끼구이,근대나물,열무김치
찹쌀밥(75),닭다리백숙,애호박새우젓볶음,S복숭아(80g),S오렌지(100g),찹쌀밥(75),다슬기아욱국,참치치즈전,단호박구이,오이소박이김치,S크림소스스파게티,S두유(100ml),찹쌀밥(75),호박맑은국,가지구이,매쉬드포테이토,비트초절이
옥수수밥(75),대구지리,오이초절임,S사과(50g),S멜론(50g),옥수수밥(75),유부김치국,게살마요무침,미나리무침,열무물김치,S쿠키,S과일연두부스무디,우엉소고기볶음밥,단호박무국,맛살달걀찜,콘샐러드,배추김치
기장밥(75),늙은호박국,애호박새우젓볶음,S복숭아(60g),S사과(35g),기장밥(75),호박감자수제비국,매콤오징어볶음,땅콩우엉조림,나박김치,S크림빵,S고칼슘오렌지주스,새우크림스파게티,팽이장국,토마토카프레제,가지무침,비트초절이
잡곡밥(75),새우젓국찌개,숙주당근나물,S멜론(50g),S사과(35g),잡곡밥(75),청국장국,떡갈비간장조림,아욱나물무침,단배추물김치,S크로와상,S보리차,잡곡밥(75),모듬버섯찌개,칠리새우,매쉬드포테이토,총각김치
찹쌀밥(75),냉콩나물국,팽이버섯무침,S복숭아(황도)-60g,S포도(100g),멸치주먹밥,팽이장국,비엔나브로콜리꼬지,연근흑임자샐러드,비트초절이,S(우유제외)버터감자구이,S떠먹는요구르트(100ml),찹쌀밥(75),다시마양파국,단호박오징어찜,진미채채소무침,배추김치
메밀국수,실파장국,깻잎멸치찜,S멜론(50g),S오렌지(100g),보리밥(75),유부김치국,햄참치채소전,단호박구이,배추김치,S쿠키,S떠먹는요구르트(100ml),보리밥(75),늙은호박국,닭다리살굴소스볶음,요거트과일샐러드,단배추물김치
새우크림스파게티,감자된장국,오이청경채무침,S오렌지(50g),S사과(100g),기장밥(75),무국,어묵당근조림,곶감감자볶음,오이소박이김치,S찐감자,S보리차,기장밥(75),근대국,삼치무조림,콩나물잡채,비트초절이
흑미밥(75),팽이장국,김치볶음,S사과(35g),S멜론(50g),소고기가지덮밥,우동국물,미역귀튀각,얼갈이무침,열무물김치,S애플파이,S둥글레차,흑미밥(75),다슬기된장국,소고기청경채볶음,매쉬드포테이토,나박김치
기장밥(75),동태살무국,애호박볶음,S복숭아(천도)-80g,S사과(100g),기장밥(75),늙은호박국,떡갈비간장조림,가지양념찜,배추김치,S크림소스스파게티,S보리차,참나물유부초밥,아욱장국,매콤오징어볶음,가지무침,오이소박이김치
잡곡밥(75),새우젓국찌개,매쉬드포테이토,S멜론(50g),S사과(35g),잡곡밥(75),감자된장국,치즈닭갈비,파래무채무침,비트초절이,S크림빵,S둥글레차,새우크림스파게티,실파장국,뿌리채소맛탕,요거트과일샐러드,깻잎김치
감자밥(75),찹쌀옹심이국,맛살볶음,S복숭아(60g),S사과(35g),감자밥(75),유부쑥갓맑은국,햄참치채소전,감자당근채볶음,나박김치,S치즈머핀,S수정과,크림소스스파게티,팽이장국,삼치무조림,동초무침,배추김치
보리밥(75),오징어찌개,김구이+달래양념장,S사과(35g),S당근스틱,보리밥(75),청국장국,해물우동숙주볶음,애호박볶음,단배추물김치,S크림소스스파게티,S보리차,치즈채소볶음밥,늙은호박국,대구전,가지양념찜,비트초절이
단호박수제비,맑은배추국,멸치조림,S블루베리(50g),S멜론(50g),잡곡밥(75),얼갈이맑은국,수제비샐러드,부추배무침,배추김치,S크로와상,S요구르트,잡곡밥(75),팽이장국,브로콜리숙회+흑임자소스,깻잎순나물,열무김치
수수밥(75),두부젓국찌개,애호박볶음,S멜론(75g),S사과(35g),오징어덮밥,다슬기아욱국,삼치조림,맛살볶음,나박김치,S크림소스스파게티,S둥글레차,수수밥(75),오징어찌개,훈제오리냉채,요거트과일샐러드,총각김치
새우크림스파게티,팽이장국,실곤약채소무침,S사과(50g),S배(50g),율무밥(75),우동국물,깻잎감자전,단배추멸치조림,배추김치,S쿠키,S수정과,율무밥(75),실파장국,볼어묵채소조림,참나물토마토샐러드,배추김치
검정콩밥(75),닭칼국수,김치볶음,S복숭아(천도)-80g,S사과(35g),맑은장국,아욱토장국,훈제오리냉채,애호박건새우볶음,나박김치,S크림소스스파게티,S보리차,검정콩밥(75),늙은호박국,매콤오징어볶음,도라지배무침,동치미
해물우동볶음,팽이장국,맛살볶음,S사과(50g),S멜론(50g),찹쌀밥(75),유부쑥갓맑은국,(저염)갈치조림,건취나물간장볶음,비트초절이,S삶은고구마,S오미자아이스크림,찹쌀밥(75),모듬버섯찌개,닭다리살굴소스볶음,얼갈이무침,배추김치
기장밥(75),우동국물,애호박새우젓볶음,S사과(35g),S복숭아(80g),찹쌀닭백숙,다슬기아욱국,채소옥수수튀김,근대나물된장무침,단무지,S단호박떡케익,S검은깨두유(200ml),기장밥(75),동태살무국,차돌숙주볶음,도라지무침,나박김치
