1,2,3,4,5,6,7,8,9,10,11,12,13,14,15,16,17
감자밥(63),호박감자수제비국,애호박볶음,S복숭아(천도)-80g,S과일화채,감자밥(63),두부새우젓국,토마토치즈범벅,동초무침,파김치,S녹차밤양갱,S복숭아호두스무디,감자밥(55),유부쑥갓맑은국,삼치무조림,크래미채소볶음,오이소박이김치
완두콩밥(55),두부젓국찌개,무몰무침,S(우유제외)수박화채,S수박(100g),완두콩밥(55),소고기두부탕국,닭가슴살사과무침,으깬견과류고구마샐러드(요거트),단배추물김치,S녹차밤양갱,S미숫가루,완두콩밥(55),순한고추장찌개,골뱅이무침,양배추샐러드(참깨드레싱),비트초절이
흑미밥(55),애호박두부젓국찌개,무미역생채,S복숭아(60g),S멜론(50g),흑미밥(55),어묵국수,토마토카프레제,배추게맛살샐러드,나박김치,S(우유제외)토마토스파게티,S복숭아호두스무디,흑미밥(55),북어김치국,탕평채무침,청경채사과무침,석박지
옥수수밥(63),동태살국,미역줄기채소볶음,S복숭아(황도)-80g,S사과(35g),옥수수밥(63),미니우동,조랭이떡소불고기,애호박건새우볶음,단배추물김치,S(우유제외)알리오올리오스파게티,S보리차,옥수수밥(63),오징어찌개,으깬두부채소전,매쉬드포테이토,열무김치
쌀밥(63),닭고기채소찌개,얼갈이무침,S복숭아(천도)-60g,S멜론(50g),쌀밥(40),건새우시금치국,옥수수채소튀김,해초볶음,열무물김치,S가래떡구이,S오미자아이스크림,쌀밥(40),온청포묵국,고구마연근맛탕,부추사과무침,비트초절이
수수밥(55),오징어숙주국,동초무침,S복숭아(60g),S참외(50g),수수밥(55),떡국,조랭이떡소불고기,매쉬드포테이토,석박지,S(우유제외)토마토스파게티,S보리차,수수밥(55),콩가루얼갈이배추국,온두부찜,채소샐러드,열무김치
검정콩밥(55),늙은호박국,건파래자반,S복숭아(황도)-60g,S멜론(50g),검정콩밥(55),찹쌀옹심이국,새우살크림소스볶음,건취나물간장볶음,깻잎김치,S짜장떡볶이,S(우유제외)수제바나나두유,검정콩밥(55),동태맑은국,씻은김치전,실곤약간장채소무침,열무물김치
밤찹쌀팥밥(63),안매운닭개장,김구이,S참외(50g),S사과(35g),밤찹쌀팥밥(63),오징어찌개,고구마연근맛탕,매쉬드포테이토,비트초절이,S쑥떡(40g),S오미자아이스크림,밤찹쌀팥밥(63),건새우감자국,매콤주꾸미볶음,도토리묵무침,단배추물김치
차조밥(55),유부된장국,(우유제외)감자버터구이,S자두(50g),S포도(100g),차조밥(55),실파맑은국,오징어새우볶음,고구마순나물,배추김치,S고구마경단,S수제블루베리바나나우유,차조밥(55),유부대파국,소고기카레볶음,곰취나물볶음,백김치
잡곡밥(55),미니우동,미역줄기채소볶음,S복숭아(60g),S사과(35g),잡곡밥(55),쑥갓어묵탕,두부톳무침,파래무침,열무물김치,S모닝빵+딸기잼,S오미자아이스크림,잡곡밥(55),늙은호박국,옥수수채소튀김,매쉬드포테이토,단배추물김치
밤콩밥(55),차돌얼갈이국,건취나물간장볶음,S참외(50g),S멜론(50g),밤콩밥(55),떡국,매콤오징어볶음,아욱무침,갓김치,S(우유제외)알리오올리오스파게티,S코코아,밤콩밥(55),오징어찌개,오징어채소볶음,채소샐러드,비트초절이
보리밥(55),호박감자수제비국,매쉬드포테이토,S복숭아(60g),S참외(50g),보리밥(55),유부쑥갓맑은국,고구마연근맛탕,진미채초무침,오이소박이김치,S단팥빵,S오미자아이스크림,보리밥(55),동태살무국,새우살조림,사과미나리무침,배추김치
찹쌀현미밥(63),매콤애호박국,아욱무침,S사과(35g),S자두(50g),찹쌀현미밥(63),애호박맑은국,소고기토마토조림,애호박새우젓볶음,열무물김치,S쿠키,S고구마쉐이크,찹쌀현미밥(63),쑥갓어묵탕,닭가슴살버터구이,건새우애호박볶음,백김치
보리밥(55),동태살국,애호박볶음,S복숭아(황도)-80g,S참외(50g),보리밥(55),닭고기채소찌개,맛살꼬지전,애호박건새우볶음,갓김치,S찐고구마,S오미자아이스크림,보리밥(55),떡국,오징어새우볶음,실곤약간장채소무침,단배추물김치
차조밥(63),팽이장국,무미역생채,S사과(35g),S멜론(50g),차조밥(63),두부찌개,소고기토마토조림,동초무침,나박김치,S크로와상,S복숭아호두스무디,차조밥(55),실파장국,수제비샐러드,과일샐러드(요거트드레싱),비트초절이
잡곡밥(55),동태살무국,참치양파볶음,S복숭아(60g),S멜론(50g),잡곡밥(55),묵국,고구마연근맛탕,애호박새우젓볶음,열무물김치,S(우유제외)알리오올리오스파게티,S오미자아이스크림,잡곡밥(55),떡국,두부톳무침,매쉬드포테이토,석박지
잡곡밥(63),유부쑥갓맑은국,채소샐러드,S사과(50g),S멜론(50g),잡곡밥(63),매콤애호박국,조랭이떡소불고기,다시마북어볶음,배추김치,S(우유제외)토마토스파게티,S둥글레차,잡곡밥(63),쑥갓어묵탕,칠리새우,아욱무침,비트초절이
검정콩밥(55),닭살미역국,토마토범벅,S복숭아(천도)-60g,S자두(50g),검정콩밥(55),실파장국,소고기양배추조림,당근스틱,나박김치,S찐고구마,S복숭아호두스무디,검정콩밥(55),건새우감자국,소고기토마토조림,무미역생채,석박지
잡곡밥(55),차돌박이된장국,감자당근채볶음,S참외(50g),S멜론(50g),잡곡밥(55),호박감자수제비국,채소스크램블에그,매쉬드포테이토,비트초절이,S매실젤리,S둥글레차,잡곡밥(55),두부새우젓국,어묵감자조림,과일샐러드(요거트드레싱),배추김치
밤찹쌀팥밥(55),북어김치국,건파래자반,S복숭아(천도)-80g,S과일화채,밤찹쌀팥밥(55),떡국,오리훈제구이,모듬과일샐러드,나박김치,S카카오올리브케익,S보리차,밤찹쌀팥밥(55),어묵국수,오징어청경채볶음,미역줄기채소볶음,단무지
흑미밥(55),동태살국,애호박볶음,S복숭아(천도)-60g,S참외(50g),흑미밥(55),두부새우젓국,온두부찜,진미채초무침,깻잎김치,S찐고구마,S오미자아이스크림,흑미밥(55),건새우맑은국,김치전,감자당근채볶음,석박지
옥수수밥(63),실파장국,실곤약채소무침,S사과(35g),S멜론(50g),옥수수밥(63),다슬기된장국,소면채소무침,땅콩우엉무침,열무물김치,S크림떡볶이,S복숭아호두스무디,옥수수밥(63),북어김치국,메추리알샐러드,애호박건새우볶음,나박김치
차조밥(63),미니우동,해초볶음,S복숭아(황도)-80g,S참외(50g),차조밥(63),실파김국,오징어채소볶음,매쉬드포테이토,비트초절이,S건포도감자볼,S오미자아이스크림,차조밥(63),차돌얼갈이국,고구마연근맛탕,참치양파볶음,단배추물김치
찹쌀현미밥(55),어묵국수,감자당근채볶음,S복숭아(60g),S자두(50g),찹쌀현미밥(55),닭고기채소찌개,오징어간장조림,진미채초무침,나박김치,S가래떡구이,S호두우유,찹쌀현미밥(55),북어김치국,으깬두부채소전,건새우애호박볶음,석박지
잡곡밥(55),건새우시금치국,무미역생채,S멜론(50g),S사과(35g),잡곡밥(55),유부쑥갓맑은국,소고기토마토조림,김구이+양념장,총각김치,S찐고구마,S오미자아이스크림,잡곡밥(55),매콤애호박국,수제비샐러드,상추오이무침,배추김치
수수밥(63),두부새우젓국,맛살볶음,S복숭아(60g),S과일화채,수수밥(63),동태살국,청경채불고기,진미채초무침,나박김치,S카카오올리브케익,S둥글레차,수수밥(63),콩가루얼갈이배추국,조랭이떡소불고기,동초무침,비트초절이
흑미밥(55),바지락맑은국,양배추오이샐러드,S멜론(50g),S사과(35g),흑미밥(55),온청포묵국,고구마연근맛탕,실곤약채소무침,오이소박이김치,S절편,S오미자아이스크림,흑미밥(55),닭고기채소찌개,옥수수치즈전,얼갈이무침,열무김치
흑미밥(63),어묵국수,무미역생채,S복숭아(60g),S블루베리(50g),흑미밥(63),동태살무국,조랭이떡소불고기,동초무침,열무물김치,S으깬견과류고구마샐러드(요거트),S둥글레차,흑미밥(63),실파달걀국,두부톳무침,채소샐러드,나박김치
찰현미밥(63),유부쑥갓맑은국,당근스틱,S블루베리(50g),S자두(50g),찰현미밥(63),매콤애호박국,(저염)갈치조림,진미채초무침,오이소박이김치,S소보로빵,S복숭아호두스무디,찰현미밥(63),가자미미역국,으깬두부채소전,상추오이무침,비트초절이
고구마밥(55),맑은양배추국,감자당근채볶음,S복숭아(60g),S멜론(50g),고구마밥(55),어묵국수,가지구이,단호박견과류샐러드,열무물김치,S매실젤리,S둥글레차,고구마밥(55),떡만두국,조랭이떡소불고기,건새우애호박볶음,나박김치
옥수수밥(63),실파장국,단호박우유찜,S과일샐러드(요거트드레싱),S사과(35g),옥수수밥(55),동태살무국,소고기토마토조림,건새우애호박채소볶음,단무지,S고로케,S떠먹는요구르트(100ml),옥수수밥(63),버섯개장,가래떡구이,배추게맛살샐러드,동치미
쌀밥(55),유부쑥갓맑은국,상추오이무침,S블루베리고구마샐러드,S복숭아(천도)-80g,쌀밥(55),차돌박이된장국,맛살꼬지전,진미채초무침,비트초절이,S단호박꿀찜,S둥글레차,쌀밥(55),호박감자수제비국,(저염)갈치조림,맛살볶음,배추김치
차조밥(55),떡국,애호박볶음,S사과(35g),S멜론(50g),차조밥(55),동태살국,고구마연근맛탕,땅콩우엉무침,열무물김치,S(우유제외)알리오올리오스파게티,S오미자아이스크림,차조밥(55),건새우시금치국,조랭이떡소불고기,감자당근채볶음,나박김치
현미밥(55),유부김치국,감자채파프리카볶음,S복숭아(황도)-80g,S블루베리(50g),현미밥(55),두부새우젓국,온두부찜,양배추샐러드(딸기드레싱),갓김치,S쿠키,S호두우유,현미밥(55),소고기배추국,오징어치즈전,치커리무침,깻잎김치
밤밥(55),탕국,단호박꿀찜,S과일샐러드(요거트드레싱),S멜론(50g),밤밥(55),우동면국,오징어채소볶음,해초볶음,단배추물김치,S(우유제외)토마토스파게티,S코코아,밤밥(55),미니새우튀김우동,(우유제외)단호박오징어찜,(고춧가루제외)오이무침,열무물김치
찹쌀현미밥(55),온도토리묵국,무미역생채,S복숭아(60g),S자두(50g),찹쌀현미밥(55),감자된장국,고구마연근맛탕,아욱무침,나박김치,S크로와상,S둥글레차,찹쌀현미밥(55),북어김치국,김말이튀김,봄동부추겉절이,석박지
밤밥(55),닭고기채소찌개,실곤약간장채소무침,S사과(35g),S블루베리고구마샐러드,밤밥(55),애호박두부젓국,새우버터구이,얼갈이배추겉절이,단배추물김치,S(우유제외)알리오올리오스파게티,S코코아,밤밥(55),오징어찌개,닭가슴살고구마볶음,양배추오이샐러드,비트초절이
팥밥(63),얼갈이맑은국,진미채초무침,S복숭아(황도)-80g,S멜론(50g),팥밥(63),해물탕,멸치땅콩볶음,애호박볶음,석박지,S크림떡볶이,S오미자아이스크림,팥밥(63),찹쌀옹심이국,온두부찜,호박채소볶음,나박김치
잡곡밥(63),버섯개장,무미역생채,S당근스틱,S사과(35g),잡곡밥(63),실파장국,햄구이,청경채사과무침,비트초절이,S쿠키,S복숭아호두스무디,잡곡밥(63),온청포묵국,탕평채무침,해초볶음,배추김치
찹쌀보리밥(55),오징어숙주국,과일샐러드(요거트드레싱),S복숭아(천도)-60g,S블루베리(50g),찹쌀보리밥(55),유부쑥갓맑은국,으깬두부채소전,맛살볶음,나박김치,S(우유제외)토마토스파게티,S검은콩두유(100ml),찹쌀보리밥(55),매콤애호박국,떡갈비간장조림,매쉬드포테이토,오이소박이김치
기장밥(63),떡국,감자당근채볶음,S과일샐러드(요거트드레싱),S사과(35g),기장밥(63),실파장국,오징어간장조림,도라지볶음,얼갈이배추김치,S(우유제외)알리오올리오스파게티,S미숫가루,기장밥(63),닭곰탕,채소스크램블에그,깻잎순멸치볶음,열무물김치
율무밥(55),다슬기된장국(올갱이국),건파래자반,S복숭아(60g),S블루베리(50g),율무밥(55),다슬기된장국,고구마연근맛탕,상추쌈,나박김치,S짜장떡볶이,S오미자아이스크림,율무밥(63),해물탕,옥수수치즈전,도토리묵무침,석박지
쌀밥(55),어묵국수,매쉬드포테이토,S복숭아(황도)-80g,S사과(35g),쌀밥(55),건새우된장국,오징어링튀김,단호박견과류찜,단무지,S연두부,S코코아,쌀밥(55),닭고기채소찌개,가지구이,사과샐러드(마요네즈),비트초절이
잡곡밥(55),감자수제비국(조개x),단호박꿀찜,S파인애플(50g),S사과샐러드(마요네즈),잡곡밥(55),애호박새우젓국,떡탕평채,쌈채소,파김치,S찹쌀도너츠,S검은깨두유(100ml),잡곡밥(55),소고기양파국,차돌양배추볶음,표고버섯당근볶음,갓김치
찹쌀팥밥(55),북어김치국,단호박견과류샐러드,S멜론(50g),S사과(35g),찹쌀팥밥(55),호박감자수제비국,삼치무조림,맛살볶음,비트초절이,S카카오올리브케익,S둥글레차,찹쌀팥밥(55),유부쑥갓맑은국,닭고기냉채,건취나물간장볶음,배추김치
수수밥(63),동태살무국,새우살호박볶음,S복숭아(천도)-60g,S블루베리(50g),수수밥(63),북어달걀국,참치어묵조림,애호박새우젓볶음,나박김치,S(우유제외)알리오올리오스파게티,S복숭아호두스무디,수수밥(63),어묵탕,떡갈비간장조림,얼갈이나물,오이소박이김치
찹쌀현미밥(55),순한고추장찌개,노각나물,S사과(35g),S멜론(50g),찹쌀현미밥(63),온청포묵국,떡갈비채소볶음,얼갈이무침,비트초절이,S채소찐빵,S둥글레차,찹쌀현미밥(55),어묵국수,시금치두부전,무사과무침,배추김치
팥밥(55),아욱우렁된장국,진미채초무침,S복숭아(황도)-60g,S복숭아(황도)-80g,팥밥(63),떡국,청경채불고기,콘샐러드,석박지,S매실젤리,S보리차,팥밥(63),차돌얼갈이국,소고기토마토조림,채소샐러드,깍두기
수수밥(55),콩가루얼갈이배추국,도라지나물(간장),S복숭아(천도)-60g,S복숭아(60g),수수밥(63),매콤애호박국,토마토치즈범벅,곤드레나물볶음,깻잎김치,S약과,S고구마쉐이크,수수밥(55),동태살무국,조랭이떡소불고기,토마토범벅,비트초절이
흑미밥(55),(소고기제외)당면양배추국,건취나물간장볶음,S멜론(50g),S블루베리(50g),흑미밥(55),유부쑥갓맑은국,고구마연근맛탕,크래미채소볶음,오이소박이김치,S슈크림빵,S오미자아이스크림,흑미밥(55),두부새우젓국,떡갈비간장조림,매쉬드포테이토,나박김치
완두콩밥(55),매콤애호박국,건파래자반,S복숭아(황도)-80g,S블루베리고구마샐러드,완두콩밥(55),차돌얼갈이국,소고기잡채,고구마줄기볶음,깻잎김치,S크림빵,S레몬주스,완두콩밥(55),미니우동,소고기양배추조림,김자반볶음,열무물김치
찰현미밥(63),유부쑥갓맑은국,맛살볶음,S사과(35g),S복숭아(천도)-60g,찰현미밥(55),동태살무국,떡갈비채소볶음,과일샐러드(요거트드레싱),오이소박이김치,S멸치주먹밥,S둥글레차,찰현미밥(63),팽이장국,으깬두부채소전,요거트과일샐러드,배추김치
쌀밥(63),유부김치국,치커리무침,S블루베리(50g),S참외(100g),쌀밥(40),매콤콩나물국,고구마연근맛탕,파래무침,백김치,S절편,S오미자아이스크림,쌀밥(40),두부새우젓국,두부함박스테이크,브로콜리초고추장무침,석박지
찹쌀현미밥(55),떡국,매쉬드포테이토,S사과(35g),S멜론(50g),찹쌀현미밥(55),오징어찌개,찹쌀탕수육,땅콩우엉무침,단배추물김치,S(우유제외)토마토스파게티,S매실쥬스,찹쌀현미밥(55),동태살무국,으깬두부채소전,애호박건새우볶음,열무김치
흑미밥(55),두부새우젓국,애호박볶음,S복숭아(60g),S사과(35g),흑미밥(55),유부쑥갓맑은국,닭고기냉채,마카로니채소샐러드(토마토소스),파김치,S크림떡볶이,S코코아,흑미밥(55),오징어숙주국,칠리새우,사과미나리무침,비트초절이
고구마밥(63),차돌얼갈이국,감자당근채볶음,S사과(35g),S멜론(50g),고구마밥(63),동태살무국,(저염)갈치조림,건새우애호박볶음,나박김치,S(우유제외)알리오올리오스파게티,S오미자아이스크림,고구마밥(63),떡국,옥수수채소튀김,상추오이무침,석박지
팥밥(55),당근황태국,양배추호두무침,S복숭아(천도)-80g,S수박(100g),팥밥(55),애호박젓국,단호박전,매쉬드포테이토,열무물김치,S슈크림빵,S코코아,팥밥(55),묵국,조랭이떡소불고기,(우유제외)고구마두유조림,깍두기
검정콩밥(55),오징어찌개,우엉간장조림,S복숭아(황도)-80g,S블루베리고구마샐러드,검정콩밥(55),차돌얼갈이국,참치어묵조림,참치양파볶음,단배추물김치,S매실젤리,S레몬주스,검정콩밥(55),오징어숙주국,온두부찜,단호박견과류샐러드,열무김치
차조밥(55),동태살국,과일샐러드(요거트드레싱),S사과(35g),S참외(50g),차조밥(55),닭고기채소찌개,새우살조림,동초무침,열무물김치,S(우유제외)토마토스파게티,S코코아,차조밥(55),미니우동,오징어채소볶음,매쉬드포테이토,비트초절이
찰현미밥(63),동태살무국,건취나물간장볶음,S복숭아(천도)-60g,S사과(35g),찰현미밥(63),감자된장국,차돌양배추볶음,진미채채소무침,오이소박이김치,S단호박샐러드,S검은깨두유(200ml),찰현미밥(63),매콤애호박국,고구마연근맛탕,참치양파볶음,배추김치
고구마밥(63),닭고기채소찌개,해초볶음,S멜론(50g),S사과(50g),고구마밥(63),건새우시금치국,햄구이,가지양념무침,열무물김치,S(우유제외)토마토스파게티,S오미자아이스크림,고구마밥(63),닭살당면국,소면채소무침,실곤약채소무침,단배추물김치
찰현미밥(55),어묵국수,진미채채소무침,S복숭아(60g),S복숭아(천도)-60g,찰현미밥(55),동태살국,치킨까스+소스,미역줄기채소볶음,나박김치,S으깬견과류고구마샐러드(요거트),S둥글레차,찰현미밥(63),해물탕,새우살크림소스볶음,매콤숙주미나리무침,비트초절이
찹쌀팥밥(55),맑은육개장,건취나물간장볶음,S멜론(50g),S사과(35g),찹쌀팥밥(55),북어김치국,참치어묵조림,콩나물잡채,석박지,S냉콩국+소면,S복숭아호두스무디,찹쌀팥밥(55),떡국,수제비샐러드,매쉬드포테이토,배추김치
흑미밥(63),차돌박이된장국,동초무침,S감말랭이,S키위(50g),흑미밥(55),애호박맑은국,삼치무조림,새송이버섯나물,단무지,S단호박샐러드,S(우유제외)수제블루베리우유,흑미밥(63),다시마새우젓국,두부달걀부침,고구마줄기볶음,동치미
쌀밥(55),유부쑥갓맑은국,과일샐러드(요거트드레싱),S복숭아(60g),S수박(100g),쌀밥(55),무채양파국,새우살크림소스볶음,진미채초무침,배추김치,S쿠키,S둥글레차,쌀밥(55),호박감자수제비국,브로콜리달걀볶음,요거트과일샐러드,비트초절이
찹쌀보리밥(63),동태살무국,매쉬드포테이토,S블루베리고구마샐러드,S멜론(50g),찹쌀보리밥(63),안매운닭개장,고구마연근맛탕,크래미채소볶음,오이소박이김치,S매실젤리,S오미자아이스크림,찹쌀보리밥(63),매콤애호박국,매콤오징어볶음,건새우애호박볶음,파김치
밤찹쌀팥밥(63),호박감자수제비국,당근스틱,S복숭아(60g),S사과(35g),밤찹쌀팥밥(55),유부쑥갓맑은국,동태포전,사과미나리무침,나박김치,S찐고구마(80g),S검은깨두유(200ml),밤찹쌀팥밥(55),버섯개장,소고기토마토조림,김구이+양념장,비트초절이
밤콩밥(63),쑥갓어묵탕,땅콩우엉무침,S사과(35g),S멜론(50g),밤콩밥(63),북어달걀국,수제비샐러드,진미채초무침,배추김치,S새우크림소스볶음,S복숭아호두스무디,밤콩밥(63),실파장국,고구마연근맛탕,무미역생채,오이소박이김치
밤밥(55),차돌얼갈이국,맛살미역줄기볶음,S복숭아(천도)-60g,S복숭아(60g),밤밥(55),묵국,조랭이떡소불고기,옥수수버터구이,단배추물김치,S치즈머핀,S둥글레차,밤밥(55),찹쌀옹심이국,소고기깻잎볶음,건파래자반,열무물김치
기장밥(55),북어김치국,참치양파볶음,S복숭아(황도)-80g,S참외(50g),기장밥(63),해물탕,오징어채소볶음,아욱무침,나박김치,S치즈케이크,S(우유제외)수제블루베리우유,기장밥(63),떡국,토마토카프레제,간장두부조림,비트초절이
밤콩밥(55),토란국,과일샐러드(요거트드레싱),S사과(50g),S포도(100g),밤콩밥(63),무채양파국,두부미역전,마늘쫑무침,백김치,S쌀과자,S오미자아이스크림,밤콩밥(63),순한고추장찌개,두부톳무침,상추초무침,동치미
검정콩밥(63),유부쑥갓맑은국,토마토범벅,S복숭아(60g),S사과(100g),검정콩밥(63),동태살무국,탕평채무침,도라지나물(간장),열무물김치,S단팥도너츠,S복숭아호두스무디,검정콩밥(55),호박감자수제비국,(우유제외)단호박오징어찜,실곤약간장채소무침,배추김치
완두콩밥(55),미니해물칼국수,동초무침,S복숭아(황도)-80g,S사과(35g),완두콩밥(55),북어달걀국,훈제오리구이,게맛살피망채볶음,나박김치,S크림떡볶이,S떠먹는요구르트(100ml),완두콩밥(55),소고기떡국,오리훈제구이,애호박볶음,동치미
율무밥(55),온청포묵국,실곤약채소무침,S복숭아(천도)-60g,S사과(100g),율무밥(55),버섯개장,삼치무조림,무미역생채,배추김치,S짜장떡볶이,S복숭아호두스무디,율무밥(55),북어김치국,수제비샐러드,배추게맛살샐러드,열무물김치
옥수수밥(63),차돌얼갈이국,애호박건새우볶음,S복숭아(60g),S멜론(50g),옥수수밥(55),늙은호박국,조랭이떡소불고기,동초무침,단배추물김치,S크림떡볶이,S보리차,옥수수밥(55),미니우동,옥수수채소튀김,무미역무침,갓김치
검정콩밥(55),떡국,고구마줄기볶음,S사과(35g),S복숭아(황도)-80g,검정콩밥(55),실파장국,채소스크램블에그,가지나물무침,깻잎김치,S애플파이,S코코아,검정콩밥(55),오징어감자국,치즈등심돈까스,마카로니채소샐러드(토마토소스),열무물김치
고구마밥(55),호박감자수제비국,매쉬드포테이토,S멜론(50g),S블루베리(50g),고구마밥(55),유부쑥갓맑은국,닭고기냉채,삶은달걀,오이소박이김치,S(우유제외)토마토스파게티,S둥글레차,고구마밥(55),소고기떡국,차돌볶음,맛살볶음,배추김치
고구마밥(63),(저염)닭곰탕,진미채초무침,S블루베리고구마샐러드,S복숭아(60g),고구마밥(63),건새우시금치국,가래떡김치전,땅콩우엉조림,나박김치,S매실젤리,S오미자아이스크림,고구마밥(63),떡국,닭고기냉채,땅콩우엉무침,비트초절이
찰현미밥(55),건새우맑은국,채소샐러드,S복숭아(황도)-80g,S참외(50g),찰현미밥(63),안매운닭개장,조랭이떡소불고기,진미채채소무침,단배추물김치,S(우유제외)토마토스파게티,S보리차,찰현미밥(55),동태맑은국,훈제오리단호박찜,매쉬드포테이토,열무물김치
수수밥(55),차돌얼갈이국,토마토범벅,S멜론(50g),S복숭아(천도)-80g,수수밥(55),북어김치국,청경채불고기,얼갈이무침,나박김치,S가래떡구이,S검은콩두유(100ml),수수밥(63),실파장국,동태포전,동초무침,석박지
밤찹쌀팥밥(55),미니우동,배무생채,S복숭아(황도)-60g,S참외(50g),밤찹쌀팥밥(55),동태맑은국,오징어두루치기,양배추오이샐러드,단배추물김치,S유부초밥,S코코아,밤찹쌀팥밥(55),오징어찌개,옥수수채소전,참치양파볶음,열무김치
잡곡밥(55),호박감자수제비국,크래미채소볶음,S멜론(50g),S복숭아(천도)-60g,잡곡밥(55),유부쑥갓맑은국,채소전,맛살볶음,비트초절이,S멸치주먹밥,S떠먹는요구르트(100ml),잡곡밥(55),동태살무국,소고기토마토볶음,건취나물간장볶음,배추김치
팥밥(55),찹쌀옹심이국,게맛살파프리카볶음,S블루베리고구마샐러드,S사과(35g),팥밥(55),소고기양배추국,소고기장똑똑이,참나물볶음,동치미,S쿠키,S고칼슘우유(100ml),팥밥(55),유부김치국,매콤오징어볶음,양배추마요무침,깻잎김치
잡곡밥(55),호박감자수제비국,채소샐러드,S복숭아(60g),S복숭아(천도)-60g,잡곡밥(55),실파장국,소고기토마토볶음,마카로니채소샐러드(토마토소스),오이소박이김치,S치즈스틱,S둥글레차,잡곡밥(63),유부쑥갓맑은국,닭고기냉채,애호박볶음,비트초절이
찰현미밥(55),(소고기제외)당면양배추국,게맛살파프리카볶음,S블루베리고구마샐러드,S포도(100g),찰현미밥(55),콩나물어묵탕,미역귀튀각,브로콜리초무침,배추김치,S크로와상,S떠먹는요구르트(100ml),찰현미밥(55),애탕국,깻잎달걀말이,치커리배무침,동치미
찰현미밥(63),닭곰탕,맛살볶음,S복숭아(60g),S사과(100g),찰현미밥(63),유부쑥갓맑은국,떡갈비간장조림,과일샐러드(요거트드레싱),단배추물김치,S증편(40g),S복숭아호두스무디,찰현미밥(63),동태살무국,참치어묵조림,동초무침,비트초절이
찹쌀밥(40),쑥갓어묵탕,미역줄기채소볶음,S멜론(50g),S블루베리(50g),찹쌀밥(40),버섯개장,고구마연근맛탕,땅콩우엉무침,오이소박이김치,S가래떡구이,S오미자아이스크림,찹쌀밥(40),호박감자수제비국,온두부찜,매쉬드포테이토,배추김치
옥수수밥(55),차돌얼갈이국,애호박건새우볶음,S사과(35g),S복숭아(황도)-80g,옥수수밥(55),떡국,떡갈비채소볶음,동초무침,단배추물김치,S소보로빵,S보리차,옥수수밥(55),실파장국,매콤오삼불고기,미역줄기당근볶음,열무물김치
찹쌀팥밥(55),유부대파국,과일샐러드(요거트드레싱),S자두(50g),S복숭아(천도)-80g,찹쌀팥밥(55),미니우동,으깬두부채소전,곤드레나물볶음,백김치,S크로와상,S수제블루베리바나나우유,찹쌀팥밥(55),유부된장국,닭고기냉채,감자당근채볶음,배추김치
감자밥(55),안매운닭개장,매쉬드포테이토,S참외(50g),S멜론(50g),감자밥(55),동태맑은국,칠리새우,사과미나리무침,단배추물김치,S(우유제외)토마토스파게티,S오미자아이스크림,감자밥(55),감자수제비국(조개x),두부톳무침,다시마북어볶음,열무물김치
밤찹쌀팥밥(63),떡국,동초무침,S복숭아(60g),S복숭아(천도)-60g,밤찹쌀팥밥(63),두부새우젓국,오징어청경채볶음,채소샐러드,석박지,S으깬견과류고구마샐러드(요거트),S보리차,밤찹쌀팥밥(63),해물탕,조랭이떡소불고기,진미채초무침,나박김치
완두콩밥(55),동태살무국,해초볶음,S사과(50g),S사과(35g),완두콩밥(55),북어김치국,채소스크램블에그,고구마순된장무침,열무물김치,S(우유제외)토마토스파게티,S코코아,완두콩밥(55),어묵국수,등심탕수육+소스,감자당근채볶음,깍두기
밤찹쌀팥밥(55),안매운닭개장,진미채초무침,S복숭아(천도)-60g,S수박화채,밤찹쌀팥밥(55),호박감자수제비국,햄구이,맛살볶음,비트초절이,S(우유제외)알리오올리오스파게티,S매실쥬스,밤찹쌀팥밥(55),유부쑥갓맑은국,오징어볶음,땅콩우엉무침,배추김치
쌀밥(63),닭고기채소찌개,토마토범벅,S복숭아(황도)-80g,S복숭아(60g),쌀밥(40),온청포묵국,삼치무조림,애호박건새우볶음,단배추물김치,S시금치견과류주먹밥,S오미자아이스크림,쌀밥(40),양배추맑은국,오리훈제구이,실곤약간장채소무침,동치미
흑미밥(63),북어김치국,애호박볶음,S사과(35g),S멜론(50g),흑미밥(63),해물탕,새우살볶음,아욱무침,열무물김치,S(우유제외)알리오올리오스파게티,S보리차,흑미밥(63),어묵국수,오징어새우볶음,매쉬드포테이토,비트초절이
감자밥(55),쑥갓어묵탕,단호박찜,S자두(50g),S포도(100g),감자밥(55),유부대파국,주꾸미채소볶음,곤드레나물볶음,열무김치,S크로와상,S토마토쉐이크,감자밥(55),유부된장국,토마토치즈범벅,새우살호박볶음,백김치
밤밥(55),어묵국수,채소샐러드,S복숭아(천도)-80g,S복숭아(80g),밤밥(55),동태살무국,소고기토마토조림,매콤숙주미나리무침,나박김치,S(우유제외)토마토스파게티,S코코아,밤밥(63),콩가루얼갈이배추국,조랭이떡소불고기,감자당근채볶음,석박지
고구마밥(55),새우살시금치국,오이생채,S복숭아(황도)-80g,S사과(100g),고구마밥(55),애호박두부젓국찌개,옥수수치즈전,당근스틱,열무물김치,S크로와상,S복숭아호두스무디,고구마밥(55),닭살당면국,소고기당면불고기,실곤약채소무침,깍두기
차조밥(63),닭고기채소찌개,땅콩우엉무침,S멜론(50g),S사과(35g),차조밥(55),북어김치국,으깬두부채소전,실곤약간장채소무침,비트초절이,S멸치주먹밥,S오미자아이스크림,차조밥(55),온청포묵국,삼치무조림,땅콩우엉조림,단배추물김치
찰현미밥(55),유부쑥갓맑은국,과일샐러드(요거트드레싱),S복숭아(60g),S복숭아(천도)-60g,찰현미밥(63),매콤애호박국,찹스테이크,가지무침,열무물김치,S단호박샐러드(마요네즈),S고구마쉐이크,찰현미밥(55),쑥갓어묵탕,삼겹살구이,맛살볶음,배추김치
찹쌀보리밥(63),버섯개장,매쉬드포테이토,S멜론(50g),S사과(50g),찹쌀보리밥(63),팽이장국,소고기잡채,당근스틱,나박김치,S치즈스틱,S미숫가루,찹쌀보리밥(63),실파장국,라조기,파래무침,비트초절이
잡곡밥(55),맑은김치어묵국,맛살볶음,S사과(35g),S블루베리고구마샐러드,잡곡밥(55),유부쑥갓맑은국,소고기토마토조림,단호박우유찜,오이소박이김치,S치즈머핀,S둥글레차,잡곡밥(55),애호박맑은국,참치어묵조림,으깬견과류고구마샐러드(요거트),배추김치
고구마밥(55),동태살무국,무미역생채,S복숭아(천도)-60g,S복숭아(60g),고구마밥(55),미니유부우동,훈제오리단호박찜,채소잡채,나박김치,S(우유제외)알리오올리오스파게티,S호두두부쉐이크,고구마밥(55),해물탕,오징어치즈전,(고춧가루제외)도토리묵무침,비트초절이
밤찹쌀팥밥(63),유부대파국,상추오이무침,S사과(50g),S호두,밤찹쌀팥밥(63),대구탕,수제비샐러드,진미채초무침,단배추물김치,S크림떡볶이,S복숭아호두스무디,밤찹쌀팥밥(63),실파장국,어묵고구마조림,건새우애호박볶음,열무김치
기장밥(55),닭살당면국,맛살당근볶음,S감말랭이,S사과(35g),기장밥(55),어묵국수,달걀샐러드,배추게맛살샐러드,열무물김치,S냉콩국+소면,S보리차,기장밥(55),유부김치국,참치어묵조림,청경채사과무침,나박김치
밤찹쌀팥밥(63),유부쑥갓맑은국,찐달걀,S복숭아(60g),S복숭아(천도)-60g,밤찹쌀팥밥(63),동태살무국,매콤오징어볶음,크래미채소볶음,파김치,S새우크림소스볶음,S둥글레차,밤찹쌀팥밥(63),호박감자수제비국,오징어떡볶음,과일샐러드(요거트드레싱),비트초절이
밤밥(63),안매운닭개장,미역줄기채소볶음,S사과(35g),S멜론(50g),밤밥(63),동태살국,라조기,호박고지나물,단배추물김치,S(우유제외)토마토스파게티,S코코아,밤밥(63),미니우동,소고기단호박조림,매쉬드포테이토,나박김치
보리밥(55),팽이장국,동초무침,S복숭아(천도)-60g,S사과(35g),보리밥(55),북어달걀국,떡갈비간장조림,건새우볶음,나박김치,S쿠키,S복숭아호두스무디,보리밥(55),소고기떡국,닭고기냉채,맛살볶음,총각김치
감자밥(55),차돌얼갈이국,토마토범벅,S복숭아(황도)-60g,S복숭아(60g),감자밥(55),미니우동,옥수수치즈전,실곤약간장채소무침,단배추물김치,S(우유제외)알리오올리오스파게티,S코코아,감자밥(55),온청포묵국,삼겹살구이,아욱무침,열무물김치
흑미밥(55),콩나물냉국,(우유제외)단호박두유찜,S복숭아(황도)-80g,S블루베리고구마샐러드,흑미밥(55),다시마새우젓국,칠리새우,매콤숙주미나리무침,나박김치,S크림떡볶이,S요구르트,흑미밥(55),해물탕,소고기육전,해초볶음,배추김치
옥수수밥(63),유부쑥갓맑은국,감자당근채볶음,S멜론(50g),S사과(35g),옥수수밥(55),동태살무국,소고기채소조림,진미채초무침,비트초절이,S단호박샐러드,S검은깨두유(200ml),옥수수밥(63),대구지리,옥수수채소튀김,깻잎순멸치볶음,오이소박이김치
밤찹쌀팥밥(63),우동국물,부추배무침,S청포도(100g),S복숭아(60g),밤찹쌀팥밥(55),실파장국,매콤오징어볶음,양배추오이샐러드,열무김치,S찐고구마,S오미자아이스크림,밤찹쌀팥밥(55),온도토리묵국,맛살꼬지전,실곤약간장채소무침,석박지
율무밥(55),북어달걀국,진미채초무침,S복숭아(60g),S복숭아(천도)-60g,율무밥(55),유부쑥갓맑은국,브로콜리달걀볶음,채소샐러드,열무물김치,S(우유제외)토마토스파게티,S둥글레차,율무밥(55),동태살무국,어묵고구마조림,고구마우유조림,비트초절이
찹쌀현미밥(55),애호박맑은국,(우유제외)옥수수토마토소스볶음,S포도(100g),S사과(35g),찹쌀현미밥(55),얼갈이된장국,차돌양배추볶음,곤드레나물볶음,동치미,S단호박설기,S우유(100ml),찹쌀현미밥(55),달래두부된장국,너비아니구이,북어채볶음,배추김치
밤콩밥(55),얼갈이배추국,채소샐러드,S사과(35g),S멜론(100g),밤콩밥(63),쑥갓어묵국,온두부찜,치커리겉절이,깻잎김치,S찐고구마,S망고주스,밤콩밥(55),쑥갓어묵탕,소고기찹쌀구이,땅콩조림,단배추물김치
쌀밥(40),호박감자수제비국,매쉬드포테이토,S사과(35g),S복숭아(천도)-80g,쌀밥(40),유부쑥갓맑은국,고구마연근맛탕,마카로니채소샐러드(토마토소스),배추김치,S치즈머핀,S오미자아이스크림,쌀밥(40),동태살무국,조랭이떡소불고기,사과미나리무침,비트초절이
찰현미밥(55),팽이장국,김구이,S귤(50g),S사과(75g),찰현미밥(55),(저염)닭곰탕,연근강정,감자당근채볶음,열무물김치,S치즈스틱,S두유(150ml),찰현미밥(55),떡국,두부땅콩조림,단호박구이,석박지
옥수수밥(55),달걀쑥국,애호박볶음,S복숭아(60g),S사과(35g),옥수수밥(55),닭곰탕,감자그라탕,매쉬드포테이토,나박김치,S(우유제외)토마토스파게티,S보리차,옥수수밥(55),두부감자국,소고기육전,우엉조랭이떡조림,얼갈이배추김치
기장밥(55),유부쑥갓맑은국,맛살볶음,S과일화채,S복숭아(천도)-60g,기장밥(55),동태살무국,떡갈비간장조림,단호박견과류샐러드,열무물김치,S찐감자,S둥글레차,기장밥(55),안매운닭개장,참치어묵조림,마카로니채소샐러드(토마토소스),비트초절이
찹쌀현미밥(55),오징어찌개,매쉬드포테이토,S복숭아(황도)-60g,S참외(50g),찹쌀현미밥(63),두부달걀국,고구마연근맛탕,다시마북어볶음,오이소박이김치,S(우유제외)토마토스파게티,S보리차,찹쌀현미밥(55),동태맑은국,새우까스,아욱무침,열무김치
잡곡밥(63),닭고기채소찌개,해초볶음,S복숭아(황도)-60g,S멜론(50g),잡곡밥(55),닭살당면국,옥수수치즈전,양배추오이샐러드,비트초절이,S(우유제외)알리오올리오스파게티,S오미자아이스크림,잡곡밥(55),온청포묵국,햄구이,실곤약간장채소무침,석박지
잡곡밥(55),북어김치국,매쉬드포테이토,S사과(35g),S복숭아(황도)-80g,잡곡밥(63),두부달걀국,브로콜리달걀볶음,동초무침,열무물김치,S치즈케이크,S보리차,잡곡밥(63),떡국,새우까스,무미역무침,나박김치
보리밥(55),호박감자수제비국,다시마북어볶음,S복숭아(60g),S복숭아(천도)-60g,보리밥(55),유부쑥갓맑은국,라조기,미역줄기채소볶음,배추김치,S슈크림빵,S고구마쉐이크,보리밥(55),동태살무국,소고기등심버섯불고기,참나물유자청무침,비트초절이
기장밥(55),오징어숙주국,피망잡채,S사과(35g),S멜론(50g),기장밥(55),매생이두부국,오징어볶음+소면,과일샐러드(요거트드레싱),단배추물김치,S냉콩국+소면,S둥글레차,기장밥(55),쑥갓어묵탕,매콤오징어볶음,얼갈이무침,열무물김치
현미밥(63),온청포묵국,실곤약간장채소무침,S복숭아(황도)-80g,S참외(50g),현미밥(63),닭고기채소찌개,당근새우짜장볶음,얼갈이배추겉절이,비트초절이,S단호박샐러드(마요네즈),S보리차,현미밥(63),미니유부우동,탕평채무침,양배추오이샐러드,총각김치
기장밥(55),동태살무국,마카로니채소샐러드(토마토소스),S사과(35g),S복숭아(천도)-60g,기장밥(55),우동국물,차돌양배추볶음,얼갈이무침,열무물김치,S(우유제외)토마토스파게티,S고구마쉐이크,기장밥(55),유부쑥갓맑은국,참치어묵조림,김구이+양념장,배추김치
밤찹쌀팥밥(63),실파장국,진미채초무침,S멜론(50g),S복숭아(60g),밤찹쌀팥밥(63),차돌얼갈이국,청경채불고기,채소샐러드,나박김치,S크림떡볶이,S코코아,밤찹쌀팥밥(63),콩가루얼갈이배추국,동태포전,무미역생채,비트초절이
현미밥(55),미니우동,애호박건새우볶음,S복숭아(황도)-60g,S참외(50g),현미밥(55),동태맑은국,라조기,매쉬드포테이토,총각김치,S새우튀김,S바나나쉐이크,현미밥(55),늙은호박국,조랭이떡소불고기,토마토범벅,단배추물김치
밤밥(63),맑은양배추국,단호박견과류샐러드,S사과(35g),S블루베리(50g),밤밥(63),유부쑥갓맑은국,소고기당면불고기,양상추요거트샐러드,배추김치,S(우유제외)토마토스파게티,S보리차,밤밥(63),양파채국,참치어묵조림,고구마우유조림,파김치
흑미밥(55),닭살미역국,얼갈이무침,S복숭아(천도)-60g,S땅콩,흑미밥(55),양파당면국,떡갈비채소볶음,크래미채소볶음,열무물김치,S단팥도너츠,S코코아,흑미밥(55),매콤애호박국,소고기등심버섯불고기,양상추샐러드(레몬드레싱),오이소박이김치
수수밥(55),닭고기채소찌개,건새우견과류볶음,S사과(100g),S사과(35g),수수밥(55),북어김치국,으깬두부채소전,상추초무침,동치미,S멸치주먹밥,S보리차,수수밥(55),어묵국수,닭살간장조림,과일샐러드(요거트드레싱),석박지
밤콩밥(55),유부쑥갓맑은국,매쉬드포테이토,S복숭아(60g),S복숭아(천도)-60g,밤콩밥(55),동태살무국,차돌양배추볶음,토마토범벅,열무김치,S짜장떡볶이,S고구마쉐이크,밤콩밥(55),호박감자수제비국,매콤오징어볶음,무미역무침,비트초절이
밤밥(55),실파장국,당근스틱,S사과(35g),S멜론(50g),밤밥(63),만두국(가공만두),토마토치즈범벅,건파래자반,나박김치,S찐고구마,S복숭아호두스무디,밤밥(55),쑥갓어묵탕,소고기단호박볶음,건새우애호박볶음,오이소박이김치
수수밥(55),애호박두부젓국,실곤약간장채소무침,S복숭아(60g),S복숭아(천도)-60g,수수밥(55),매콤애호박국,옥수수치즈전,파래무침,단배추물김치,S(우유제외)토마토스파게티,S오미자아이스크림,수수밥(55),차돌얼갈이국,온두부찜,감자어묵볶음,열무물김치
기장밥(55),다시마양파국,땅콩우엉무침,S멜론(50g),S사과(35g),기장밥(55),애호박새우젓국,소고기잡채,단호박우유찜,비트초절이,S멸치주먹밥,S복숭아호두스무디,기장밥(55),유부쑥갓맑은국,라조기,마카로니채소샐러드(토마토소스),배추김치
율무밥(55),소고기떡국,감자당근채볶음,S복숭아(80g),S복숭아(천도)-80g,율무밥(55),동태살무국,소고기토마토조림,애호박볶음,열무물김치,S단호박꿀찜,S검은깨두유(200ml),율무밥(55),대구지리,칠리새우,진미채초무침,나박김치
흑미밥(55),닭고기채소찌개,(우유제외)단호박두유찜,S사과(35g),S멜론(50g),흑미밥(55),찹쌀옹심이국,어묵감자조림,느타리버섯당근볶음,석박지,S치즈스틱,S식혜,흑미밥(55),실파장국,브로콜리달걀볶음,건새우애호박볶음,단무지
밤찹쌀팥밥(63),동태살무국,과일샐러드(요거트드레싱),S복숭아(천도)-60g,S수박화채,밤찹쌀팥밥(55),호박감자수제비국,새우깐풍기,진미채초무침,비트초절이,S크림떡볶이,S둥글레차,밤찹쌀팥밥(55),유부쑥갓맑은국,삼치무조림,게맛살피망채볶음,배추김치
찹쌀팥밥(55),차돌얼갈이국,실곤약채소무침,S사과(100g),S멜론(100g),찹쌀팥밥(55),닭고기채소찌개,브로콜리달걀볶음,얼갈이배추겉절이,단배추물김치,S(우유제외)토마토스파게티,S우유(100ml),찹쌀팥밥(55),북어김치국,탕평채무침,건새우애호박볶음,열무김치
밤밥(55),호박감자수제비국,요거트과일샐러드,S복숭아(60g),S복숭아(천도)-60g,밤밥(55),유부쑥갓맑은국,떡갈비간장조림,과일샐러드(요거트드레싱),배추김치,S멸치주먹밥,S떠먹는요구르트(100ml),밤밥(55),애탕국,치킨까스+소스,오이스틱,열무물김치
밤찹쌀팥밥(63),다슬기아욱국,마카로니채소샐러드(토마토소스),S과일화채,S참외(50g),밤찹쌀팥밥(63),유부새우젓국,참치어묵조림,감자샐러드,총각김치,S치즈,S보리차,밤찹쌀팥밥(63),미니메밀국수,소고기토마토조림,고구마우유조림,콜라비나박김치
잡곡밥(55),늙은호박국,도라지무침,S과일화채,S복숭아(60g),잡곡밥(55),미니우동,채소스크램블에그,매쉬드포테이토,깻잎김치,S(우유제외)알리오올리오스파게티,S코코아,잡곡밥(55),동태맑은국,라조기,건취나물간장볶음,열무물김치
팥밥(55),건새우감자국,건파래자반,S사과(35g),S포도(100g),팥밥(55),애호박맑은국,소고기육전(찹쌀가루),단호박찜,배추김치,S증편,S우유(100ml),팥밥(55),콩나물냉국,소고기감자조림,새싹채소샐러드,동치미
율무밥(55),동태살무국,매쉬드포테이토,S복숭아(천도)-60g,S복숭아(60g),율무밥(55),호박감자수제비국,소고기카레볶음,사과미나리무침,비트초절이,S크림떡볶이,S둥글레차,율무밥(55),유부쑥갓맑은국,브로콜리달걀볶음,맛살볶음,오이소박이김치
밤밥(55),다슬기아욱국,감자당근채볶음,S사과(35g),S블루베리(50g),밤밥(63),닭곰탕,옥수수채소튀김,애호박볶음,파김치,S약과,S코코아,밤밥(63),오징어숙주국,오징어간장조림,깻잎순멸치볶음,나박김치
밤밥(55),순한고추장찌개,고구마범벅,S바나나(100g),S멜론(100g),밤밥(63),다시마양파국,동태포전,치커리배무침,백김치,S찹쌀도너츠,S오미자아이스크림,밤밥(55),애호박새우젓국,닭가슴살버섯볶음,마늘쫑조림,단배추물김치
기장밥(63),다슬기아욱국,요거트과일샐러드,S멜론(100g),S멜론(100g),기장밥(63),유부쑥갓맑은국,소고기토마토조림,매쉬드포테이토,비트초절이,S고로케,S떠먹는요구르트(100ml),기장밥(63),동태살무국,닭가슴살버섯볶음,과일샐러드(요거트드레싱),단배추물김치
보리밥(55),차돌얼갈이국,애호박볶음,S블루베리고구마샐러드,S청포도(100g),보리밥(55),쑥갓어묵탕,옥수수채소튀김,건새우애호박볶음,나박김치,S크림떡볶이,S오미자아이스크림,보리밥(55),안매운김치국,삼치무조림,감자당근채볶음,배추김치
흑미밥(63),동태살무국,마늘종잡채,S참외(50g),S멜론(50g),흑미밥(55),콩가루얼갈이배추국,새우살크림소스볶음,과일샐러드(요거트드레싱),비트초절이,S단호박떡케익,S둥글레차,흑미밥(55),해물탕,차돌양배추볶음,땅콩우엉무침,동치미
옥수수밥(55),동태살국,진미채채소무침,S복숭아(황도)-80g,S블루베리(50g),옥수수밥(55),실파장국,(저염)갈치조림,동초무침,열무물김치,S절편,S오미자아이스크림,옥수수밥(55),어묵국수,온두부찜,애호박건새우볶음,나박김치
완두콩밥(55),유부쑥갓맑은국,마카로니채소샐러드(토마토소스),S사과(35g),S멜론(50g),완두콩밥(55),동태살무국,닭고기냉채,크래미채소볶음,비트초절이,S쌀과자,S복숭아호두스무디,완두콩밥(55),호박감자수제비국,소고기토마토볶음,맛살볶음,배추김치
밤밥(55),오징어숙주국,애호박볶음,S참외(50g),S블루베리고구마샐러드,밤밥(55),찹쌀옹심이국,매콤오징어볶음,다시마북어볶음,열무물김치,S크로와상,S둥글레차,밤밥(55),홍합탕,(저염)갈치조림,아욱무침,나박김치
팥밥(55),김치유부맑은국,단호박찜,S멜론(100g),S복숭아(천도)-60g,팥밥(55),매콤콩나물국,유부맛살숙주무침,브로콜리초고추장무침,석박지,S크랜베리찹쌀케이크,S고구마쉐이크,팥밥(55),미니어묵우동,두부달걀부침,건파래자반,단배추물김치
흑미밥(63),우동국물,진미채초무침,S복숭아(천도)-60g,S복숭아(60g),흑미밥(63),북어달걀국,참치어묵조림,감자당근채볶음,비트초절이,S(우유제외)토마토스파게티,S수제블루베리바나나우유,흑미밥(55),유부쑥갓맑은국,새우살채소볶음,채소샐러드,배추김치
밤찹쌀팥밥(63),동태살무국,양배추마요무침,S사과(35g),S복숭아(천도)-60g,밤찹쌀팥밥(63),버섯개장,삼치무조림,쑥갓나물,나박김치,S단호박떡케익,S검은깨두유(200ml),밤찹쌀팥밥(63),북어김치국,소고기토마토조림,과일샐러드(요거트드레싱),오이소박이김치
차조밥(55),매콤애호박국,오이생채,S복숭아(60g),S복숭아(천도)-60g,차조밥(55),다슬기된장국,고구마연근맛탕,애호박새우젓볶음,비트초절이,S냉콩국+소면,S오미자아이스크림,차조밥(55),해물탕,두부떡간장조림,실곤약채소무침,석박지
고구마밥(63),두부새우젓국,건파래자반,S사과(35g),S멜론(50g),고구마밥(63),닭고기채소찌개,옥수수치즈전,해초볶음,열무물김치,S크림떡볶이,S단호박식혜,고구마밥(63),애호박두부젓국찌개,조랭이떡소불고기,매쉬드포테이토,나박김치
찹쌀밥(55),달래맑은국,모듬버섯나물,S푸실리샐러드,S포도(100g),찹쌀밥(40),무채된장국,(저염)갈치조림,(저염)연근조림,배추김치,S쿠키,S검은깨두유(200ml),찹쌀밥(40),탕국,칠리새우,단호박찜,동치미
흑미밥(55),건새우된장국,해초볶음,S사과(100g),S참외(50g),흑미밥(55),대구지리,조랭이떡소불고기,진미채초무침,열무물김치,S맘모스빵,S요구르트,흑미밥(55),해물탕,라조기,채소샐러드,나박김치
보리밥(55),어묵국수,애호박볶음,S복숭아(60g),S복숭아(천도)-60g,보리밥(55),동태살국,오징어간장조림,고구마줄기볶음,석박지,S냉콩국+소면,S매실쥬스,보리밥(55),차돌박이된장국,채소스크램블에그,감자당근채볶음,깍두기
찹쌀현미밥(55),유부쑥갓맑은국,진미채채소무침,S사과(35g),S멜론(50g),찹쌀현미밥(55),매콤애호박국,닭고기냉채,가지무침,오이소박이김치,S찐고구마,S오미자아이스크림,찹쌀현미밥(55),건새우감자국,조랭이떡소불고기,다시마북어볶음,비트초절이
완두콩밥(55),두부새우젓국,동초무침,S복숭아(60g),S블루베리고구마샐러드,완두콩밥(55),쑥갓어묵탕,소고기토마토조림,곤드레나물볶음,열무물김치,S(우유제외)토마토스파게티,S둥글레차,완두콩밥(55),묵국,등심탕수육+소스,진미채초무침,나박김치
기장밥(55),건새우된장국,콘샐러드,S복숭아(황도)-80g,S멜론(50g),기장밥(63),동태살국,오징어새우볶음,채소샐러드,열무김치,S약과,S보리차,기장밥(63),오징어숙주국,소고기양배추조림,더덕사과무침,석박지
팥밥(55),콩나물어묵국,땅콩조림,S사과(35g),S멜론(50g),팥밥(55),매콤콩나물국,소고기찹쌀구이,동초무침,깍두기,S크랜베리찹쌀케이크,S고구마쉐이크,팥밥(55),찹쌀옹심이국,오리훈제구이,치커리겉절이,단무지무침
감자밥(55),건새우맑은국,참치양파볶음,S복숭아(황도)-80g,S블루베리고구마샐러드,감자밥(55),어묵국수,라조기,(우유제외)감자버터구이,오이소박이김치,S알리오올리오스파게티,S보리차,감자밥(55),해물탕,달걀프라이,매쉬드포테이토,열무물김치
기장밥(55),콩가루얼갈이배추국,옥수수버터구이,S멜론(50g),S복숭아(황도)-60g,기장밥(55),실파장국,칠리새우,당근숙주굴소스볶음,비트초절이,S슈크림빵,S고구마쉐이크,기장밥(55),늙은호박국,소고기양배추조림,토마토범벅,단배추물김치
흑미밥(55),두부새우젓국,맛살볶음,S참외(50g),S복숭아(천도)-60g,흑미밥(63),유부쑥갓맑은국,소고기토마토조림,마카로니채소샐러드(토마토소스),오이소박이김치,S(우유제외)토마토스파게티,S복숭아호두스무디,흑미밥(55),동태살무국,참치어묵조림,얼갈이나물,배추김치
밤밥(63),미니우동,건파래자반,S복숭아(60g),S블루베리고구마샐러드,밤밥(63),차돌얼갈이국,브로콜리달걀볶음,매쉬드포테이토,열무물김치,S(우유제외)알리오올리오스파게티,S보리차,밤밥(63),쑥갓어묵탕,매콤주꾸미볶음,채소샐러드,단배추물김치
쌀밥(40),근대된장국,토마토범벅,S멜론(50g),S포도(100g),쌀밥(40),닭고기채소찌개,매콤오삼불고기,애호박건새우볶음,나박김치,S절편,S수제블루베리우유,쌀밥(55),근대국,채소스크램블에그,실곤약간장채소무침,비트초절이
밤찹쌀팥밥(63),(소고기제외)당면양배추국,건취나물간장볶음,S사과(35g),S블루베리고구마샐러드,밤찹쌀팥밥(63),유부쑥갓맑은국,매콤오징어볶음,진미채초무침,배추김치,S(우유제외)알리오올리오스파게티,S오미자아이스크림,밤찹쌀팥밥(63),동태살무국,오징어채소볶음,미역줄기채소볶음,열무물김치
고구마밥(55),묵국,감자볶음,S멜론(50g),S사과(75g),고구마밥(55),양파채국,소고기토마토조림,일미무침,나박김치,S수제비,S호두우유,고구마밥(55),(저염)닭곰탕,소고기토마토조림,(우유제외)감자버터구이,비트초절이
검정콩밥(55),당근황태국,고구마줄기볶음,S멜론(50g),S사과(35g),검정콩밥(55),호박감자수제비국,참치어묵조림,양상추요거트샐러드,비트초절이,S크림떡볶이,S복숭아호두스무디,검정콩밥(55),매콤애호박국,소고기토마토조림,애호박새우젓볶음,파김치
찹쌀현미밥(63),유부쑥갓맑은국,무미역생채,S복숭아(천도)-80g,S복숭아(80g),찹쌀현미밥(63),동태살무국,소고기떡찜,견과류고구마범벅,배추김치,S단호박꿀찜,S둥글레차,찹쌀현미밥(63),소고기떡국,소고기채소조림,감자당근채볶음,나박김치
율무밥(55),묵국,해초볶음,S복숭아(황도)-60g,S멜론(50g),율무밥(55),차돌박이된장국,무나물볶음,고춧잎나물,석박지,S크림떡볶이,S두유(100ml),율무밥(55),떡국,으깬두부채소전,애호박볶음,깍두기
흑미밥(63),해물탕,진미채초무침,S복숭아(황도)-80g,S복숭아(60g),흑미밥(63),두부새우젓국,동태포전,애호박새우젓볶음,나박김치,S새우크림소스볶음,S보리차,흑미밥(63),어묵국수,소고기토마토조림,동초무침,비트초절이
쌀밥(40),차돌얼갈이국,토마토범벅,S블루베리고구마샐러드,S멜론(50g),쌀밥(40),닭고기채소찌개,당면김말이튀김,실곤약간장채소무침,깻잎김치,S(우유제외)알리오올리오스파게티,S검은깨두유(200ml),쌀밥(40),미니우동,오리훈제구이,아욱무침,열무물김치
차조밥(55),북어달걀국,무미역생채,S복숭아(천도)-60g,S복숭아(60g),차조밥(55),온청포묵국,햄구이,가지무침,비트초절이,S냉콩국+소면,S오미자아이스크림,차조밥(55),(소고기제외)당면양배추국,소면채소무침,배추게맛살샐러드,오이소박이김치
현미밥(63),오징어숙주국,땅콩우엉무침,S블루베리(50g),S사과(50g),현미밥(55),유부쑥갓맑은국,참치어묵조림,사과미나리무침,배추김치,S(우유제외)알리오올리오스파게티,S복숭아호두스무디,현미밥(55),동태살무국,으깬두부채소전,매쉬드포테이토,파김치
찹쌀현미밥(55),어묵국수,배추게맛살샐러드,S사과(35g),S멜론(50g),찹쌀현미밥(55),대구지리,참치어묵조림,무미역생채,비트초절이,S맘모스빵,S오미자아이스크림,찹쌀현미밥(55),닭고기채소찌개,두부채소굴소스볶음,건새우애호박볶음,나박김치
잡곡밥(63),찹쌀옹심이국,진미채초무침,S복숭아(천도)-60g,S복숭아(60g),잡곡밥(63),다슬기아욱국,소고기토마토조림,애호박볶음,열무물김치,S크림떡볶이,S보리차,잡곡밥(63),유부쑥갓맑은국,소고기깻잎볶음,해초볶음,석박지
팥밥(55),동태살무국,채소샐러드,S사과(35g),S멜론(50g),팥밥(55),북어달걀국,매콤오징어볶음,동초무침,배추김치,S(우유제외)토마토스파게티,S고구마쉐이크,팥밥(55),두부새우젓국,참치어묵조림,맛살볶음,열무김치
고구마밥(55),아욱우렁된장국,매쉬드포테이토,S블루베리고구마샐러드,S복숭아(천도)-60g,고구마밥(55),당근황태국,라조기,토마토범벅,나박김치,S약과,S둥글레차,고구마밥(55),떡국,소고기양배추조림,배무생채,석박지
수수밥(55),설렁탕+소면,애호박볶음,S사과(35g),S멜론(50g),수수밥(63),어묵국수,으깬두부채소전,진미채채소무침,열무물김치,S치즈스틱,S보리차,수수밥(63),동태살국,소고기채소조림,감자당근채볶음,비트초절이
흑미밥(55),유부쑥갓맑은국,쌈채소,S복숭아(황도)-80g,S복숭아(천도)-60g,흑미밥(55),소고기양파국,토마토치즈범벅,크래미채소볶음,오이소박이김치,S멸치주먹밥,S둥글레차,흑미밥(55),호박감자수제비국,소고기양배추조림,유자청두부샐러드,배추김치
밤밥(55),북어김치국,진미채초무침,S복숭아(60g),S사과(35g),밤밥(55),두부새우젓국,돼지고기굴소스볶음,깻잎순멸치볶음,나박김치,S(우유제외)토마토스파게티,S오미자아이스크림,밤밥(63),어묵국수,동태포전,파래무침,비트초절이
찹쌀밥(40),미니우동,애호박건새우볶음,S멜론(50g),S블루베리고구마샐러드,찹쌀밥(40),실파장국,닭살간장조림,미역줄기채소볶음,열무물김치,S(우유제외)알리오올리오스파게티,S보리차,찹쌀밥(63),차돌얼갈이국,소고기단호박볶음,과일샐러드(요거트드레싱),단배추물김치
잡곡밥(55),떡국,땅콩우엉무침,S복숭아(황도)-80g,S참외(50g),잡곡밥(55),닭고기채소찌개,으깬두부채소전,매쉬드포테이토,나박김치,S쌀과자,S검은깨두유(200ml),잡곡밥(55),해물탕,으깬두부채소전,해초볶음,깻잎김치
찰현미밥(63),동태살무국,과일샐러드(요거트드레싱),S복숭아(천도)-60g,S복숭아(60g),찰현미밥(63),유부쑥갓맑은국,새우살크림소스볶음,매콤숙주미나리무침,나박김치,S크림떡볶이,S둥글레차,찰현미밥(63),매콤애호박국,소고기케첩볶음,미역줄기채소볶음,배추김치
현미밥(55),동태살무국,마카로니채소샐러드(토마토소스),S복숭아(천도)-60g,S복숭아(60g),현미밥(63),다슬기아욱국,으깬두부채소전,사과미나리무침,비트초절이,S(우유제외)토마토스파게티,S둥글레차,현미밥(55),유부쑥갓맑은국,소고기토마토조림,매쉬드포테이토,오이소박이김치
기장밥(55),다시마양파국,요거트과일범벅,S복숭아(황도)-80g,S멜론퓨레,기장밥(55),미니해물칼국수,동태포전,모듬채소,동치미,S쌀과자,S오미자아이스크림,기장밥(55),애탕국,오징어새우볶음,양배추샐러드(딸기드레싱),배추김치
차조밥(63),유부쑥갓맑은국,매콤숙주미나리무침,S복숭아(60g),S복숭아(천도)-60g,차조밥(63),동태살무국,어묵고구마조림,곰취나물볶음,오이소박이김치,S(우유제외)알리오올리오스파게티,S검은깨두유(200ml),차조밥(63),팽이장국,청경채불고기,진미채초무침,백김치
잡곡밥(55),북어달걀국,동초무침,S사과(35g),S멜론(50g),잡곡밥(63),버섯개장,(저염)갈치조림,무미역생채,나박김치,S단호박꿀찜,S복숭아호두스무디,잡곡밥(63),찹쌀옹심이국,오이참치마요무침,토마토범벅,석박지
기장밥(55),북어김치국,부추사과무침,S복숭아(천도)-80g,S복숭아(80g),기장밥(55),백짬뽕국,삼치무조림,실곤약채소무침,비트초절이,S쌀과자,S오미자아이스크림,기장밥(55),온청포묵국,소면채소무침,오이생채,배추김치
찰현미밥(63),차돌얼갈이국,매쉬드포테이토,S사과(35g),S복숭아(황도)-80g,찰현미밥(63),묵국,매콤오징어볶음,과일샐러드(요거트드레싱),단배추물김치,S단호박샐러드(마요네즈),S보리차,찰현미밥(63),(저염)닭곰탕,온두부찜,요거트과일샐러드,열무물김치
율무밥(55),호박감자수제비국,맛살볶음,S복숭아(60g),S복숭아(천도)-60g,율무밥(55),온청포묵국,오리훈제구이,양배추볶음,배추김치,S짜장떡볶이,S오미자아이스크림,율무밥(55),동태살무국,김치전,얼갈이무침,배추김치
율무밥(63),애호박맑은국,진미채초무침,S멜론(50g),S사과(35g),율무밥(63),유부쑥갓맑은국,소고기짜장볶음,견과류고구마범벅,나박김치,S단호박샐러드,S보리차,율무밥(63),매콤애호박국,소고기토마토조림,감자당근채볶음,오이소박이김치
밤콩밥(63),북어김치국,얼갈이무침,S복숭아(60g),S참외(50g),밤콩밥(55),유부김치국,어묵감자조림,아욱무침,열무물김치,S약과,S둥글레차,밤콩밥(63),다슬기된장국,차돌양배추볶음,땅콩우엉무침,얼갈이배추김치
찹쌀밥(40),만두국,토마토범벅,S사과(35g),S멜론(50g),찹쌀밥(40),멸치장국,소고기채소볶음,매쉬드포테이토,단배추물김치,S맘모스빵,S복숭아호두스무디,찹쌀밥(40),닭고기채소찌개,토마토카프레제,참치양파볶음,석박지
차조밥(55),온청포묵국,청경채사과무침,S사과(50g),S사과(100g),차조밥(55),유부쑥갓맑은국,소고기단호박볶음,모듬채소,배추김치,S소보로빵,S둥글레차,차조밥(55),대구지리,칠리새우,봄동부추겉절이,비트초절이
검정콩밥(63),동태살국,양념가지찜,S복숭아(60g),S복숭아(천도)-60g,검정콩밥(63),떡국,오징어간장조림,진미채초무침,석박지,S슈크림빵,S코코아,검정콩밥(63),유부맑은국,채소스크램블에그,감자당근채볶음,오이소박이김치
수수밥(55),대구지리,동초무침,S멜론(50g),S사과(35g),수수밥(63),닭고기채소찌개,동태포전,실곤약채소무침,열무물김치,S모닝빵,S복숭아호두스무디,수수밥(55),온도토리묵국,맛살꼬지전,해초볶음,나박김치
고구마밥(55),콩가루얼갈이배추국,깻잎순나물,S복숭아(60g),S복숭아(천도)-60g,고구마밥(55),팽이버섯맑은국,차돌양배추볶음,매쉬드포테이토,깍두기,S(우유제외)알리오올리오스파게티,S코코아,고구마밥(55),떡국,훈제오리단호박찜,양념가지찜,비트초절이
보리밥(63),동태살무국,땅콩우엉무침,S사과(50g),S멜론(50g),보리밥(63),두부새우젓국,소고기채소조림,감자당근채볶음,열무물김치,S단호박샐러드(마요네즈),S검은깨두유(200ml),보리밥(63),두부찌개,삼치무조림,도토리묵채소무침,배추김치
완두콩밥(63),쑥갓어묵탕,요거트과일샐러드,S복숭아(천도)-60g,B귤(80g),완두콩밥(63),순한육개장,칠리새우,애호박건새우볶음,비트초절이,S카카오올리브케익,S오미자아이스크림,완두콩밥(63),실파장국,맛살꼬지전,과일샐러드(요거트드레싱),단배추물김치
고구마밥(63),다시마새우젓국,해초볶음,S블루베리고구마샐러드,S멜론(50g),고구마밥(63),팽이장국,소고기채소조림,감자당근채볶음,열무물김치,S단호박샐러드(마요네즈),S(우유제외)수제블루베리우유,고구마밥(63),닭곰탕,삼치무조림,으깬견과류고구마샐러드(요거트),나박김치
찹쌀밥(40),우렁이된장찌개,단호박찜,S참외(100g),S블루베리(50g),찹쌀밥(40),미니유부우동,오징어숙회+유자소스,쫄면무침,오이소박이김치,S(우유제외)토마토스파게티,S복숭아호두스무디,찹쌀밥(40),김치유부맑은국,코다리엿장조림,양배추마요무침,비트초절이
차조밥(63),온청포묵국,무사과무침,S복숭아(60g),S복숭아(천도)-60g,차조밥(63),팽이장국,맛살꼬지전,해초볶음,배추김치,S(우유제외)알리오올리오스파게티,S오미자아이스크림,차조밥(63),북어달걀국,채소스크램블에그,얼갈이무침,열무물김치
찰현미밥(55),호박감자수제비국,맛살볶음,S블루베리(50g),S멜론(50g),찰현미밥(55),유부쑥갓맑은국,으깬두부채소전,매쉬드포테이토,오이소박이김치,S쿠키,S복숭아호두스무디,찰현미밥(63),동태살무국,(저염)갈치조림,김구이+양념장,비트초절이
밤콩밥(63),닭고기채소찌개,고구마샐러드,S블루베리(50g),S방울토마토(35g),밤콩밥(55),근대국,두부톳무침,참외노각무침,동치미,S단호박구이,S고구마쉐이크,밤콩밥(63),실파맑은국,차돌양배추볶음,땅콩우엉무침,배추김치
잡곡밥(55),호박감자수제비국,맛살볶음,S사과(35g),S멜론(50g),잡곡밥(55),유부쑥갓맑은국,고구마연근맛탕,마카로니채소샐러드(토마토소스),열무물김치,S소보로빵,S오미자아이스크림,잡곡밥(63),동태살무국,맛살꼬지전,크래미채소볶음,비트초절이
고구마밥(63),떡국,매쉬드포테이토,S복숭아(황도)-80g,S참외(50g),고구마밥(63),묵국,소고기채소조림,건파래자반,단배추물김치,S(우유제외)토마토스파게티,S검은깨두유(200ml),고구마밥(55),(저염)닭곰탕,으깬두부채소전,건취나물간장볶음,갓김치
기장밥(55),동태살무국,진미채초무침,S복숭아(천도)-60g,S복숭아(천도)-80g,기장밥(55),버섯개장,고구마연근맛탕,건새우애호박볶음,나박김치,S치즈케이크,S오미자아이스크림,기장밥(63),매콤애호박국,맛살꼬지전,상추오이무침,비트초절이
기장밥(55),미니우동,과일샐러드(요거트드레싱),S참외(50g),S멜론(50g),기장밥(63),차돌얼갈이국,소면채소무침,애호박건새우볶음,단배추물김치,S(우유제외)아몬드사과도넛,S보리차,기장밥(63),늙은호박국,으깬두부채소전,매쉬드포테이토,열무물김치
감자밥(55),동태살무국,진미채초무침,S복숭아(천도)-80g,S복숭아(80g),감자밥(63),오징어숙주국,참치어묵조림,소고기우엉조림,비트초절이,S(우유제외)토마토스파게티,S고구마쉐이크,감자밥(55),유부쑥갓맑은국,소고기토마토조림,채소샐러드,배추김치
검정콩밥(63),매콤애호박국,북어채무침,S사과(35g),S방울토마토(35g),검정콩밥(63),가자미미역국,닭고기냉채,곤드레나물볶음,파김치,S(우유제외)알리오올리오스파게티,S코코아,검정콩밥(63),북어달걀국,두부냉채,감자당근채볶음,오이소박이김치
차조밥(63),떡국,애호박볶음,S복숭아(60g),S복숭아(천도)-60g,차조밥(63),우동면국,오징어간장조림,단호박찜,총각김치,S(우유제외)옥수수버터구이,S둥글레차,차조밥(63),유부대파국,채소스크램블에그,뱅어포조림,석박지
검정콩밥(55),북어김치국,미역줄기채소볶음,S복숭아(60g),S복숭아(천도)-60g,검정콩밥(55),두부새우젓국,수제비샐러드,배추게맛살샐러드,나박김치,S(우유제외)토마토스파게티,S둥글레차,검정콩밥(55),어묵국수,탕평채무침,봄동부추겉절이,석박지
기장밥(55),동태살무국,감자당근채볶음,S사과(35g),S멜론(50g),기장밥(55),쑥갓어묵탕,(저염)갈치조림,매쉬드포테이토,깍두기,S으깬견과류고구마샐러드(요거트),S오미자아이스크림,기장밥(55),해물탕,온두부찜,진미채채소무침,열무물김치
팥밥(63),떡국,새우살호박볶음,S참외(100g),S복숭아(60g),팥밥(63),동태살국,새우살볶음,토마토범벅,단배추물김치,S(우유제외)토마토스파게티,S보리차,팥밥(63),다슬기된장국,달걀치즈말이,모듬과일샐러드,열무김치
옥수수밥(55),차돌얼갈이국,과일샐러드(요거트드레싱),S복숭아(황도)-80g,S멜론(50g),옥수수밥(55),아욱우렁된장국,소고기양배추조림,채소샐러드,깻잎김치,S짜장떡볶이,S요구르트,옥수수밥(55),미니우동,채소스크램블에그,건파래자반,열무물김치
현미밥(55),해물탕,얼갈이배추겉절이,S복숭아(천도)-60g,S복숭아(60g),현미밥(63),다슬기아욱국,오징어채소볶음,참치양파볶음,나박김치,S으깬견과류고구마샐러드(요거트),S둥글레차,현미밥(63),어묵국수,소고기토마토볶음,땅콩우엉무침,비트초절이
현미밥(63),호박감자수제비국,마카로니채소샐러드(토마토소스),S멜론(50g),S사과(100g),현미밥(55),실파장국,청경채불고기,김구이+양념장,오이소박이김치,S크림떡볶이,S복숭아호두스무디,현미밥(55),동태살무국,채소스크램블에그,매쉬드포테이토,배추김치
잡곡밥(55),온청포묵국,청경채사과무침,S복숭아(천도)-80g,S복숭아(80g),잡곡밥(55),버섯개장,어묵고구마조림,동초무침,열무물김치,S(우유제외)알리오올리오스파게티,S둥글레차,잡곡밥(63),북어달걀국,시금치두부전,봄동부추겉절이,비트초절이
흑미밥(55),소고기양파국,땅콩우엉무침,S사과(35g),S사과(35g),흑미밥(55),새우살시금치국,소고기당면불고기,배추게맛살샐러드,나박김치,S으깬견과류고구마샐러드(요거트),S복숭아호두스무디,흑미밥(55),찹쌀옹심이국,삼치무조림,감자샐러드,얼갈이배추김치
잡곡밥(55),닭고기채소찌개,매쉬드포테이토,S복숭아(60g),S복숭아(황도)-80g,잡곡밥(55),북어김치국,옥수수채소튀김,애호박건새우볶음,열무물김치,S단팥빵,S고구마쉐이크,잡곡밥(63),모듬어묵국,오징어새우볶음,진미채채소무침,단배추물김치
찹쌀보리밥(55),(저염)닭곰탕,해초볶음,S아몬드,S사과(35g),찹쌀보리밥(63),떡국,새우살채소볶음,브로콜리참깨무침,나박김치,S(우유제외)토마토스파게티,S보리차,찹쌀보리밥(63),건새우된장국,오징어간장조림,감자당근채볶음,비트초절이
찹쌀밥(63),북어달걀국,얼갈이무침,S복숭아(천도)-60g,S멜론(50g),찹쌀밥(63),두부새우젓국,치킨까스+소스,건취나물간장볶음,오이소박이김치,S단호박설기,S둥글레차,찹쌀밥(63),온청포묵국,소고기당면불고기,양배추마요무침,열무물김치
기장밥(55),어묵국수,콩나물잡채,S과일샐러드(요거트드레싱),S사과(35g),기장밥(63),동태살무국,삼치엿장조림,으깬견과류고구마샐러드(요거트),나박김치,S해물파전,S복숭아호두스무디,기장밥(55),북어김치국,참치어묵조림,진미채초무침,비트초절이
찹쌀보리밥(55),콩가루얼갈이배추국,동초무침,S복숭아(천도)-80g,S복숭아(80g),찹쌀보리밥(63),떡국,청경채불고기,맛살볶음,석박지,S(우유제외)토마토스파게티,S둥글레차,찹쌀보리밥(55),쑥갓어묵탕,소고기토마토조림,애호박새우젓볶음,깍두기
찹쌀현미밥(63),얼갈이맑은국,땅콩우엉무침,S바나나(100g),S사과(100g),찹쌀현미밥(63),유부김치국,가래떡구이,브로콜리참깨무침,비트초절이,S송편(40g),S오미자아이스크림,찹쌀현미밥(63),달래맑은국,베이컨달걀찜,건파래자반,단무지무침
찹쌀보리밥(55),두부새우젓국,파래무침,S과일화채,S복숭아(천도)-80g,찹쌀보리밥(55),유부쑥갓맑은국,옥수수채소튀김,미역줄기채소볶음,오이소박이김치,S(우유제외)토마토스파게티,S둥글레차,찹쌀보리밥(55),동태살무국,조랭이떡소불고기,진미채초무침,배추김치
감자밥(55),새우살시금치국,건취나물간장볶음,S복숭아(황도)-60g,S복숭아(60g),감자밥(63),오징어숙주국,등심탕수육+소스,도토리묵무침,열무김치,S(우유제외)알리오올리오스파게티,S바나나쉐이크,감자밥(55),떡국,오징어채소볶음,참치양파볶음,석박지
흑미밥(63),닭고기채소찌개,과일샐러드(요거트드레싱),S사과(35g),S멜론(50g),흑미밥(63),북어김치국,참치어묵조림,양배추오이샐러드,단배추물김치,S멸치주먹밥,S보리차,흑미밥(55),온청포묵국,으깬두부채소전,실곤약간장채소무침,비트초절이
고구마밥(63),냉콩나물국,얼갈이무침,S복숭아(60g),S복숭아(황도)-80g,고구마밥(63),해물탕,소고기무볶음,매쉬드포테이토,깻잎김치,S짜장떡볶이,S코코아,고구마밥(55),(저염)닭곰탕,옥수수채소튀김,애호박볶음,나박김치
찹쌀보리밥(55),떡국,새우살호박볶음,S사과(35g),S멜론(50g),찹쌀보리밥(55),늙은호박국,치킨까스+소스,진미채초무침,석박지,S찐감자,S오미자아이스크림,찹쌀보리밥(55),건새우시금치국,소고기등심버섯불고기,감자당근채볶음,열무물김치
검정콩밥(63),매콤애호박국,매쉬드포테이토,S당근스틱,S복숭아(천도)-80g,검정콩밥(63),차돌얼갈이국,조랭이떡소불고기,토마토범벅,단배추물김치,S쑥설기(40g),S검은콩두유(100ml),검정콩밥(63),닭고기채소찌개,모듬버섯탕수,실곤약간장채소무침,열무김치
흑미밥(55),오징어찌개,진미채채소무침,S참외(50g),S멜론(50g),흑미밥(63),늙은호박국,새우살채소볶음,동초무침,열무물김치,S(우유제외)알리오올리오스파게티,S바나나쉐이크,흑미밥(55),동태맑은국,오징어간장조림,곤드레나물볶음,비트초절이
감자밥(55),호박감자수제비국,진미채초무침,S사과(35g),S복숭아(천도)-60g,감자밥(55),유부쑥갓맑은국,고구마연근맛탕,건취나물간장볶음,오이소박이김치,S(우유제외)토마토스파게티,S오미자아이스크림,감자밥(55),동태살무국,맛살꼬지전,땅콩우엉무침,파김치
찹쌀보리밥(55),건새우된장국,과일샐러드(요거트드레싱),S복숭아(황도)-80g,S복숭아(60g),찹쌀보리밥(63),(저염)닭곰탕,오징어간장조림,애호박건새우볶음,나박김치,S으깬견과류고구마샐러드(요거트),S보리차,찹쌀보리밥(63),어묵국수,삼치무조림,채소샐러드,석박지
찹쌀보리밥(55),동태살국,건취나물간장볶음,S블루베리고구마샐러드,S멜론(50g),찹쌀보리밥(55),다슬기된장국,고구마연근맛탕,상추쌈,열무물김치,S밤설기(40g),S오미자아이스크림,찹쌀보리밥(63),해물탕,오징어새우볶음,크래미채소볶음,비트초절이
현미밥(55),쑥갓어묵탕,동초무침,S복숭아(천도)-60g,S복숭아(60g),현미밥(55),닭고기채소찌개,오징어채소볶음,실곤약간장채소무침,총각김치,S약과,S(우유제외)수제블루베리우유,현미밥(55),오징어찌개,동태포전,참치양파볶음,단배추물김치
수수밥(55),버섯개장,땅콩우엉무침,S멜론(50g),S사과(35g),수수밥(55),다슬기아욱국,으깬두부채소전,매쉬드포테이토,열무물김치,S카카오올리브케익,S식혜,수수밥(55),어묵국수,동태포전,토마토범벅,나박김치
완두콩밥(55),떡국,고구마순된장무침,S배(50g),S블루베리고구마샐러드,완두콩밥(55),늙은호박국,소고기토마토조림,미역줄기채소볶음,얼갈이배추김치,S짜장떡볶이,S둥글레차,완두콩밥(55),애호박두부젓국찌개,새우살크림소스볶음,건취나물볶음,열무김치
보리밥(55),호박감자수제비국,크래미채소볶음,S과일화채,S멜론(50g),보리밥(63),북어김치국,시금치두부전,얼갈이무침,배추김치,S멸치주먹밥,S매실쥬스,보리밥(55),오징어무국,가지구이,뱅어포구이,열무물김치
팥밥(55),찹쌀옹심이국,얼갈이무침,S복숭아(백도)-80g,S복숭아(천도)-60g,팥밥(55),홍합미역국,오징어채소볶음,실곤약채소무침,단무지,S떡볶이,S떠먹는요구르트(100ml),팥밥(55),대구지리,오리훈제구이,오이샐러드,백김치
옥수수밥(63),차돌얼갈이국,매쉬드포테이토,S복숭아(60g),S멜론(50g),옥수수밥(55),닭고기채소찌개,소고기당면불고기,참치양파볶음,단배추물김치,S매실젤리,S복숭아호두스무디,옥수수밥(63),순한육개장,어묵감자조림,해초볶음,열무물김치
찰현미밥(63),오징어숙주국,사과미나리무침,S복숭아(천도)-60g,S복숭아(60g),찰현미밥(63),유부쑥갓맑은국,새우살조림,매쉬드포테이토,오이소박이김치,S(우유제외)알리오올리오스파게티,S둥글레차,찰현미밥(63),동태살무국,으깬두부채소전,삶은달걀,파김치
쌀밥(40),묵국,동초무침,S복숭아(황도)-80g,S블루베리고구마샐러드,쌀밥(40),(저염)닭곰탕,오징어튀김,가지양념무침,열무물김치,S단팥빵,S코코아,쌀밥(40),떡국,라조기,참치양파볶음,나박김치
찰현미밥(55),어묵국수,매쉬드포테이토,S사과(35g),S복숭아(황도)-60g,찰현미밥(55),동태살무국,채소스크램블에그,건새우애호박볶음,배추김치,S(우유제외)로제스파게티,S둥글레차,찰현미밥(55),대구지리,삼치튀김,감자당근채볶음,석박지
검정콩밥(55),북어김치국,해초볶음,S복숭아(천도)-80g,S복숭아(80g),검정콩밥(63),근대국,옥수수치즈전,동초무침,열무물김치,S크림떡볶이,S망고주스,검정콩밥(55),두부새우젓국,조랭이떡소불고기,건파래자반,나박김치
보리밥(55),떡국,애호박건새우볶음,S방울토마토(35g),S멜론(50g),보리밥(55),맑은애호박국,삼치튀김,으깬견과류고구마샐러드(요거트),열무김치,S멸치주먹밥,S보리차,보리밥(55),닭고기채소찌개,메추리알피망볶음,얼갈이무침,비트초절이
완두콩밥(55),동태맑은국,다시마북어볶음,S복숭아(60g),S블루베리고구마샐러드,완두콩밥(55),두부새우젓국,유자고구마맛탕,매쉬드포테이토,단배추물김치,S쿠키,S오미자아이스크림,완두콩밥(55),안매운닭개장,꽁치조림,진미채초무침,깻잎김치
옥수수밥(63),유부쑥갓맑은국,곤드레나물볶음,S복숭아(60g),S복숭아(천도)-60g,옥수수밥(63),매콤애호박국,소고기토마토조림,과일샐러드(요거트드레싱),오이소박이김치,S크림떡볶이,S식혜,옥수수밥(63),쑥갓어묵탕,청경채불고기,동초무침,배추김치
찹쌀현미밥(63),단호박김치국,미역줄기채소볶음,S멜론(50g),S사과(35g),찹쌀현미밥(63),아욱우렁된장국,조랭이떡소불고기,애호박콩가루볶음,열무물김치,S카카오올리브케익,S둥글레차,찹쌀현미밥(63),순한고추장찌개,모듬버섯탕수,매쉬드포테이토,나박김치
찹쌀보리밥(55),해물탕,맛살볶음,S복숭아(천도)-80g,S복숭아(80g),찹쌀보리밥(55),다슬기아욱국,고구마연근맛탕,진미채초무침,석박지,S쌀과자,S오미자아이스크림,찹쌀보리밥(55),묵국,온두부찜,곤드레나물볶음,깍두기
밤찹쌀팥밥(55),동태살무국,과일샐러드(요거트드레싱),S복숭아(천도)-60g,S복숭아(60g),밤찹쌀팥밥(55),오징어숙주국,소고기볶음우동,사과미나리무침,파김치,S(우유제외)토마토스파게티,S둥글레차,밤찹쌀팥밥(55),유부쑥갓맑은국,새우살크림소스볶음,매쉬드포테이토,비트초절이
찹쌀팥밥(55),버섯개장,채소샐러드,S사과(35g),S멜론(50g),찹쌀팥밥(55),건새우시금치국,수제비샐러드,김구이+양념장,배추김치,S(우유제외)알리오올리오스파게티,S오미자아이스크림,찹쌀팥밥(55),북어달걀국,으깬두부채소전,애호박볶음,나박김치
쌀밥(40),콩가루얼갈이배추국,동초무침,S참외(50g),S블루베리고구마샐러드,쌀밥(55),근대국,차돌양배추볶음,땅콩우엉조림,열무물김치,S알리오올리오스파게티,S레몬주스,쌀밥(40),우동국물,치즈등심돈까스,땅콩우엉무침,비트초절이
잡곡밥(55),애호박새우젓국찌개,푸실리케첩조림,S참외(50g),S사과(35g),잡곡밥(55),아욱맑은국,삼치카레구이,매쉬드포테이토,나박김치,S치즈머핀,S코코아,잡곡밥(55),미니우동,소고기토마토볶음,참치양파볶음,총각김치
찹쌀팥밥(55),호박감자수제비국,마카로니채소샐러드(토마토소스),S귤(50g),S오이스틱,찹쌀팥밥(55),유부쑥갓맑은국,가지구이,맛살볶음,비트초절이,S크로와상,S둥글레차,찹쌀팥밥(55),어묵탕,떡갈비간장조림,단호박샐러드,배추김치
찹쌀팥밥(63),해물탕,애호박볶음,S멜론(50g),S사과(35g),찹쌀팥밥(63),찹쌀옹심이국,동태살전,감자당근채볶음,열무물김치,S새우크림소스볶음,S요구르트,찹쌀팥밥(63),두부새우젓국,동태포전,매쉬드포테이토,석박지
감자밥(55),순한고추장찌개,새싹채소샐러드,S멜론(100g),S복숭아(천도)-60g,감자밥(55),호박감자수제비국,조랭이떡소불고기,무몰무침,단무지무침,S절편,S오미자아이스크림,감자밥(55),다시마양파국,치즈닭갈비,게맛살팽이버섯볶음,갓김치
쌀밥(40),두부새우젓국,진미채초무침,S복숭아(60g),S블루베리고구마샐러드,쌀밥(40),두부젓국찌개,생선까스,건취나물간장볶음,깻잎김치,S새우크림소스볶음,S미숫가루,쌀밥(40),어묵국수,삼겹살구이,얼갈이배추겉절이,나박김치
잡곡밥(63),동태살국,땅콩우엉무침,S멜론(50g),S사과(35g),잡곡밥(63),근대국,으깬두부채소전,감자당근채볶음,열무물김치,S치즈스틱,S식혜,잡곡밥(63),떡국,소고기토마토조림,애호박볶음,비트초절이
찹쌀보리밥(55),어묵국수,상추오이무침,S복숭아(60g),S복숭아(천도)-60g,찹쌀보리밥(55),닭고기채소찌개,고구마연근맛탕,무미역생채,석박지,S쌀과자,S오미자아이스크림,찹쌀보리밥(55),아욱우렁된장국,어묵감자조림,김구이+달래양념장,나박김치
찰현미밥(55),닭살미역국,진미채초무침,S멜론(50g),S사과(35g),찰현미밥(55),유부쑥갓맑은국,돼지고기굴소스볶음,애호박볶음,비트초절이,S(우유제외)토마토스파게티,S고구마쉐이크,찰현미밥(55),매콤애호박국,탕평채무침,채소샐러드,배추김치
찹쌀현미밥(63),실파장국,아욱무침,S멜론(50g),S복숭아(천도)-60g,찹쌀현미밥(63),쑥갓어묵국,소고기토마토조림,마카로니채소샐러드(토마토소스),오이소박이김치,S(우유제외)알리오올리오스파게티,S떠먹는요구르트(100ml),찹쌀현미밥(55),쑥갓어묵탕,등심탕수육+소스,건새우애호박볶음,나박김치
밤찹쌀팥밥(55),두부곤약탕국,미역줄기채소볶음,S복숭아(60g),S과일샐러드(요거트드레싱),밤찹쌀팥밥(63),단호박무국,다시마튀각,매쉬드포테이토,단배추물김치,S(우유제외)토마토스파게티,S보리차,밤찹쌀팥밥(63),오징어찌개,새우살조림,(우유제외)고구마두유조림,비트초절이
고구마밥(63),동태살국,동초무침,S멜론(50g),S사과(35g),고구마밥(63),대구지리,온두부찜,감자당근채볶음,깻잎김치,S짜장떡볶이,S코코아,고구마밥(63),떡국,생선까스,진미채초무침,나박김치
감자밥(63),실파장국,미역줄기채소볶음,S블루베리고구마샐러드,S복숭아(천도)-80g,감자밥(63),묵국,소고기채소조림,애호박건새우볶음,열무물김치,S크림떡볶이,S둥글레차,감자밥(63),북어김치국,소고기토마토조림,매쉬드포테이토,비트초절이
고구마밥(55),쑥갓어묵탕,애호박볶음,S복숭아(60g),S복숭아(천도)-60g,고구마밥(55),닭고기채소찌개,(저염)갈치조림,건새우애호박볶음,깍두기,S(우유제외)토마토스파게티,S오미자아이스크림,고구마밥(55),백짬뽕국,삼치무조림,감자당근채볶음,석박지
완두콩밥(55),가자미미역국,부추사과무침,S블루베리고구마샐러드,S복숭아(천도)-80g,완두콩밥(55),유부새우젓국,옥수수채소튀김,건파래자반,비트초절이,S소보로빵,S요구르트,완두콩밥(55),차돌얼갈이국,단호박달걀찜,오이생채,열무물김치
수수밥(63),건새우시금치국,토마토범벅,S복숭아(60g),S복숭아(황도)-80g,수수밥(63),미니우동,소고기잡채,가지양념무침,오이소박이김치,S단호박샐러드(마요네즈),S레몬주스,수수밥(63),두부새우젓국,오징어채소볶음,매쉬드포테이토,단배추물김치
잡곡밥(55),쑥완자탕,동초무침,S사과(35g),S참외(50g),잡곡밥(55),오징어숙주국,동태포전,미역줄기채소볶음,열무김치,S(우유제외)알리오올리오스파게티,S보리차,잡곡밥(55),찹쌀옹심이국,소고기채소볶음,참치양파볶음,비트초절이
고구마밥(55),온도토리묵국,부추사과무침,S배(50g),S청포도(100g),고구마밥(55),북어김치국,옥수수채소튀김,과일샐러드(요거트드레싱),석박지,S(우유제외)토마토스파게티,S오미자아이스크림,고구마밥(55),닭살당면국,으깬두부채소전,해초볶음,나박김치
잡곡밥(63),실파장국,애호박볶음,S복숭아(천도)-60g,S수박화채,잡곡밥(63),쑥갓어묵탕,새우살볶음,토마토범벅,깍두기,S카카오올리브케익,S둥글레차,잡곡밥(63),묵국,으깬두부채소전,매쉬드포테이토,열무물김치
잡곡밥(55),닭고기채소찌개,단호박우유찜,S귤(50g),S복숭아(60g),잡곡밥(55),닭살당면국,오이참치마요무침,사과미나리무침,나박김치,S(우유제외)알리오올리오스파게티,S복숭아호두스무디,잡곡밥(55),온청포묵국,새우살조림,실곤약간장채소무침,오이소박이김치
현미밥(63),백짬뽕국,땅콩우엉무침,S사과(35g),S복숭아(황도)-80g,현미밥(63),늙은호박국,옥수수채소튀김,매쉬드포테이토,단배추물김치,S단호박샐러드,S코코아,현미밥(63),(저염)닭곰탕,오징어간장조림,애호박볶음,열무물김치
흑미밥(63),차돌얼갈이국,토마토범벅,S멜론(50g),S복숭아(60g),흑미밥(63),쑥갓어묵탕,온두부찜,동초무침,열무김치,S단호박꿀찜,S검은깨두유(200ml),흑미밥(63),떡국,오징어채소볶음,해초볶음,비트초절이
율무밥(55),차돌박이된장찌개,채소샐러드,S복숭아(황도)-60g,S포도(100g),율무밥(55),다시마새우젓국,으깬두부채소전,모듬과일샐러드,동치미,S단호박죽,S검은깨두유(200ml),율무밥(55),애호박두부젓국찌개,베이컨달걀찜,콘샐러드,배추김치
잡곡밥(55),(저염)닭곰탕,미역줄기채소볶음,S복숭아(천도)-60g,S복숭아(60g),잡곡밥(55),떡국,조랭이떡소불고기,애호박건새우볶음,비트초절이,S쿠키,S보리차,잡곡밥(55),두부새우젓국,옥수수채소튀김,아욱무침,단무지무침
밤콩밥(55),북어김치국,얼갈이무침,S멜론(50g),S사과(35g),밤콩밥(55),어묵국수,김치전,애호박볶음,나박김치,S찐고구마(80g),S오미자아이스크림,밤콩밥(55),다슬기된장국,두부톳무침,채소샐러드,석박지
차조밥(55),오징어숙주국,동초무침,S복숭아(천도)-60g,S복숭아(60g),차조밥(55),떡국,온두부찜,도라지오징어채무침,비트초절이,S(우유제외)알리오올리오스파게티,S둥글레차,차조밥(55),차돌얼갈이국,매콤오징어볶음,매쉬드포테이토,단배추물김치
밤콩밥(55),북어달걀국,무미역생채,S사과(35g),S복숭아(80g),밤콩밥(63),쑥갓어묵탕,으깬두부채소전,청경채사과무침,오이소박이김치,S(우유제외)토마토스파게티,S호두우유,밤콩밥(63),팽이장국,두부톳무침,채소샐러드,배추김치
감자밥(55),차돌얼갈이국,과일샐러드(요거트드레싱),S복숭아(천도)-60g,S복숭아(60g),감자밥(55),동태살무국,오징어간장조림,파래무침,나박김치,S(우유제외)수제멸치과자,S오미자아이스크림,감자밥(55),찹쌀옹심이국,조랭이떡소불고기,애호박볶음,석박지
현미밥(55),소고기양파국,오이생채,S사과(50g),S복숭아(60g),현미밥(63),팽이장국,라조기,애호박건새우볶음,깍두기,S버터감자구이,S고구마쉐이크,현미밥(63),근대국,탕평채무침,채소샐러드,동치미
찰현미밥(63),차돌얼갈이국,건취나물간장볶음,S복숭아(천도)-80g,S복숭아(80g),찰현미밥(63),동태살국,매콤오징어볶음,매쉬드포테이토,단배추물김치,S(우유제외)알리오올리오스파게티,S둥글레차,찰현미밥(63),미니우동,으깬두부채소전,참치양파볶음,깻잎김치
흑미밥(55),닭고기채소찌개,동초무침,S사과(35g),S복숭아(황도)-80g,흑미밥(55),어묵국수,온두부찜,상추오이무침,나박김치,S치즈케이크,S검은깨두유(200ml),흑미밥(55),매콤애호박국,소고기토마토조림,진미채초무침,석박지
감자밥(55),만두닭개장,조미김,S감말랭이,S사과(35g),온메밀국수,매생이떡국,(저염)닭가슴살단호박조림,노각나물,비트초절이,S멸치주먹밥,S복숭아호두스무디,감자밥(55),멸치장국,새우버터구이,상추배생채,단배추물김치
장조림버터비빔밥,쑥갓어묵탕,유채나물무침,S포도(100g),S사과(100g),찹쌀보리밥(63),버섯무국,삼치데리야끼소스튀김,고구마순나물,백김치,S송편(40g),S호두우유,찹쌀보리밥(63),무채양파국,닭가슴살버터구이,치커리배무침,나박김치
차조밥(55),순한고추장찌개,마늘쫑감자조림,S사과샐러드(마요네즈),S복숭아(황도)-80g,차조밥(55),바지락국,토마토치즈범벅,곰취나물볶음,얼갈이배추김치,S쌀과자,S(우유제외)고구마쉐이크,차조밥(55),당근황태국,삼치살두부감자조림,표고버섯볶음,석박지
밤찹쌀팥밥(55),유부쑥갓맑은국,과일샐러드(요거트드레싱),S사과(35g),S멜론(50g),새우크림스파게티,동태살무국,가래떡김치전,감자당근채볶음,배추김치,S백설기(80g),S쌀음료,밤찹쌀팥밥(55),모듬버섯찌개,삼치무조림,애호박볶음,비트초절이
밤콩밥(55),갈비탕+당면,진미채초무침,S사과(35g),S멜론(50g),소고기상추비빔밥,대구지리,수제비샐러드,건파래자반,열무물김치,S(우유제외)토마토스파게티,S복숭아호두스무디,밤콩밥(55),팽이장국,건새우조림,무미역생채,나박김치
쌀밥(40),떡국,동초무침,S멜론(50g),S참외(50g),쌀밥(40),닭곰탕,떡갈비간장조림,애호박볶음,석박지,S(우유제외)알리오올리오스파게티,S코코아,오징어채소덮밥,매콤애호박국,오리훈제구이,채소샐러드,깍두기
고구마밥(55),동태살무국,건취나물간장볶음,S블루베리고구마샐러드,S멜론(50g),해물우동볶음,대구지리,오징어채소볶음,매쉬드포테이토,비트초절이,S(우유제외)토마토스파게티,S오미자아이스크림,고구마밥(63),두부새우젓국,씻은김치전,건파래자반,배추김치
새우크림스파게티,닭고기채소찌개,가지무침,S포도(100g),S복숭아호두스무디,밤밥(55),찹쌀옹심이국,삼치무조림,비엔나토마토볶음,열무김치,S쌀과자,S보리차,밤밥(55),애호박새우젓국,오징어불고기,무미역무침,오이소박이김치
소고기채소볶음밥,실파장국,건취나물간장볶음,S멜론(50g),S참외(50g),기장밥(55),매콤애호박국,소면채소무침,매쉬드포테이토,깻잎김치,S(우유제외)알리오올리오스파게티,S고구마쉐이크,기장밥(55),차돌얼갈이국,씻은김치전,건파래자반,열무물김치
오징어덮밥,호박감자수제비국,사과미나리무침,S블루베리고구마샐러드,S멜론(50g),고구마밥(55),동태살무국,소고기당면불고기,가지무침,비트초절이,S크림떡볶이,S오미자아이스크림,고구마밥(55),감자된장국,미역귀튀각,애호박새우젓볶음,오이소박이김치
밤찹쌀팥밥(55),닭고기채소찌개,동초무침,S멜론(50g),S사과(35g),밤찹쌀팥밥(55),떡국,소고기토마토조림,가지양념무침,열무물김치,S멸치주먹밥,S복숭아호두스무디,밤찹쌀팥밥(55),실파장국,수제비샐러드,애호박건새우볶음,나박김치
찰현미밥(55),찹쌀옹심이국,아욱무침,S블루베리(50g),S사과(50g),소고기굴소스덮밥,두부새우젓국,매콤오징어볶음,참치양파볶음,비트초절이,S수제감자피자,S둥글레차,찰현미밥(55),동태살국,(저염)갈치조림,건취나물간장볶음,석박지
찹쌀현미밥(63),미니우동,매쉬드포테이토,S사과(35g),S복숭아(천도)-80g,찹쌀현미밥(55),차돌얼갈이국,씻은김치전,김구이+양념장,단배추물김치,S(우유제외)토마토스파게티,S보리차,소고기채소볶음밥,애호박두부젓국,두부톳무침,양배추오이샐러드,열무김치
기장밥(63),다슬기된장국,건취나물간장볶음,S과일화채,S복숭아(천도)-60g,기장밥(55),닭고기채소찌개,온두부찜,진미채초무침,나박김치,S쿠키,S토마토주스,참나물유부초밥,북어달걀국,오징어채소볶음,건파래자반,비트초절이
찹쌀현미밥(55),미니유부우동,동초무침,S복숭아(황도)-80g,S포도(100g),우엉소고기볶음밥,(소고기제외)당면양배추국,한치어묵조림,팽이버섯잡채,백김치,S가래떡구이,S수정과,찹쌀현미밥(55),실파김국,소고기찹쌀구이,미역초무침,단배추물김치
크림소스스파게티,모듬버섯찌개,매쉬드포테이토,S멜론(50g),S참외(50g),팥밥(63),두부새우젓국,소고기양배추조림,실곤약간장채소무침,비트초절이,S짜장떡볶이,S둥글레차,팥밥(63),유부쑥갓맑은국,옥수수채소튀김,당근스틱,배추김치
팥밥(55),두부전골,마늘쫑감자조림,S사과샐러드(마요네즈),S복숭아(황도)-80g,팥밥(55),해물탕,삼치살두부감자조림,표고버섯볶음,얼갈이배추김치,S녹차밤양갱,S오미자아이스크림,팥밥(55),당근황태국,토마토카프레제,땅콩우엉무침,나박김치
감자밥(55),매콤애호박국,양상추요거트샐러드,S사과(35g),S멜론(50g),소고기굴소스덮밥,팽이장국,조랭이떡소불고기,잔파느타리버섯강회,석박지,S모닝빵+딸기잼,S검은깨두유(200ml),감자밥(55),단호박된장국,옥수수채소튀김,매쉬드포테이토,깍두기
차조밥(55),미니우동,채소샐러드,S블루베리(50g),S사과(50g),차조밥(55),쑥갓맑은국,코다리찜,바나나사과키위샐러드,비트초절이,S냉콩국+소면,S오미자아이스크림,차조밥(55),매콤오징어국,두부톳무침,새싹채소샐러드,배추김치
현미밥(55),근대국,마늘종잡채,S과일샐러드(마요네즈),S복숭아(황도)-80g,현미밥(55),닭살양파국,동태포전,고구마우유조림,나박김치,S크랜베리찹쌀케이크,S보리차,소고기유부초밥,다시마새우젓국,멸치마늘조림,감자채볶음,석박지
팥밥(55),유부김치국,고구마범벅,S멜론(100g),S자두(50g),팥밥(55),해물탕,오리훈제구이,표고버섯당근볶음,단무지,S온메밀국수,S매실주스,오징어덮밥,매콤콩나물국,소고기파채볶음,단호박찜,비트초절이
팥밥(63),애호박국,얼갈이나물,S사과(35g),S멜론(50g),팥밥(63),동태살국,오징어채소볶음,건취나물간장볶음,석박지,S(우유제외)토마토스파게티,S둥글레차,새우크림스파게티,닭고기채소찌개,떡갈비간장조림,마카로니채소샐러드(토마토소스),열무물김치
완두콩밥(63),유부쑥갓맑은국,애호박새우젓볶음,S과일화채,S복숭아(천도)-60g,오징어채소덮밥,김치유부맑은국,양상추요거트샐러드,미역줄기채소볶음,배추김치,S약과,S매실쥬스,완두콩밥(63),모듬버섯찌개,어묵감자조림,조랭이떡소불고기,비트초절이
수수밥(55),오징어숙주국,진미채초무침,S멜론(50g),S참외(50g),수수밥(55),애호박두부젓국,새우깐풍기,매콤숙주미나리무침,단배추물김치,S으깬견과류고구마샐러드(요거트),S오미자아이스크림,수수밥(55),두부감자국,미역귀튀각,더덕사과무침,열무물김치
율무밥(63),오이냉국,단호박꿀찜,S사과샐러드(마요네즈),S멜론(50g),율무밥(63),건새우된장국,매콤오징어볶음,(우유제외)옥수수버터구이,나박김치,S모닝빵,S보리차,율무밥(63),육개장,(우유제외)새우버터구이,마카로니채소샐러드(토마토소스),단무지
팥밥(63),매콤오징어국,곰취나물볶음,S복숭아(황도)-80g,S참외(100g),채소주먹밥,차돌박이된장국,훈제오리냉채,바나나사과키위샐러드,석박지,S증편,S수제블루베리바나나우유,팥밥(63),쑥갓맑은국,멸치땅콩볶음,새싹채소샐러드,배추김치
찹쌀현미밥(63),유부쑥갓맑은국,해초볶음,S사과(35g),S복숭아(천도)-60g,찹쌀현미밥(63),동태살무국,으깬두부채소전,애호박볶음,열무물김치,S(우유제외)토마토스파게티,S둥글레차,소고기하이라이스,우동국물,떡갈비간장조림,고구마우유조림,비트초절이
잡곡밥(55),안매운김치국,다시마북어볶음,S블루베리고구마샐러드,S멜론(50g),잡곡밥(55),동태살국,온두부찜,무미역생채,배추김치,S모닝빵,S보리차,새우크림스파게티,오징어숙주국,칠리새우,호박고지나물,단배추물김치
팥밥(55),(저염)닭곰탕,땅콩우엉무침,S멜론(50g),S사과(35g),오징어채소덮밥,떡국,소고기토마토조림,당근스틱,나박김치,S단호박꿀찜,S검은깨두유(200ml),팥밥(55),두부새우젓국,고구마연근맛탕,땅콩우엉조림,비트초절이
새우크림스파게티,매콤애호박국,미역줄기채소볶음,S멜론(50g),S참외(50g),찹쌀보리밥(63),동태살무국,라조기,머위나물,깍두기,S노란시루떡,S매실쥬스,찹쌀보리밥(63),팽이장국,조랭이떡소불고기,바나나사과키위샐러드,석박지
찹쌀현미밥(63),실파장국,건새우애호박볶음,S사과(35g),S복숭아(황도)-60g,찹쌀현미밥(63),건새우맑은국,탕평채무침,과일샐러드(요거트드레싱),나박김치,S매실젤리,S오미자아이스크림,찹쌀현미밥(55),쑥갓어묵탕,채소옥수수튀김,마늘쫑무침,콜라비나박김치
찹쌀현미밥(55),삼계탕,채소샐러드,S복숭아(황도)-80g,S과일화채,소고기카레라이스,매콤애호박국,옥수수채소튀김,진미채초무침,깍두기,S으깬견과류고구마샐러드(요거트),S코코아,찹쌀현미밥(55),동태살무국,매콤오징어볶음,요거트과일샐러드,석박지
밤밥(63),애호박새우젓국찌개,참치양파볶음,S블루베리고구마샐러드,S땅콩,깍두기치즈볶음밥,콩가루얼갈이배추국,오징어채소볶음,매콤숙주미나리무침,나박김치,S(우유제외)알리오올리오스파게티,S둥글레차,밤밥(63),해물탕,소고기채소조림,(우유제외)고구마두유조림,비트초절이
팥밥(55),호박감자수제비국,곤드레나물볶음,S복숭아(황도)-80g,S과일화채,오징어덮밥,동태살무국,떡갈비간장조림,과일샐러드(요거트드레싱),배추김치,S새우크림소스볶음,S매실쥬스,팥밥(55),애호박맑은국,생선까스,요거트과일샐러드,열무물김치
팥밥(55),두부새우젓국,가지무침,S블루베리(50g),S사과(35g),팥밥(63),유부쑥갓맑은국,채소전,매쉬드포테이토,오이소박이김치,S(우유제외)토마토스파게티,S둥글레차,오징어채소덮밥,매콤애호박국,소고기양배추조림,채소샐러드,파김치
흑미밥(63),근대국,애호박새우젓볶음,S복숭아(황도)-80g,S참외(50g),흑미밥(55),동태살무국,으깬두부채소전,건파래자반,나박김치,S(우유제외)알리오올리오스파게티,S복숭아호두스무디,흑미밥(55),쑥갓어묵탕,소고기토마토조림,과일샐러드(요거트드레싱),석박지
새우크림스파게티,안매운닭개장,애호박볶음,S복숭아(천도)-60g,S멜론(50g),고구마밥(55),백짬뽕국,훈제오리구이,곤드레나물볶음,단배추물김치,S(우유제외)토마토스파게티,S둥글레차,고구마밥(63),떡국,오리훈제구이,매쉬드포테이토,열무김치
찹쌀팥밥(55),동태살국,더덕사과무침,S복숭아(60g),S사과(35g),찹쌀팥밥(55),대구지리,닭살간장조림,애호박건새우볶음,열무물김치,S새우크림소스볶음,S보리차,오징어덮밥,찹쌀옹심이국,옥수수치즈전,땅콩우엉무침,비트초절이
옥수수밥(63),쑥국,아욱무침,S사과(50g),S배(50g),옥수수밥(55),콩가루얼갈이배추국,소고기양배추조림,애호박볶음,석박지,S크로와상,S식혜,옥수수밥(55),해물탕,옥수수채소튀김,호박고지나물,나박김치
잡곡밥(55),맑은장국,유채나물,S사과(35g),S복숭아(천도)-60g,잡곡밥(55),아욱우렁된장국,황태채조림,오징어채무침,열무물김치,S소보로빵,S(우유제외)복숭아호두스무디,잡곡밥(55),소시지피망볶음,소면채소무침,오징어채소볶음,비트초절이
새우크림스파게티,쑥갓어묵탕,참치양파볶음,S복숭아(황도)-80g,S참외(50g),찹쌀팥밥(55),오징어숙주국,매콤오징어볶음,파래무침,열무김치,S매실젤리,S미숫가루,찹쌀팥밥(55),애호박새우젓국,옥수수채소튀김,매쉬드포테이토,석박지
크림소스스파게티,냉콩나물국,과일샐러드(요거트드레싱),S복숭아(천도)-60g,S멜론(50g),밤밥(55),유부김치국,옥수수치즈전,(우유제외)단호박두유찜,오이소박이김치,S멸치주먹밥,S보리차,밤밥(55),애호박두부젓국,매콤오삼불고기,부추사과무침,단배추물김치
오징어채소덮밥,실파장국,미역줄기채소볶음,S복숭아(60g),S사과(35g),밤콩밥(63),매콤애호박국,조랭이떡소불고기,땅콩우엉무침,나박김치,S매실젤리,S복숭아호두스무디,밤콩밥(63),떡국,오리훈제구이,동초무침,비트초절이
옥수수밥(55),두부미역장국,쌈채소,S복숭아(천도)-80g,S오렌지(50g),옥수수밥(55),대구지리,두부구이,깻잎찜,단배추물김치,S증편,S오미자아이스크림,옥수수밥(55),유부대파국,칠리새우,오징어채무침,백김치
흑미밥(55),차돌얼갈이국,애호박볶음,S복숭아(황도)-80g,S과일화채,흑미밥(55),찹쌀옹심이국,베이컨애호박볶음,가지양념무침,갓김치,S단호박샐러드,S보리차,참나물유부초밥,미니우동,옥수수치즈전,애호박건새우볶음,열무물김치
새우크림스파게티,동태살무국,감자당근채볶음,S참외(50g),S블루베리(50g),감자밥(63),유부쑥갓맑은국,떡갈비간장조림,고구마줄기볶음,비트초절이,S밤설기,S둥글레차,감자밥(63),매콤애호박국,치킨까스+소스,가지무침,오이소박이김치
현미밥(55),달걀떡국,건새우애호박볶음,S복숭아(황도)-80g,S참외(50g),현미밥(63),참외미역냉국,으깬두부채소전,머위나물,배추김치,S치즈케이크,S보리차,소고기가지덮밥,쑥갓어묵탕,옥수수치즈전,애호박새우젓볶음,나박김치
잡곡밥(55),미니해물칼국수,참나물무침,S바나나(100g),S참외(100g),잡곡밥(55),대구지리,닭살간장조림,오이나물,단배추물김치,S가래떡구이,S매실쥬스,멸치주먹밥,유부대파국,생선살탕수,동초무침,석박지
크림소스스파게티,버섯개장,오이생채,S복숭아(황도)-80g,S참외(50g),차조밥(63),두부새우젓국,옥수수채소튀김,매콤숙주미나리무침,열무물김치,S시금치견과류주먹밥,S둥글레차,차조밥(63),온도토리묵국,소면채소무침,곤드레나물,나박김치
소고기주먹밥,건새우맑은국,채소샐러드,S복숭아(황도)-80g,S참외(50g),검정콩밥(63),동태살무국,떡갈비간장조림,머위나물,비트초절이,S노란시루떡,S보리차,검정콩밥(63),떡국,삼겹살구이,마늘쫑무침,석박지
찹쌀밥(40),오징어숙주국,청경채볶음,S멜론(50g),S참외(100g),크림소스스파게티,찹쌀옹심이국,소고기양배추조림,건새우애호박볶음,깍두기,S카카오올리브케익,S쌀음료,찹쌀밥(40),안매운닭개장,병어조림,매쉬드포테이토,열무물김치
찹쌀팥밥(55),떡국,애호박건새우볶음,S사과(35g),S복숭아(천도)-60g,찹쌀팥밥(55),오징어찌개,고구마연근맛탕,과일샐러드(요거트드레싱),단배추물김치,S(우유제외)토마토스파게티,S오미자아이스크림,찹쌀팥밥(55),동태살국,오징어청경채볶음,진미채초무침,비트초절이
수수밥(55),찹쌀옹심이국,오이사과무침,S참외(100g),S복숭아(황도)-80g,새우크림스파게티,닭살양파국,두부톳무침,무생채,동치미,S호박죽,S쌀음료,수수밥(55),애호박맑은국,삼치양념구이,감자채소볶음,열무김치
고구마밥(55),동태살무국,표고버섯간장볶음,S복숭아(천도)-80g,S참외(100g),고구마밥(55),해물탕,감자그라탕,가지양념무침,나박김치,S매실젤리,S오미자아이스크림,오징어채소덮밥,어묵국수,등심탕수육+소스,사과미나리무침,석박지
보리밥(55),당근황태국,마늘쫑감자조림,S사과샐러드(마요네즈),S복숭아(황도)-80g,보리밥(55),순한고추장찌개,삼치살두부감자조림,곰취나물볶음,배추김치,S녹차밤양갱,S(우유제외)고구마쉐이크,보리밥(55),바지락국,스팸깻잎전,표고버섯볶음,얼갈이배추김치
찹쌀현미밥(55),동태살무국,애호박볶음,S복숭아(천도)-60g,S사과(35g),찹쌀현미밥(55),유부쑥갓맑은국,떡갈비간장조림,감자당근채볶음,오이소박이김치,S치즈머핀,S레몬주스,새우크림스파게티,팽이장국,토마토치즈범벅,파래무침,비트초절이
소고기굴소스덮밥,미니우동,진미채초무침,S복숭아(60g),S멜론(50g),찰현미밥(63),동태맑은국,매콤오징어볶음,채소샐러드,단배추물김치,S슈크림빵,S코코아,찰현미밥(55),다슬기된장국,닭살간장조림,건파래자반,열무물김치
찹쌀현미밥(55),차돌얼갈이국,참나물무침,S참외(50g),S블루베리고구마샐러드,찹쌀현미밥(55),안매운닭개장,옥수수치즈전,무미역생채,나박김치,S단팥도너츠,S둥글레차,오징어덮밥,얼갈이된장국,옥수수채소튀김,애호박건새우볶음,비트초절이
찹쌀밥(40),어묵국수,깻잎들깨볶음,S복숭아(황도)-80g,S멜론(50g),찹쌀밥(40),매콤애호박국,치즈돈까스,진미채초무침,석박지,S(우유제외)토마토스파게티,S오미자아이스크림,찹쌀밥(40),해물탕,고구마연근맛탕,매콤숙주미나리무침,깍두기
율무밥(55),콩나물육개장,치커리무침,S오이당근스틱,S토마토(200g),율무밥(55),동태살국,멸치파프리카볶음,마카로니채소샐러드(토마토소스),콜라비나박김치,S치즈,S우유미숫가루,율무밥(55),떡국,떡갈비간장조림,매콤숙주미나리무침,비트초절이
오징어채소덮밥,유부쑥갓맑은국,파래무침,S복숭아(60g),S멜론(50g),찹쌀현미밥(55),쑥갓어묵탕,떡갈비간장조림,미역줄기채소볶음,배추김치,S으깬견과류고구마샐러드(요거트),S오미자아이스크림,찹쌀현미밥(55),팽이장국,삼치무조림,사과미나리무침,열무물김치
현미밥(55),해물탕,곤드레나물볶음,S멜론(50g),S사과(35g),현미밥(55),삼계탕,오징어새우볶음,얼갈이무침,나박김치,S(우유제외)토마토스파게티,S둥글레차,새우크림스파게티,동태살무국,고구마연근맛탕,마카로니채소샐러드(토마토소스),비트초절이
보리밥(55),미니유부우동,요거트과일샐러드,S참외(100g),S복숭아(60g),오징어채소덮밥,백짬뽕국,소고기토마토조림,과일샐러드(요거트드레싱),배추김치,S단호박샐러드(마요네즈),S보리차,보리밥(55),유부쑥갓맑은국,오리훈제구이,애호박양파볶음,열무물김치
흑미밥(55),어묵국수,치즈스크램블에그,S사과(35g),S블루베리고구마샐러드,흑미밥(55),동태살무국,떡갈비간장조림,얼갈이무침,나박김치,S(우유제외)알리오올리오스파게티,S둥글레차,크림리조또,팽이장국,과일샐러드(요거트드레싱),애호박건새우볶음,비트초절이
보리밥(55),다시마새우젓국,콩나물잡채,S아몬드,S복숭아(황도)-80g,보리밥(55),찹쌀옹심이국,소고기짜장볶음,콩나물무침,단배추물김치,S절편(40g),S검은깨두유(200ml),크림소스스파게티,무채된장국,달래소불고기,감자어묵볶음,갓김치
밤밥(63),동태살국,치즈스크램블에그,S사과(35g),B오렌지(100g),밤밥(63),떡국,온두부찜,애호박건새우볶음,나박김치,S(우유제외)토마토스파게티,S오미자아이스크림,밤밥(63),매콤애호박국,소고기전,감자어묵볶음,석박지
옥수수밥(55),유부쑥갓맑은국,고구마우유조림,S배(50g),S복숭아(황도)-80g,옥수수밥(55),매생이떡국,떡갈비채소볶음,애호박볶음,배추김치,S새우크림소스볶음,S보리차,옥수수밥(55),미역냉국,소고기깻잎볶음,양상추요거트샐러드,동치미
찹쌀팥밥(63),닭고기채소찌개,고구마줄기볶음,S멜론(50g),S사과(35g),찹쌀팥밥(63),버섯개장,수제비샐러드,건새우애호박볶음,석박지,S짜장떡볶이,S둥글레차,크림리조또,매콤애호박국,토마토치즈범벅,매쉬드포테이토,나박김치
검정콩밥(55),애호박맑은국,치즈스크램블에그,S복숭아(80g),S사과(35g),검정콩밥(55),삼계탕,고구마연근맛탕,깻잎순멸치볶음,배추김치,S매실젤리,S오미자아이스크림,검정콩밥(55),팽이장국,떡갈비간장조림,감자당근채볶음,비트초절이
밤콩밥(55),애호박두부젓국,배추게맛살샐러드,S복숭아(황도)-80g,S멜론(50g),크림소스스파게티,차돌얼갈이국,옥수수채소튀김,땅콩우엉무침,나박김치,S크림떡볶이,S둥글레차,밤콩밥(55),대파된장찌개,수제비샐러드,매콤숙주미나리무침,열무물김치
참나물유부초밥,새우살시금치국,상추배생채,S복숭아(천도)-80g,S사과(35g),밤찹쌀팥밥(55),팽이장국,(저염)갈치조림,무사과무침,비트초절이,S수제비,S복숭아호두스무디,밤찹쌀팥밥(55),실파장국,토마토치즈범벅,청경채사과무침,오이소박이김치
찹쌀현미밥(55),맑은장국,부추사과무침,S블루베리(50g),S아몬드,크림소스스파게티,모듬버섯찌개,옥수수채소튀김,얼갈이무침,열무물김치,S참나물유부초밥,S보리차,찹쌀현미밥(55),온도토리묵국,매콤오삼불고기,실곤약채소무침,깍두기
소고기무밥+양념장,맑은애호박국,진미채초무침,S복숭아(60g),S복숭아(천도)-60g,차조밥(63),동태살무국,토마토카프레제,무몰무침,배추김치,S마늘빵,S복숭아호두스무디,차조밥(63),소고기떡국,어묵감자조림,무미역생채,비트초절이
찹쌀현미밥(63),떡국,뱅어포구이,S블루베리(50g),S멜론(50g),소고기가지덮밥,단호박새우젓국,떡갈비간장조림,매쉬드포테이토,열무물김치,S으깬견과류고구마샐러드(요거트),S보리차,찹쌀현미밥(63),해물탕,라조기,마카로니채소샐러드(토마토소스),나박김치
소고기김주먹밥,닭고기채소찌개,토마토범벅,S아몬드,S당근스틱,팥밥(55),북어김치국,미역귀튀각,실곤약간장채소무침,비트초절이,S찐고구마,S둥글레차,팥밥(55),온청포묵국,당면김말이튀김,과일샐러드(요거트드레싱),단배추물김치
율무밥(55),호박감자수제비국,당근스틱,S복숭아(황도)-60g,S오이스틱,율무밥(55),건새우맑은국,소고기육전,땅콩우엉무침,배추김치,S노란시루떡,S고구마쉐이크,감자수제비,맑은가쓰오부시장국,소떡소떡,사과상추겉절이,열무김치
찹쌀팥밥(55),떡국,얼갈이무침,S사과(35g),S복숭아(60g),찹쌀팥밥(55),두부새우젓국,소고기토마토조림,치즈스크램블에그,나박김치,S(우유제외)토마토스파게티,S둥글레차,오징어채소덮밥,동태살국,실곤약간장채소무침,과일샐러드(요거트드레싱),비트초절이
완두콩밥(55),감자호박국,요거트과일샐러드,S사과(35g),S멜론(100g),완두콩밥(55),콩나물냉국,옥수수치즈전,상추오이무침,백김치,S으깬견과류고구마샐러드(요거트),S오미자아이스크림,완두콩밥(55),단호박무국,돼지고기찹쌀구이(간장),무미역생채,깍두기
기장밥(55),단호박맑은국,표고버섯당근볶음,S복숭아(황도)-80g,S멜론(100g),기장밥(55),닭고기채소찌개,소고기토마토조림,브로콜리참깨무침,열무물김치,S(우유제외)알리오올리오스파게티,S보리차,기장밥(55),건새우시금치국,새우살크림소스볶음,미역줄기채소볶음,나박김치
밤콩밥(55),수제비국,매콤오징어볶음,S복숭아(황도)-60g,S복숭아(천도)-60g,밤콩밥(55),쑥갓어묵국,소고기육전,감자당근채볶음,석박지,S짜장떡볶이,S코코아,소고기가지덮밥,쑥갓어묵탕,마늘쫑무침,양상추요거트샐러드,깍두기
양배추소시지덮밥,콩가루얼갈이배추국,애호박볶음,S복숭아(60g),S멜론(100g),찹쌀보리밥(55),닭고기채소찌개,채소옥수수튀김,건새우애호박볶음,배추김치,S(우유제외)알리오올리오스파게티,S보리차,찹쌀보리밥(55),순한고추장찌개,토마토치즈범벅,청경채사과무침,비트초절이
크림리조또,팽이장국,진미채초무침,S멜론(50g),S복숭아(백도)-80g,잡곡밥(63),건새우시금치국,청경채불고기,건파래자반,나박김치,S절편,S둥글레차,잡곡밥(63),단호박맑은국,소고기동그랑땡전,무미역생채,석박지
고구마밥(55),닭고기채소찌개,오이생채,S복숭아(천도)-60g,S당근스틱,고구마밥(55),닭살당면국,삼치무조림,실곤약채소무침,열무물김치,S(우유제외)토마토스파게티,S복숭아호두스무디,오징어덮밥,온도토리묵국,소면채소무침,애호박볶음,깍두기
잡곡밥(63),순한고추장찌개,새우살호박볶음,S블루베리(50g),S사과(100g),새우크림스파게티,애호박새우젓국,피망어묵볶음,브로콜리초무침,오이소박이김치,S크랜베리찹쌀케이크,S둥글레차,잡곡밥(63),유부된장국,매콤오징어볶음,유자청두부샐러드,비트초절이
소고기카레라이스,버섯맑은국,과일샐러드(요거트드레싱),S자두(50g),B오렌지(100g),밤찹쌀팥밥(55),팽이버섯된장국,둥근어묵무조림,얼갈이무침,깍두기,S매실젤리,S오미자아이스크림,밤찹쌀팥밥(63),팽이장국,두부톳무침,고구마조림,석박지
기장밥(63),매콤북어국,콩나물잡채,S아몬드,S복숭아(황도)-60g,기장밥(55),미니우동,오징어불고기,건취나물간장볶음,단배추물김치,S절편(40g),S바나나쉐이크,해물우동볶음,두부달걀국,옥수수치즈전,무미역생채,열무물김치
소고기가지덮밥,유부쑥갓맑은국,매쉬드포테이토,B오렌지(100g),S당근스틱,찰현미밥(63),쑥갓어묵탕,소고기양배추조림,건새우애호박볶음,나박김치,S으깬견과류고구마샐러드(요거트),S둥글레차,찰현미밥(55),모듬버섯찌개,매콤오삼불고기,고구마조림,비트초절이
차조밥(55),감자채맑은국,두부채소굴소스볶음,S복숭아(60g),S멜론(100g),소고기채소볶음밥,쑥완자탕,배무생채,건취나물간장볶음,열무김치,S으깬견과류고구마샐러드(요거트),S보리차,차조밥(55),매콤육개장,오징어볶음+소면,더덕사과무침,깻잎김치
현미밥(55),애호박두부젓국찌개,두부톳무침,S사과(35g),S복숭아(60g),현미밥(55),백짬뽕국,가래떡구이,매콤콩나물무침,나박김치,S쑥떡(40g),S오미자아이스크림,오징어채소덮밥,두부새우젓국,무사과무침,도라지나물(간장),석박지
율무밥(55),매콤육개장,두부채소볶음,S사과(50g),S블루베리(50g),소고기굴소스덮밥,닭살당면국,참외나물,무미역무침,열무물김치,S토마토스파게티,S망고주스,율무밥(55),건새우맑은국,삼치조림,실곤약간장채소무침,깻잎김치
알리오올리오스파게티,유부쑥갓맑은국,마카로니채소샐러드(토마토소스),S복숭아(천도)-60g,S사과(35g),밤찹쌀팥밥(55),동태살무국,떡갈비간장조림,아욱무침,비트초절이,S약과,S검은깨두유(200ml),밤찹쌀팥밥(55),안매운닭개장,오징어청경채볶음,미역줄기채소볶음,배추김치
해물우동볶음,차돌얼갈이국,가지양념무침,S복숭아(60g),S멜론(100g),율무밥(55),쑥갓어묵탕,오징어채소볶음,당근스틱,열무물김치,S(우유제외)토마토스파게티,S코코아,율무밥(63),닭고기채소찌개,옥수수채소튀김,매콤숙주미나리무침,단배추물김치
검정콩밥(55),팽이장국,가지양념무침,S사과(35g),S복숭아(60g),검정콩밥(63),호박감자수제비국,소고기토마토조림,채소샐러드,열무물김치,S으깬견과류고구마샐러드(요거트),S복숭아호두스무디,검정콩밥(55),유부쑥갓맑은국,수제비샐러드,숙주당근나물,배추김치
잡곡밥(55),소고기떡국,애호박건새우볶음,S사과(50g),B오렌지(100g),잡곡밥(55),동태살무국,오징어청경채볶음,실곤약채소무침,오이소박이김치,S슈크림빵,S식혜,잡곡밥(63),안매운닭개장,조랭이떡소불고기,얼갈이무침,비트초절이
오징어채소덮밥,유부쑥갓맑은국,소고기토마토조림,S블루베리(50g),S복숭아(천도)-60g,찹쌀팥밥(63),삼계탕,가지양념무침,진미채초무침,나박김치,S크림빵,S요구르트,찹쌀팥밥(63),매콤애호박국,새우살크림소스볶음,뱅어포구이,배추김치
밤콩밥(63),닭고기채소찌개,청경채사과무침,S멜론(100g),S복숭아(60g),소고기하이라이스,버섯개장,토마토치즈범벅,건새우애호박볶음,석박지,S소보로빵,S보리차,밤콩밥(55),실파장국,고구마연근맛탕,아욱무침,깍두기
감자밥(55),차돌얼갈이국,단호박찜,S사과(35g),S멜론(50g),감자밥(55),안매운닭개장,치즈등심돈까스,가지양념무침,단배추물김치,S(우유제외)알리오올리오스파게티,S매실쥬스,소고기가지덮밥,동태살국,가래떡구이,애호박건새우볶음,단무지
참나물유부초밥,소고기양배추국,토마토카프레제,S참외(100g),S복숭아(황도)-80g,팥밥(55),(소고기제외)당면양배추국,감말랭이감자볶음,실치볶음,비트초절이,S쌀과자,S단호박식혜,팥밥(55),애호박맑은국,고등어카레구이,양배추유자청샐러드,얼갈이배추김치
잡곡밥(55),차돌박이된장국,얼갈이무침,S복숭아(60g),S사과(50g),양배추소시지덮밥,단호박무국,닭가슴살버섯볶음,가지양념찜,배추김치,S(우유제외)알리오올리오스파게티,S오미자차,잡곡밥(55),온도토리묵국,미니돈까스,양배추무침,석박지
밤밥(55),다시마양파국,파프리카잡채,S사과(35g),S멜론(50g),밤밥(55),팽이장국,맛살꼬지전,브로콜리채소볶음,오이소박이김치,S크림떡볶이,S검은깨두유(200ml),오징어채소덮밥,모듬버섯찌개,너비아니구이,오이당근무침,비트초절이
밤밥(63),소고기떡국,사과미나리무침,S복숭아(60g),S참외(50g),밤밥(63),두부새우젓국,고구마연근맛탕,맛살양상추샐러드,오이소박이김치,S단호박샐러드(마요네즈),S수제블루베리우유,해물우동볶음,동태살무국,오징어완자(수제),건취나물간장볶음,나박김치
찹쌀보리밥(63),돼지고기고추장찌개,땅콩우엉무침,S사과(35g),S멜론(50g),찹쌀보리밥(63),두부된장찌개,고구마소고기조림,건새우애호박볶음,단배추물김치,S마들렌,S둥글레차,오징어덮밥,우거지맑은국,으깬두부채소전,도라지들깨나물,열무물김치
찹쌀현미밥(55),팽이장국,무미역무침,S복숭아(60g),S사과(50g),찹쌀현미밥(55),어묵맑은국,라조기,애호박볶음,나박김치,S채소주먹밥,S우유(150ml),새우크림스파게티,실파맑은국,소고기당면불고기,얼갈이배추겉절이,깍두기
팥밥(63),유부쑥갓맑은국,사과미나리무침,S사과(35g),S멜론(50g),팥밥(63),동태살무국,두부김치볶음,상추쌈,열무물김치,S맘모스빵,S수제블루베리우유,오징어채소덮밥,두부새우젓국,메추리알채소폭찹,진미채초무침,비트초절이
고구마밥(55),찹쌀옹심이국,해초볶음,S참외(50g),S복숭아(천도)-60g,고구마밥(55),안매운닭개장,고구마베이컨볶음,무미역생채,단배추물김치,S쿠키,S둥글레차,새우크림스파게티,차돌얼갈이국,오징어채소볶음,건파래자반,갓김치
보리밥(63),동태살국,마카로니채소샐러드(토마토소스),S멜론(50g),S사과(35g),소고기가지덮밥,실파맑은국,으깬두부채소전,감자당근채볶음,나박김치,S떡국,S우유(200ml),보리밥(63),해물탕,오리훈제구이,애호박볶음,비트초절이
밤찹쌀팥밥(55),북어김치국,파프리카무침,S블루베리(50g),S참외(50g),밤찹쌀팥밥(55),차돌얼갈이국,돼지고기부추잡채,감자당근채볶음,깻잎김치,S(우유제외)알리오올리오스파게티,S우유(200ml),소고기채소볶음밥,늙은호박국,씻은김치전,건취나물간장볶음,단배추물김치
보리밥(55),동태살무국,달걀샐러드,S사과(50g),S복숭아(60g),김치우동,팽이장국,갈치구이,가지양념찜,열무물김치,S(우유제외)토마토스파게티,S수제블루베리우유,보리밥(55),유부쑥갓맑은국,고구마연근맛탕,애호박볶음,배추김치
찹쌀현미밥(63),차돌얼갈이국,옥수수버터구이,S블루베리(50g),S사과(35g),찹쌀현미밥(63),매콤애호박국,옥수수채소튀김,건파래자반,석박지,S찐고구마,S우유(150ml),참나물유부초밥,실파장국,조랭이떡소불고기,상추오이무침,나박김치
옥수수밥(63),안매운순두부찌개,미역줄기채소볶음,S복숭아(60g),S오렌지(50g),옥수수밥(63),닭고기채소찌개,소고기토마토조림,가지양념무침,깍두기,S달걀토스트,S우유(150ml),오징어채소덮밥,팽이장국,(저염)갈치조림,오이당근무침,열무물김치
감자밥(55),떡국,느타리버섯조림,S블루베리고구마샐러드,S멜론(50g),감자밥(55),동태살국,소고기당면불고기,무미역생채,콜라비나박김치,S마들렌,S검은깨두유(200ml),크림소스스파게티,냉콩나물국,생선까스,도토리묵채소무침,비트초절이
찹쌀보리밥(55),달래맑은국,감자당근채볶음,S포도(100g),S사과(100g),찹쌀보리밥(55),어묵탕,돈까스,맛살볶음,석박지,S(우유제외)웨지감자구이,S수제블루베리우유,닭살채소주먹밥,감자다시마국,온두부+양념장,피망잡채,배추김치
감자밥(55),동태살국,얼갈이배추겉절이,S멜론(50g),S사과(100g),소고기가지덮밥,실파장국,고구마소고기조림,감자당근채볶음,비트초절이,S토마토스파게티,S우유(200ml),감자밥(55),안매운닭개장,양파어묵전,매콤숙주오이무침,단배추물김치
밤콩밥(55),닭고기채소찌개,감자당근채볶음,S멜론(50g),S사과(100g),밤콩밥(55),실파달걀국,탕수육+소스,양배추나물,깻잎김치,S밤식빵,S우유(200ml),밤콩밥(55),떡국,채소스크램블에그,숙주당근나물,나박김치
검정콩밥(63),무채양파국,미니새송이볶음,S포도(100g),S참외(50g),검정콩밥(63),애호박새우젓국,(우유제외)닭가슴살버터구이,감자당근채볶음,깻잎김치,S찹쌀도너츠,S수제블루베리바나나우유,유부우동,버섯무국,소고기굴소스조림,오이사과무침,비트초절이
옥수수밥(63),유부쑥갓맑은국,해초볶음,S사과(50g),S복숭아(80g),옥수수밥(63),팽이장국,돈까스,매쉬드포테이토,오이소박이김치,S새우크림소스볶음,S복숭아호두스무디,옥수수밥(63),모듬버섯찌개,소고기무볶음,버섯애호박조림,깻잎김치
검정콩밥(63),동태살무국,도라지나물(간장),S복숭아(천도)-60g,S파인애플(50g),해물우동볶음,맑은가쓰오부시장국,오리훈제구이,청경채볶음,백김치,S으깬견과류고구마샐러드(요거트),S오미자아이스크림,검정콩밥(63),쑥국,라조기,편마늘멸치볶음,비트초절이
옥수수밥(55),어묵국수,동초무침,S사과(35g),S멜론(50g),옥수수밥(55),삼계탕,떡갈비간장조림,미역줄기채소볶음,석박지,S(우유제외)알리오올리오스파게티,S복숭아호두스무디,옥수수밥(55),팽이장국,삼치무조림,땅콩우엉무침,나박김치
해물우동볶음,수제비아욱국,오이생채,S방울토마토(35g),S호두,고구마밥(55),미니유부우동,가래떡구이,매콤숙주미나리무침,비트초절이,S크림떡볶이,S둥글레차,고구마밥(55),(저염)닭곰탕,옥수수채소튀김,애호박건새우볶음,배추김치
밤밥(63),수제비국,배추게맛살샐러드,S오렌지(50g),S복숭아(80g),밤밥(63),감자호박국,순살닭강정,느타리버섯조림,나박김치,S온메밀국수,S우유(200ml),소고기카레라이스,실파맑은국,오믈렛,도라지배무침,백김치
감자밥(55),동태살무국,애호박볶음,S복숭아(60g),S사과(50g),오징어채소덮밥,유부쑥갓맑은국,고구마연근맛탕,사과미나리무침,오이소박이김치,S(우유제외)토마토스파게티,S우유(200ml),감자밥(55),차돌박이된장국,떡갈비간장조림,감자당근채볶음,배추김치
밤찹쌀팥밥(63),소고기콩나물국,깻잎순멸치볶음,S사과(35g),S멜론(50g),밤찹쌀팥밥(63),실파장국,생선까스,양배추채무침,얼갈이배추김치,S(우유제외)웨지감자구이,S우유(200ml),밤찹쌀팥밥(63),삼계탕,으깬두부채소전,땅콩우엉무침,파김치
검정콩밥(55),닭고기채소찌개,매콤숙주미나리무침,S복숭아(60g),S사과(100g),검정콩밥(55),순한김치두부국,오리훈제구이,견과류시금치무침,석박지,S간장떡볶이,S우유(200ml),새우크림스파게티,매콤애호박국,모듬버섯탕수,미역줄기채소볶음,깍두기
고구마밥(63),쑥갓어묵탕,사과미나리무침,S멜론(50g),S블루베리고구마샐러드,오징어채소덮밥,실파장국,으깬두부채소전,참치양파볶음,비트초절이,S치즈케이크,S우유(200ml),고구마밥(55),동태살국,오징어채소볶음,마카로니채소샐러드(토마토소스),백김치
찹쌀팥밥(55),호박감자수제비국,단호박조림,S복숭아(60g),S사과(50g),찹쌀팥밥(55),동태살무국,소고기토마토조림,고구마순나물,열무물김치,S토마토스크램블에그,S우유(200ml),찹쌀팥밥(55),실파콩나물국,생선까스,채소샐러드,나박김치
찹쌀현미밥(63),유부쑥갓맑은국,애호박볶음,S멜론(50g),S블루베리(50g),찹쌀현미밥(63),홍합살맑은국,채소크로켓,가지무침,오이소박이김치,S멸치주먹밥,S우유(150ml),찹쌀현미밥(63),유부양파국,소고기양배추조림,감자당근채볶음,비트초절이
검정콩밥(63),묵국,참치양파볶음,S복숭아(60g),S사과(35g),검정콩밥(63),차돌얼갈이국,무나물볶음,감자당근채볶음,단배추물김치,S슈크림빵,S우유(150ml),새우크림스파게티,실파장국,옥수수채소튀김,건파래자반,열무김치
잡곡밥(55),닭고기채소찌개,참치양파볶음,S복숭아(황도)-80g,S멜론(50g),잡곡밥(55),매콤애호박국,떡갈비간장조림,감자당근채볶음,석박지,S으깬견과류고구마샐러드(요거트),S우유(150ml),참나물유부초밥,팽이버섯맑은국,채소옥수수튀김,고구마줄기볶음,깍두기
옥수수밥(55),두부새우젓국,새우청경채볶음,S오이스틱,S복숭아(황도)-60g,옥수수밥(55),건새우맑은국,소고기육전,머위나물,배추김치,S노란시루떡,S고구마쉐이크,소고기주먹밥,맑은가쓰오부시장국,소떡소떡,바나나사과키위샐러드,열무김치
찰현미밥(55),닭고기채소찌개,애호박건새우볶음,S토마토(100g),S복숭아(백도)-60g,열무보리간장비빔밥,차돌얼갈이국,삼치튀김,고구마우유조림,열무물김치,S가래떡구이,S우유(100ml),찰현미밥(55),동태살국,닭다리카레찜,새송이버섯나물,단배추물김치
보리밥(55),차돌박이된장국,애호박새우젓볶음,S멜론(50g),S복숭아(60g),오징어덮밥,소고기떡국,온두부찜,얼갈이무침,오이소박이김치,S밤설기,S보리차,보리밥(55),유부쑥갓맑은국,닭고기냉채,가지무침,배추김치
밤밥(63),해물탕,진미채초무침,S블루베리(50g),S사과(35g),밤밥(63),김치유부맑은국,고구마연근맛탕,참치양파볶음,나박김치,S쿠키,B고칼슘우유(100ml),밤밥(63),동태살무국,매콤오징어볶음,옥수수치즈전,비트초절이
수수밥(63),단호박수제비국,건취나물간장볶음,S복숭아(황도)-80g,S멜론(50g),소고기굴소스덮밥,차돌얼갈이국,새우살볶음,으깬두부채소전,단배추물김치,S크림빵,S우유(100ml),수수밥(63),안매운닭개장,오징어채소볶음,건파래자반,열무물김치
옥수수밥(63),유부쑥갓맑은국,곤드레나물볶음,S복숭아(60g),S사과(50g),소고기부추볶음밥,건새우맑은국,채소전,감자당근채볶음,비트초절이,S짜장떡볶이,S둥글레차,옥수수밥(63),애호박맑은국,쫄면채소무침,감자샐러드,오이소박이김치
차조밥(55),당근황태국,사과미나리무침,S사과(50g),S복숭아(황도)-80g,잔멸치주먹밥,순한고추장찌개,두부톳무침,채소샐러드,배추김치,S단호박설기,S고구마쉐이크,차조밥(55),두부새우젓국,소고기찹쌀구이,삼색나물,열무물김치
잡곡밥(55),동태살국,진미채초무침,S복숭아(황도)-60g,S멜론(50g),잡곡밥(55),실파장국,고구마연근맛탕,가지양념무침,단배추물김치,S(우유제외)토마토스파게티,S우유(200ml),어묵유부우동,오징어찌개,닭다리카레찜,사과상추무침,비트초절이
잡곡밥(63),유부쑥갓맑은국,참치양파볶음,S복숭아(60g),S사과(50g),잡곡밥(63),동태살무국,궁중떡볶음,아욱무침,배추김치,S으깬견과류고구마샐러드(요거트),S둥글레차,유부우동,두부새우젓국,차돌양배추볶음,도토리묵무침,열무물김치
팥밥(55),해물탕,삼색나물,S사과(100g),S토마토(100g),팥밥(55),건새우시금치국,오징어완자전,애호박새우젓볶음,나박김치,S쑥떡,S우유(200ml),팥밥(55),김치유부맑은국,매콤오징어볶음,진미채채소무침,비트초절이
완두콩밥(55),찹쌀옹심이국,곤드레나물볶음,S블루베리(50g),S사과(35g),완두콩밥(55),유부쑥갓맑은국,삼치무조림,미역줄기채소볶음,단배추물김치,S(우유제외)토마토스파게티,S코코아,새우크림스파게티,실파장국,닭가슴살샐러드(머스타드소스),진미채초무침,비트초절이
우엉채소볶음밥,쑥갓어묵탕,애호박볶음,S복숭아(천도)-60g,S멜론(50g),고구마밥(55),소고기떡국,닭고기냉채,건새우애호박볶음,나박김치,S맘모스빵,S고칼슘우유(100ml),고구마밥(55),삼계탕,소고기완자전,감자당근채볶음,얼갈이배추김치
검정콩밥(55),콩가루얼갈이배추국,채소샐러드,S복숭아(황도)-80g,S블루베리고구마샐러드,오징어채소덮밥,맑은육개장,소고기채소조림,가지양념무침,깍두기,S(우유제외)토마토스파게티,S고칼슘우유(100ml),검정콩밥(55),매콤애호박국,옥수수채소튀김,감자당근채볶음,배추김치
해물우동볶음,유부쑥갓맑은국,사과미나리무침,S수박화채,S복숭아(천도)-60g,율무밥(55),쑥갓어묵탕,김치전,건파래자반,열무물김치,S쿠키,S둥글레차,율무밥(63),대구지리,고구마연근맛탕,해초볶음,열무김치
흑미밥(55),홍합국,당근양파볶음,S복숭아(60g),S멜론(50g),브로콜리채소볶음밥,콩가루얼갈이배추국,삼치무조림,다시마북어볶음,비트초절이,S오이달걀샐러드빵,S바나나쉐이크,흑미밥(55),버섯육개장,브로콜리오징어무침,도라지배무침,비트초절이
잡곡밥(55),차돌얼갈이국,애호박볶음,S사과(35g),S참외(50g),잡곡밥(55),닭고기채소찌개,어묵채소볶음,무미역무침,단배추물김치,S쌀과자,S망고주스,새우크림스파게티,실파장국,옥수수채소튀김,애호박건새우볶음,열무김치
율무밥(55),두부새우젓국,애호박건새우볶음,S사과(50g),S복숭아(황도)-80g,율무밥(55),멸치장국,어묵감자조림,단호박우유찜,나박김치,S냉콩국+소면,S(우유제외)수제블루베리우유,오징어채소덮밥,닭고기채소찌개,소고기토마토조림,가지양념무침,석박지
밤콩밥(55),두부새우젓국,사과미나리무침,S멜론(50g),S복숭아(천도)-80g,밤콩밥(55),유부쑥갓맑은국,떡갈비간장조림,마카로니채소샐러드(토마토소스),비트초절이,S슈크림빵,S보리차,소고기가지덮밥,동태살무국,고구마연근맛탕,아욱무침,비트초절이
찹쌀팥밥(55),늙은호박국,진미채초무침,S복숭아(천도)-60g,S복숭아(60g),찹쌀팥밥(55),해물탕,소고기토마토조림,가지양념무침,나박김치,S크로와상,S보리차,오징어채소덮밥,두부새우젓국,고구마연근맛탕,아욱무침,깍두기
완두콩밥(55),바지락맑은국,건파래볶음,S복숭아(천도)-80g,S사과(50g),완두콩밥(55),버섯맑은국,두부톳무침,과일샐러드(요거트드레싱),비트초절이,S찐고구마,S오미자아이스크림,완두콩밥(55),떡국떡미역국,소고기양배추조림,새우청경채볶음,콜라비나박김치
보리밥(55),매콤애호박국,채소샐러드,S복숭아(60g),S복숭아(천도)-60g,소고기카레라이스,차돌얼갈이국,고구마소고기조림,더덕사과무침,단배추물김치,S(우유제외)토마토스파게티,S고칼슘우유(100ml),보리밥(55),대구지리,새우살조림,감자당근채볶음,갓김치
소고기무밥+양념장,안매운닭개장,진미채초무침,S멜론(50g),S배(50g),기장밥(55),미니우동,오징어채소볶음,아욱무침,깻잎김치,S(우유제외)알리오올리오스파게티,S코코아,기장밥(55),동태맑은국,옥수수채소튀김,땅콩우엉무침,열무물김치
오징어덮밥,(저염)닭곰탕,동초무침,S사과(35g),S복숭아(천도)-60g,옥수수밥(55),쑥갓어묵국,오징어채소볶음,건취나물간장볶음,비트초절이,S(우유제외)토마토스파게티,S코코아,옥수수밥(55),쑥갓어묵탕,매콤오징어볶음,땅콩우엉무침,단배추물김치
수수밥(63),팽이장국,무미역생채,S멜론(50g),S블루베리(50g),수수밥(63),감자된장국,옥수수채소튀김,진미채초무침,오이소박이김치,S치즈머핀,S망고주스,새우크림스파게티,유부쑥갓맑은국,치킨까스+소스,건파래자반,단배추물김치
잡곡밥(63),실파장국,과일샐러드(요거트드레싱),S복숭아(60g),S복숭아(천도)-60g,잡곡밥(63),차돌얼갈이국,옥수수치즈전,단호박찜,나박김치,S치즈머핀,S보리차,크림소스스파게티,떡국,삼치무조림,애호박건새우볶음,석박지
율무밥(55),동태살무국,애호박볶음,S사과(35g),S복숭아(황도)-60g,새우크림스파게티,유부쑥갓맑은국,옥수수채소튀김,진미채채소무침,열무김치,S찐감자,S둥글레차,율무밥(63),호박감자수제비국,오징어불고기,가지양념무침,비트초절이
팥밥(55),새우살시금치국,애호박새우젓볶음,S복숭아(천도)-60g,S복숭아(60g),팥밥(63),팽이장국,돼지고기강정+소스,가지무침,열무물김치,S치즈스틱,B수제딸기우유,팥밥(63),새우젓국찌개,채소전,땅콩우엉무침,비트초절이
완두콩밥(55),대구지리,참치양파볶음,S멜론(50g),S블루베리(50g),소고기굴소스덮밥,찹쌀옹심이국,매콤오징어볶음,가지양념무침,열무물김치,S단호박샐러드(마요네즈),S고칼슘우유(200ml),완두콩밥(55),어묵국수,삼치무조림,감자당근채볶음,단배추물김치
팥밥(55),차돌얼갈이국,동초무침,S복숭아(60g),S복숭아(천도)-60g,팥밥(55),동태살국,오징어새우볶음,땅콩우엉무침,단배추물김치,S(우유제외)알리오올리오스파게티,S둥글레차,오징어덮밥,미니우동,옥수수채소튀김,더덕사과무침,열무김치
찹쌀현미밥(55),호박감자수제비국,무미역무침,S멜론(50g),S사과(35g),찹쌀현미밥(55),유부쑥갓맑은국,김치전,아욱무침,열무김치,S치즈케이크,S바나나쉐이크,깐풍돼지고기덮밥,쑥갓어묵탕,라조기,크래미채소볶음,단배추물김치
밤찹쌀팥밥(63),동태살무국,건파래자반,S복숭아(천도)-60g,S복숭아(60g),크림리조또,우동국물,조랭이떡소불고기,감자당근채볶음,깻잎김치,S(우유제외)알리오올리오스파게티,S고칼슘우유(200ml),밤찹쌀팥밥(63),두부새우젓국,생선까스,미역줄기채소볶음,나박김치
소고기가지덮밥,당근황태국,건취나물간장볶음,S블루베리고구마샐러드,S멜론(50g),차조밥(63),콩가루얼갈이배추국,채소옥수수튀김,애호박볶음,배추김치,S크림떡볶이,S오미자차,차조밥(63),해물탕,무나물볶음,해초볶음,비트초절이
잡곡밥(63),단호박맑은국,소고기토마토조림,S사과(35g),S복숭아(천도)-60g,크림리조또,실파장국,감자칩튀김,애호박건새우볶음,나박김치,S멸치주먹밥,S둥글레차,잡곡밥(63),소갈비탕,고구마우유조림,건파래자반,석박지
기장밥(63),애호박새우젓국찌개,양배추샐러드,S수박화채,S배(100g),기장밥(63),닭고기채소찌개,오징어채소볶음,감자당근채볶음,단배추물김치,S크림떡볶이,S바나나쉐이크,참나물유부초밥,대합미역국,가지구이,무미역무침,비트초절이
밤콩밥(63),매콤애호박국,양배추샐러드,S당근스틱,S복숭아(천도)-80g,밤콩밥(63),얼갈이맑은국,옥수수치즈전,고구마줄기볶음,나박김치,S맘모스빵,S코코아,소고기가지덮밥,동태살무국,삼치무조림,얼갈이나물,석박지
감자밥(63),(저염)닭곰탕,진미채초무침,S사과(35g),S블루베리고구마샐러드,감자밥(63),동태살국,매콤오징어볶음,건파래자반,열무물김치,S치즈머핀,S보리차,새우크림스파게티,쑥갓어묵탕,고구마연근맛탕,참치양파볶음,비트초절이
보리밥(63),해물탕,근대나물,S복숭아(60g),S복숭아(천도)-60g,보리밥(63),닭살양파국,삼치무조림,채소샐러드,나박김치,S카카오올리브케익,S고칼슘우유(200ml),보리밥(63),어묵국수,브로콜리달걀볶음,미역줄기채소볶음,석박지
오징어덮밥,유부쑥갓맑은국,진미채채소무침,S과일샐러드(마요네즈),S과일화채,밤콩밥(63),감자미역국,삼치단호박조림,감자당근채볶음,열무물김치,S(우유제외)옥수수버터구이,S보리차,밤콩밥(63),애호박새우젓국찌개,가지구이,과일샐러드,비트초절이
기장밥(63),아욱우렁된장국,진미채초무침,S멜론(50g),S사과(35g),오징어채소덮밥,떡국,소고기토마토조림,채소샐러드,나박김치,S(우유제외)알리오올리오스파게티,S둥글레차,기장밥(63),실파장국,조랭이떡소불고기,마카로니채소샐러드(토마토소스),석박지
찰현미밥(55),호박감자수제비국,다시마북어볶음,S복숭아(60g),S복숭아(천도)-60g,찰현미밥(55),동태살무국,고구마연근맛탕,가지양념무침,열무물김치,S냉콩국+소면,S오미자아이스크림,알리오올리오스파게티,감자된장국,어묵감자조림,사과미나리무침,비트초절이
찹쌀밥(63),팽이장국,미역줄기채소볶음,S사과(35g),S멜론(50g),찹쌀밥(63),근대국,소고기토마토조림,동초무침,나박김치,S(우유제외)알리오올리오스파게티,S고칼슘우유(200ml),찹쌀밥(63),두부새우젓국,조랭이떡소불고기,감자당근채볶음,석박지
기장밥(55),(소고기제외)당면양배추국,무몰무침,S블루베리(50g),S참외(100g),기장밥(55),다시마감자국,뱅어포튀김,애호박나물,깍두기,S온메밀국수,S오미자아이스크림,기장밥(55),동태살무국,봄동해물전,참나물토마토샐러드,콜라비나박김치
완두콩밥(55),어묵국수,매콤숙주미나리무침,S복숭아(60g),S복숭아(천도)-60g,완두콩밥(55),닭고기채소찌개,오징어채소볶음,건파래자반,열무물김치,S치즈머핀,S코코아,새우크림스파게티,매콤애호박국,옥수수채소튀김,진미채초무침,나박김치
율무밥(55),쑥갓어묵국,곤드레나물볶음,S아몬드,S참외(50g),오징어채소덮밥,동태살무국,닭고기냉채,채소샐러드,오이소박이김치,S단팥빵,S보리차,율무밥(63),쑥갓어묵탕,조랭이떡소불고기,고구마우유조림,비트초절이
보리밥(63),감자호박국,다시마북어볶음,S사과(35g),S멜론(50g),보리밥(63),감자된장국,떡범벅,미역줄기채소볶음,열무물김치,S카카오올리브케익,S바나나쉐이크,새우크림스파게티,유부쑥갓맑은국,생선까스,얼갈이나물,나박김치
오징어덮밥,안매운닭개장,애호박볶음,S사과(50g),S블루베리(50g),현미밥(63),동태살국,멸치파프리카볶음,진미채초무침,단배추물김치,S카카오올리브케익,S오미자아이스크림,현미밥(63),미니우동,온두부찜,애호박건새우볶음,갓김치
보리밥(63),건새우된장국,건취나물간장볶음,S사과(35g),S복숭아(황도)-80g,보리밥(63),감자된장국,매콤오징어볶음,땅콩우엉무침,나박김치,S크로와상,S매실주스,새우크림스파게티,실파장국,오리훈제구이,가지양념무침,비트초절이
밤밥(55),안매운닭개장,단호박견과류찜,S참외(50g),S멜론(50g),밤밥(55),묵국,옥수수채소튀김,애호박건새우볶음,갓김치,S(우유제외)알리오올리오스파게티,S보리차,오징어덮밥,미니유부우동,삼치무조림,매쉬드포테이토,열무물김치
팥밥(55),닭고기채소찌개,찐고구마,S사과(35g),S복숭아(황도)-80g,팥밥(55),애호박두부젓국찌개,조랭이떡소불고기,건취나물간장볶음,석박지,S치즈스틱,S둥글레차,해물우동볶음,닭살당면국,볼어묵조림,당근스틱,나박김치
닭살채소볶음밥,감자호박국,단호박우유찜,S바나나(100g),S자두(50g),찹쌀보리밥(55),다슬기된장국,삼치무조림,땅콩우엉무침,깍두기,S크로와상,S매실주스,찹쌀보리밥(63),버섯무국,두부톳무침,치커리겉절이,배추김치
밤밥(55),떡국떡미역국,건취나물간장볶음,S사과(35g),S참외(50g),소고기채소볶음밥,실파장국,늙은호박소고기볶음,아욱무침,열무물김치,S(우유제외)토마토스파게티,S고칼슘우유(200ml),밤밥(55),수제비국,등심탕수육+소스,감자당근채볶음,나박김치
기장밥(63),쑥갓어묵탕,청경채사과무침,S복숭아(80g),S복숭아(천도)-80g,기장밥(63),닭고기채소찌개,참치어묵조림,상추배생채,배추김치,S쑥설기(40g),S복숭아호두스무디,참나물유부초밥,팽이장국,토마토치즈범벅,동초무침,비트초절이
밤찹쌀팥밥(55),김치두부국,마카로니채소샐러드(토마토소스),S멜론(50g),S사과(35g),오징어채소덮밥,온청포묵국,닭가슴살호두조림,잔멸치볶음,비트초절이,S카카오올리브케익,S고구마쉐이크,밤찹쌀팥밥(55),양파당면국,브로콜리달걀볶음,건파래자반,배추김치
쌀밥(40),단호박수제비국,참나물간장무침,S참외(50g),S복숭아(60g),쌀밥(40),소갈비탕,어묵감자조림,조미김,열무물김치,S소보로빵,S코코아,쌀밥(40),떡만두국,감자건포도샐러드,배추게맛살샐러드,단무지
밤밥(55),미니우동,(우유제외)옥수수버터구이,S배(50g),S블루베리고구마샐러드,볶음우동,애호박새우젓국,김치전,고구마순나물,단배추물김치,S모카빵,S바나나쉐이크,밤밥(55),차돌얼갈이국,조랭이떡소불고기,두부열무나물,단배추물김치
차조밥(55),닭고기채소찌개,어묵고구마조림,S복숭아(60g),S복숭아(황도)-80g,차조밥(55),매콤애호박국,어묵고구마조림,애호박볶음,나박김치,S약과,S고칼슘우유(200ml),새우크림스파게티,실파장국,브로콜리두부무침,감자당근채볶음,깍두기
소불고기덮밥,늙은호박국,더덕사과무침,S참외(50g),S멜론(50g),밤콩밥(55),미니우동,당면김말이튀김,팽이맛살볶음,단배추물김치,S(우유제외)토마토스파게티,S둥글레차,밤콩밥(55),온청포묵국,삼치무찜,토마토범벅,열무김치
소고기하이라이스,쑥갓어묵탕,땅콩우엉무침,S복숭아(천도)-60g,S복숭아(60g),팥밥(55),모듬버섯찌개,토마토두부샐러드,건새우애호박볶음,비트초절이,S소보로빵,S복숭아호두스무디,팥밥(55),단호박무국,매콤오삼불고기,숙주당근나물,얼갈이배추김치
찰현미밥(55),해물탕,고구마범벅,S자두(50g),S멜론(100g),찰현미밥(55),매콤콩나물국,가지구이,표고버섯당근볶음,단무지,S(우유제외)웨지감자구이,S매실차,김치어묵볶음밥,유부김치국,소고기파채볶음,단호박찜,깍두기
완두콩밥(63),두부새우젓국,마카로니채소샐러드(토마토소스),S복숭아(80g),S복숭아(천도)-80g,오징어채소덮밥,유부쑥갓맑은국,떡갈비간장조림,감자당근채볶음,배추김치,S단팥빵,S고칼슘우유(200ml),완두콩밥(63),동태살무국,치즈돈까스,채소샐러드,비트초절이
찰현미밥(63),미니우동,진미채초무침,S멜론(50g),S복숭아(황도)-80g,찰현미밥(55),건새우된장국,소고기채소조림,건파래자반,열무물김치,S(우유제외)알리오올리오스파게티,S보리차,찰현미밥(55),차돌얼갈이국,옥수수채소튀김,땅콩우엉무침,단배추물김치
팥밥(75),실파장국,매쉬드포테이토,S멜론(50g),S복숭아(천도)-80g,팥밥(75),늙은호박국,채소튀김(감자),건취나물간장볶음,비트초절이,S냉콩국+소면,S오미자아이스크림,팥밥(75),모듬어묵국,닭채볶음,얼갈이무침,단배추물김치
밤찹쌀팥밥(75),유부쑥갓맑은국,양상추요거트샐러드,S사과(35g),S복숭아(80g),밤찹쌀팥밥(75),떡국떡미역국,떡갈비간장조림,유채나물,오이소박이김치,S크림소스스파게티,S고구마쉐이크,밤찹쌀팥밥(75),소고기배추국,삼치유자청구이,도라지나물(간장),갓김치
팥밥(75),두부맑은국,맛살볶음,S복숭아(천도)-80g,S사과(75g),팥밥(75),유부장국,매콤오징어볶음,고구마줄기볶음,나박김치,S토마토스파게티,S보리차,팥밥(75),아욱장국,불고기떡볶음,매쉬드포테이토,배추김치
감자밥(75),늙은호박국,치즈감자조림,S복숭아(천도)-80g,S사과(100g),감자밥(75),새우살애호박국,후르츠탕수육,요거트과일샐러드,비트초절이,S크림빵,S바나나쉐이크,감자밥(75),청국장국,두부당근완자전,참치양파볶음,깻잎김치
잡곡밥(75),실파장국,새우살호박볶음,S사과(35g),S멜론(50g),잡곡밥(75),오징어찌개,차돌양배추볶음,아욱나물무침,배추김치,S크림소스스파게티,S보리차,잡곡밥(75),동태살무국,불고기떡볶음,아욱나물무침,열무물김치
찹쌀현미밥(75),팽이장국,동초무침,S복숭아(80g),S멜론(75g),찹쌀현미밥(75),모듬버섯찌개,매콤오징어볶음,진미채초무침,나박김치,S새우채소전,S두유(100ml),찹쌀현미밥(75),유부쑥갓맑은국,오징어새우볶음,고구마우유조림,비트초절이
잡곡밥(75),동태살무국,참나물토마토샐러드,S멜론(50g),S복숭아(천도)-60g,잡곡밥(75),버섯개장,볼어묵채소조림,얼갈이배추겉절이,열무물김치,S크림소스스파게티,S오미자아이스크림,잡곡밥(75),쑥갓어묵국,뿌리채소맛탕,땅콩우엉조림,배추김치
고구마밥(75),채소닭고기국,진미채채소무침,S복숭아(80g),S바나나사과키위샐러드(마요네즈),고구마밥(75),두부젓국찌개,매콤오징어볶음,매쉬드포테이토,나박김치,S토마토스파게티,S코코아,고구마밥(75),오징어찌개,참치애호박볶음,두부당근완자전,비트초절이
찹쌀팥밥(75),오징어숙주국,명엽채고추장조림,S멜론(50g),S참외(100g),찹쌀팥밥(75),유부쑥갓맑은국,가지튀김,맛살볶음,오이소박이김치,S크림소스스파게티,S둥글레차,찹쌀팥밥(75),아욱장국,옥수수채소튀김,참치애호박볶음,배추김치
잡곡밥(75),닭고기채소찌개,건취나물간장볶음,S사과(35g),S복숭아(천도)-60g,잡곡밥(75),근대국,두부채소전,실곤약간장채소무침,깻잎김치,S크로와상,S매실쥬스,잡곡밥(75),늙은호박국,채소맛살전,얼갈이무침,비트초절이
수수밥(75),대구지리,맛살볶음,S사과(35g),S감말랭이,수수밥(75),실파장국,동태살전,매쉬드포테이토,열무김치,S크림소스스파게티,S보리차,수수밥(75),어묵국수,(우유제외)햄오믈렛,동초무침,배추김치
밤콩밥(75),닭고기채소찌개,얼갈이무침,S멜론(50g),S사과(35g),밤콩밥(75),두부젓국찌개,쫄면채소무침,김치볶음,나박김치,S맘모스빵,S두유(150ml),밤콩밥(75),늙은호박국,아욱나물무침,온두부+양념장,비트초절이
옥수수밥(75),팽이장국,미역줄기채소볶음,S사과(35g),S감말랭이,옥수수밥(75),두부맑은국,골뱅이무침,매쉬드포테이토,배추김치,S크로와상,S보리차,옥수수밥(75),실파장국,달걀채소볶음,동초무침,열무물김치
팥밥(75),바지락살맑은국,새우살호박볶음,S복숭아(80g),S멜론(50g),팥밥(75),우동국물,어묵감자조림,얼갈이무침,비트초절이,S삶은고구마,S오미자아이스크림,팥밥(75),실파장국,오리훈제구이,고구마우유조림,나박김치
현미밥(75),북어김치국,동초무침,S사과(35g),S참외(50g),현미밥(75),두부맑은국,소고기단호박조림,애호박볶음,열무물김치,S크림소스스파게티,S보리차,현미밥(75),두부젓국찌개,해물우동숙주볶음,감자당근채볶음,배추김치
밤찹쌀팥밥(75),애호박두부젓국찌개,실곤약채소무침,S사과(35g),S복숭아(80g),밤찹쌀팥밥(75),쑥갓어묵국,볼어묵채소조림,미역무침,비트초절이,S삶은고구마,S오미자아이스크림,밤찹쌀팥밥(75),닭고기무국,두부케첩조림,오이달래무침,열무김치
쌀밥(75),두부맑은국,감자당근채볶음,S사과(35g),S복숭아(80g),쌀밥(75),동태살무국,주꾸미떡볶음,매쉬드포테이토,배추김치,S냉콩국+소면,S보리차,쌀밥(75),오징어찌개,햄달걀말이,땅콩우엉조림,열무물김치
쌀밥(75),실파달걀국,감말랭이감자볶음,S멜론(75g),S자두(50g),쌀밥(75),실파장국,오리채소볶음,참나물토마토샐러드,나박김치,S크림소스스파게티,S고구마쉐이크,쌀밥(75),소고기두부탕국,깻잎감자전,고구마순나물,깻잎김치
밤밥(75),대구지리,새우살호박볶음,S멜론(50g),S사과(35g),밤밥(75),미니우동,오리훈제구이,감자당근채볶음,열무물김치,S삶은고구마,S오미자아이스크림,밤밥(75),오징어찌개,채소맛살전,건새우애호박볶음,비트초절이
밤찹쌀팥밥(75),두부맑은국,숙주당근나물,S복숭아(80g),S바나나사과키위샐러드(마요네즈),밤찹쌀팥밥(75),동태살무국,떡갈비간장조림,호박채소볶음,배추김치,S크림소스스파게티,S보리차,밤찹쌀팥밥(75),오징어찌개,닭살연근조림,매쉬드포테이토,열무김치
쌀밥(75),대구지리,봄동부추겉절이,S멜론(50g),S사과(35g),쌀밥(75),늙은호박국,두부채소전,가지무침,깻잎김치,S맘모스빵,S둥글레차,쌀밥(75),유부쑥갓맑은국,소고기잡채,얼갈이된장나물,나박김치
잡곡밥(75),두부젓국찌개,맛살볶음,S멜론(75g),S사과(50g),잡곡밥(75),감자된장국,햄오믈렛,찐단호박,비트초절이,S크로와상,S보리차,잡곡밥(75),동태살무국,매콤오징어볶음,동초무침,오이소박이김치
쌀밥(75),우동국물,진미채초무침,S멜론(50g),S복숭아(천도)-80g,쌀밥(75),오징어찌개,소고기청경채볶음,참나물토마토샐러드,열무김치,S크림소스스파게티,S바나나쉐이크,쌀밥(75),쑥갓어묵국,닭채볶음,땅콩우엉조림,나박김치
차조밥(75),사골떡국,새우살호박볶음,S사과(35g),S복숭아(80g),차조밥(75),유부쑥갓맑은국,햄달걀말이,애호박볶음,비트초절이,S냉콩국+소면,S보리차,차조밥(75),동태살무국,매콤낙지채소볶음,감자당근채볶음,배추김치
옥수수밥(75),미니새우튀김우동,얼갈이무침,S사과(50g),S참외(100g),옥수수밥(75),늙은호박국,소고기파채볶음,도라지나물,단배추물김치,S크림소스스파게티,S(우유제외)수제딸기두유,옥수수밥(75),수제비국,당근숙주나물,고구마줄기볶음,깻잎김치
보리밥(75),팽이장국,얼갈이무침,S복숭아(80g),S바나나사과키위샐러드(마요네즈),보리밥(75),닭고기채소찌개,두부채소전,콘샐러드,오이소박이김치,S크림소스스파게티,S보리차,보리밥(75),유부쑥갓맑은국,수제비샐러드,애호박건새우볶음,콜라비나박김치
보리밥(75),팽이장국,얼갈이무침,S사과(35g),S감말랭이,보리밥(75),닭고기채소찌개,두부채소전,콘샐러드,오이소박이김치,S크림소스스파게티,S보리차,보리밥(75),유부쑥갓맑은국,수제비샐러드,애호박건새우볶음,콜라비나박김치
차조밥(75),애호박두부젓국찌개,땅콩우엉조림,S사과(50g),S멜론(50g),차조밥(75),쑥갓어묵국,감자그라탕,매쉬드포테이토,배추김치,S새우채소전,S오미자아이스크림,차조밥(75),늙은호박국,뿌리채소맛탕,참나물토마토샐러드,비트초절이
차조밥(75),만두순두부찌개,상추오이무침,S사과(35g),S참외(50g),차조밥(75),버섯개장,삼치무조림,콘샐러드,열무물김치,S크림소스스파게티,S보리차,차조밥(75),두부맑은국,소고기청경채볶음,동초무침,총각김치
잡곡밥(75),청국장국,매쉬드포테이토,S바나나사과키위샐러드(마요네즈),S멜론(50g),잡곡밥(75),늙은호박국,토마토치즈범벅,당근숙주나물,깻잎김치,S단호박샐러드,S(우유제외)두유미숫가루,잡곡밥(75),모듬어묵국,두부톳무침,가지양념무침,비트초절이
찰현미밥(75),쑥갓어묵국,얼갈이무침,S사과(35g),S감말랭이,찰현미밥(75),쑥갓어묵탕,매콤오징어볶음,애호박볶음,총각김치,S냉콩국+소면,S오미자아이스크림,찰현미밥(75),다슬기된장국,(저당)닭갈비,땅콩우엉조림,단배추물김치
고구마밥(75),"만두국(달걀제외,가공만두)",동초무침,S사과(50g),S멜론(50g),고구마밥(75),오징어찌개,소고기청경채볶음,(우유제외)으깬견과류고구마샐러드,비트초절이,S크림소스스파게티,S코코아,고구마밥(75),시금치북어국,오징어청경채볶음,요거트과일샐러드,배추김치
찹쌀팥밥(75),닭고기채소찌개,김구이+양념장,S복숭아(천도)-60g,S당근스틱,찹쌀팥밥(75),미니새우튀김우동,두부채소전,맛살볶음,단배추물김치,S냉콩국+소면,S보리차,찹쌀팥밥(75),모듬어묵국,삼치무조림,땅콩우엉조림,깻잎김치
완두콩밥(75),동태살무국,동초무침,S멜론(50g),S사과(35g),완두콩밥(75),유부쑥갓맑은국,뿌리채소맛탕,미역초무침,열무물김치,S크림소스스파게티,S고구마쉐이크,완두콩밥(75),대구지리,온두부+양념장,진미채초무침,비트초절이
잡곡밥(75),늙은호박국,매쉬드포테이토,S청포도(100g),S복숭아(천도)-80g,잡곡밥(75),당근황태국,소고기잡채,미역줄기채소볶음,오이소박이김치,S냉콩국+소면,S보리차,잡곡밥(75),시금치북어국,어묵감자조림,으깬견과류고구마샐러드(요거트),나박김치
찹쌀팥밥(75),우동국물,얼갈이무침,S멜론(50g),S사과(35g),찹쌀팥밥(75),수제비아욱국,두부채소전,새우살호박볶음,배추김치,S크림소스스파게티,S두유(100ml),찹쌀팥밥(75),북어김치국,오리훈제구이,미역초무침,열무김치
찰현미밥(75),동태살무국,얼갈이배추겉절이,S당근스틱,S복숭아(천도)-80g,찰현미밥(75),모듬버섯찌개,치즈닭갈비,김치볶음,나박김치,S백설기,S레몬주스,찰현미밥(75),유부쑥갓맑은국,차돌양배추볶음,봄동부추겉절이,비트초절이
검정콩밥(75),찹쌀옹심이국,김구이+양념장,S사과(35g),S복숭아(80g),검정콩밥(75),두부젓국찌개,소고기당면조림,매쉬드포테이토,파김치,S크림소스스파게티,S보리차,검정콩밥(75),다슬기아욱국,닭가슴살고구마볶음,맛살볶음,오이소박이김치
찹쌀밥(75),고추장찌개,땅콩조림,S멜론(50g),S사과(35g),찹쌀밥(75),쑥갓어묵탕,레몬소스탕수육,건새우애호박볶음,비트초절이,S단호박샐러드,S두유(150ml),찹쌀밥(75),늙은호박국,두부채소전,요거트과일샐러드,단배추물김치
현미밥(75),유부쑥갓맑은국,동초무침,S사과(35g),S멜론(50g),현미밥(75),찹쌀옹심이국,동태살전,겨울초된장무침,나박김치,S크림소스스파게티,S보리차,현미밥(75),모듬버섯찌개,소고기청경채볶음,매쉬드포테이토,오이소박이김치
잡곡밥(75),모듬어묵국,치즈감자조림,S사과(35g),S참외(50g),잡곡밥(75),청국장국,맛살무침,고구마줄기볶음,단배추물김치,S냉콩국+소면,S오미자아이스크림,잡곡밥(75),늙은호박국,소고기양배추볶음,얼갈이무침,깻잎김치
율무밥(75),북어김치국,콩나물잡채,S사과(35g),S멜론(50g),율무밥(75),다슬기아욱국,온두부+양념장,동초무침,배추김치,S크림소스스파게티,S보리차,율무밥(75),들깨수제비국,소고기당면불고기,무사과무침,비트초절이
감자밥(75),실파장국,건새우애호박볶음,S복숭아(80g),S사과(50g),감자밥(75),쑥갓어묵국,후르츠탕수육,얼갈이무침,나박김치,S맘모스빵,S고구마쉐이크,감자밥(75),팽이장국,차돌볶음,맛살볶음,깻잎김치
율무밥(75),애호박두부젓국찌개,연근흑임자샐러드,S사과(35g),S복숭아(천도)-60g,율무밥(75),건새우아욱국,소고기채소조림,매쉬드포테이토,열무김치,S가래떡구이,S둥글레차,율무밥(75),버섯개장,볼어묵조림,김치볶음,비트초절이
옥수수밥(75),실파장국,얼갈이배추겉절이,S복숭아(천도)-80g,S자두(50g),옥수수밥(75),우동국물,소고기잡채,실곤약채소무침,배추김치,S도너츠,S고구마쉐이크,옥수수밥(75),근대국,춘천닭갈비,참나물토마토샐러드,깍두기
밤콩밥(75),당근황태국,취나물들깨무침,S사과(50g),S땅콩,밤콩밥(75),조랭이떡국,병어조림,감자당근채볶음,비트초절이,S크림소스스파게티,S우유(100ml),밤콩밥(75),멸치장국,햄알감자버터구이,상추오이무침,단무지
보리밥(75),감자된장국,건취나물간장볶음,S참외(100g),S복숭아(천도)-60g,보리밥(75),모듬어묵국,두부톳무침,참치양파볶음,나박김치,S채소전,S오미자아이스크림,보리밥(75),닭고기채소찌개,돼지고기청경채볶음,얼갈이무침,단배추물김치
보리밥(75),차돌얼갈이국,매쉬드포테이토,S자두(50g),S멜론(50g),보리밥(75),쑥갓어묵국,삼치무조림,애호박건새우볶음,배추김치,S크림소스스파게티,S두유(100ml),보리밥(75),팽이장국,닭채소조림,찐단호박,열무김치
수수밥(75),다시마양파국,단호박꿀찜,S블루베리(50g),S청포도(100g),수수밥(75),매생이떡국,뿌리채소맛탕,감자당근채볶음,비트초절이,S치즈스틱,S오미자아이스크림,수수밥(75),(저염)닭곰탕,매콤낙지채소볶음,브로콜리초무침,단무지
찹쌀현미밥(75),두부젓국찌개,도라지배무침,S멜론(50g),S복숭아(천도)-60g,찹쌀현미밥(75),실파장국,찹쌀탕수육,매쉬드포테이토,단배추물김치,S크림소스스파게티,S둥글레차,찹쌀현미밥(75),오징어찌개,닭가슴살고구마볶음,동초무침,깻잎김치
검정콩밥(75),애호박두부젓국찌개,참외샐러드,S사과(35g),S참외(50g),검정콩밥(75),북어김치국,주꾸미떡볶음,고춧잎나물,나박김치,S크림떡볶이,S보리차,검정콩밥(75),떡만두국,매콤낙지채소볶음,진미채초무침,비트초절이
기장밥(75),팽이장국,요거트과일샐러드,S사과(35g),S복숭아(60g),기장밥(75),모듬버섯찌개,뿌리채소맛탕,매쉬드포테이토,배추김치,S참치채소전,S오미자아이스크림,기장밥(75),실파장국,두부톳무침,과일샐러드(요거트드레싱),깻잎김치
찹쌀보리밥(75),우동국물,봄동부추겉절이,S멜론(50g),S자두(50g),찹쌀보리밥(75),동태살무국,레몬소스탕수육,건새우애호박볶음,나박김치,S크로와상,S요구르트,찹쌀보리밥(75),유부쑥갓맑은국,매콤오징어볶음,아욱나물무침,비트초절이
찹쌀팥밥(75),오징어찌개,건취나물간장볶음,S멜론(75g),S참외(100g),찹쌀팥밥(75),(소고기제외)당면양배추국,떡갈비간장조림,매쉬드포테이토,단배추물김치,S크림소스스파게티,S둥글레차,찹쌀팥밥(75),늙은호박국,닭살연근조림,동초무침,깻잎김치
밤찹쌀팥밥(75),찹쌀옹심이국,실곤약채소무침,S멜론(50g),S사과(35g),밤찹쌀팥밥(75),두부맑은국,미역줄기채소볶음,부추사과무침,비트초절이,S애플파이,S오미자아이스크림,밤찹쌀팥밥(75),애호박두부젓국찌개,토마토치즈샐러드,소면채소무침,배추김치
차조밥(75),차돌박이된장국,물미역무초무침,S복숭아(황도)-80g,S블루베리(50g),차조밥(75),감자달걀국,매콤오징어볶음,연근조림,깻잎김치,S단호박찜,S검은깨두유(200ml),차조밥(75),다시마양파국,차돌양배추볶음,감자채파프리카볶음,동치미
검정콩밥(75),청국장국,매쉬드포테이토,S멜론(50g),S사과(35g),검정콩밥(75),실파장국,콩나물쫄면,상추쌈,비트초절이,S크림소스스파게티,S오미자아이스크림,검정콩밥(75),늙은호박국,소고기파프리카볶음,참치양파볶음,단배추물김치
찰현미밥(75),"만두국(달걀제외,가공만두)",건취나물간장볶음,S과일화채,S복숭아(천도)-80g,찰현미밥(75),감자달걀국,햄구이,애호박새우젓볶음,파김치,S냉콩국+소면,S보리차,찰현미밥(75),오징어찌개,닭채볶음,건취나물볶음,나박김치
보리밥(75),다시마새우젓국,모듬채소겉절이,S사과(50g),S참외(50g),보리밥(75),애호박맑은국,두부톳무침,쑥갓나물,동치미,S절편,S오미자아이스크림,보리밥(75),두부장국,비엔나토마토볶음,북어채볶음,단배추물김치
잡곡밥(75),두부젓국찌개,숙주당근나물,S복숭아(천도)-80g,S사과(35g),잡곡밥(75),실파장국,떡갈비간장조림,땅콩우엉조림,나박김치,S크림떡볶이,S보리차,잡곡밥(75),아욱장국,소고기단호박볶음,매쉬드포테이토,비트초절이
쌀밥(75),북어김치국,실곤약채소무침,S복숭아(황도)-80g,S멜론(50g),쌀밥(75),안매운참치찌개,매콤어묵볶음,세발나물,열무김치,S냉콩국+소면,S둥글레차,쌀밥(75),다시마새우젓국,후르츠탕수육,브로콜리나물,배추김치
차조밥(75),만두순두부찌개,매쉬드포테이토,S복숭아(천도)-80g,S사과(35g),차조밥(75),두부젓국찌개,햄오믈렛,맛살볶음,비트초절이,S크림소스스파게티,S보리차,차조밥(75),늙은호박국,매콤오징어볶음,아욱나물무침,단배추물김치
찹쌀밥(75),동태살무국,진미채초무침,S복숭아(80g),S자두(50g),찹쌀밥(75),실파장국,깻잎참치전,참나물토마토샐러드,열무김치,S으깬견과류고구마샐러드(요거트),S고구마쉐이크,찹쌀밥(75),쑥갓어묵국,닭채소조림,도라지볶음,배추김치
차조밥(75),두부새우젓국,새우살호박볶음,S사과(35g),S멜론(50g),차조밥(75),두부젓국찌개,해물우동숙주볶음,애호박볶음,나박김치,S찐고구마,S오미자아이스크림,차조밥(75),유부쑥갓맑은국,삼치무조림,감자당근채볶음,비트초절이
흑미밥(75),얼갈이된장국,오이쌈장무침,S복숭아(황도)-80g,S블루베리(50g),흑미밥(75),유부대파국,소고기굴소스조림,느타리버섯당근볶음,오이소박이김치,S단호박떡케익,S수제블루베리바나나우유,흑미밥(75),두부장국,오징어불고기,양배추샐러드(사우전아일랜드드레싱),단무지
고구마밥(75),감자된장국,마카로니채소샐러드(토마토소스),S사과(35g),S멜론(50g),고구마밥(75),모듬버섯찌개,떡갈비간장조림,매쉬드포테이토,배추김치,S크림소스스파게티,S오미자아이스크림,고구마밥(75),유부쑥갓맑은국,뿌리채소맛탕,파래무채무침,나박김치
기장밥(75),팽이장국,건취나물간장볶음,S복숭아(80g),S바나나사과키위샐러드(마요네즈),기장밥(75),두부젓국찌개,돼지고기청경채볶음,동초무침,열무김치,S크림떡볶이,S보리차,기장밥(75),어묵국수,소고기잡채,숙주당근나물,비트초절이
밤콩밥(75),순한백짬뽕국,소고기우엉조림,S복숭아(황도)-80g,S멜론(50g),밤콩밥(75),늙은호박국,떡갈비간장조림,오이샐러드,배추김치,S단호박샐러드,S바나나쉐이크,밤콩밥(75),애호박맑은국,매콤오징어볶음,진미채초무침,단무지무침
찹쌀밥(75),유부쑥갓맑은국,동초무침,S사과(50g),S복숭아(천도)-80g,찹쌀밥(75),모듬어묵국,뿌리채소맛탕,김구이+양념장,오이소박이김치,S크림소스스파게티,S수정과,찹쌀밥(75),팽이장국,메추리알폭찹,매쉬드포테이토,나박김치
쌀밥(75),다슬기아욱국,단호박견과류찜,S호두,S참외(50g),쌀밥(75),동태살무국,소고기청경채볶음,미역줄기채소볶음,비트초절이,S냉콩국+소면,S오미자차,쌀밥(75),북어달걀국,가지구이,(우유제외)고구마두유조림,파김치
검정콩밥(75),유부맑은국,부추무침,S자두(50g),S복숭아(80g),검정콩밥(75),닭고기채소찌개,수제비샐러드,모듬어묵국,깻잎김치,S(우유제외)알리오올리오스파게티,S보리차,검정콩밥(75),얼갈이무침,어묵감자조림,오이들깨볶음,단배추물김치
잡곡밥(75),대구지리,봄동부추겉절이,S멜론(50g),S복숭아(천도)-60g,잡곡밥(75),늙은호박국,감자그라탕,땅콩우엉조림,비트초절이,S단호박샐러드(마요네즈),S둥글레차,잡곡밥(75),도토리묵냉국,분홍소시지전,얼갈이된장나물,총각김치
밤찹쌀팥밥(75),채소닭고기국,(우유제외)단호박두유찜,S자두(50g),S복숭아(80g),밤찹쌀팥밥(75),차돌얼갈이국,옥수수채소튀김,고구마줄기볶음,열무물김치,S크림빵,S코코아,밤찹쌀팥밥(75),미니우동,소고기청경채볶음,진미채채소무침,나박김치
검정콩밥(75),우동국물,콩나물잡채,S멜론(50g),S수박(100g),검정콩밥(75),다슬기아욱국,모듬버섯전,매쉬드포테이토,백김치,S크림소스스파게티,S(우유제외)수제바나나두유,검정콩밥(75),어묵국수,떡갈비간장조림,숙주당근나물,배추김치
옥수수밥(75),팽이장국,맛살볶음,S사과(35g),S바나나사과키위샐러드(마요네즈),옥수수밥(75),우동국물,떡갈비간장조림,매쉬드포테이토,배추김치,S토마토스파게티,S보리차,옥수수밥(75),다슬기아욱국,소고기단호박볶음,동초무침,나박김치
팥밥(75),다슬기된장국,가지양념무침,S복숭아(80g),S멜론(75g),팥밥(75),실파장국,뿌리채소맛탕,애호박볶음,깻잎김치,S크림소스스파게티,S오미자아이스크림,팥밥(75),늙은호박국,찹쌀탕수육,건새우애호박볶음,비트초절이
현미밥(75),차돌얼갈이국,뱅어포구이,S복숭아(60g),S사과(35g),현미밥(75),애호박두부젓국,수제비샐러드,봄동부추겉절이,열무물김치,S냉콩국+소면,S(우유제외)두유미숫가루,현미밥(75),청경채맑은국,소고기단호박볶음,오이달래무침,나박김치
감자밥(75),두부젓국찌개,매쉬드포테이토,S블루베리(50g),S멜론(75g),감자밥(75),오징어숙주국,떡갈비간장조림,숙주당근나물,깻잎김치,S크림소스스파게티,S레몬주스,감자밥(75),호박감자수제비국,닭살연근조림,콘샐러드,오이소박이김치
고구마밥(75),어묵국수,미역줄기채소볶음,S멜론(50g),S사과(35g),고구마밥(75),북어김치국,소고기청경채볶음,사과미나리무침,나박김치,S토마토스파게티,S오미자아이스크림,고구마밥(75),감자된장국,두부톳무침,동초무침,비트초절이
옥수수밥(75),다슬기된장국,애호박건새우볶음,S복숭아(80g),S멜론(75g),옥수수밥(75),모듬버섯찌개,차돌양배추볶음,상추오이무침,총각김치,S크림소스스파게티,S보리차,옥수수밥(75),차돌얼갈이국,옥수수채소튀김,아욱나물무침,열무물김치
찰현미밥(75),바지락살무국,매쉬드포테이토,S복숭아(80g),S멜론(75g),찰현미밥(75),청국장국,닭살연근조림,감자당근채볶음,나박김치,S크림빵,S수제블루베리우유,찰현미밥(75),오징어찌개,소고기폭찹,참치양파볶음,얼갈이배추김치
현미밥(75),오징어숙주국,김구이+양념장,S사과(35g),S복숭아(80g),현미밥(75),유부쑥갓맑은국,소고기안심버섯볶음,맛살볶음,파김치,S크림소스스파게티,S보리차,현미밥(75),아욱장국,떡갈비간장조림,콘샐러드,비트초절이
고구마밥(75),모듬어묵국,실곤약간장채소무침,S사과(100g),S배(50g),고구마밥(75),만두국,볼어묵채소조림,얼갈이무침,배추김치,S맘모스빵,S둥글레차,고구마밥(75),애탕국,두부채소전,건취나물간장볶음,단배추물김치
잡곡밥(75),당근황태국,감자당근채볶음,S아몬드,S사과(50g),잡곡밥(75),아욱토장국,채소크로켓,매쉬드포테이토,파김치,S크림소스스파게티,S토마토주스,잡곡밥(75),늙은호박국,새우버터구이,맛살볶음,나박김치
수수밥(75),오징어숙주국,크래미채소볶음,S사과(35g),S멜론(75g),수수밥(75),유부쑥갓맑은국,햄오믈렛,참치애호박볶음,오이소박이김치,S토마토스파게티,S보리차,수수밥(75),아욱장국,매콤오징어볶음,명엽채아몬드볶음,비트초절이
차조밥(75),두부맑은국,건취나물간장볶음,S멜론(50g),S참외(50g),차조밥(75),팽이장국,감자그라탕,콘샐러드,배추김치,S쿠키,S오미자아이스크림,차조밥(75),바지락살맑은국,동태살전,봄동부추겉절이,깻잎김치
검정콩밥(75),실파김국,무미역무침,S블루베리고구마샐러드,S멜론(75g),검정콩밥(75),오징어찌개,두부채소전,참치양파볶음,열무물김치,S크림소스스파게티,S보리차,검정콩밥(75),대구지리,고구마소고기조림,매쉬드포테이토,비트초절이
밤콩밥(75),우동국물,얼갈이무침,S멜론(50g),S복숭아(천도)-60g,밤콩밥(75),동태살무국,매콤오징어볶음,김구이+양념장,배추김치,S맘모스빵,S검은깨두유(200ml),밤콩밥(75),모듬버섯찌개,언양식불고기,찐단호박,깻잎김치
고구마밥(75),쑥갓어묵국,해초볶음,S멜론(75g),S사과(35g),고구마밥(75),닭고기채소찌개,떡갈비간장조림,매쉬드포테이토,비트초절이,S크림소스스파게티,S오미자아이스크림,고구마밥(75),어묵국수,닭살연근조림,감자당근채볶음,콜라비나박김치
밤밥(75),삼계탕,요거트과일샐러드,S멜론(75g),S사과(35g),밤밥(75),모듬어묵국,매콤오징어볶음,맛살볶음,동치미,S토마토스파게티,S두유(150ml),밤밥(75),아욱장국,소고기카레볶음,건새우애호박볶음,나박김치
수수밥(75),모듬어묵국,크래미채소볶음,S멜론(75g),S사과(50g),수수밥(75),닭고기채소찌개,두부채소전,매쉬드포테이토,단배추물김치,S냉콩국+소면,S보리차,수수밥(75),감자달걀국,매콤오징어볶음,맛살볶음,깻잎김치
차조밥(75),실파장국,실곤약간장채소무침,S사과(35g),S멜론(50g),차조밥(75),늙은호박국,칠리새우,땅콩우엉조림,나박김치,S새우크림소스볶음,S단호박식혜,차조밥(75),쑥갓어묵국,동태살전,얼갈이무침,비트초절이
밤찹쌀팥밥(75),오징어숙주국,콘샐러드,S멜론(75g),S자두(50g),밤찹쌀팥밥(75),유부쑥갓맑은국,소고기브로콜리조림,미역초무침,배추김치,S크림소스스파게티,S오미자아이스크림,밤찹쌀팥밥(75),두부젓국찌개,뿌리채소맛탕,마카로니채소샐러드(토마토소스),오이소박이김치
현미밥(75),아욱장국,건새우애호박볶음,S복숭아(천도)-60g,S멜론(50g),현미밥(75),버섯개장,삼치무조림,단호박견과류샐러드,비트초절이,S애플파이,S보리차,현미밥(75),차돌박이된장국,무나물볶음,매쉬드포테이토,나박김치
찹쌀밥(75),팽이장국,동초무침,S복숭아(천도)-80g,S사과(35g),찹쌀밥(75),두부된장찌개,매콤오징어볶음,콘샐러드,열무김치,S단호박설기,S두유(200ml),찹쌀밥(75),늙은호박국,춘천닭갈비,겨울초된장무침,배추김치
기장밥(75),오징어찌개,파래무채무침,S멜론(75g),S복숭아(80g),기장밥(75),미니우동,칠리새우,진미채초무침,나박김치,S크림소스스파게티,S오미자아이스크림,기장밥(75),두부젓국찌개,소고기청경채볶음,요거트과일샐러드,열무물김치
완두콩밥(75),두부맑은국,참치양파볶음,S멜론(50g),S사과(35g),완두콩밥(75),다슬기아욱국,오징어채소볶음,상추오이무침,비트초절이,S냉콩국+소면,S보리차,완두콩밥(75),어묵국수,감자그라탕,콘샐러드,배추김치
보리밥(75),팽이장국,건새우애호박볶음,S멜론(75g),S자두(50g),보리밥(75),다슬기된장국,삼치무조림,얼갈이무침,나박김치,S크림소스스파게티,S오미자아이스크림,보리밥(75),모듬버섯찌개,볼어묵채소조림,연근흑임자샐러드,오이소박이김치
찹쌀보리밥(75),다슬기아욱국,감자당근채볶음,S사과(35g),S멜론(50g),찹쌀보리밥(75),동태살무국,떡갈비간장조림,매쉬드포테이토,배추김치,S미트볼스파게티,S보리차,찹쌀보리밥(75),유부쑥갓맑은국,닭살연근조림,김구이+달래양념장,비트초절이
차조밥(75),차돌얼갈이국,참치양파볶음,S사과(35g),S멜론(50g),차조밥(75),순한고추장찌개,소고기잡채,상추오이무침,배추김치,S크림소스스파게티,S보리차,차조밥(75),오징어찌개,소면채소무침,요거트과일샐러드,배추김치
차조밥(75),동태살무국,진미채초무침,S복숭아(80g),S복숭아(천도)-80g,차조밥(75),실파장국,볼어묵채소조림,참나물토마토샐러드,배추김치,S찐고구마,S오미자아이스크림,차조밥(75),곤약어묵국,닭피망볶음,건새우애호박볶음,열무김치
보리밥(75),동태살무국,도라지배무침,S사과(35g),S복숭아(천도)-80g,보리밥(75),오징어찌개,두부채소전,참치양파볶음,배추김치,S크로와상,S수제블루베리우유,보리밥(75),쑥갓어묵국,닭채볶음,건취나물간장볶음,단배추물김치
완두콩밥(75),다슬기아욱국,새우살호박볶음,S청포도(100g),S키위(50g),완두콩밥(75),유부쑥갓맑은국,해물우동숙주볶음,감자당근채볶음,배추김치,S냉콩국+소면,S보리차,완두콩밥(75),유부된장국,주꾸미떡볶음,연근흑임자샐러드,배추김치
옥수수밥(75),두부장국,미니새송이버섯볶음,S블루베리(50g),S사과(100g),옥수수밥(75),무채양파국,소고기볶음우동,쌈채소+쌈장,동치미,S유부초밥,S고구마쉐이크,옥수수밥(75),버섯무국,북어채소찜,봄동나물,단무지
수수밥(75),청국장국,맛살볶음,S복숭아(60g),S복숭아(천도)-60g,수수밥(75),늙은호박국,두부채소전,쌈채소+쌈장,배추김치,S유부초밥,S검은콩두유(100ml),수수밥(75),바지락살맑은국,소고기잡채,연근흑임자샐러드,배추김치
잡곡밥(75),오징어숙주국,크래미채소볶음,S복숭아(80g),S복숭아(천도)-80g,잡곡밥(75),유부쑥갓맑은국,매콤오징어볶음,애호박볶음,오이소박이김치,S냉콩국+소면,S오미자아이스크림,잡곡밥(75),모듬어묵국,햄구이,땅콩우엉조림,배추김치
찹쌀팥밥(75),실파장국,돼지고기굴소스볶음,S복숭아(80g),S키위(50g),찹쌀팥밥(75),미니새우튀김우동,감자당근채볶음,매쉬드포테이토,배추김치,S크림떡볶이,S오미자아이스크림,찹쌀팥밥(75),늙은호박국,두부톳무침,봄동나물,깻잎김치
현미밥(75),동태살무국,요거트과일샐러드,S복숭아(80g),S사과(50g),현미밥(75),오징어숙주국,차돌양배추볶음,건새우애호박볶음,오이소박이김치,S단호박샐러드,S보리차,현미밥(75),호박감자수제비국,오징어청경채볶음,미역줄기채소볶음,배추김치
밤콩밥(75),건새우맑은국,찐단호박,S사과(35g),S블루베리(50g),밤콩밥(75),모듬버섯찌개,매콤낙지채소볶음,가지양념찜,배추김치,S크림빵,S고구마쉐이크,밤콩밥(75),유부쑥갓맑은국,소고기브로콜리볶음,매쉬드포테이토,배추김치
잡곡밥(75),실파장국,소고기우엉조림,S멜론(50g),S복숭아(천도)-60g,잡곡밥(75),늙은호박국,감자그라탕,당근숙주나물,단배추물김치,S단호박샐러드,S검은깨두유(200ml),잡곡밥(75),모듬어묵국,(저염)갈치조림,단호박견과류샐러드,깻잎김치
찹쌀밥(75),다슬기된장국,진미채초무침,S복숭아(80g),S멜론(50g),찹쌀밥(75),동태살무국,닭채소조림,참나물토마토샐러드,배추김치,S크림소스스파게티,S고구마쉐이크,찹쌀밥(75),실파장국,닭살고구마조림,건새우애호박볶음,열무김치
찹쌀팥밥(75),차돌얼갈이국,도라지나물(간장),S사과(50g),S멜론(50g),찹쌀팥밥(75),대구지리,오징어청경채볶음,상추오이무침,배추김치,S단호박설기,S코코아,찹쌀팥밥(75),오징어찌개,두부채소전,미역줄기채소볶음,배추김치
검정콩밥(75),"만두국(달걀제외,가공만두)",진미채초무침,S복숭아(80g),S복숭아(천도)-80g,검정콩밥(75),팽이장국,볼어묵채소조림,참나물토마토샐러드,배추김치,S새우크림소스볶음,S고구마쉐이크,검정콩밥(75),실파장국,오리훈제구이,단호박견과류샐러드,배추김치
고구마밥(75),어묵국수,애호박건새우볶음,S복숭아(천도)-80g,S복숭아(80g),고구마밥(75),북어김치국,닭채볶음,아욱나물무침,비트초절이,S크로와상,S두유(100ml),고구마밥(75),애호박두부젓국찌개,동태살전,진미채초무침,열무김치
기장밥(75),두부젓국찌개,숙주당근나물,S파프리카스틱,S참외(100g),기장밥(75),늙은호박국,떡갈비간장조림,땅콩우엉조림,단배추물김치,S가래떡구이,S오미자아이스크림,기장밥(75),오징어찌개,미역귀튀각,도라지무침,깻잎김치
검정콩밥(75),어묵국수,감자당근채볶음,S멜론(50g),S사과(35g),검정콩밥(75),북어김치국,오리훈제구이,아욱나물무침,배추김치,S크로와상,S보리차,검정콩밥(75),두부맑은국,어묵감자조림,도라지무침,배추김치
찹쌀현미밥(75),늙은호박국,(우유제외)고구마두유조림,S복숭아(60g),S복숭아(천도)-60g,찹쌀현미밥(75),모듬어묵국,소고기청경채볶음,가지양념무침,깍두기,S토마토스크램블에그,S(우유제외)수제블루베리우유,찹쌀현미밥(75),오징어찌개,닭채볶음,진미채초무침,단배추물김치
현미밥(75),어묵국수,매쉬드포테이토,S사과(35g),S참외(100g),현미밥(75),유부쑥갓맑은국,레몬소스탕수육,건취나물간장볶음,배추김치,S냉콩국+소면,S보리차,현미밥(75),아욱장국,떡갈비간장조림,맛살볶음,배추김치
밤찹쌀팥밥(75),모듬어묵국,애호박새우젓볶음,S사과(35g),S멜론(50g),밤찹쌀팥밥(75),늙은호박국,오리훈제구이,얼갈이무침,깻잎김치,S(우유제외)새우크림소스볶음,S오미자아이스크림,밤찹쌀팥밥(75),미니새우튀김우동,닭가슴살고구마볶음,블루베리고구마샐러드,비트초절이
밤찹쌀팥밥(75),동태살무국,진미채채소무침,S멜론(50g),S키위(50g),밤찹쌀팥밥(75),애호박두부젓국찌개,닭가슴살굴소스볶음,실곤약채소무침,배추김치,S크림소스스파게티,S고구마쉐이크,밤찹쌀팥밥(75),북어김치국,소고기당면불고기,맛살볶음,열무김치
율무밥(75),다슬기아욱국,숙주당근나물,S멜론(75g),S참외(50g),율무밥(75),유부쑥갓맑은국,떡갈비간장조림,실곤약채소무침,오이소박이김치,S찐고구마,S오미자아이스크림,율무밥(75),홍합무국,매콤오징어볶음,맛살볶음,배추김치
현미밥(75),팽이장국,참치양파볶음,S복숭아(80g),S멜론(50g),현미밥(75),다슬기아욱국,돼지고기청경채볶음,매쉬드포테이토,배추김치,S토마토스파게티,S보리차,현미밥(75),유부쑥갓맑은국,소고기잡채,단호박견과류샐러드,배추김치
잡곡밥(75),실파장국,단배추멸치조림,S사과(35g),S블루베리(50g),잡곡밥(75),애호박두부젓국찌개,소고기채소조림,김치볶음,배추김치,S증편,S오미자아이스크림,잡곡밥(75),우동국물,뿌리채소맛탕,얼갈이무침,배추김치
찹쌀보리밥(75),늙은호박국,두부채소전,S복숭아(천도)-80g,S복숭아(80g),찹쌀보리밥(75),모듬어묵국,새우살호박볶음,미역무침,배추김치,S크림소스스파게티,S둥글레차,찹쌀보리밥(75),북어김치국,떡갈비간장조림,얼갈이무침,단배추물김치
밤밥(75),새우살애호박국,맛살볶음,S멜론(50g),S참외(100g),밤밥(75),오징어찌개,감자그라탕,건취나물간장볶음,배추김치,S토마토스파게티,S보리차,밤밥(75),미니새우튀김우동,매콤오징어볶음,콘샐러드,깻잎김치
현미밥(75),늙은호박국,두부채소전,S복숭아(80g),S복숭아(천도)-80g,현미밥(75),유부쑥갓맑은국,게살스크램블에그,브로콜리새우깨무침,배추김치,S크림소스스파게티,S둥글레차,현미밥(75),모듬어묵국,매콤오징어볶음,김치볶음,배추김치
잡곡밥(75),쑥국,맛살볶음,S멜론(50g),S참외(50g),잡곡밥(75),다슬기된장국,두부채소전,요거트과일샐러드,배추김치,S크로와상,S보리차,잡곡밥(75),팽이장국,닭다리살굴소스볶음,단호박견과류샐러드,오이소박이김치
현미밥(75),다진소고기콩나물국,실곤약채소무침,S멜론(50g),S사과(50g),현미밥(75),닭고기채소찌개,감자그라탕,당근스틱,얼갈이배추김치,S새우채소전,S코코아,현미밥(75),청국장국,햄참치채소전,콩나물김무침,열무물김치
잡곡밥(75),모듬버섯찌개,두부채소굴소스볶음,S복숭아(80g),S복숭아(천도)-80g,잡곡밥(75),유부쑥갓맑은국,옥수수토마토소스볶음,무사과무침,단배추물김치,S옥수수버터구이,S(우유제외)수제바나나두유,잡곡밥(75),버섯개장,오징어숙회,양배추마요무침,깻잎김치
찹쌀팥밥(75),찹쌀옹심이국,건취나물간장볶음,S멜론(50g),S참외(100g),찹쌀팥밥(75),차돌박이된장국,게살스크램블에그,아욱나물무침,배추김치,S냉콩국+소면,S보리차,찹쌀팥밥(75),오징어찌개,온두부+양념장,양배추마요무침,배추김치
고구마밥(75),다슬기된장국,얼갈이배추겉절이,S복숭아(천도)-60g,S복숭아(60g),고구마밥(75),버섯개장,오리훈제구이,김치볶음,배추김치,S맘모스빵,S오미자아이스크림,고구마밥(75),두부맑은국,어묵감자조림,오이달래무침,배추김치
고구마밥(75),수제비아욱국,봄동부추겉절이,S참외(100g),S멜론(75g),고구마밥(75),두부젓국찌개,동태살전,건취나물간장볶음,총각김치,S냉콩국+소면,S보리차,고구마밥(75),모듬어묵국,닭채볶음,단호박견과류샐러드,배추김치
보리밥(75),실파장국,동태살전,S참외(50g),S키위(50g),보리밥(75),매생이국,소고기감자조림,당근스틱,배추김치,S새우채소전,S고구마쉐이크,보리밥(75),얼갈이맑은국,물만두,단배추멸치조림,배추김치
팥밥(75),다슬기된장국,봄동부추겉절이,S멜론(50g),S복숭아(천도)-60g,팥밥(75),늙은호박국,(우유제외)햄오믈렛,파래무채무침,배추김치,S냉콩국+소면,S오미자아이스크림,팥밥(75),모듬어묵국,온두부+양념장,맛살볶음,배추김치
차조밥(75),다슬기된장국,동태살전,S복숭아(천도)-80g,S키위(50g),차조밥(75),팽이장국,볼어묵채소조림,얼갈이무침,배추김치,S크림소스스파게티,S두유(100ml),차조밥(75),대구지리,온두부+양념장,단호박견과류샐러드,배추김치
고구마밥(75),북어김치국,동태살전,S블루베리(50g),S멜론(50g),고구마밥(75),어묵국수,달걀채소볶음,매쉬드포테이토,배추김치,S토마토스파게티,S보리차,고구마밥(75),(소고기제외)당면양배추국,오징어청경채볶음,단호박견과류샐러드,배추김치
찹쌀현미밥(75),감자된장국,새우살호박볶음,S참외(100g),S복숭아(천도)-60g,찹쌀현미밥(75),모듬버섯찌개,두부채소전,요거트과일샐러드,배추김치,S크로와상,S우유(200ml),찹쌀현미밥(75),늙은호박국,매콤오징어볶음,진미채초무침,깻잎김치
현미밥(75),곤약어묵국,명엽채아몬드볶음,S복숭아(천도)-80g,S복숭아(80g),현미밥(75),건새우된장국,돼지고기굴소스볶음,과일샐러드(요거트드레싱),열무김치,S(우유제외)알리오올리오스파게티,S보리차,현미밥(75),맑은애호박국,새우살채소볶음,열무된장무침,파프리카피클
기장밥(75),모듬어묵국,새우살호박볶음,S키위(50g),S복숭아(80g),기장밥(75),두부젓국찌개,매콤오징어볶음,고구마우유조림,단배추물김치,S크림소스스파게티,S두유(150ml),기장밥(75),맑은애호박국,온두부+양념장,열무된장무침,깻잎김치
찹쌀팥밥(75),늙은호박국,얼갈이무침,S참외(100g),S멜론(50g),찹쌀팥밥(75),모듬어묵국,오징어청경채볶음,가지양념무침,나박김치,S크림소스스파게티,S보리차,찹쌀팥밥(75),미니새우튀김우동,소고기청경채볶음,토마토치커리무침,단배추물김치
쌀밥(75),실파장국,새우살호박볶음,S복숭아(천도)-80g,S복숭아(80g),쌀밥(75),도토리묵냉국,온두부+양념장,고구마줄기볶음,배추김치,S새우채소전,S오미자아이스크림,쌀밥(75),닭고기채소찌개,감자그라탕,실곤약간장채소무침,깻잎김치
잡곡밥(75),늙은호박국,새우살호박볶음,S멜론(50g),S사과(35g),잡곡밥(75),가지냉국,소고기채굴소스볶음,단호박견과류샐러드,배추김치,S크림소스스파게티,S보리차,잡곡밥(75),미니새우튀김우동,모듬버섯탕수,얼갈이무침,배추김치
찹쌀현미밥(75),청국장국,맛살볶음,S복숭아(80g),S복숭아(천도)-80g,찹쌀현미밥(75),모듬어묵국,떡갈비간장조림,아욱나물무침,열무물김치,S크로와상,S바나나쉐이크,찹쌀현미밥(75),오징어찌개,오리훈제구이,팽이맛살볶음,배추김치
찹쌀보리밥(75),늙은호박국,두부채소전,S복숭아(80g),S멜론(75g),찹쌀보리밥(75),미니새우튀김우동,콩나물잡채,땅콩우엉조림,단배추물김치,S크림소스스파게티,S보리차,찹쌀보리밥(75),쑥갓어묵국,(우유제외)햄오믈렛,김구이+양념장,깻잎김치
찹쌀현미밥(75),늙은호박국,숙주당근나물,S멜론(50g),S복숭아(천도)-60g,찹쌀현미밥(75),도토리묵냉국,떡갈비간장조림,단호박견과류샐러드,배추김치,S크림소스스파게티,S보리차,찹쌀현미밥(75),닭고기채소찌개,참치어묵조림,토마토치커리무침,단배추물김치
찰현미밥(75),두부젓국찌개,애호박볶음,S복숭아(천도)-80g,S복숭아(80g),찰현미밥(75),유부쑥갓맑은국,두부채소전,아욱나물무침,배추김치,S크로와상,S고구마쉐이크,찰현미밥(75),팽이장국,오리훈제구이,맛살볶음,깻잎김치
보리밥(75),유부김치국,치커리배무침,S청포도(100g),S복숭아(80g),보리밥(75),유부대파국,치즈달걀찜,고구마샐러드(마요네즈),배추김치,S영양주먹밥,S우유미숫가루,보리밥(75),소고기양파국,브로콜리숙회+초고추장,맛살볶음,얼갈이배추김치
수수밥(75),얼갈이맑은국,게맛살피망채볶음,S푸실리샐러드,S포도(100g),수수밥(75),달래맑은국,오리훈제구이,부추무침,단무지무침,S냉콩국+소면,S오미자아이스크림,수수밥(75),애호박새우젓국,쪽파소고기볶음,배무생채,깻잎김치
잡곡밥(75),실파장국,땅콩우엉조림,S당근스틱,S멜론(50g),잡곡밥(75),대합전복미역국,(우유제외)햄오믈렛,얼갈이무침,나박김치,S크림소스스파게티,S보리차,잡곡밥(75),모듬어묵국,뿌리채소맛탕,단호박견과류샐러드,배추김치
찰현미밥(75),새우젓국찌개,김구이+양념장,S복숭아(천도)-60g,S복숭아(천도)-80g,찰현미밥(75),달래맑은국,오징어새우볶음,봄동부추겉절이,단배추물김치,S맘모스빵,S두유(150ml),찰현미밥(75),청국장국,찹쌀탕수육,얼갈이배추겉절이,깻잎김치
고구마밥(75),온청포묵국,새우살호박볶음,S멜론(50g),S사과(35g),고구마밥(75),닭고기채소찌개,두부채소전,실곤약채소무침,열무물김치,S크림소스스파게티,S수정과,고구마밥(75),미니우동,소고기당면불고기,얼갈이무침,배추김치
옥수수밥(75),홍합무국,새우살호박볶음,S복숭아(천도)-60g,S복숭아(60g),옥수수밥(75),실파장국,닭가슴살고구마볶음,뱅어포볶음,깻잎김치,S찐고구마,S오미자아이스크림,옥수수밥(75),오징어찌개,(우유제외)햄오믈렛,도라지배무침,단배추물김치
보리밥(75),소고기양파국,고구마샐러드(마요네즈),S참외(100g),S청포도(100g),보리밥(75),단호박무국,두부함박스테이크,브로콜리흑임자소스무침,배추김치,S단호박찜,S우유미숫가루,보리밥(75),유부대파국,오리훈제구이,맛살볶음,배추김치
율무밥(75),대구지리,미역줄기채소볶음,S참외(100g),S복숭아(천도)-80g,율무밥(75),늙은호박국,닭가슴살고구마볶음,브로콜리흑임자소스무침,오이소박이김치,S크림소스스파게티,S보리차,율무밥(75),유부쑥갓맑은국,소고기청경채볶음,동초무침,배추김치
잡곡밥(75),두부젓국찌개,(우유제외)고구마두유조림,S자두(50g),S사과(35g),잡곡밥(75),어묵국수,오징어불고기,참나물토마토샐러드,열무김치,S새우채소전,S고구마쉐이크,잡곡밥(75),오징어찌개,매콤오징어볶음,얼갈이배추겉절이,배추김치
밤밥(75),늙은호박국,새우살호박볶음,S복숭아(80g),S키위(50g),밤밥(75),사골당면국,후라이드치킨,맛살볶음,파김치,S크림소스스파게티,S보리차,밤밥(75),호박감자수제비국,(저당)닭갈비,단호박견과류샐러드,오이소박이김치
감자밥(75),버섯개장,새우살호박볶음,S참외(100g),S키위(50g),감자밥(75),온청포묵국,쫄면채소무침,도라지나물(간장),배추김치,S크로와상샌드위치,S코코아,감자밥(75),닭고기채소찌개,단호박전,김치볶음,배추김치
기장밥(75),늙은호박국,맛살볶음,S복숭아(80g),S복숭아(천도)-80g,기장밥(75),새우살애호박국,찹쌀탕수육,요거트과일샐러드,배추김치,S크림소스스파게티,S둥글레차,기장밥(75),청국장국,두부채소전,단호박견과류샐러드,깻잎김치
잡곡밥(75),두부젓국찌개,진미채채소무침,S사과(35g),S키위(50g),잡곡밥(75),오징어찌개,오징어불고기,땅콩우엉조림,배추김치,S토마토스파게티,S오미자아이스크림,잡곡밥(75),차돌얼갈이국,두부채소전,미역줄기채소볶음,배추김치
찹쌀현미밥(75),다슬기된장국,애호박새우젓볶음,S복숭아(80g),S키위(50g),찹쌀현미밥(75),맑은동태찌개,매콤오징어볶음,콘샐러드,열무김치,S크림소스스파게티,S고구마쉐이크,찹쌀현미밥(75),홍합살미역국,(저염)닭가슴살데리야끼조림,단호박견과류샐러드,배추김치
율무밥(75),모듬버섯찌개,치즈감자조림,S복숭아(천도)-80g,S복숭아(80g),율무밥(75),유부쑥갓맑은국,삼치무조림,요거트과일샐러드,배추김치,S옥수수버터구이,S오미자아이스크림,율무밥(75),팽이장국,두부채소전,미역줄기채소볶음,깻잎김치
옥수수밥(75),실파장국,애호박새우젓볶음,S사과(50g),S키위(50g),옥수수밥(75),유부쑥갓맑은국,만두탕수,땅콩우엉조림,단배추물김치,S크림소스스파게티,S매실쥬스,옥수수밥(75),팽이장국,소고기단호박볶음,단호박견과류샐러드,단배추물김치
밤콩밥(75),청국장국,맛살양상추샐러드,S복숭아(천도)-80g,S당근스틱,밤콩밥(75),실파장국,두부채소전,땅콩우엉조림,배추김치,S크림소스스파게티,S코코아,밤콩밥(75),새우젓국찌개,떡갈비간장조림,단호박견과류샐러드,배추김치
옥수수밥(75),동태살무국,새우살호박볶음,S멜론(50g),S키위(50g),옥수수밥(75),유부쑥갓맑은국,소고기파채볶음,맛살볶음,배추김치,S냉콩국+소면,S보리차,옥수수밥(75),팽이장국,칠리새우,단호박견과류샐러드,배추김치
찹쌀보리밥(75),팽이장국,새우살호박볶음,S자두(50g),S키위(50g),찹쌀보리밥(75),모듬버섯찌개,삼치무조림,단호박견과류샐러드,배추김치,S냉콩국+소면,S오미자아이스크림,찹쌀보리밥(75),실파장국,매콤오징어볶음,맛살볶음,배추김치
기장밥(75),유부대파국,치커리무침,S복숭아(황도)-80g,S(우유제외)과일화채,기장밥(75),냉콩나물국,소고기감자조림,아욱나물무침,배추김치,S(우유제외)로제스파게티,S떠먹는요구르트(100ml),기장밥(75),소고기양파국,오리훈제구이,땅콩연근조림,얼갈이배추김치
팥밥(75),차돌박이된장국,마카로니채소샐러드(토마토소스),S복숭아(황도)-80g,S토마토(200g),팥밥(75),동태살무국,소고기잡채,단호박견과류샐러드,오이소박이김치,S크림소스스파게티,S보리차,팥밥(75),늙은호박국,안매운김치전,비름나물,배추김치
찹쌀팥밥(75),새우젓국찌개,얼갈이무침,S복숭아(60g),S복숭아(천도)-60g,찹쌀팥밥(75),청국장국,두부채소전,단호박견과류샐러드,배추김치,S맘모스빵,S두유(150ml),찹쌀팥밥(75),모듬어묵국,콩나물쫄면,삶은달걀,배추김치
찰현미밥(75),늙은호박국,아욱나물무침,S멜론(50g),S복숭아(천도)-80g,찰현미밥(75),청국장국,두부채소전,단호박견과류샐러드,배추김치,S맘모스빵,S오미자아이스크림,찰현미밥(75),실파장국,콩나물쫄면,건새우애호박볶음,총각김치
기장밥(75),동태살무국,요거트과일샐러드,S멜론(50g),S사과(35g),기장밥(75),호박감자수제비국,두부채소전,단호박견과류샐러드,배추김치,S크림떡볶이,S수제블루베리바나나우유,기장밥(75),유부쑥갓맑은국,주꾸미떡볶음,새싹채소샐러드(오리엔탈드레싱),배추김치
잡곡밥(75),두부젓국찌개,새우살호박볶음,S멜론(50g),S복숭아(천도)-60g,잡곡밥(75),청국장국,오징어새우볶음,아욱나물무침,깻잎김치,S크림소스스파게티,S둥글레차,잡곡밥(75),유부쑥갓맑은국,매콤오징어볶음,단호박견과류샐러드,배추김치
쌀밥(75),어묵국수,김구이+달래양념장,S자두(50g),S참외(50g),쌀밥(75),쑥갓어묵국,돼지고기굴소스볶음,무미역생채,나박김치,S냉콩국+소면,S보리차,쌀밥(75),북어김치국,두부채소전,봄동부추겉절이,배추김치
쌀밥(75),다시마양파국,새우살호박볶음,S블루베리(50g),S멜론(50g),쌀밥(75),늙은호박국,떡갈비간장조림,아욱나물무침,배추김치,S크로와상,S떠먹는요구르트(100ml),쌀밥(75),오징어숙주국,닭채볶음,땅콩우엉조림,깻잎김치
팥밥(75),순한백짬뽕국,과일샐러드(요거트드레싱),S복숭아(80g),S복숭아(천도)-80g,팥밥(75),팽이장국,(저염)닭가슴살데리야끼조림,참치양파볶음,오이소박이김치,S크림소스스파게티,S오미자아이스크림,팥밥(75),유부쑥갓맑은국,매콤오징어볶음,요거트과일샐러드,나박김치
기장밥(75),오징어숙주국,새우살호박볶음,S참외(100g),S사과(50g),기장밥(75),모듬어묵국,오징어볶음,단호박견과류샐러드,배추김치,S냉콩국+소면,S보리차,기장밥(75),쑥국,두부채소전,맛살볶음,파김치
차조밥(75),팽이장국,새우살호박볶음,S복숭아(천도)-80g,S오렌지(50g),차조밥(75),닭고기채소찌개,골뱅이무침,실곤약채소무침,나박김치,S참치밥전,S코코아,차조밥(75),우동국물,볼어묵채소조림,단호박견과류샐러드,배추김치
흑미밥(75),두부젓국찌개,맛살볶음,S키위(50g),S복숭아(80g),흑미밥(75),동태살무국,온두부+양념장,단호박견과류샐러드,오이소박이김치,S크림소스스파게티,S보리차,흑미밥(75),호박감자수제비국,햄오믈렛,봄동부추겉절이,파김치
보리밥(75),차돌박이된장국,실곤약채소무침,S멜론(50g),S자두(50g),보리밥(75),애호박두부젓국찌개,오리훈제구이,참나물토마토샐러드,배추김치,S단호박샐러드,S고구마쉐이크,보리밥(75),팽이장국,칠리새우,얼갈이배추겉절이,열무김치
보리밥(75),소고기국,단호박샐러드,S복숭아(80g),S복숭아(천도)-80g,보리밥(75),유부쑥갓맑은국,떡갈비간장조림,숙주당근나물,배추김치,S치즈머핀,S보리차,보리밥(75),아욱장국,칠리새우,감자당근채볶음,배추김치
완두콩밥(75),실파장국,새우살호박볶음,S멜론(50g),S복숭아(천도)-80g,완두콩밥(75),늙은호박국,햄참치채소전,고구마줄기볶음,단배추물김치,S크림소스스파게티,S오미자아이스크림,완두콩밥(75),미니새우튀김우동,토마토두부샐러드,얼갈이무침,깻잎김치
팥밥(75),모듬어묵국,땅콩우엉조림,S복숭아(천도)-60g,S당근스틱,팥밥(75),대구지리,두부채소전,단호박견과류샐러드,배추김치,S토마토스파게티,S보리차,팥밥(75),두부젓국찌개,햄오믈렛,맛살볶음,배추김치
찰현미밥(75),쑥갓어묵국,새우살호박볶음,S멜론(50g),S사과(35g),찰현미밥(75),애호박두부젓국,감자그라탕,실곤약채소무침,열무물김치,S냉콩국+소면,S둥글레차,찰현미밥(75),대합국,삼겹살구이,찐단호박,나박김치
찰현미밥(75),다슬기된장국,숙주당근나물,S멜론(50g),S복숭아(천도)-60g,찰현미밥(75),유부쑥갓맑은국,소고기청경채볶음,콘샐러드,비트초절이,S크림소스스파게티,S떠먹는요구르트(100ml),찰현미밥(75),"만두국(달걀제외,가공만두)",소고기잡채,요거트과일샐러드,단무지무침
완두콩밥(75),닭고기채소찌개,과일샐러드(요거트드레싱),S키위(50g),S복숭아(천도)-80g,완두콩밥(75),실파장국,동태살전,단호박견과류샐러드,깍두기,S크로와상,S보리차,완두콩밥(75),어묵국수,달걀채소볶음,깻잎순멸치볶음,배추김치
감자밥(75),팽이장국,단호박샐러드,S복숭아(80g),S오렌지(50g),감자밥(75),바지락살맑은국,치즈등심돈까스,진미채채소무침,열무물김치,S냉콩국+소면,S오미자아이스크림,감자밥(75),늙은호박국,닭가슴살고구마볶음,감자당근채볶음,얼갈이배추김치
밤콩밥(75),두부맑은국,건취나물간장볶음,S복숭아(천도)-80g,S멜론(75g),밤콩밥(75),근대국,감자그라탕,콘샐러드,나박김치,S크림소스스파게티,S레몬주스,밤콩밥(75),북어김치국,닭날개간장조림,실곤약채소무침,배추김치
검정콩밥(75),매콤육개장,요거트과일샐러드,S사과(35g),S멜론(50g),검정콩밥(75),닭고기채소찌개,소면채소무침,얼갈이무침,열무물김치,S치즈꼬마김밥,S보리차,검정콩밥(75),늙은호박국,카레닭가슴살볶음,봄동부추겉절이,배추김치
율무밥(75),실파장국,단배추멸치조림,S참외(100g),S키위(50g),율무밥(75),냉콩나물국,치즈등심돈까스,얼갈이무침,단배추물김치,S냉콩국+소면,S오미자아이스크림,율무밥(75),애호박두부젓국,오리훈제구이,김구이+양념장,깻잎김치
찹쌀보리밥(75),찹쌀옹심이국,얼갈이무침,S멜론(50g),S복숭아(천도)-80g,찹쌀보리밥(75),유부쑥갓맑은국,소고기청경채볶음,감자당근채볶음,오이소박이김치,S크림떡볶이,S보리차,찹쌀보리밥(75),버섯개장,카레닭가슴살볶음,미역줄기채소볶음,나박김치
옥수수밥(75),유부대파국,새우살호박볶음,S복숭아(황도)-60g,S키위(50g),옥수수밥(75),유부쑥갓맑은국,채소맛살전,땅콩우엉조림,배추김치,S단호박찜,S오미자아이스크림,옥수수밥(75),애호박두부젓국,닭가슴살채소말이조림,브로콜리초무침,배추김치
잡곡밥(75),청국장국,애호박볶음,S멜론(50g),S복숭아(천도)-80g,잡곡밥(75),미니새우튀김우동,베이컨스크램블에그,진미채채소무침,단배추물김치,S크림소스스파게티,S둥글레차,잡곡밥(75),늙은호박국,떡갈비간장조림,동초무침,단배추물김치
찹쌀밥(75),쑥갓어묵국,실곤약채소무침,S자두(50g),S사과(35g),찹쌀밥(75),팽이장국,소고기당면불고기,김치볶음,배추김치,S냉콩국+소면,S오미자아이스크림,찹쌀밥(75),모듬버섯찌개,볼어묵조림,얼갈이배추겉절이,배추김치
감자밥(75),단호박수제비국,소고기청경채볶음,S멜론(50g),S복숭아(천도)-60g,감자밥(75),묵국,소고기잡채,단호박견과류샐러드,배추김치,S크림빵,S검은콩두유(100ml),감자밥(75),미니우동,새우살호박볶음,매쉬드포테이토,배추김치
찰현미밥(75),단호박수제비국,소고기청경채볶음,S키위(50g),S복숭아(80g),찰현미밥(75),오징어찌개,(저염)닭가슴살데리야끼조림,요거트과일샐러드,배추김치,S크림소스스파게티,S보리차,찰현미밥(75),팽이장국,오징어청경채볶음,단호박견과류샐러드,배추김치
옥수수밥(75),닭고기채소찌개,실곤약채소무침,S멜론(75g),S자두(50g),옥수수밥(75),어묵국수,닭가슴살버터구이,단호박견과류샐러드,배추김치,S맘모스빵,S오미자차,옥수수밥(75),다시마감자국,두부미역무침,유채나물무침,나박김치
보리밥(75),미니새우튀김우동,매쉬드포테이토,S복숭아(80g),S복숭아(천도)-80g,보리밥(75),늙은호박국,햄오믈렛,건새우애호박볶음,오이소박이김치,S크림소스스파게티,S보리차,보리밥(75),쑥갓어묵국,닭다리살굴소스볶음,아욱나물무침,배추김치
팥밥(75),건새우근대국,견과류시금치무침,S복숭아(황도)-80g,S자두(50g),팥밥(75),콩나물냉국,매콤오징어볶음,(저염)연근조림,배추김치,S애플파이,S수제블루베리바나나우유,팥밥(75),애호박맑은국,두부스테이크,단호박견과류샐러드,배추김치
감자밥(75),동태살무국,고구마우유조림,S멜론(50g),S사과(35g),감자밥(75),호박감자수제비국,두부채소전,콘샐러드,나박김치,S채소찐빵,S고구마쉐이크,감자밥(75),유부쑥갓맑은국,치즈닭갈비,가지양념찜,배추김치
팥밥(75),북어김치국,단호박샐러드,S사과(35g),S멜론(50g),팥밥(75),실파달걀국,어묵감자조림,당근양파볶음,배추김치,S냉콩국+소면,S보리차,팥밥(75),차돌박이된장국,감자그라탕,김구이+달래양념장,배추김치
현미밥(75),두부장국,단호박샐러드,S복숭아(천도)-60g,S사과(50g),현미밥(75),쑥갓어묵국,매콤오징어볶음,얼갈이무침,배추김치,S참치밥전,S고구마쉐이크,현미밥(75),모듬버섯찌개,오리훈제구이,봄동부추겉절이,배추김치
기장밥(75),다슬기아욱국,단호박샐러드,S오이당근스틱,S견과류,기장밥(75),어묵국수,(저당)닭갈비,미역줄기채소볶음,배추김치,S냉콩국+소면,S오미자차,기장밥(75),버섯개장,차돌양배추볶음,뱅어포구이,배추김치
감자밥(75),실파장국,오징어실채무침,S과일샐러드(요거트드레싱),S(우유제외)수박화채,감자밥(75),미니새우튀김우동,닭다리살굴소스볶음,으깬견과류고구마샐러드(요거트),배추김치,S채소전,S보리차,감자밥(75),우렁이두부된장국,소고기당면불고기,얼갈이무침,배추김치
잡곡밥(75),유부김치국,단호박샐러드,S복숭아(80g),S복숭아(천도)-80g,잡곡밥(75),단호박수제비국,오리채소볶음,팽이버섯잡채,총각김치,S크림소스스파게티,S둥글레차,잡곡밥(75),늙은호박국,소고기잡채,건취나물간장볶음,단배추물김치
흑미밥(75),모듬어묵국,애호박새우젓볶음,S오이당근스틱,S복숭아(천도)-80g,흑미밥(75),양배추맑은국,오리채소볶음,팽이버섯잡채,배추김치,S크림떡볶이,S코코아,흑미밥(75),모듬어묵국,떡갈비피망조림,건취나물간장볶음,배추김치
감자밥(75),늙은호박국,단호박샐러드,S복숭아(80g),S복숭아(천도)-80g,감자밥(75),도토리묵냉국,칠리새우,으깬견과류고구마샐러드(요거트),배추김치,S단호박견과류찜,S두유(150ml),감자밥(75),팽이장국,떡갈비피망조림,건취나물간장볶음,배추김치
기장밥(75),다슬기아욱국,단호박샐러드,S멜론(75g),S사과(35g),기장밥(75),매콤애호박국,온두부+양념장,으깬견과류고구마샐러드(요거트),배추김치,S크림소스스파게티,S오미자아이스크림,기장밥(75),모듬어묵국,떡갈비간장조림,파래무채무침,배추김치
검정콩밥(75),아욱국,건새우애호박볶음,S자두(50g),S사과(100g),검정콩밥(75),실파장국,해물우동숙주볶음,으깬견과류고구마샐러드(요거트),배추김치,S바나나핫케이크,S둥글레차,검정콩밥(75),오징어찌개,소고기찹쌀구이,단호박구이,배추김치
밤찹쌀팥밥(75),팽이장국,뱅어포구이,S자두(50g),S멜론(50g),밤찹쌀팥밥(75),오징어숙주국,연근감자전,애호박볶음,깻잎김치,S새우채소전,S고구마쉐이크,밤찹쌀팥밥(75),유부쑥갓맑은국,소고기토마토볶음,진미채초무침,배추김치
완두콩밥(75),시금치국,뱅어포구이,S사과(100g),S멜론(50g),완두콩밥(75),당근황태국,매콤오징어볶음,맛살볶음,총각김치,S크림소스스파게티,S수정과,완두콩밥(75),호박감자수제비국,소고기동그랑땡전,단호박견과류샐러드,오이소박이김치
잡곡밥(75),오징어숙주국,크래미채소볶음,S멜론(50g),S사과(50g),잡곡밥(75),유부쑥갓맑은국,매콤오징어볶음,땅콩우엉조림,나박김치,S바나나핫케이크,S오미자아이스크림,잡곡밥(75),동태살쑥갓국,뿌리채소맛탕,맛살볶음,배추김치
흑미밥(75),두부젓국찌개,삶은달걀,S멜론(50g),S사과(35g),흑미밥(75),동태살무국,두부채소전,마카로니채소샐러드(토마토소스),오이소박이김치,S쿠키,S오미자아이스크림,흑미밥(75),유부쑥갓맑은국,두부톳무침,감자당근채볶음,배추김치
흑미밥(75),닭고기채소찌개,수제비샐러드,S참외(100g),S수박(100g),흑미밥(75),늙은호박국,해물우동숙주볶음,유채나물된장무침,총각김치,S크림소스스파게티,S보리차,흑미밥(75),버섯개장,뱅어포구이,새우살호박볶음,얼갈이배추김치
흑미밥(75),동태살무국,맛살볶음,S복숭아(천도)-60g,S복숭아(60g),흑미밥(75),오징어숙주국,두부톳무침,콘샐러드,배추김치,S삶은고구마,S오미자아이스크림,흑미밥(75),유부쑥갓맑은국,매콤주꾸미볶음,건취나물간장볶음,깻잎김치
고구마밥(75),버섯개장,애호박건새우볶음,S키위(50g),S복숭아(80g),고구마밥(75),찹쌀옹심이국,동태살전,으깬견과류고구마샐러드(요거트),배추김치,S크림소스스파게티,S보리차,고구마밥(75),모듬버섯찌개,소고기단호박볶음,얼갈이무침,배추김치
팥밥(75),가지냉국,애호박건새우볶음,S과일샐러드(요거트드레싱),S오이당근스틱,팥밥(75),설렁탕,깻잎감자전,건새우아몬드조림,깍두기,S단호박샐러드,S고구마쉐이크,팥밥(75),동태살국,매콤오징어볶음,얼갈이무침,나박김치
팥밥(75),두부젓국찌개,맛살볶음,S복숭아(천도)-80g,S복숭아(80g),팥밥(75),동태살무국,오징어볶음,마카로니채소샐러드(토마토소스),배추김치,S크림소스스파게티,S보리차,팥밥(75),유부쑥갓맑은국,칠리새우,아욱나물무침,배추김치
팥밥(75),팽이장국,봄동부추겉절이,S사과(35g),S멜론(50g),팥밥(75),늙은호박국,채소맛살전,얼갈이무침,열무물김치,S크로와상,S두유(150ml),팥밥(75),유부된장국,온두부+양념장,찐단호박,나박김치
찹쌀보리밥(75),오징어찌개,감자당근채볶음,S참외(100g),S멜론(75g),찹쌀보리밥(75),삼계탕,두부톳무침,얼갈이무침,배추김치,S크림떡볶이,S보리차,찹쌀보리밥(75),청국장국,돼지고기굴소스볶음,단호박견과류샐러드,배추김치
옥수수밥(75),오징어찌개,해초볶음,S참외(100g),S멜론(50g),옥수수밥(75),두부젓국찌개,닭살연근조림,단호박견과류샐러드,배추김치,S쿠키,S둥글레차,옥수수밥(75),동태살쑥갓국,두부채소전,감자당근채볶음,깻잎김치
기장밥(75),호박감자수제비국,크래미채소볶음,S복숭아(80g),S복숭아(천도)-80g,기장밥(75),유부쑥갓맑은국,햄오믈렛,얼갈이무침,오이소박이김치,S크림떡볶이,S보리차,기장밥(75),늙은호박국,떡갈비간장조림,맛살볶음,배추김치
옥수수밥(75),쑥갓어묵국,단호박샐러드,S멜론(50g),S복숭아(황도)-60g,옥수수밥(75),두부젓국찌개,소고기잡채,콘샐러드,배추김치,S크림소스스파게티,S둥글레차,옥수수밥(75),애호박맑은국,온두부+양념장,아욱나물무침,배추김치
현미밥(75),늙은호박국,건새우애호박볶음,S복숭아(천도)-80g,S키위(50g),현미밥(75),두부젓국찌개,소고기잡채,진미채초무침,깻잎김치,S맘모스빵,S두유(150ml),현미밥(75),우동국물,소고기양배추조림,단호박견과류샐러드,배추김치
잡곡밥(75),오징어찌개,해초볶음,S복숭아(천도)-80g,S참외(100g),잡곡밥(75),어묵국수,소고기청경채볶음,땅콩우엉조림,배추김치,S크림소스스파게티,S보리차,잡곡밥(75),순한백짬뽕국,오리훈제구이,아욱나물무침,배추김치
팥밥(75),두부젓국찌개,봄동부추겉절이,S멜론(50g),S당근스틱,팥밥(75),어묵국수,수제비샐러드,실곤약채소무침,열무물김치,S크림소스스파게티,S고구마쉐이크,팥밥(75),냉콩나물국,소고기단호박볶음,해초볶음,나박김치
잡곡밥(75),두부젓국찌개,단호박샐러드,S멜론(50g),S복숭아(천도)-60g,잡곡밥(75),아욱장국,채소크로켓,맛살볶음,배추김치,S크로와상,S보리차,잡곡밥(75),가지냉국,매콤오징어볶음,건새우애호박볶음,배추김치
보리밥(75),오징어찌개,해초볶음,S복숭아(황도)-80g,S사과(35g),보리밥(75),쑥갓맑은국,레몬소스탕수육,미역초무침,열무물김치,S크림소스스파게티,S고구마쉐이크,보리밥(75),매생이홍합국,삼치구이+양념장,얼갈이무침,배추김치
고구마밥(75),김치유부맑은국,크래미채소볶음,S키위(50g),S오이당근스틱,고구마밥(75),가지냉국,레몬소스탕수육,토마토치커리무침,열무물김치,S토마토스파게티,S(우유제외)두유미숫가루,고구마밥(75),팽이장국,닭다리살굴소스볶음,단호박견과류샐러드,열무물김치
보리밥(75),다슬기아욱국,건새우애호박볶음,S멜론(50g),S사과(35g),보리밥(75),호박감자수제비국,햄오믈렛,실곤약채소무침,배추김치,S크림소스스파게티,S오미자아이스크림,보리밥(75),유부쑥갓맑은국,(저당)닭갈비,곰취나물볶음,배추김치
율무밥(75),두부맑은국,건새우애호박볶음,S과일샐러드,S자두(50g),율무밥(75),소고기탕국,어묵감자조림,실곤약채소무침,열무김치,S카카오올리브케익,S코코아,율무밥(75),버섯개장,쫄면채소무침,단호박우유찜,배추김치
기장밥(75),쑥갓어묵국,크래미채소볶음,S복숭아(천도)-80g,S참외(100g),기장밥(75),닭고기채소찌개,매콤오징어볶음,실곤약채소무침,단배추물김치,S냉콩국+소면,S오미자아이스크림,기장밥(75),모듬어묵국,햄구이,애호박볶음,배추김치
감자밥(75),실파장국,고구마우유조림,S사과(35g),S복숭아(80g),감자밥(75),팽이장국,춘천닭갈비,옥수수버터구이,배추김치,S크림소스스파게티,S고구마쉐이크,감자밥(75),감자미역국,차돌볶음,건새우애호박볶음,배추김치
팥밥(75),김치유부맑은국,맛살볶음,S참외(100g),S복숭아(80g),팥밥(75),닭고기채소찌개,소고기당면불고기,찐단호박,배추김치,S크림떡볶이,S보리차,팥밥(75),감자미역국,매콤오징어볶음,건새우애호박볶음,배추김치
밤밥(75),청국장국,맛살볶음,S수박화채,S복숭아(천도)-60g,밤밥(75),늙은호박국,닭살굴소스볶음,얼갈이무침,배추김치,S크로와상,S레몬주스,밤밥(75),미니새우튀김우동,두부톳무침,파래무채무침,배추김치
잡곡밥(75),차돌얼갈이국,미역줄기당근볶음,S과일샐러드(요거트드레싱),S복숭아(80g),잡곡밥(75),미니우동,닭살굴소스볶음,실곤약채소무침,배추김치,S크림소스스파게티,S보리차,잡곡밥(75),애호박두부젓국,달래새우살전,단호박견과류샐러드,배추김치
고구마밥(75),두부젓국찌개,크래미채소볶음,S멜론(50g),S사과(35g),고구마밥(75),동태살무국,떡갈비간장조림,실곤약채소무침,배추김치,S크림빵,S고구마쉐이크,고구마밥(75),유부쑥갓맑은국,매콤오징어볶음,단호박견과류샐러드,배추김치
밤밥(75),쑥갓어묵국,크래미채소볶음,S수박화채,S블루베리(50g),밤밥(75),두부맑은국,떡갈비간장조림,실곤약채소무침,배추김치,S카카오올리브케익,S보리차,밤밥(75),어묵국수,소고기청경채볶음,파래무채무침,배추김치
감자밥(75),팽이장국,(우유제외)고구마두유조림,S사과(35g),S멜론(50g),감자밥(75),모듬버섯찌개,닭채소조림,단호박샐러드,열무김치,S꼬마김밥(달걀제외),S고구마쉐이크,감자밥(75),실파장국,오징어떡볶음,애호박건새우볶음,배추김치
완두콩밥(75),건새우시금치국,찐단호박,S참외(100g),S멜론(75g),완두콩밥(75),닭고기채소찌개,떡갈비간장조림,땅콩우엉조림,배추김치,S크림떡볶이,S보리차,완두콩밥(75),유부쑥갓맑은국,뿌리채소맛탕,얼갈이무침,배추김치
율무밥(75),팽이장국,애호박건새우볶음,S당근스틱,S사과(35g),율무밥(75),동태살무국,차돌볶음,진미채초무침,배추김치,S크로와상,S고구마쉐이크,율무밥(75),가지냉국,닭채볶음,얼갈이무침,배추김치
잡곡밥(75),늙은호박국,애호박건새우볶음,S멜론(50g),S참외(100g),잡곡밥(75),닭고기채소찌개,매콤오징어볶음,실곤약채소무침,단배추물김치,S냉콩국+소면,S고구마쉐이크,잡곡밥(75),모듬어묵국,햄오믈렛,얼갈이무침,깻잎김치
쌀밥(75),도토리묵냉국,맛살볶음,S복숭아(천도)-80g,S사과(35g),쌀밥(75),닭고기채소찌개,두부채소전,얼갈이무침,배추김치,S(우유제외)로제스파게티,S떠먹는요구르트(100ml),쌀밥(75),우동국물,닭다리살굴소스볶음,감자당근채볶음,배추김치
옥수수밥(75),모듬버섯찌개,애호박양파볶음,S키위(50g),S복숭아(80g),옥수수밥(75),늙은호박국,두부채소전,실곤약채소무침,배추김치,S크림소스스파게티,S오미자아이스크림,옥수수밥(75),유부쑥갓맑은국,닭채볶음,감자당근채볶음,깻잎김치
밤밥(75),도토리묵냉국,가지양념무침,S복숭아(천도)-60g,S사과(50g),밤밥(75),찹쌀옹심이국,소고기청경채볶음,실곤약채소무침,배추김치,S크로와상샌드위치,S보리차,밤밥(75),실파장국,차돌양배추볶음,얼갈이무침,배추김치
차조밥(75),팽이장국,애호박건새우볶음,S토마토(200g),S사과(35g),차조밥(75),소고기국,볼어묵조림,아욱된장무침,깻잎김치,S아몬드사과도넛,S둥글레차,차조밥(75),매생이떡국,차돌양배추볶음,도라지나물(간장),얼갈이배추김치
찹쌀보리밥(75),감자된장국,애호박건새우볶음,S복숭아(80g),S복숭아(천도)-80g,찹쌀보리밥(75),아욱토장국,(저염)갈치조림,느타리버섯채소볶음,배추김치,S크림소스스파게티,S오미자아이스크림,찹쌀보리밥(75),늙은호박국,닭다리살굴소스볶음,도라지나물(간장),단배추물김치
완두콩밥(75),동태살무국,애호박건새우볶음,S멜론(50g),S참외(100g),완두콩밥(75),오징어숙주국,참치어묵조림,감자당근채볶음,오이소박이김치,S냉콩국+소면,S오미자아이스크림,완두콩밥(75),유부쑥갓맑은국,떡갈비간장조림,콘샐러드,배추김치
팥밥(75),늙은호박국,애호박건새우볶음,S복숭아(천도)-80g,S키위(50g),팥밥(75),팽이장국,볼어묵채소조림,요거트과일샐러드,나박김치,S크림소스스파게티,S오미자아이스크림,팥밥(75),대구지리,미역귀튀각,얼갈이무침,깻잎김치
팥밥(75),북어김치국,고구마우유조림,S멜론(50g),S키위(50g),팥밥(75),두부맑은국,해물우동숙주볶음,땅콩우엉조림,배추김치,S단호박샐러드,S보리차,팥밥(75),차돌박이된장국,모듬버섯탕수,감자당근채볶음,배추김치
찹쌀밥(75),두부젓국찌개,진미채초무침,S자두(50g),S사과(35g),찹쌀밥(75),어묵국수,소고기청경채볶음,얼갈이배추겉절이,열무김치,S크림소스스파게티,S(우유제외)수제블루베리우유,찹쌀밥(75),오징어찌개,주꾸미채소볶음,실곤약채소무침,배추김치
현미밥(75),북어김치국,애호박건새우볶음,S복숭아(80g),S복숭아(천도)-80g,현미밥(75),다슬기아욱국,두부채소전,맛살볶음,배추김치,S냉콩국+소면,S보리차,현미밥(75),쑥갓어묵국,떡갈비간장조림,단호박견과류샐러드,배추김치
보리밥(75),유부쑥갓맑은국,진미채초무침,S복숭아(천도)-60g,S멜론(50g),보리밥(75),늙은호박국,소고기잡채,고구마우유조림,배추김치,S크림소스스파게티,S(우유제외)수제딸기두유,보리밥(75),실파장국,매콤오징어볶음,단호박견과류샐러드,배추김치
율무밥(75),쑥갓어묵국,맛살볶음,S사과(35g),S키위(50g),율무밥(75),다슬기아욱국,떡갈비간장조림,단호박샐러드,오이소박이김치,S냉콩국+소면,S오미자아이스크림,율무밥(75),동태살무국,매콤오징어볶음,건취나물간장볶음,배추김치
팥밥(75),감자된장국,오징어볶음,S참외(100g),S사과(50g),팥밥(75),미니새우튀김우동,아욱나물무침,콩나물잡채,배추김치,S크림소스스파게티,S보리차,팥밥(75),늙은호박국,조랭이떡소불고기,새우살호박볶음,나박김치
밤콩밥(75),모듬어묵국,크래미채소볶음,S키위(50g),S복숭아(천도)-60g,밤콩밥(75),모듬버섯찌개,떡갈비간장조림,감자당근채볶음,배추김치,S매실젤리,S둥글레차,밤콩밥(75),유부쑥갓맑은국,해물우동숙주볶음,단호박견과류샐러드,배추김치
흑미밥(75),감자된장국,얼갈이무침,S청포도(100g),S참외(50g),흑미밥(75),늙은호박국,오리훈제구이,콘샐러드,배추김치,S찐고구마(80g),S오미자아이스크림,흑미밥(75),쑥갓어묵국,안매운김치전,단호박견과류샐러드,배추김치
차조밥(75),팽이버섯맑은국,크래미채소볶음,S당근스틱,S참외(50g),차조밥(75),두부젓국찌개,유산슬,명엽채볶음,배추김치,S찐고구마,S떠먹는요구르트(100ml),차조밥(75),애호박두부젓국찌개,달걀치즈말이,참외샐러드,배추김치
차조밥(75),두부맑은국,찐단호박,S청포도(100g),S파인애플(50g),차조밥(75),실파장국,오리훈제구이,땅콩우엉조림,배추김치,S치즈스틱,S떠먹는요구르트(100ml),차조밥(75),북어김치국,어묵감자조림,땅콩조림,배추김치
율무밥(75),청국장국,크래미채소볶음,S키위(50g),S복숭아(천도)-60g,율무밥(75),늙은호박국,떡갈비간장조림,새우살호박볶음,배추김치,S삶은고구마,S오미자아이스크림,율무밥(75),모듬어묵국,채소맛살전,콩나물김무침,배추김치
흑미밥(75),팽이장국,크래미채소볶음,S멜론(50g),S사과(35g),흑미밥(75),닭고기채소찌개,감자그라탕,실곤약채소무침,열무김치,S크림소스스파게티,S미숫가루,흑미밥(75),김치유부맑은국,볼어묵조림,단호박견과류샐러드,배추김치
잡곡밥(75),미소된장국,오징어볶음,S과일화채,S오렌지(50g),잡곡밥(75),미니유부우동,토마토카프레제,콘샐러드,단무지,S(우유제외)알리오올리오스파게티,S보리차,잡곡밥(75),홍합살미역국,닭가슴살버터구이,요거트과일샐러드,열무김치
찹쌀밥(75),늙은호박국,오징어볶음,S복숭아(천도)-80g,S키위(50g),찹쌀밥(75),모듬어묵국,떡갈비간장조림,실곤약채소무침,배추김치,S냉콩국+소면,S두유(150ml),찹쌀밥(75),오징어찌개,닭채볶음,단호박견과류샐러드,배추김치
밤찹쌀팥밥(75),실파장국,크래미채소볶음,S멜론(50g),S키위(50g),밤찹쌀팥밥(75),바지락살맑은국,매콤낙지채소볶음,새우살호박볶음,단배추물김치,S매실젤리,S오미자아이스크림,밤찹쌀팥밥(75),찹쌀옹심이국,닭채볶음,단호박견과류샐러드,배추김치
율무밥(75),늙은호박국,크래미채소볶음,S복숭아(천도)-80g,S참외(100g),율무밥(75),유부쑥갓맑은국,온두부+양념장,애호박볶음,배추김치,S크림떡볶이,S두유(150ml),율무밥(75),아욱장국,떡갈비간장조림,마카로니채소샐러드(토마토소스),오이소박이김치
흑미밥(75),오징어숙주국,얼갈이무침,S사과(35g),S멜론(50g),흑미밥(75),홍합무국,오징어청경채볶음,요거트과일샐러드,배추김치,S크림소스스파게티,S보리차,흑미밥(75),두부젓국찌개,소고기청경채볶음,단호박견과류샐러드,배추김치
완두콩밥(75),유부쑥갓맑은국,진미채초무침,S배(50g),S멜론(75g),완두콩밥(75),닭고기채소찌개,볼어묵채소조림,아욱나물무침,배추김치,S애플파이,S(우유제외)수제블루베리우유,완두콩밥(75),늙은호박국,소고기청경채볶음,실곤약채소무침,배추김치
잡곡밥(75),애호박맑은국,뱅어포볶음,S키위(50g),S복숭아(80g),잡곡밥(75),(소고기제외)당면양배추국,소고기찹쌀구이,바나나사과키위샐러드,배추김치,S쑥채소전,S오미자아이스크림,잡곡밥(75),무채양파국,채소맛살전,땅콩우엉조림,배추김치
잡곡밥(75),새우살애호박국,크래미채소볶음,S복숭아(천도)-80g,S참외(100g),잡곡밥(75),모듬어묵국,소고기찹쌀구이,맛살볶음,배추김치,S크림소스스파게티,S보리차,잡곡밥(75),오징어찌개,닭채볶음,단호박견과류샐러드,배추김치
찹쌀팥밥(75),두부젓국찌개,실곤약채소무침,S멜론(50g),S사과(35g),찹쌀팥밥(75),늙은호박국,매콤오징어볶음,실곤약채소무침,배추김치,S(우유제외)새우크림소스볶음,S바나나쉐이크,찹쌀팥밥(75),유부쑥갓맑은국,닭가슴살채소말이조림,단호박견과류샐러드,배추김치
검정콩밥(75),단호박수제비국,진미채초무침,S참외(100g),S파인애플(50g),검정콩밥(75),모듬어묵국,명란달걀찜,맛살볶음,단배추물김치,S치즈,S떠먹는요구르트(100ml),검정콩밥(75),미니유부우동,오징어청경채볶음,땅콩우엉조림,갓김치
율무밥(75),늙은호박국,진미채초무침,S복숭아(60g),S복숭아(천도)-60g,율무밥(75),모듬어묵국,돼지고기청경채볶음,얼갈이무침,배추김치,S크림소스스파게티,S오미자아이스크림,율무밥(75),(소고기제외)당면양배추국,채소튀김(감자),애호박건새우볶음,배추김치
차조밥(75),실파장국,크래미채소볶음,S참외(100g),S멜론(50g),차조밥(75),오징어찌개,떡갈비피망조림,얼갈이무침,단배추물김치,S냉콩국+소면,S둥글레차,차조밥(75),도토리묵냉국,매콤오징어볶음,맛살볶음,깻잎김치
찹쌀현미밥(75),모듬버섯찌개,상추오이무침,S사과(35g),S블루베리(50g),찹쌀현미밥(75),유부쑥갓맑은국,옥수수채소튀김,매쉬드포테이토,비트초절이,S크림소스스파게티,S오미자아이스크림,찹쌀현미밥(75),버섯개장,뿌리채소맛탕,파래무채무침,배추김치
쌀밥(75),다슬기아욱국,얼갈이나물,S블루베리(50g),S사과(35g),쌀밥(75),애호박두부젓국찌개,해물우동숙주볶음,감자당근채볶음,나박김치,S크림소스스파게티,S보리차,쌀밥(75),북어김치국,조랭이떡소불고기,새우살호박볶음,배추김치
보리밥(75),모듬버섯찌개,크래미채소볶음,S사과(50g),S멜론(50g),보리밥(75),도토리묵냉국,칠리새우,애호박조림,배추김치,S찐고구마,S오미자아이스크림,보리밥(75),유부쑥갓맑은국,(저염)갈치조림,봄동부추겉절이,배추김치
감자밥(75),모듬버섯찌개,건새우애호박볶음,S블루베리(50g),S사과(35g),감자밥(75),어묵국수,소고기잡채,단호박견과류샐러드,배추김치,S크림소스스파게티,S보리차,감자밥(75),대구지리,수제비샐러드,참치양파볶음,배추김치
기장밥(75),실파장국,건취나물간장볶음,S과일화채,S복숭아(천도)-60g,기장밥(75),늙은호박국,돼지고기청경채볶음,참치양파볶음,비트초절이,S크림소스스파게티,S둥글레차,소고기가지덮밥,쑥갓어묵국,채소크로켓,숙주당근나물,단배추물김치
흑미밥(75),만두국,당근스틱,S복숭아(천도)-80g,S사과(35g),흑미밥(75),순한백짬뽕국,닭가슴살고구마볶음,맛살볶음,나박김치,S냉콩국+소면,S보리차,알리오올리오스파게티,애호박두부젓국찌개,소고기파채볶음,상추오이무침,배추김치
참치주먹밥,팽이장국,더덕사과무침,S복숭아(80g),S멜론(50g),수수밥(75),실파장국,두부채소전,매쉬드포테이토,얼갈이배추김치,S크림소스스파게티,S고구마쉐이크,수수밥(75),오징어찌개,채소맛살전,애호박볶음,열무물김치
잡곡밥(75),우동국물,맛살볶음,S복숭아(80g),S멜론(50g),잡곡밥(75),매콤애호박국,깻잎감자전,건새우애호박볶음,나박김치,S크림떡볶이,S오미자아이스크림,잡곡밥(75),찹쌀옹심이국,닭가슴살고구마볶음,돌나물오이무침,비트초절이
해물우동볶음,동태살무국,건취나물간장볶음,S복숭아(80g),S멜론(50g),고구마밥(75),호박감자수제비국,레몬소스탕수육,진미채초무침,배추김치,S냉콩국+소면,S고구마쉐이크,고구마밥(75),팽이장국,볼어묵채소조림,오이쌈장무침,단배추물김치
찹쌀밥(75),미니새우튀김우동,미역초무침,S포도(100g),S블루베리바나나쉐이크,소고기가지덮밥,모듬버섯찌개,닭살연근조림,매쉬드포테이토,비트초절이,S크림소스스파게티,S보리차,찹쌀밥(75),늙은호박국,오리훈제구이,시금치나물,나박김치
알리오올리오스파게티,유부된장국,아욱나물무침,S오이스틱,S배(100g),옥수수밥(75),애탕국,삼치데리야끼소스튀김,김무침,동치미,S크로와상,S매실차,옥수수밥(75),멸치장국,매콤오징어볶음,치커리부추무침,깍두기
검정콩밥(75),동태살무국,감자당근채볶음,S멜론(50g),S사과(35g),검정콩밥(75),실파장국,주꾸미떡볶음,양배추콘샐러드,나박김치,S크림소스스파게티,S보리차,오징어채소덮밥,유부쑥갓맑은국,닭가슴살고구마볶음,마카로니채소샐러드(토마토소스),배추김치
밤콩밥(75),감자된장국,얼갈이무침,S사과(50g),S참외(100g),밤콩밥(75),늙은호박국,볼어묵채소조림,건취나물간장볶음,깻잎김치,S맘모스빵,S오미자아이스크림,밤콩밥(75),냉콩나물국,두부채소전,애호박볶음,비트초절이
수수밥(75),순한육개장,도라지나물(간장),S멜론(50g),S복숭아(천도)-80g,소고기하이라이스,호박감자수제비국,가지구이,단호박구이,배추김치,S크림소스스파게티,S보리차,수수밥(75),아욱장국,떡갈비간장조림,뱅어포구이,오이소박이김치
유부우동,팽이장국,실곤약채소무침,S사과(35g),S블루베리(50g),밤콩밥(75),실파장국,닭살굴소스볶음,김구이,열무김치,S꼬마김밥(달걀제외),S고구마쉐이크,밤콩밥(75),차돌박이된장찌개,닭가슴살채소말이조림,새우살호박볶음,비트초절이
현미밥(75),늙은호박국,건취나물간장볶음,S멜론(50g),S참외(100g),현미밥(75),쑥갓어묵국,돼지고기청경채볶음,고구마줄기볶음,단배추물김치,S크림소스스파게티,S보리차,소고기상추비빔밥,도토리묵냉국,두부채소전,애호박새우젓볶음,깻잎김치
차조밥(75),동태살무국,건새우애호박볶음,S당근스틱,S사과(35g),차조밥(75),실파장국,감자그라탕,진미채채소무침,열무물김치,S크로와상,S고구마쉐이크,차조밥(75),오징어찌개,숙주나물,애호박볶음,나박김치
새우크림스파게티,미니새우튀김우동,파래무채무침,S복숭아(천도)-80g,S사과(35g),율무밥(75),두부맑은국,매콤주꾸미볶음,애호박새우젓볶음,비트초절이,S크림소스스파게티,S보리차,율무밥(75),늙은호박국,닭채볶음,숙주당근나물,단배추물김치
밤찹쌀팥밥(75),새우젓국찌개,건새우애호박볶음,S멜론(50g),S복숭아(천도)-80g,밤찹쌀팥밥(75),청국장국,감자그라탕,맛살볶음,나박김치,S맘모스빵,S바나나쉐이크,오징어덮밥,모듬버섯찌개,닭다리살굴소스볶음,콘샐러드,깻잎김치
채소비빔밥,매콤오징어국,미니새송이버섯볶음,S참외(50g),S바나나(50g),수수밥(75),쑥갓맑은국,훈제오리냉채,곤드레나물볶음,열무물김치,S(우유제외)로제스파게티,S수제블루베리바나나우유,수수밥(75),단호박수제비국,매콤오징어볶음,새우살달걀찜,깍두기
검정콩밥(75),유부김치국,브로콜리양배추찜,S멜론(50g),S오렌지(50g),검정콩밥(75),버섯부추국,가지구이,콘샐러드,단무지,S유부초밥,S고구마쉐이크,두부굴소스볶음밥,단호박맑은국,닭주물럭,표고버섯당근볶음,파김치
소고기가지덮밥,모듬버섯찌개,동초무침,S복숭아(천도)-80g,S사과(35g),현미밥(75),실파장국,떡갈비간장조림,도라지배무침,나박김치,S크림소스스파게티,S둥글레차,현미밥(75),늙은호박국,채소옥수수튀김,매쉬드포테이토,단배추물김치
찹쌀현미밥(75),건새우맑은국,(고춧가루제외)도토리묵무침,S복숭아(황도)-80g,S사과(35g),찹쌀현미밥(75),호박감자수제비국,삼치단호박조림,콘샐러드,석박지,S찐감자,S고구마쉐이크,채소주먹밥,(저염)닭곰탕,너비아니구이,표고버섯당근볶음,배추김치
고구마밥(75),모듬버섯찌개,김구이+양념장,S당근스틱,S복숭아(천도)-80g,새우크림스파게티,실파장국,닭가슴살고구마볶음,매쉬드포테이토,오이소박이김치,S크림소스스파게티,S보리차,고구마밥(75),늙은호박국,뿌리채소맛탕,건새우애호박볶음,비트초절이
소고기가지덮밥,동태살무국,소고기우엉조림,S블루베리(50g),S복숭아(80g),고구마밥(75),호박감자수제비국,매콤오징어볶음,미역초무침,배추김치,S크림빵,S검은깨두유(200ml),고구마밥(75),팽이장국,닭가슴살채소말이조림,감자샐러드,깻잎김치
흑미밥(75),맑은가쓰오부시장국,건새우애호박볶음,S멜론(50g),S사과(35g),흑미밥(75),유부쑥갓맑은국,채소전,요거트과일샐러드,깍두기,S크림소스스파게티,S보리차,삼색소보로덮밥,아욱장국,소떡소떡,숙주당근나물,비트초절이
검정콩밥(75),청국장국,땅콩우엉조림,S토마토(200g),S바나나쉐이크,검정콩밥(75),실파장국,매콤오징어볶음,진미채초무침,나박김치,S크림빵,S바나나쉐이크,깍두기치즈볶음밥,늙은호박국,칠리새우,양배추콘샐러드,배추김치
소고기유부초밥,(소고기제외)당면양배추국,콩나물무침,S자두(50g),S사과(35g),찰현미밥(75),다시마감자국,뿌리채소맛탕,치커리겉절이,깻잎김치,S쑥떡(40g),S오미자아이스크림,찰현미밥(75),양배추맑은국,코다리조림,(저염)연근조림,비트초절이
소고기하이라이스,새우젓국찌개,매쉬드포테이토,S토마토(200g),S바나나쉐이크,찹쌀현미밥(75),실파장국,두부채소전,건새우애호박볶음,나박김치,S크림떡볶이,S보리차,찹쌀현미밥(75),늙은호박국,소고기단호박볶음,가지양념무침,단배추물김치
고구마밥(75),미니새우튀김우동,콘샐러드,S사과(50g),S멜론(50g),참치주먹밥,애호박새우젓국,떡갈비간장조림,애호박볶음,깻잎김치,S크림소스스파게티,S바나나쉐이크,고구마밥(75),청국장국,토마토카프레제,땅콩우엉조림,비트초절이
쌀밥(75),팽이장국,요거트과일샐러드,S사과(35g),S블루베리(50g),새우크림스파게티,호박감자수제비국,(저염)갈치조림,상추오이무침,배추김치,S토마토스파게티,S보리차,쌀밥(75),유부쑥갓맑은국,뿌리채소맛탕,무미역생채,나박김치
보리밥(75),실파장국,연근흑임자샐러드,S사과(50g),S멜론(50g),보리밥(75),냉콩나물국,닭살고구마조림,얼갈이무침,단배추물김치,S쑥떡(40g),S두유(150ml),보리밥(75),쑥갓어묵국,너비아니채소볶음,양배추콘샐러드,깻잎김치
오징어덮밥,도토리묵냉국,상추오이무침,S멜론(75g),S사과(35g),보리밥(75),우동국물,안매운김치전,참치양파볶음,비트초절이,S크림소스스파게티,S오미자아이스크림,보리밥(75),늙은호박국,닭가슴살고구마볶음,파래무채무침,오이소박이김치
흑미밥(75),애탕국,새싹채소샐러드(오리엔탈드레싱),S아몬드,S사과(75g),닭살카레볶음밥,감자호박국,소고기당면볶음,양배추샐러드,깻잎김치,S우동,S떠먹는요구르트(100ml),흑미밥(75),다시마양파국,뿌리채소맛탕,맛살볶음,단배추물김치
옥수수밥(75),늙은호박국,콘샐러드,S사과(35g),S멜론(50g),옥수수밥(75),청국장국,두부잡채,콩나물김무침,나박김치,S쿠키,S오미자아이스크림,옥수수밥(75),모듬버섯찌개,감자그라탕,건취나물간장볶음,총각김치
찹쌀밥(75),팽이장국,동초무침,S복숭아(천도)-80g,S사과(35g),오징어채소덮밥,호박감자수제비국,소고기청경채볶음,상추오이무침,파김치,S크림소스스파게티,S보리차,찹쌀밥(75),매콤육개장,오징어청경채볶음,가지무침,배추김치
감자밥(75),맑은가쓰오부시장국,건새우애호박볶음,S사과(35g),S멜론(50g),소고기하이라이스,우동국물,후르츠탕수육,실곤약채소무침,나박김치,S크로와상,S고구마쉐이크,감자밥(75),두부젓국찌개,(저염)갈치조림,찐단호박,비트초절이
검정콩밥(75),단호박새우젓국,상추오이무침,S블루베리(50g),S사과(50g),오징어덮밥,만두국,소고기청경채볶음,브로콜리새우깨무침,깍두기,S크림소스스파게티,S보리차,검정콩밥(75),묵국,카레닭가슴살볶음,김구이+달래양념장,배추김치
베이컨채소볶음밥,모듬버섯찌개,건취나물간장볶음,S배(50g),S사과(35g),율무밥(75),늙은호박국,옥수수채소튀김,건새우애호박볶음,비트초절이,S맘모스빵,S오미자아이스크림,율무밥(75),냉콩나물국,볼어묵채소조림,얼갈이무침,깻잎김치
찹쌀팥밥(75),애호박새우젓국찌개,양상추샐러드(발사믹드레싱),S토마토(200g),S바나나쉐이크,찹쌀팥밥(75),미니새우튀김우동,소고기잡채,맛살양파볶음,단배추물김치,S절편(40g),S보리차,깍두기볶음밥,아욱토장국,소고기전,명엽채고추장조림,파김치
기장밥(75),팽이장국,건취나물간장볶음,S멜론(50g),S사과(35g),기장밥(75),버섯부추국,감자그라탕,애호박볶음,비트초절이,S단호박죽,S검은깨두유(200ml),우동,실파장국,비엔나도라지볶음,얼갈이무침,깻잎김치
새우크림스파게티,모듬버섯찌개,숙주당근나물,S토마토(200g),S바나나쉐이크,보리밥(75),늙은호박국,돼지고기청경채볶음,참치양파볶음,나박김치,S토마토스파게티,S보리차,보리밥(75),가지냉국,칠리새우,매쉬드포테이토,단배추물김치
찹쌀팥밥(75),두부된장찌개,(우유제외)고구마두유조림,S멜론(50g),S사과(35g),찹쌀팥밥(75),우동국물,두부채소전,김구이,깻잎김치,S크림소스스파게티,S고구마쉐이크,참나물유부초밥,실파장국,매콤오징어볶음,사과미나리무침,배추김치
찹쌀현미밥(75),쑥갓어묵국,파래무채무침,S토마토(200g),S바나나쉐이크,찹쌀현미밥(75),도토리묵냉국,뿌리채소맛탕,애호박양파볶음,오이소박이김치,S떡볶이,S보리차,새우크림스파게티,팽이장국,소고기당면불고기,무사과무침,나박김치
찹쌀보리밥(75),늙은호박국,옥수수버터구이,S포도(100g),S블루베리바나나쉐이크,찹쌀보리밥(75),유부쑥갓맑은국,오리채소볶음,양배추콘샐러드,비트초절이,S크림소스스파게티,S둥글레차,찹쌀보리밥(75),대구지리,두부채소전,애호박볶음,깻잎김치
팥밥(75),감자호박국,머위나물,S멜론(50g),S사과(100g),우엉채소볶음밥,맑은가쓰오부시장국,닭채소조림,곤드레나물볶음,열무물김치,S우동,S바나나쉐이크,팥밥(75),미역참치국,(우유제외)감자그라탕,땅콩조림,열무김치
밤밥(75),맑은동태찌개,아욱나물무침,S토마토(200g),S바나나쉐이크,밤밥(75),늙은호박국,닭살연근조림,맛살볶음,오이소박이김치,S크로와상,S보리차,밤밥(75),새우살애호박국,채소맛살전,마카로니채소샐러드(토마토소스),비트초절이
밤찹쌀팥밥(75),팽이장국,콘샐러드,S사과(50g),S멜론(50g),밤찹쌀팥밥(75),모듬버섯찌개,뿌리채소맛탕,동초무침,깻잎김치,S크림소스스파게티,S수정과,소고기가지덮밥,유부쑥갓맑은국,삼치무조림,참나물토마토샐러드,나박김치
흑미밥(75),버섯무국,치커리겉절이,S사과(35g),S참외(50g),닭살하이라이스,애호박두부젓국찌개,감자그라탕,무생채,비트초절이,S우동,S오미자아이스크림,흑미밥(75),무채양파국,갈치카레튀김,브로콜리초고추장무침,배추김치
밤찹쌀팥밥(75),두부젓국찌개,참치양파볶음,S사과(50g),S멜론(50g),밤찹쌀팥밥(75),소고기떡국,돼지고기청경채볶음,피망잡채,파김치,S크림소스스파게티,S보리차,오징어덮밥,늙은호박국,닭채볶음,요거트과일샐러드,단배추물김치
소고기유부초밥,실파장국,콘샐러드,S토마토(200g),S바나나쉐이크,감자밥(75),유부쑥갓맑은국,소고기잡채,잔파느타리버섯강회,나박김치,S크림빵,S바나나쉐이크,감자밥(75),팽이장국,깻잎감자전,참나물토마토샐러드,열무물김치
찹쌀현미밥(75),오징어찌개,맛살볶음,S포도(100g),S블루베리바나나쉐이크,찹쌀현미밥(75),두부된장찌개,떡갈비간장조림,고춧잎나물,비트초절이,S크림소스스파게티,S검은콩두유(100ml),찹쌀현미밥(75),늙은호박국,닭살연근조림,숙주당근나물,단배추물김치
팥밥(75),감자된장국,참나물볶음,S바나나사과키위샐러드(마요네즈),S멜론(50g),팥밥(75),미니어묵우동,가지구이,당근스틱,열무물김치,S으깬견과류고구마샐러드(요거트),S보리차,새우크림스파게티,북어달걀국,삼치무조림,우엉간장조림,파김치
흑미밥(75),우동국물,(우유제외)고구마두유조림,S토마토(200g),S블루베리(50g),채소볶음밥,실파장국,매콤오징어볶음,참나물무침,열무김치,S크림소스스파게티,S고구마쉐이크,흑미밥(75),늙은호박국,소고기케첩볶음,건새우애호박볶음,비트초절이
보리밥(75),청국장국,찐고구마,S곶감,S견과류,보리밥(75),어린이부대찌개,돼지고기청경채볶음,표고버섯간장볶음,단배추물김치,S치즈,S오미자아이스크림,보리밥(75),호박고지들깨탕,가지구이,건취나물간장볶음,깻잎김치
검정콩밥(75),감자호박국,오이쌈장무침,S멜론(50g),S사과(100g),검정콩밥(75),묵국,두부데리야끼구이,쑥갓나물무침,깍두기,S우동,S떠먹는요구르트(100ml),채소유부초밥,닭고기채소찌개,두부함박스테이크,(저염·저당)우엉조림,열무김치
새우크림스파게티,동태살무국,상추오이무침,S사과(35g),S블루베리(50g),밤콩밥(75),호박감자수제비국,오징어청경채볶음,진미채초무침,비트초절이,S애플파이,S보리차,밤콩밥(75),우동국물,뿌리채소맛탕,깻잎순나물볶음,배추김치
보리밥(75),물만두국(가공만두),땅콩우엉조림,S사과(50g),S멜론(50g),소고기가지덮밥,실파장국,옥수수채소튀김,건취나물간장볶음,깻잎김치,S크림소스스파게티,S미숫가루,보리밥(75),늙은호박국,감자그라탕,맛살볶음,단배추물김치
현미밥(75),당근황태국,크래미채소볶음,S참외(50g),S푸실리샐러드,닭살카레감자밥+양념장,매생이두부국,어묵당근볶음,버섯부추볶음,단무지,S으깬견과류고구마샐러드(요거트),S떠먹는요구르트(100ml),현미밥(75),감자호박국,닭다리살피망볶음,모듬버섯나물,동치미
오징어채소덮밥,팽이장국,땅콩우엉조림,S사과(35g),S복숭아(80g),찹쌀현미밥(75),호박감자수제비국,닭가슴살고구마볶음,애호박새우젓볶음,나박김치,S냉콩국+소면,S오미자아이스크림,찹쌀현미밥(75),유부쑥갓맑은국,햄구이,숙주당근나물,비트초절이
새우크림스파게티,동태살쑥갓국,오이치커리무침,S사과(50g),S멜론(75g),잡곡밥(75),늙은호박국,칠리새우,애호박볶음,파김치,S매실젤리,S보리차,잡곡밥(75),오징어숙주국,매콤낙지채소볶음,감자당근채볶음,오이소박이김치
장조림버터비빔밥,애호박새우젓국,(우유제외)고구마두유조림,S멜론(50g),S참외(100g),현미밥(75),실파장국,두부채소전,건취나물간장볶음,단배추물김치,S냉콩국+소면,S바나나쉐이크,현미밥(75),오징어찌개,매콤오징어볶음,마카로니채소샐러드(토마토소스),비트초절이
두부굴소스볶음밥,두부된장찌개,마카로니오이샐러드,S사과(50g),S블루베리(50g),찰현미밥(75),차돌박이된장국,대구양념찜,맛살볶음,백김치,S채소찐빵,S식혜,찰현미밥(75),애호박된장국,두부톳무침,찐단호박,배추김치
찹쌀보리밥(75),늙은호박국,미역초무침,S당근스틱,S멜론(50g),찹쌀보리밥(75),유부쑥갓맑은국,춘천닭갈비,(우유제외)고구마두유조림,나박김치,S크림소스스파게티,S둥글레차,소고기가지덮밥,팽이장국,닭가슴살채소말이조림,매쉬드포테이토,비트초절이
삼색소보로덮밥,닭살양파국,곶감감자볶음,S복숭아(황도)-80g,S사과(35g),완두콩밥(75),새우젓국찌개,토마토카프레제,치즈감자조림,단배추물김치,S도너츠,S두유(150ml),완두콩밥(75),청국장국,닭피망볶음,봄동부추겉절이,깻잎김치
밤찹쌀팥밥(75),실파장국,건취나물간장볶음,S사과(50g),S멜론(75g),밤찹쌀팥밥(75),늙은호박국,돼지고기청경채볶음,매쉬드포테이토,나박김치,S토마토스파게티,S오미자아이스크림,밤찹쌀팥밥(75),쑥갓어묵국,모듬버섯탕수,동초무침,비트초절이
소고기하이라이스,미니새우튀김우동,아욱나물무침,S토마토(200g),S바나나쉐이크,옥수수밥(75),새우젓국찌개,오리훈제구이,땅콩우엉조림,오이소박이김치,S크림소스스파게티,S둥글레차,옥수수밥(75),유부쑥갓맑은국,수제비샐러드,상추오이무침,배추김치
팥밥(75),우동국물,마카로니채소샐러드(토마토소스),S블루베리(50g),S멜론(50g),새우크림스파게티,두부젓국찌개,소고기청경채볶음,사과미나리무침,나박김치,S쿠키,S보리차,팥밥(75),다슬기아욱국,뿌리채소맛탕,진미채초무침,비트초절이
검정콩밥(75),도토리묵냉국,고구마줄기볶음,S포도(100g),S토마토(200g),검정콩밥(75),늙은호박국,볼어묵채소조림,얼갈이배추겉절이,오이소박이김치,S새우크림소스볶음,S수정과,검정콩밥(75),버섯개장,닭고구마조림,실곤약채소무침,배추김치
팥밥(75),가지냉국,느타리버섯김무침,S사과(50g),S멜론(75g),팥밥(75),모듬버섯찌개,채소옥수수튀김,고구마범벅,단배추물김치,S크림소스스파게티,S오미자아이스크림,팥밥(75),실파장국,감자그라탕,건새우애호박볶음,깻잎김치
팥밥(75),찹쌀옹심이국,매쉬드포테이토,S포도(100g),S토마토(200g),소고기가지덮밥,청국장국,떡갈비간장조림,상추쌈,나박김치,S새우크림소스볶음,S둥글레차,팥밥(75),쑥갓어묵국,뿌리채소맛탕,참치양파볶음,비트초절이
찹쌀보리밥(75),팽이장국,곤드레나물볶음,S멜론(50g),S배(50g),찹쌀보리밥(75),감자된장국,온두부+양념장,동초무침,깻잎김치,S크림소스스파게티,S오미자아이스크림,찹쌀보리밥(75),모듬버섯찌개,치즈닭갈비,건취나물간장볶음,열무물김치
율무밥(75),가지냉국,땅콩우엉무침,S청포도(100g),S복숭아(천도)-80g,율무밥(75),"만두국(달걀제외,가공만두)",소면채소무침,치커리무침,비트초절이,S치즈스틱,S보리차,소고기가지덮밥,실파장국,두부채소전,땅콩우엉조림,나박김치
참치주먹밥,맑은가쓰오부시장국,애호박볶음,S복숭아(80g),S과일화채,밤콩밥(75),오이냉국,불고기떡볶음,양상추요거트샐러드,배추김치,S(우유제외)알리오올리오스파게티,S고구마쉐이크,밤콩밥(75),우동국물,볼어묵채소조림,찐감자,열무물김치
밤밥(75),오징어국,찐고구마,S참외(50g),S사과(50g),밤밥(75),쑥갓된장국,궁중떡볶음,새송이버섯나물,나박김치,S(우유제외)로제스파게티,S오미자아이스크림,밤밥(75),매콤콩나물국,감자그라탕,고구마줄기볶음,비트초절이
밤찹쌀팥밥(75),늙은호박국,매쉬드포테이토,S멜론(50g),S복숭아(천도)-60g,참나물유부초밥,호박감자수제비국,달걀채소볶음,맛살볶음,오이소박이김치,S크림소스스파게티,S보리차,밤찹쌀팥밥(75),팽이장국,닭살연근조림,애호박볶음,파김치
율무밥(75),미니유부우동,파래무채무침,S토마토(200g),S사과(35g),간장비빔국수,두부애호박국,무나물볶음,새우살호박볶음,백김치,S단팥도너츠,S오미자아이스크림,율무밥(75),매콤콩나물국,콘달걀찜,새싹채소샐러드(오리엔탈드레싱),열무김치
소고기무밥+양념장,모듬버섯찌개,김치볶음,S사과(50g),S곶감,차조밥(75),실파장국,삼치무조림,매쉬드포테이토,비트초절이,S크림소스스파게티,S검은콩두유(100ml),차조밥(75),늙은호박국,닭채소조림,동초무침,깻잎김치
소고기굴소스덮밥,쑥갓어묵국,아욱나물무침,S사과(35g),S복숭아(천도)-80g,옥수수밥(75),새우젓국찌개,칠리새우,요거트과일샐러드,단배추물김치,S크로와상,S보리차,옥수수밥(75),애호박새우젓국,떡갈비간장조림,양상추요거트샐러드,나박김치
소불고기덮밥(안심),우동국물,동초무침,S멜론(50g),S자두(50g),차조밥(75),실파장국,삼치무조림,실곤약간장채소무침,열무김치,S맘모스빵,S코코아,차조밥(75),만두국,메추리알샐러드,실곤약채소무침,콜라비나박김치
잡곡밥(75),대구지리,가지양념무침,S당근스틱,S바나나사과키위샐러드(마요네즈),잡곡밥(75),새우젓국찌개,오징어초무침,매쉬드포테이토,비트초절이,S크림소스스파게티,S보리차,해물수제비,맑은김치어묵국,(저염)갈치조림,건새우애호박볶음,나박김치
소고기가지덮밥,건새우맑은국,당근스틱,S복숭아(황도)-80g,S사과(35g),흑미밥(75),유부된장국,게살스크램블에그,맛살볶음,열무물김치,S크림빵,S과일연두부스무디,흑미밥(75),유부쑥갓맑은국,삼치무조림,새우살호박볶음,배추김치
잡곡밥(75),두부맑은국,동초무침,S복숭아(천도)-60g,S참외(100g),잡곡밥(75),늙은호박국,동태살전,애호박볶음,오이소박이김치,S크림소스스파게티,S검은깨두유(200ml),잡곡밥(75),오징어찌개,조랭이떡소불고기,감자당근채볶음,나박김치
잡곡밥(75),호박감자수제비국,맛살볶음,S복숭아(천도)-80g,S사과(35g),크림소스스파게티,유부쑥갓맑은국,오징어볶음,상추오이무침,열무물김치,S냉콩국+소면,S보리차,잡곡밥(75),팽이장국,(우유제외)햄오믈렛,진미채초무침,배추김치
참치깻잎덮밥,감자호박국,맛살양파볶음,S멜론(50g),S사과(100g),쌀밥(75),애호박새우젓국,삼치무간장조림,연근마요무침,깻잎김치,S우동,S떠먹는요구르트(100ml),쌀밥(75),미니유부우동,달걀채소볶음,브로콜리무침,단배추물김치
기장밥(75),멸치장국,매쉬드포테이토,S사과(50g),S참외(100g),소고기가지덮밥,모듬어묵탕,채소크로켓,김구이+달래양념장,나박김치,S크림소스스파게티,S보리차,기장밥(75),늙은호박국,모듬버섯탕수,토마토치커리무침,비트초절이
찹쌀현미밥(75),동태살무국,애호박볶음,S자두(50g),S사과(35g),찹쌀현미밥(75),호박감자수제비국,닭채볶음,아욱나물무침,열무물김치,S크로와상,S(우유제외)수제블루베리우유,게살볶음밥,팽이장국,미역귀튀각,맛살볶음,배추김치
밤밥(75),쑥갓어묵국,사과미나리무침,S수박화채,S복숭아(천도)-60g,밤밥(75),늙은호박국,옥수수채소튀김,파래무채무침,오이소박이김치,S크림소스스파게티,S보리차,소고기굴소스덮밥,유부쑥갓맑은국,삼치무조림,땅콩우엉조림,비트초절이
잡곡밥(75),버섯무국,땅콩우엉무침,S복숭아(황도)-60g,S참외(50g),햄김치볶음밥,양배추맑은국,오징어튀김,당근스틱,열무김치,S(우유제외)로제스파게티,S고구마쉐이크,잡곡밥(75),무채양파국,해물완자전,청경채볶음,배추김치
밤콩밥(75),실파장국,얼갈이배추겉절이,S복숭아(천도)-80g,S사과(35g),밤콩밥(75),도토리묵냉국,채소크로켓,토마토치커리무침,비트초절이,S크림소스스파게티,S보리차,밤콩밥(75),닭고기채소찌개,닭다리살굴소스볶음,맛살볶음,단배추물김치
차조밥(75),팽이장국,과일땅콩샐러드,S멜론(50g),S자두(50g),차조밥(75),두부된장찌개,미역귀튀각,가지무침,배추김치,S맘모스빵,S오미자아이스크림,차조밥(75),맑은가쓰오부시장국,닭가슴살채소말이조림,얼갈이무침,깻잎김치
주꾸미미나리볶음밥,닭살양파국,맛살볶음,S푸실리샐러드,S복숭아(황도)-80g,찹쌀밥(75),두부전골,삼겹살구이,찐단호박,비트초절이,S찐감자,S보리차,찹쌀밥(75),건새우맑은국,피망어묵볶음,호두마늘종볶음,얼갈이배추김치
완두콩짜장밥,두부젓국찌개,건취나물간장볶음,S포도(100g),S토마토(200g),고구마밥(75),실파장국,떡갈비간장조림,가지양념무침,나박김치,S크림소스스파게티,S오미자아이스크림,고구마밥(75),늙은호박국,뿌리채소맛탕,동초무침,단배추물김치
새우크림스파게티,무채국,콩나물김무침,S참외(50g),S멜론(75g),흑미밥(75),애호박두부젓국,레몬소스탕수육,실곤약간장채소무침,열무물김치,S절편(40g),S보리차,흑미밥(75),오징어찌개,콩나물쫄면,얼갈이나물,배추김치
소고기가지덮밥,모듬버섯찌개,동초무침,S멜론(50g),S사과(50g),고구마밥(75),늙은호박국,쫄면채소무침,콘샐러드,비트초절이,S약과,S수정과,고구마밥(75),대구지리,온두부+양념장,고구마줄기볶음,깻잎김치
율무밥(75),실파달걀국,참치애호박볶음,S사과(75g),S자두(50g),해물볶음밥,순한고추장찌개,닭살연근조림,콩나물잡채,깍두기,S백설기,S오미자아이스크림,율무밥(75),두부장국,옥수수치즈전,표고버섯나물,배추김치
새우크림스파게티,오징어찌개,애호박볶음,S멜론(50g),S참외(100g),율무밥(75),수제비아욱국,매콤오징어볶음,건취나물간장볶음,오이소박이김치,S채소주먹밥,S둥글레차,율무밥(75),늙은호박국,뿌리채소맛탕,맛살볶음,열무물김치
밤밥(75),미니새우튀김우동,도라지배무침,S포도(100g),S토마토(200g),크림소스스파게티,찹쌀옹심이국,떡갈비간장조림,매콤콩나물무침,비트초절이,S크림떡볶이,S매실쥬스,밤밥(75),두부맑은국,(저당)닭갈비,토마토치커리무침,단배추물김치
소고기가지덮밥,다슬기아욱국,맛살볶음,S멜론(50g),S사과(35g),찹쌀밥(75),실파장국,삼치무조림,동초무침,오이소박이김치,S크로와상,S보리차,찹쌀밥(75),호박감자수제비국,닭살연근조림,건취나물간장볶음,나박김치
찹쌀보리밥(75),가지냉국,건새우애호박볶음,S포도(100g),S토마토(200g),찹쌀보리밥(75),맑은장국,(우유제외)감자그라탕,얼갈이무침,깻잎김치,S크림소스스파게티,S오미자아이스크림,찹쌀보리밥(75),모듬버섯찌개,옥수수채소튀김,매쉬드포테이토,총각김치
김치치즈볶음밥,순한백짬뽕국,가지양념찜,S포도(100g),S토마토(200g),흑미밥(75),미니새우튀김우동,떡갈비간장조림,맛살볶음,단배추물김치,S단호박찜,S매실쥬스,흑미밥(75),실파장국,조랭이떡소불고기,애호박볶음,비트초절이
납작김밥,감자호박국,땅콩조림,S귤(50g),S사과(100g),율무밥(75),순한고추장찌개,단호박전,곤드레나물볶음,열무김치,S우동,S떠먹는요구르트(100ml),율무밥(75),맑은배추국,오리훈제구이,콘샐러드,오이소박이김치
찹쌀보리밥(75),두부맑은국,건취나물간장볶음,S멜론(50g),S사과(35g),찹쌀보리밥(75),실파장국,뿌리채소맛탕,김구이+양념장,비트초절이,S닭고기주먹밥,S보리차,새우크림스파게티,도토리묵냉국,삼치무조림,얼갈이무침,단배추물김치
보리밥(75),유부쑥갓맑은국,파래무채무침,S복숭아(천도)-80g,S수박화채,보리밥(75),버섯개장,볼어묵채소조림,땅콩우엉조림,나박김치,S크림소스스파게티,S둥글레차,보리밥(75),팽이장국,두부채소전,해초볶음,배추김치
잡곡밥(75),건새우된장국,가지나물무침,S사과(35g),S복숭아(80g),잡곡밥(75),미니우동,차돌양배추볶음,매쉬드포테이토,비트초절이,S냉콩국+소면,S보리차,소고기채소볶음밥,늙은호박국,안매운김치전,애호박볶음,열무물김치
수수밥(75),동태살무국,콘샐러드,S사과(50g),S블루베리(50g),참치주먹밥,유부쑥갓맑은국,매콤오징어볶음,과일샐러드(요거트드레싱),나박김치,S크림소스스파게티,S고구마쉐이크,수수밥(75),팽이장국,오리훈제구이,진미채채소무침,배추김치
오징어덮밥,북어달걀국,상추오이무침,S멜론(50g),S사과(35g),찹쌀팥밥(75),건새우시금치국,뿌리채소맛탕,배추나물,열무물김치,S매실젤리,S오미자아이스크림,찹쌀팥밥(75),우동국물,삼치무조림,얼갈이무침,오이소박이김치
잡곡밥(75),미니우동,요거트과일샐러드,S복숭아(80g),S블루베리고구마샐러드,해물우동볶음,늙은호박국,닭가슴살고구마볶음,애호박볶음,나박김치,S새우크림소스볶음,S둥글레차,잡곡밥(75),오징어찌개,제육짜장볶음,당근고구마볶음,비트초절이
새우크림스파게티,닭고기채소찌개,과일샐러드(요거트드레싱),S참외(50g),S멜론(50g),차조밥(75),감자된장국,어묵감자조림,매쉬드포테이토,콜라비나박김치,S토마토스파게티,S보리차,차조밥(75),실파장국,뿌리채소맛탕,땅콩우엉조림,배추김치
율무밥(75),팽이장국,가지무침,S복숭아(천도)-60g,S사과(100g),율무밥(75),두부젓국찌개,참치어묵조림,잔파느타리버섯강회,나박김치,S크림소스스파게티,S오미자아이스크림,치즈채소볶음밥,유부쑥갓맑은국,병어조림,참나물토마토샐러드,비트초절이
수수밥(75),단호박맑은국,애호박건새우볶음,S복숭아(천도)-80g,S토마토(200g),깻잎볶음밥,우동국물,동태전,매쉬드포테이토,배추김치,S단팥빵,S보리차,수수밥(75),만두국,(우유제외)감자그라탕,명엽채아몬드볶음,열무물김치
찹쌀팥밥(75),유부쑥갓맑은국,곤드레나물볶음,S사과(75g),S자두(50g),찹쌀팥밥(75),다시마양파국,갈치감자조림,찐단호박,오이피클,S크림소스스파게티,S레몬주스,소고기가지덮밥,다시마새우젓국,제육짜장볶음,맛살볶음,열무김치
찹쌀보리밥(75),오징어찌개,아욱나물무침,S사과(35g),S멜론(50g),오징어덮밥,두부젓국찌개,(저당)닭갈비,매쉬드포테이토,비트초절이,S토마토스파게티,S보리차,찹쌀보리밥(75),늙은호박국,떡갈비간장조림,땅콩우엉조림,단배추물김치
차조밥(75),당근황태국,유채나물무침,S아몬드,S사과(50g),차조밥(75),미니우동,돼지고기청경채볶음,가지나물무침,나박김치,S크림소스스파게티,S코코아,차조밥(75),미소된장국,햄참치채소전,가지양념무침,얼갈이배추김치
밤콩밥(75),아욱토장국,땅콩우엉무침,S사과(35g),S멜론(50g),밤콩밥(75),실파장국,궁중떡볶음,매쉬드포테이토,오이소박이김치,S찐감자,S오미자아이스크림,밤콩밥(75),늙은호박국,닭살연근조림,땅콩우엉조림,비트초절이
크림소스스파게티,감자된장국,고구마줄기볶음,S사과(50g),S복숭아(천도)-80g,수수밥(75),맑은장국,뿌리채소맛탕,애호박건새우볶음,나박김치,S크림떡볶이,S두유(150ml),수수밥(75),가지냉국,오색묵무침,찐단호박,단배추물김치
쌀밥(75),매생이국,새송이버섯나물,S사과(35g),S멜론(50g),오징어김치볶음밥,소고기양배추국,채소맛살전,멸치꽈리볶음,배추김치,S찐고구마,S오미자아이스크림,쌀밥(75),다슬기된장국,두부조림,참나물무침,깍두기
새우크림스파게티,(소고기제외)당면양배추국,상추오이무침,S복숭아(천도)-80g,S멜론(50g),밤콩밥(75),팽이장국,모듬버섯탕수,매쉬드포테이토,콜라비나박김치,스크램블에그,S보리차,밤콩밥(75),실파장국,어묵감자조림,감자당근채볶음,나박김치
감자수제비,청국장국,건취나물간장볶음,S멜론(50g),S사과(50g),기장밥(75),늙은호박국,떡갈비간장조림,애호박볶음,비트초절이,S냉콩국+소면,S복숭아호두스무디,기장밥(75),오징어찌개,감자소고기조림,두부냉채,깻잎김치
검정콩밥(75),맑은장국,마카로니채소샐러드(토마토소스),S복숭아(천도)-80g,S멜론(50g),소고기가지덮밥,아욱토장국,두부채소전,매쉬드포테이토,단배추물김치,S유부초밥,S보리차,검정콩밥(75),실파장국,오리훈제구이,맛살볶음,오이소박이김치
현미밥(75),동태살무국,애호박볶음,S멜론(50g),S사과(35g),현미밥(75),호박감자수제비국,깻잎감자전,고구마줄기볶음,비트초절이,S크림소스스파게티,S오미자아이스크림,현미밥(75),팽이장국,칠리새우,얼갈이무침,배추김치
밤밥(75),차돌순두부백탕,마늘쫑감자조림,S청포도(100g),S참외(100g),소고기유부초밥,다시마양파국,소고기청경채볶음,새싹채소샐러드(오리엔탈드레싱),단배추물김치,S(우유제외)아몬드사과도넛,S레몬주스,밤밥(75),당근황태국,삼치데리야끼소스튀김,참나물유자청무침,깻잎김치
밤콩밥(75),완자탕,참치양파볶음,S복숭아(천도)-80g,S멜론(50g),밤콩밥(75),아욱토장국,어묵감자조림,숙주당근나물,나박김치,S냉콩국+소면,S보리차,소고기가지덮밥,늙은호박국,차돌숙주볶음,건취나물간장볶음,비트초절이
현미밥(75),맑은김치어묵국,고구마줄기볶음,S멜론(50g),S사과(35g),현미밥(75),다시마양파국,감자그라탕,숙주나물볶음,깻잎김치,S고구마샐러드(마요네즈),S수제블루베리바나나우유,닭살카레라이스,당근황태국,햄알감자버터구이,표고버섯간장볶음,배추김치
오징어덮밥,감자된장국,애호박볶음,S멜론(75g),S사과(50g),찹쌀팥밥(75),청국장국,떡갈비간장조림,건취나물간장볶음,비트초절이,S크림소스스파게티,S오미자아이스크림,찹쌀팥밥(75),새우살애호박국,매콤오징어볶음,맛살볶음,단배추물김치
완두콩밥(75),온도토리묵국,모듬버섯볶음,S사과(35g),S멜론(50g),완두콩밥(75),대구지리,두부채소전,미역무침,배추김치,S맘모스빵,S수정과,채소볶음밥,두부젓국찌개,볼어묵채소조림,감자버터구이,동치미
새우크림스파게티,미니우동,요거트과일샐러드,S복숭아(80g),S블루베리(50g),밤콩밥(75),애호박두부젓국,뿌리채소맛탕,매쉬드포테이토,열무물김치,S크림소스스파게티,S보리차,밤콩밥(75),감자된장국,깻잎감자전,파래무채무침,나박김치
옥수수밥(75),팽이장국,과일샐러드(요거트드레싱),S멜론(50g),S사과(35g),참나물유부초밥,실파장국,멸치땅콩볶음,진미채채소무침,열무김치,S단호박견과류찜,S수제딸기우유,옥수수밥(75),늙은호박국,치즈등심돈까스,감자당근채볶음,비트초절이
소고기가지덮밥,우동국물,두부냉채,S당근스틱,S복숭아(천도)-80g,잡곡밥(75),유부쑥갓맑은국,돼지고기굴소스볶음,애호박볶음,오이소박이김치,S크림소스스파게티,S보리차,잡곡밥(75),쑥갓어묵국,뿌리채소맛탕,상추오이무침,나박김치
밤찹쌀팥밥(75),실파장국,파래무채무침,S멜론(50g),S사과(35g),새우크림스파게티,늙은호박국,삼치무조림,곤드레나물볶음,열무물김치,S애플파이,S고구마쉐이크,밤찹쌀팥밥(75),오징어찌개,닭가슴살고구마볶음,콩나물김무침,비트초절이
쌀밥(75),모듬버섯찌개,애호박건새우볶음,S복숭아(천도)-80g,S멜론(50g),쌀밥(75),맑은양배추국,깻잎감자전,얼갈이무침,깻잎김치,S크림소스스파게티,S둥글레차,쌀밥(75),설렁탕+소면,소고기청경채볶음,단호박견과류찜,총각김치
옥수수밥(75),두부된장찌개,매쉬드포테이토,S멜론(75g),S사과(35g),옥수수밥(75),늙은호박국,뿌리채소맛탕,도라지배무침,비트초절이,스크램블에그,S보리차,새우크림스파게티,오징어찌개,닭채볶음,참치양파볶음,단배추물김치
율무밥(75),실파장국,가지무침,S복숭아(천도)-60g,S당근스틱,율무밥(75),버섯개장,소면채소무침,도라지배무침,나박김치,S냉콩국+소면,S(우유제외)수제딸기두유,참나물유부초밥,팽이장국,쫄면채소무침,땅콩우엉조림,배추김치
완두콩밥(75),늙은호박국,상추오이무침,S사과(35g),S복숭아(80g),완두콩밥(75),만두국,오리훈제구이,두부냉채,비트초절이,S크림소스스파게티,S오미자아이스크림,완두콩밥(75),우동국물,소고기청경채볶음,오이달래무침,콜라비나박김치
잡곡밥(75),새우젓국찌개,매쉬드포테이토,S사과(50g),S멜론(50g),오징어채소덮밥,애호박새우젓국찌개,양파어묵전,감자당근채볶음,나박김치,S애플파이,S둥글레차,잡곡밥(75),차돌얼갈이국,매콤낙지채소볶음,건새우애호박볶음,단배추물김치
청포묵비빔밥,달걀떡국,고구마줄기볶음,S복숭아(천도)-80g,S멜론(50g),찹쌀보리밥(75),감자다시마국,닭가슴살버터구이,북어채조림,총각김치,S크림소스스파게티,S보리차,찹쌀보리밥(75),아욱토장국,채소크로켓,애호박건새우볶음,비트초절이
닭칼국수,맑은장국,맛살볶음,S복숭아(천도)-80g,S멜론(50g),팥밥(75),아욱토장국,다시마튀각,건새우애호박볶음,비트초절이,S(우유제외)알리오올리오스파게티,S보리차,팥밥(75),순한육개장,(저당)닭갈비,매쉬드포테이토,파김치
주꾸미부추볶음밥,북어무국,피망잡채,S복숭아(황도)-80g,S멜론(50g),옥수수밥(75),바지락살맑은국,가자미구이,호두마늘종볶음,단배추물김치,S찐감자,S오미자아이스크림,옥수수밥(75),건새우맑은국,삼치간장조림,곶감감자볶음,깻잎김치
고구마밥(75),동태살무국,상추오이무침,S사과(35g),S복숭아(80g),새우크림스파게티,어묵국수,수제비샐러드,파래무채무침,비트초절이,S크림소스스파게티,S보리차,고구마밥(75),오징어찌개,닭가슴살고구마볶음,콩나물잡채,배추김치
팥밥(75),애호박두부젓국찌개,실곤약채소무침,S사과(50g),S블루베리(50g),팥밥(75),건새우시금치국,볼어묵채소조림,얼갈이배추겉절이,열무김치,S맘모스빵,S오미자아이스크림,팥밥(75),실파장국,두부채소전,애호박볶음,콜라비나박김치
차조밥(75),팽이장국,두부냉채,S복숭아(황도)-60g,S사과(35g),차조밥(75),우동국물,매콤오징어볶음,잔파느타리버섯강회,백김치,S크림소스스파게티,S고구마쉐이크,참치주먹밥,(소고기제외)당면양배추국,치즈닭갈비,새우살호박볶음,비트초절이
완두콩밥(75),감자된장국,요거트과일샐러드,S사과(50g),S멜론(50g),완두콩밥(75),늙은호박국,모듬버섯탕수,파래무채무침,오이소박이김치,S크림떡볶이,S오미자아이스크림,완두콩밥(75),유부쑥갓맑은국,수제비샐러드,상추오이무침,나박김치
밤콩밥(75),실파장국,도토리묵무침,S복숭아(천도)-80g,S멜론(50g),밤콩밥(75),아욱장국,채소튀김(감자),콩나물김무침,비트초절이,S크림소스스파게티,S보리차,소고기가지덮밥,팽이장국,칠리새우,매쉬드포테이토,배추김치
밤밥(75),미니새우튀김우동,브로콜리무침,S사과(75g),S자두(50g),해물우동볶음,청국장국,삼겹살구이,봄동부추겉절이,깻잎김치,S맘모스빵,S떠먹는요구르트(100ml),밤밥(75),늙은호박국,닭다리살굴소스볶음,애호박볶음,단배추물김치
팥밥(75),두부맑은국,숙주당근나물,S복숭아(천도)-80g,S멜론(50g),팥밥(75),모듬버섯찌개,칠리새우,매쉬드포테이토,파김치,S크림소스스파게티,S보리차,소고기가지덮밥,실파장국,오리훈제구이,두부냉채,비트초절이
새우크림스파게티,늙은호박국,파래무채무침,S사과(35g),S멜론(50g),팥밥(75),오징어찌개,깻잎감자전,콩나물김무침,나박김치,S맘모스빵,S둥글레차,팥밥(75),애호박두부젓국,닭다리살굴소스볶음,실곤약간장채소무침,열무물김치
해물우동볶음,청국장국,숙주당근나물,S과일화채,S복숭아(천도)-80g,찹쌀팥밥(75),모듬버섯찌개,떡갈비간장조림,콘샐러드,비트초절이,S크림소스스파게티,S보리차,찹쌀팥밥(75),매생이수제비국,매콤오징어볶음,매쉬드포테이토,단배추물김치
잡곡밥(75),팽이장국,실곤약채소무침,S멜론(50g),S사과(35g),잡곡밥(75),만두국,두부채소전,파래무채무침,열무김치,S매실젤리,S둥글레차,새우크림스파게티,애호박두부젓국찌개,삼겹살구이,상추오이무침,배추김치
소고기가지덮밥,두부젓국찌개,아욱나물무침,S사과(50g),S참외(50g),완두콩밥(75),동태살무국,매콤낙지채소볶음,마카로니채소샐러드(토마토소스),나박김치,S크림소스스파게티,S보리차,완두콩밥(75),유부쑥갓맑은국,닭감자조림,콘샐러드,비트초절이
찹쌀보리밥(75),팽이장국,매쉬드포테이토,S블루베리(50g),S자두(50g),찹쌀보리밥(75),우동국물,닭가슴살고구마볶음,맛살볶음,열무김치,S닭백숙,S고구마쉐이크,오징어덮밥,실파장국,햄참치채소전,실곤약채소무침,배추김치
찹쌀현미밥(75),청국장국,고구마줄기볶음,S멜론(50g),S사과(35g),찹쌀현미밥(75),호박고지들깨탕,감자그라탕,요거트과일샐러드,단배추물김치,S크림소스스파게티,S둥글레차,소고기가지덮밥,새우젓국찌개,떡갈비간장조림,참치양파볶음,깻잎김치
율무밥(75),아욱토장국,애호박볶음,S멜론(50g),S사과(35g),율무밥(75),늙은호박국,햄구이,건취나물간장볶음,나박김치,S찐고구마,S오미자아이스크림,율무밥(75),미니새우튀김우동,두부톳무침,맛살볶음,비트초절이
차조밥(75),닭고기채소찌개,두부냉채,S복숭아(천도)-80g,S멜론(50g),차조밥(75),두부맑은국,해물우동숙주볶음,요거트과일샐러드,총각김치,S크림소스스파게티,S보리차,차조밥(75),실파장국,주꾸미떡볶음,매쉬드포테이토,단배추물김치
차조밥(75),미니새우튀김우동,진미채초무침,S사과(35g),S멜론(50g),새우크림스파게티,청국장국,(우유제외)감자그라탕,참나물토마토샐러드,깻잎김치,S냉콩국+소면,S둥글레차,차조밥(75),늙은호박국,매콤오징어볶음,애호박볶음,비트초절이
