1,2,3,4,5,6,7,8,9,10,11,12,13,14,15,16,17
B으깬견과류고구마샐러드(요거트),B바나나쉐이크,B복숭아(황도)-60g,S멜론(100g),S사과(100g),완두콩밥(55),얼갈이배추국,라조기,건새우애호박볶음,비트초절이,S고로케,S보리차,완두콩밥(55),동태살무국,소고기당면볶음,검정콩호두조림,배추김치
B냉콩국+소면,B검은깨두유(100ml),B오이당근스틱,S과일샐러드(마요네즈),S사과(35g),찰현미밥(55),애호박새우젓국찌개,삼치레몬구이,맛살미역줄기볶음,오이소박이김치,S멸치주먹밥,S보리차,찰현미밥(55),호박감자수제비국,감자부추전,김구이+양념장,단배추물김치
B으깬견과류고구마샐러드(요거트),B고구마쉐이크,S사과(35g),S복숭아(천도)-60g,S키위(50g),현미밥(55),멸치장국,참치어묵조림,맛살양상추샐러드,비트초절이,S(우유제외)토마토스파게티,S두유(100ml),현미밥(55),동태살무국,가지구이,단호박견과류샐러드,배추김치
B소고기미역죽,B두유(100ml),B참외(50g),S(우유제외)수박화채,S키위(50g),차조밥(55),유부쑥갓맑은국,오징어채소볶음,양념가지찜,오이소박이김치,S으깬견과류고구마샐러드(요거트),S미숫가루,차조밥(55),동태살국,소고기당면불고기,건새우애호박볶음,얼갈이배추김치
B치즈죽,B고구마쉐이크,B복숭아(60g),S사과(35g),S멜론(50g),수수밥(55),동태살무국,고구마연근맛탕,맛살볶음,배추김치,S약과,S오미자아이스크림,수수밥(55),감자된장국,온두부찜,건새우애호박볶음,비트초절이
B소고기스프,B바나나쉐이크,B멜론(50g),S참외(50g),S블루베리고구마샐러드,밤콩밥(55),해물탕,오징어채소볶음,참치양파볶음,열무물김치,S(우유제외)토마토스파게티,S보리차,밤콩밥(55),콩가루얼갈이배추국,매콤오징어볶음,건취나물간장볶음,나박김치
B단호박떡케익,B(우유제외)두유미숫가루,B참외샐러드,S멜론(50g),S복숭아(천도)-80g,밤밥(55),가자미미역국,시금치두부전,얼갈이된장나물,비트초절이,S크림떡볶이,S둥글레차,밤밥(55),온청포묵국,감자부추전,건새우애호박볶음,오이소박이김치
B(우유제외)참깨두유스프,B고구마쉐이크,B블루베리고구마샐러드,S복숭아(천도)-60g,S사과(35g),쌀밥(40),해물탕,삼치무조림,애호박볶음,열무물김치,S단호박꿀찜,S보리차,쌀밥(40),떡국,고구마연근맛탕,해초볶음,나박김치
B개피떡(40g),B(우유제외)수제바나나두유,B멜론(50g),S복숭아(60g),S블루베리고구마샐러드,감자밥(63),두부새우젓국,햄구이,참치양파볶음,비트초절이,S으깬견과류고구마샐러드(요거트),S오미자아이스크림,감자밥(63),동태살국,매콤오징어볶음,얼갈이나물,석박지
B브로콜리죽,B(우유제외)바나나쉐이크,B참외(50g),S멜론(50g),S사과(35g),보리밥(55),감자미역국,옥수수채소전,애호박볶음,나박김치,S치즈케이크,S둥글레차,보리밥(55),차돌얼갈이국,등심탕수육+소스,애호박건새우볶음,단배추물김치
B핫케이크,B복숭아호두스무디,B오이당근스틱,S과일샐러드(마요네즈),S사과(35g),흑미밥(55),두부새우젓국,오징어숙회,애호박볶음,콜라비나박김치,S찐밤,S보리차,흑미밥(55),유부실파국,참치어묵조림,감자당근채볶음,오이소박이김치
B브로콜리크림스프,B고구마쉐이크,B복숭아(60g),S멜론(50g),S사과(35g),율무밥(63),미니우동,새우춘권튀김,과일샐러드(요거트드레싱),열무물김치,S단팥빵,S매실쥬스,율무밥(63),동태맑은국,라조기,진미채초무침,총각김치
B당근스프,B검은깨두유(200ml),B바나나(100g),S복숭아(황도)-60g,S사과(100g),완두콩밥(63),두부전골,피망어묵볶음,땅콩우엉무침,비트초절이,S케이크,S보리차,완두콩밥(55),달래맑은국,삼치무조림,(저염)감자조림,배추김치
B냉콩국+소면,B검은깨두유(100ml),B배(50g),S복숭아(천도)-60g,S블루베리(50g),찹쌀현미밥(63),홍합탕,오징어숙회,찐당근스틱,오이소박이김치,S맘모스빵,S매실쥬스,찹쌀현미밥(63),닭곰탕,채소옥수수튀김,과일땅콩샐러드,파김치
B으깬견과류고구마샐러드(요거트),B검은깨두유(100ml),B참외(50g),S복숭아(황도)-60g,S블루베리고구마샐러드,밤콩밥(55),호박감자수제비국,참치어묵조림,얼갈이나물,배추김치,S크림떡볶이,S보리차,밤콩밥(55),소고기양파국,떡갈비간장조림,오이미역초무침,얼갈이배추김치
B절편,B두유(100ml),B참외(100g),S복숭아(천도)-60g,S사과(35g),차조밥(55),유부쑥갓맑은국,새우살크림소스볶음,건새우애호박볶음,나박김치,S고로케,S오미자아이스크림,차조밥(55),동태살무국,삼치무조림,애호박볶음,오이소박이김치
B(우유제외)당근스프,B(우유제외)수제바나나두유,B참외(50g),S사과(35g),S멜론(100g),옥수수밥(63),얼갈이배추국,토마토치즈범벅,맛살양상추샐러드,열무물김치,S(우유제외)아몬드사과도넛,S보리차,옥수수밥(63),대구지리,고구마연근맛탕,해초볶음,비트초절이
B으깬견과류고구마샐러드(요거트),B고구마쉐이크,B귤(50g),S복숭아(천도)-60g,S오이당근스틱,완두콩밥(63),유부김치국,어묵감자조림,애호박건새우볶음,나박김치,S잣죽,S식혜,완두콩밥(63),닭살미역국,탕평채무침,새송이버섯조림,배추김치
B밤설기(40g),B호두우유,B참외(50g),S복숭아(황도)-60g,S키위(50g),감자밥(63),쑥국,삼겹살구이,땅콩우엉무침,석박지,S크림떡볶이,S쌀음료,감자밥(63),모듬버섯찌개,채소옥수수튀김,감자당근채볶음,깍두기
B옥수수버터구이,B요구르트,B참외(100g),S사과(35g),S멜론(50g),쌀밥(40),가자미미역국,소고기당면불고기,동초무침,나박김치,S멸치주먹밥,S복숭아호두스무디,쌀밥(63),애호박두부젓국찌개,소면채소무침,감자당근채볶음,비트초절이
B고구마청경채죽,B(우유제외)수제바나나두유,B참외(50g),S복숭아(황도)-60g,S멜론(100g),보리밥(55),다시마양파국,삼겹살구이,치커리무침,열무물김치,S호박죽,S코코아,보리밥(55),소고기양파국,라조기,유채나물된장무침,오이소박이김치
B찹쌀고구마죽,B복숭아호두스무디,B멜론(50g),S오이당근스틱,S사과(35g),보리밥(63),순한육개장,소면채소무침,얼갈이된장나물,배추김치,S멸치주먹밥,S보리차,보리밥(63),실파장국,어묵감자조림,(우유제외)옥수수버터구이,비트초절이
B단호박스프,B검은깨두유(200ml),B복숭아(60g),S멜론(100g),S포도(100g),옥수수밥(55),팽이장국,새우살크림소스볶음,곤약김치무침,나박김치,S가래떡구이,S(우유제외)고구마쉐이크,옥수수밥(55),양송이된장국,라조기,감자버터구이,콜라비나박김치
B으깬견과류고구마샐러드(요거트),B검은콩두유(100ml),B참외(50g),S사과(35g),S멜론(50g),차조밥(63),순한고추장찌개,참치김치볶음,동초무침,오이소박이김치,S증편,S떠먹는요구르트(100ml),차조밥(63),동태살무국,삼치무조림,과일샐러드(요거트드레싱),비트초절이
B가래떡구이,B수제바나나우유,B참외(50g),S멜론(50g),S키위(50g),찹쌀밥(40),호박감자수제비국,간장찜닭,진미채초무침,열무물김치,S(우유제외)수제멸치과자,S오미자아이스크림,찹쌀밥(40),유부쑥갓맑은국,고구마연근맛탕,사과미나리무침,배추김치
B맘모스빵,B검은깨두유(100ml),B귤(50g),S복숭아(천도)-60g,S오이당근스틱,찹쌀밥(40),버섯개장,동태포전,얼갈이무침,나박김치,S샌드위치,S둥글레차,찹쌀밥(63),찹쌀옹심이국,두부채소굴소스볶음,얼갈이된장나물,비트초절이
B양파치즈스프,B수제바나나우유,B푸실리샐러드,S멜론(100g),S복숭아(황도)-60g,쌀밥(55),오징어찌개,새우춘권튀김,진미채초무침,열무물김치,S(우유제외)토마토스파게티,S보리차,쌀밥(55),닭곰탕,무나물볶음,매콤숙주미나리무침,단배추물김치
B꿀떡,B두유(100ml),B참외(50g),S멜론(50g),S사과(35g),흑미밥(55),얼갈이배추국,물만두,과일샐러드(요거트드레싱),나박김치,S호박죽,S오미자아이스크림,흑미밥(55),유부쑥갓맑은국,채소옥수수튀김,호박채소볶음,배추김치
B파프리카감자크림스프,B복숭아호두스무디,B귤(50g),S멜론(50g),S포도(100g),잡곡밥(55),쑥갓어묵탕,소면채소무침,청경채사과무침,석박지,S절편,S보리차,잡곡밥(63),대구지리,탕평채무침,해초볶음,깍두기
B참치미역죽,B(우유제외)수제바나나두유,B당근스틱,S블루베리고구마샐러드,S멜론(100g),현미밥(55),팽이장국,새우깐풍기,애호박조림,열무김치,S치즈스틱,S요구르트,현미밥(55),애호박새우젓국,(저염)닭가슴살단호박조림,해초볶음,나박김치
B단팥도너츠,B고구마쉐이크,B블루베리고구마샐러드,S복숭아(60g),S멜론(100g),차조밥(55),차돌얼갈이국,양배추맛살나물,진미채초무침,단배추물김치,S크림떡볶이,S둥글레차,차조밥(55),대구지리,가지구이,애호박건새우볶음,비트초절이
B소고기미역죽,B복숭아호두스무디,B참외(50g),S사과(35g),S멜론(100g),팥밥(55),두부새우젓국,탕평채무침,얼갈이된장나물,열무물김치,S찐고구마,S보리차,팥밥(55),쑥국,삼치무조림,채소샐러드,동치미
B찐감자,B(우유제외)수제바나나두유,B멜론(50g),S사과(35g),S블루베리(50g),기장밥(63),차돌얼갈이국,두부톳무침,과일샐러드(요거트드레싱),단배추물김치,S슈크림빵,S오미자아이스크림,기장밥(55),쑥갓어묵탕,안매운김치전,진미채초무침,깻잎김치
B브로콜리크림스프,B고구마쉐이크,B참외(50g),S사과(35g),S복숭아(천도)-60g,찹쌀팥밥(63),유부쑥갓맑은국,칠리새우,옥수수버터구이,나박김치,S크림빵,S보리차,찹쌀팥밥(63),실파장국,소고기토마토볶음,건파래자반,비트초절이
B고구마스프,B요구르트,B블루베리고구마샐러드,S참외(50g),S멜론(50g),잡곡밥(63),동태살국,라조기,얼갈이나물,배추김치,S치즈케이크,S쌀음료,잡곡밥(63),해물탕,어묵감자조림,애호박건새우볶음,열무물김치
B두부,B고구마쉐이크,B청포도(100g),S사과(35g),S블루베리고구마샐러드,보리밥(63),얼갈이배추국,감자부추전,맛살양상추샐러드,나박김치,S크림떡볶이,S보리차,보리밥(63),유부쑥갓맑은국,맛살꼬지전,땅콩우엉무침,비트초절이
B치즈스틱,B(우유제외)수제바나나두유,B배(50g),S참외(50g),S(우유제외)과일화채,감자밥(63),실파달걀국,고구마연근맛탕,참치피망볶음,열무물김치,S(우유제외)토마토스파게티,S식혜,감자밥(63),닭곰탕,두부데리야끼소스구이,유채나물된장무침,콜라비나박김치
B으깬견과류고구마샐러드(요거트),B(우유제외)바나나쉐이크,B귤(50g),S멜론(50g),S복숭아(60g),밤콩밥(63),동태살무국,두부톳무침,사과미나리무침,비트초절이,S고로케,S오미자아이스크림,밤콩밥(63),쑥갓어묵탕,오리훈제구이,미역줄기채소볶음,배추김치
B참치미역죽,B고구마쉐이크,B사과(75g),S복숭아(황도)-80g,S멜론(100g),옥수수밥(55),콩나물북어국,매콤오징어볶음,요거트과일범벅,열무물김치,S개피떡(40g),S호두우유,옥수수밥(55),두부새우젓국,삼치무조림,참치양파볶음,나박김치
B감자죽,B복숭아호두스무디,B배(50g),S블루베리고구마샐러드,S멜론(100g),옥수수밥(63),동태살국,탕평채무침,건파래자반,비트초절이,S멸치주먹밥,S보리차,옥수수밥(63),실파장국,새우살크림소스볶음,과일샐러드(요거트드레싱),석박지
B참나물유부초밥,B요구르트,B사과(100g),S파인애플(50g),S(우유제외)과일화채,잡곡밥(55),표고버섯탕,삼겹살구이,건취나물볶음,열무물김치,S스크램블에그(버터),S떠먹는요구르트(100ml),잡곡밥(55),두부새우젓국,낙지채소볶음,단호박꿀찜,깍두기
B당근김죽,B우유(150ml),B블루베리(50g),S복숭아(황도)-80g,S포도(100g),흑미밥(63),숙주맑은국,소고기마늘종볶음,명엽채볶음,단배추물김치,S쌀과자,S토마토주스,흑미밥(63),소고기무국,두부톳무침,동초무침,비트초절이
B고구마스프,B복숭아호두스무디,B참외(50g),S사과(35g),S멜론(100g),흑미밥(55),실파장국,닭다리살콩가루부추찜,머윗대나물,나박김치,S크림떡볶이,S둥글레차,흑미밥(55),온도토리묵국,옥수수채소튀김,청경채사과무침,콜라비나박김치
B으깬견과류고구마샐러드(요거트),B(우유제외)수제바나나두유,B참외(50g),S복숭아(황도)-80g,S멜론(50g),현미밥(55),팽이장국,수제비샐러드,상추배생채,석박지,S쌀과자,S오미자아이스크림,현미밥(55),건새우시금치국,고구마연근맛탕,무사과무침,깍두기
B치즈,B(우유제외)바나나쉐이크,B참외(50g),S복숭아(황도)-80g,S블루베리고구마샐러드,옥수수밥(55),차돌얼갈이국,호박전,애호박건새우볶음,단배추물김치,S으깬견과류고구마샐러드(요거트),S둥글레차,옥수수밥(55),매콤소고기숙주국,고구마연근맛탕,찐당근스틱,열무물김치
B치즈죽,B고구마쉐이크,B참외(50g),S멜론(50g),S복숭아(천도)-80g,수수밥(55),동태살무국,삼치무조림,곤드레나물볶음,비트초절이,S단호박샐러드(마요네즈),S우유(100ml),수수밥(63),유부쑥갓맑은국,라조기,건새우애호박볶음,배추김치
B닭백숙,B수제바나나우유,B사과(35g),S복숭아(60g),S멜론(50g),흑미밥(55),떡국,으깬두부채소전,매쉬드포테이토,석박지,S슈크림빵,S둥글레차,흑미밥(63),콩가루얼갈이배추국,새우살채소볶음,호박고지나물,열무김치
B냉콩국+소면,B(우유제외)수제바나나두유,B복숭아(황도)-60g,S사과샐러드(마요네즈),S블루베리고구마샐러드,차조밥(55),버섯무국,어묵감자조림,오징어채무침,나박김치,S연두부,S레몬주스,차조밥(55),맑은미역국,소고기브로콜리조림,유채나물무침,비트초절이
B치즈죽,B두유(100ml),B사과(35g),S복숭아(80g),S사과(35g),잡곡밥(63),닭고기채소찌개,소고기토마토조림,매쉬드포테이토,석박지,S고로케,S토마토쉐이크,잡곡밥(63),팽이장국,새우살크림소스볶음,미역줄기채소볶음,깍두기
B단호박크림스프,B고구마쉐이크,B블루베리고구마샐러드,S사과(35g),S멜론(50g),찹쌀현미밥(55),차돌박이된장국,삼치무조림,호박고지나물,나박김치,S고구마경단,S둥글레차,찹쌀현미밥(55),동태살무국,소고기브로콜리조림,진미채초무침,비트초절이
B으깬견과류고구마샐러드(요거트),B요구르트,B블루베리고구마샐러드,S사과(35g),S멜론(50g),찹쌀현미밥(63),오징어숙주국,떡갈비간장조림,애호박볶음,파김치,S새우크림소스볶음,S코코아,찹쌀현미밥(55),닭살미역국,고구마연근맛탕,채소샐러드,오이소박이김치
B멸치주먹밥,B복숭아호두스무디,B사과(50g),S멜론(50g),S블루베리(50g),현미밥(55),두부곤약탕국,소면채소무침,애호박건새우볶음,배추김치,S카카오올리브케익,S보리차,현미밥(63),모듬버섯찌개,닭고기냉채,건취나물간장볶음,얼갈이배추김치
B연두부게살스프,B(우유제외)수제바나나두유,B복숭아(80g),S멜론(100g),S블루베리고구마샐러드,찹쌀현미밥(55),콩가루얼갈이배추국,소고기채소조림,실곤약간장채소무침,열무물김치,S밤설기(40g),S둥글레차,찹쌀현미밥(55),애호박두부젓국찌개,옥수수채소튀김,채소샐러드,나박김치
B소고기미역죽,B고구마쉐이크,B참외(50g),S멜론(50g),S사과(35g),보리밥(55),홍합탕,오리훈제구이,맛살양상추샐러드,비트초절이,S쿠키,S보리차,보리밥(55),동태살무국,게살마요무침,단호박찜,배추김치
B치즈,B(우유제외)바나나쉐이크,B복숭아(60g),S멜론(50g),S블루베리고구마샐러드,율무밥(63),애호박두부젓국찌개,소면채소무침,진미채초무침,나박김치,S(우유제외)토마토스파게티,S오미자아이스크림,율무밥(63),닭고기채소찌개,새우살채소볶음,매콤숙주미나리무침,석박지
B치즈스틱,B두유(100ml),B복숭아(80g),S멜론(100g),S블루베리고구마샐러드,찹쌀보리밥(63),팽이장국,칠리새우,상추오이무침,열무물김치,S크림떡볶이,S단호박식혜,찹쌀보리밥(63),실파장국,옥수수채소튀김,해초볶음,깍두기
B새우채소죽,B수제바나나우유,B참외(50g),S사과(35g),S멜론(50g),완두콩밥(63),미니우동,오징어불고기,무미역무침,단배추물김치,S단호박떡케익,S둥글레차,완두콩밥(55),동태맑은국,(저염)갈치조림,견과류고구마범벅,비트초절이
B파프리카유부초밥,B고구마쉐이크,B참외(50g),S멜론(50g),S사과(35g),차조밥(55),애호박두부젓국,옥수수채소튀김,과일샐러드(요거트드레싱),열무물김치,S단팥빵,S보리차,차조밥(55),차돌얼갈이국,소고기당면불고기,진미채초무침,갓김치
B치즈스틱,B두유(100ml),B복숭아(황도)-60g,S사과(35g),S멜론(100g),찹쌀팥밥(63),소고기배추국,고구마연근맛탕,감자채피망볶음,나박김치,S절편,S오미자아이스크림,찹쌀팥밥(63),단호박맑은국,오리훈제구이,땅콩연근조림,석박지
B파프리카감자크림스프,B(우유제외)수제블루베리우유,B멜론(50g),S참외(50g),S복숭아(천도)-80g,밤찹쌀팥밥(55),해물탕,새우살볶음,무미역생채,열무물김치,S닭가슴살채소죽,S둥글레차,밤찹쌀팥밥(55),찹쌀옹심이국,삼치무조림,진미채초무침,비트초절이
B쑥떡(40g),B우유(150ml),B사과(35g),S참외(50g),S멜론퓨레,보리밥(63),실파김국,새우살채소볶음,(우유제외)모듬과일샐러드(마요네즈),단배추물김치,S(우유제외)로제스파게티,S떠먹는요구르트(100ml),보리밥(63),순두부애호박국,차돌볶음,참치채소볶음,갓김치
B새우채소죽,B고구마쉐이크,B참외(50g),S멜론(50g),S복숭아(천도)-80g,흑미밥(55),홍합탕,으깬두부채소전,맛살볶음,비트초절이,S멸치주먹밥,S보리차,흑미밥(63),동태살무국,오징어완자(수제),건취나물간장볶음,배추김치
B(우유제외)소고기타락죽,B두유(100ml),B참외(50g),S멜론(50g),S복숭아(천도)-60g,찹쌀보리밥(55),달걀국,고구마연근맛탕,오이사과무침,나박김치,S영양주먹밥,S검은깨두유(100ml),찹쌀보리밥(55),얼갈이배추국,북어채소찜,과일샐러드(요거트드레싱),석박지
B브로콜리스프,B(우유제외)수제블루베리바나나우유,B바나나(100g),S수박(100g),S멜론(100g),밤콩밥(63),감자채맑은국,떡범벅,호박채소볶음,열무김치,S모닝빵,S검은깨두유(150ml),밤콩밥(63),소고기미역국,새우살채소깨무침,콩나물잡채,비트초절이
B으깬견과류고구마샐러드(요거트),B(우유제외)두유미숫가루,B사과(35g),S복숭아(60g),S멜론(100g),완두콩밥(55),동태살무국,가지구이,감자당근채볶음,파김치,S파프리카유부초밥,S코코아,완두콩밥(55),당근황태국,떡갈비간장조림,매쉬드포테이토,오이소박이김치
B소고기미역죽,B떠먹는요구르트(100ml),B참외(50g),S사과(35g),S멜론(50g),흑미밥(55),유부쑥갓맑은국,소고기떡찜,애호박볶음,배추김치,S(우유제외)토마토스파게티,S보리차,흑미밥(63),다슬기된장국,으깬두부채소전,채소샐러드,열무물김치
B가지죽,B두유(100ml),B복숭아(황도)-60g,S사과(35g),S멜론(100g),검정콩밥(63),쑥갓어묵탕,고구마연근맛탕,도라지나물(간장),나박김치,S크림떡볶이,S오미자아이스크림,검정콩밥(63),두부새우젓국,삼치무조림,애호박건새우볶음,석박지
B새우볶음밥,B바나나쉐이크,B블루베리고구마샐러드,S복숭아(천도)-60g,S멜론(100g),수수밥(55),동태살무국,새우깐풍기,매쉬드포테이토,단배추물김치,S단팥빵,S보리차,수수밥(55),오징어찌개,오리훈제구이,건취나물간장볶음,열무김치
B모닝빵,B두유(100ml),B사과(35g),S복숭아(천도)-60g,S과일화채,현미밥(55),오징어숙주국,으깬두부채소전,(우유제외)옥수수버터구이,나박김치,S멸치주먹밥,S둥글레차,현미밥(55),오징어찌개,새우살채소볶음,애호박볶음,배추김치
B당근스프,B요구르트,B참외(100g),S멜론(50g),S사과(35g),잡곡밥(55),닭고기채소찌개,고구마연근맛탕,해초볶음,열무물김치,S쿠키,S오미자차,잡곡밥(55),온도토리묵국,두부채소굴소스볶음,땅콩우엉무침,비트초절이
B크로와상,B고구마쉐이크,B복숭아(황도)-80g,S복숭아(60g),S복숭아(천도)-60g,찹쌀팥밥(55),얼갈이배추국,닭고기냉채,과일샐러드(요거트드레싱),배추김치,S고로케,S보리차,찹쌀팥밥(55),동태살무국,두부톳무침,도라지무침,나박김치
B으깬견과류고구마샐러드(요거트),B(우유제외)수제바나나두유,B멜론(50g),S블루베리고구마샐러드,S참외(50g),밤콩밥(55),콩가루얼갈이배추국,매콤오징어볶음,호박고지나물,석박지,S으깬견과류고구마샐러드(요거트),S오미자아이스크림,밤콩밥(55),해물탕,게살마요무침,진미채초무침,열무물김치
B단호박떡케익,B검은깨두유(100ml),B참외(50g),S멜론퓨레,S사과(35g),옥수수밥(55),얼갈이된장국,떡탕평채,버섯부추볶음,나박김치,S쿠키,S떠먹는요구르트(100ml),옥수수밥(55),소고기양배추국,닭가슴살가지볶음,(우유제외)모듬과일샐러드(마요네즈),배추김치
B으깬견과류고구마샐러드(요거트),B바나나쉐이크,B당근스틱,S복숭아(60g),S참외(50g),밤밥(55),매생이떡국,양배추낙지볶음,(우유제외)옥수수버터구이,오이소박이김치,S크림떡볶이,S둥글레차,밤밥(55),동태살무국,소고기잡채,(우유제외)고구마두유조림,비트초절이
B개피떡,B(우유제외)복숭아호두스무디,B자두(50g),S멜론(50g),S사과(35g),현미밥(55),소고기양파국,닭가슴살버섯볶음,동초무침,백김치,S증편(40g),S떠먹는요구르트(100ml),현미밥(55),연두부달걀탕,소고기잡채,(저염·저당)우엉조림,나박김치
B단호박떡케익,B우유(100ml),B멜론(50g),S토마토(200g),S포도(100g),쌀밥(40),실파달걀국,닭가슴살고구마볶음,땅콩우엉무침,열무물김치,S찹쌀도너츠,S(우유제외)고구마쉐이크,쌀밥(40),두부새우젓국,삼치데리야끼소스튀김,버섯채소볶음,비트초절이
B치즈머핀,B(우유제외)수제바나나두유,B당근스틱,S사과(50g),S복숭아(천도)-60g,옥수수밥(63),양파당면국,소고기채소조림,진미채초무침,나박김치,S크림떡볶이,S보리차,옥수수밥(63),차돌얼갈이국,채소크로켓,해초볶음,배추김치
B고구마스프,B토마토쉐이크,B참외(50g),S멜론(50g),S포도(100g),율무밥(63),다시마새우젓국,닭채소조림,무생채,비트초절이,S쌀과자,S떠먹는요구르트(100ml),율무밥(63),소고기양배추국,새우채소전,실치볶음,석박지
B단호박설기,B떠먹는요구르트(100ml),B배(50g),S참외(50g),S블루베리고구마샐러드,현미밥(55),두부새우젓국,떡갈비간장조림,애호박볶음,열무물김치,S크림떡볶이,S보리차,현미밥(55),팽이장국,삼겹살구이,얼갈이나물,나박김치
B마카로니채소샐러드,B(우유제외)복숭아호두스무디,B배(50g),S키위(50g),S수박화채,쌀밥(40),닭곰탕,고구마연근맛탕,마카로니채소샐러드(토마토소스),깍두기,S매실젤리,S코코아,쌀밥(40),동태살무국,매콤주꾸미볶음,매쉬드포테이토,석박지
B도너츠,B고구마쉐이크,B블루베리고구마샐러드,S사과(50g),S키위(50g),찹쌀보리밥(55),동태살국,오징어청경채볶음,가지무침,파김치,S슈크림빵,S요구르트,찹쌀보리밥(55),유부맑은국,훈제오리단호박찜,곤드레나물볶음,나박김치
B삶은고구마,B떠먹는요구르트(100ml),B참외(50g),S멜론(50g),S복숭아(천도)-80g,팥밥(55),유부쑥갓맑은국,삼겹살구이,김구이+양념장,배추김치,S단호박꿀찜,S검은깨두유(200ml),팥밥(55),우동국물,동태포전,채소샐러드,비트초절이
B브로콜리크림스프,B(우유제외)수제바나나두유,B복숭아(80g),S멜론(50g),S포도(100g),잡곡밥(55),호박고지들깨탕,오징어채소볶음,참치양파볶음,나박김치,S(우유제외)토마토스파게티,S코코아,잡곡밥(55),매콤애호박국,매콤오징어볶음,마카로니채소샐러드(토마토소스),석박지
B으깬견과류고구마샐러드(요거트),B고구마쉐이크,B당근스틱,S멜론(50g),S블루베리고구마샐러드,찹쌀밥(63),동태살무국,칠리새우,매쉬드포테이토,비트초절이,S크림떡볶이,S보리차,찹쌀밥(40),쑥갓어묵탕,오리훈제구이,애호박볶음,배추김치
B모닝빵+딸기잼,B수제바나나우유,B복숭아(60g),S멜론(100g),S키위(50g),쌀밥(40),매콤애호박국,닭가슴살부추무침,진미채초무침,단배추물김치,S(우유제외)토마토스파게티,S오미자아이스크림,쌀밥(40),떡국,소고기찹쌀구이,애호박건새우볶음,열무물김치
B버터감자구이,B고칼슘우유(100ml),B수박(100g),S(우유제외)과일화채,S복숭아(천도)-80g,고구마밥(63),(소고기제외)당면양배추국,미역귀튀각,표고버섯간장볶음,나박김치,S증편,S콩두유,고구마밥(63),대구지리,소고기찹쌀구이,새싹채소샐러드,석박지
B치즈죽,B두유(100ml),B복숭아(황도)-60g,S단감(50g),S사과(35g),잡곡밥(63),다슬기된장국,메추리알마요네즈샐러드,오이생채,비트초절이,S멸치주먹밥,S매실쥬스,잡곡밥(63),온청포묵국,단호박고구마샐러드,해초볶음,단배추물김치
B(우유제외)고구마스프,B토마토쉐이크,B사과(75g),S복숭아(황도)-80g,S멜론(100g),차조밥(55),소고기양배추국,볼어묵조림,건파래자반,열무물김치,S으깬견과류고구마샐러드(요거트),S검은깨두유(150ml),차조밥(55),다시마새우젓국,닭볶음탕,치커리겉절이,나박김치
B백설기(80g),B복숭아호두스무디,B사과(75g),S멜론(50g),S참외(50g),고구마밥(55),닭살당면국,오리훈제구이,얼갈이나물,비트초절이,S떡볶이,S오미자아이스크림,고구마밥(55),(소고기제외)당면양배추국,소고기잡채,오이미역초무침,배추김치
B증편,B과일연두부스무디,B오렌지(50g),S멜론(100g),S참외(50g),현미밥(55),유부대파국,북어채소찜,고춧잎된장무침,백김치,S으깬견과류고구마샐러드(요거트),S떠먹는요구르트(100ml),현미밥(55),당근황태국,소고기육전,치커리배무침,동치미
B(우유제외)단호박스프,B고구마쉐이크,B과일샐러드(요거트드레싱),S멜론(50g),S사과(35g),흑미밥(55),백짬뽕국,새우튀김,곤드레나물볶음,비트초절이,S(우유제외)알리오올리오스파게티,S보리차,흑미밥(55),호박감자수제비국,(저염)갈치조림,건취나물간장볶음,배추김치
B개피떡(40g),B고구마쉐이크,B사과(35g),S멜론(100g),S복숭아(80g),팥밥(55),얼갈이맑은국,칠리새우,매쉬드포테이토,열무물김치,S슈크림빵,S오미자아이스크림,팥밥(55),두부새우젓국,소고기잡채,마카로니채소샐러드(토마토소스),나박김치
B고구마스프,B(우유제외)수제바나나두유,B사과(35g),S멜론(100g),S복숭아(80g),차조밥(63),동태살무국,오징어채소볶음,얼갈이나물,비트초절이,S으깬견과류고구마샐러드(요거트),S코코아,차조밥(63),콩가루얼갈이배추국,소고기잡채,해초볶음,석박지
B버섯장국죽,B요구르트,B블루베리고구마샐러드,S복숭아(황도)-80g,S참외(50g),감자밥(55),맑은장국,새우살크림소스볶음,얼갈이나물,열무물김치,S크림떡볶이,S두유(100ml),감자밥(55),실파장국,연근햄버거스테이크,미역줄기채소볶음,얼갈이배추김치
B으깬견과류고구마샐러드(요거트),B고구마쉐이크,B과일샐러드(요거트드레싱),S멜론(50g),S사과(35g),현미밥(55),유부된장국,닭살간장조림,맛살양상추샐러드,나박김치,S치즈머핀,S보리차,현미밥(63),유부쑥갓맑은국,연근햄버거스테이크,채소샐러드,석박지
B브로콜리소고기죽,B바나나쉐이크,B블루베리고구마샐러드,S멜론(50g),S사과(35g),밤찹쌀팥밥(63),동태맑은국,오징어불고기,도라지배무침,열무물김치,S단팥빵,S둥글레차,밤찹쌀팥밥(55),매생이국,소고기잡채,단배추멸치조림,비트초절이
B북어채소죽,B고구마쉐이크,B복숭아(60g),S사과(100g),S멜론(50g),율무밥(55),콩나물육개장,미역귀튀각,곤드레나물볶음,나박김치,S슈크림빵,S매실쥬스,율무밥(55),올갱이된장국,훈제오리단호박찜,멸치호두볶음,석박지
B치즈게살죽,B(우유제외)수제바나나두유,B복숭아(천도)-60g,S사과(35g),S멜론(50g),찹쌀보리밥(63),차돌얼갈이국,오징어불고기,해초볶음,비트초절이,S오이달걀샐러드빵,S둥글레차,찹쌀보리밥(63),단호박무국,훈제오리단호박찜,(우유제외)옥수수버터구이,비트초절이
B냉콩국+소면,B두유(100ml),B복숭아(60g),S사과(35g),S멜론(50g),차조밥(55),북어김치국,숙주맛살무침,동초무침,나박김치,S(우유제외)알리오올리오스파게티,S오미자차,차조밥(55),가자미미역국,양파어묵전,오이생채,배추김치
B모닝빵,B(우유제외)수제딸기두유,B사과(35g),S수박화채,S멜론(50g),찹쌀밥(40),떡만두국(가공만두),소면채소무침,(우유제외)옥수수버터구이,백김치,S으깬견과류고구마샐러드(요거트),S보리차,찹쌀밥(40),건새우맑은국,모듬버섯탕수,다시마북어볶음,열무김치
B밤설기(40g),B고구마쉐이크,B복숭아(60g),S사과(100g),S멜론(50g),찹쌀현미밥(63),동태살무국,닭살간장조림,가지무침,비트초절이,S새우크림소스볶음,S쌀음료,찹쌀현미밥(55),대구지리,우엉어묵조림,건새우애호박볶음,오이소박이김치
B마들렌,B우유(200ml),B사과(35g),S복숭아(황도)-80g,S멜론(100g),잡곡밥(63),떡만두국(가공만두),브로콜리숙회+초고추장,무생채,배추김치,S호박죽,S검은깨두유(150ml),잡곡밥(63),소고기배추국,칠리새우,감자버터구이,갓김치
B대구채소죽,B우유(100ml),B멜론(50g),S복숭아(60g),S블루베리고구마샐러드,찹쌀밥(40),쑥갓어묵탕,새우살크림소스볶음,마카로니채소샐러드(토마토소스),열무물김치,S(우유제외)토마토스파게티,S보리차,찹쌀밥(40),해물탕,칠리새우,팽이버섯나물,나박김치
B크로와상,B요구르트,B배(50g),S사과(35g),S멜론(50g),현미밥(55),오징어숙주국,새우살볶음,매쉬드포테이토,단배추물김치,S으깬견과류고구마샐러드(요거트),S오미자차,현미밥(55),곰취된장국,(저염)닭가슴살단호박조림,과일샐러드(요거트드레싱),비트초절이
B으깬견과류고구마샐러드(요거트),B고구마쉐이크,B배(50g),S사과(100g),S멜론(50g),밤콩밥(55),동태살무국,닭고기냉채,가지무침,오이소박이김치,S크로와상,S보리차,밤콩밥(55),애호박맑은국,어묵감자조림,다시마북어볶음,파김치
B단호박떡케익,B호두우유,B참외(50g),S사과(35g),S블루베리(50g),고구마밥(63),동태살무국,참치어묵조림,동초무침,열무물김치,S멸치주먹밥,S둥글레차,고구마밥(63),실파장국,삼겹살구이,감자당근채볶음,비트초절이
B치즈스틱,B(우유제외)수제바나나두유,B멜론(50g),S사과(100g),S참외(50g),옥수수밥(63),떡국,소고기브로콜리조림,진미채채소무침,배추김치,S단호박죽,S매실쥬스,옥수수밥(63),해물탕,으깬두부채소전,매쉬드포테이토,나박김치
B당근치즈죽,B검은콩두유(200ml),B참외(50g),S블루베리(50g),S복숭아(백도)-60g,현미밥(55),꼬치어묵국,소고기등심버섯불고기,무생채,비트초절이,S(우유제외)버터감자구이,S떠먹는요구르트(100ml),현미밥(55),맑은미역국,소고기장똑똑이,마늘쫑무침,석박지
B치즈고구마죽,B고구마쉐이크,B블루베리고구마샐러드,S자두(50g),S복숭아(천도)-60g,쌀밥(40),우동국물,채소옥수수튀김,해초볶음,열무물김치,S크림떡볶이,S보리차,쌀밥(40),소고기숙주국,소고기장똑똑이,(우유제외)단호박두유찜,배추김치
B감자우유죽,B(우유제외)고구마쉐이크,B참외(50g),S멜론(50g),S블루베리고구마샐러드,찹쌀현미밥(55),오징어숙주국,소고기청포묵무침,얼갈이나물,나박김치,S고로케,S둥글레차,찹쌀현미밥(55),동태살무국,새우살채소볶음,애호박볶음,비트초절이
B크로와상(30g),B고구마쉐이크,B참외(50g),S멜론(50g),S블루베리고구마샐러드,율무밥(55),모듬버섯찌개,동태포전,동초무침,오이소박이김치,S(우유제외)토마토스파게티,S검은콩두유(100ml),율무밥(55),유부쑥갓맑은국,양배추낙지볶음,가지무침,배추김치
B치즈스틱,B(우유제외)수제바나나두유,B복숭아(황도)-80g,S멜론(50g),S사과(100g),찰현미밥(63),쑥갓어묵탕,훈제오리냉채,진미채무말랭이무침,나박김치,S단호박설기,S보리차,찰현미밥(63),대구지리,두부채소굴소스볶음,매콤숙주미나리무침,비트초절이
B치즈죽,B두유(100ml),B멜론(50g),S블루베리고구마샐러드,S복숭아(천도)-60g,찹쌀팥밥(55),콩가루얼갈이배추국,소고기채소조림,(고춧가루제외)도토리묵무침,석박지,S고로케,S오미자차,찹쌀팥밥(55),오징어숙주국,으깬두부채소전,참치양파볶음,깍두기
B단호박구이,B고구마쉐이크,B블루베리고구마샐러드,S복숭아(황도)-80g,S사과(35g),쌀밥(63),두부새우젓국,매콤낙지채소볶음,진미채채소무침,나박김치,S크림떡볶이,S검은깨두유(200ml),쌀밥(40),매콤애호박국,삼겹살구이,참치양파볶음,비트초절이
B치즈머핀,B두유(100ml),B복숭아(황도)-60g,S사과(35g),S멜론(50g),율무밥(55),단호박맑은국,어묵감자조림,매콤숙주미나리무침,단배추물김치,S크로와상,S코코아,율무밥(55),애호박새우젓국찌개,으깬두부채소전,해초볶음,총각김치
B소고기타락죽,B(우유제외)수제바나나두유,B멜론(50g),S복숭아(60g),S복숭아(황도)-80g,율무밥(63),온도토리묵국,두부채소굴소스볶음,진미채채소무침,석박지,S떡볶이,S둥글레차,율무밥(63),콩가루얼갈이배추국,삼치무조림,양배추마요무침,깍두기
B감자된장죽,B고구마쉐이크,B복숭아(60g),S참외(50g),S멜론(50g),찹쌀팥밥(55),팽이장국,(저염)갈치조림,애호박건새우볶음,비트초절이,S멸치주먹밥,S오미자아이스크림,찹쌀팥밥(55),실파장국,떡갈비간장조림,미역줄기채소볶음,배추김치
B당근치즈스프,B(우유제외)호두두유,B참외(50g),S복숭아(60g),S멜론(50g),옥수수밥(55),두부새우젓국,시금치두부전,진미채채소무침,오이소박이김치,S찐고구마,S보리차,옥수수밥(55),버섯개장,동태포전,얼갈이된장나물,석박지
B참깨우유스프,B두유(100ml),B복숭아(황도)-60g,S사과(35g),S멜론(50g),차조밥(63),(소고기제외)당면양배추국,소면채소무침,얼갈이나물,깍두기,S백설기(80g),S매실쥬스,차조밥(63),팽이장국,어묵감자조림,매콤숙주미나리무침,열무물김치
B닭고기주먹밥,B요구르트,B멜론(50g),S사과(35g),S참외(50g),흑미밥(63),단호박무국,(저염)갈치조림,애호박건새우볶음,나박김치,S크림떡볶이,S복숭아호두스무디,흑미밥(63),북어달걀국,두부톳무침,요거트과일범벅,배추김치
B단팥도너츠,B우유(150ml),B블루베리(50g),S복숭아(황도)-80g,S포도(100g),밤찹쌀팥밥(63),실파달걀국,브로콜리숙회(흑임자소스),애호박건새우볶음,열무물김치,S단호박샐러드(마요네즈),S(우유제외)고구마쉐이크,밤찹쌀팥밥(63),유부장국,떡갈비간장조림,(고춧가루제외)오이무침,깍두기
B새우크림소스볶음,B고구마쉐이크,B참외(50g),S포도(100g),S멜론(50g),고구마밥(63),호박감자수제비국,오징어채소볶음,참치양파볶음,비트초절이,S(우유제외)토마토스파게티,S매실쥬스,고구마밥(63),두부새우젓국,삼겹살구이,사과미나리무침,배추김치
B브로콜리죽,B요구르트,B블루베리고구마샐러드,S멜론(50g),S사과(35g),고구마밥(55),실파달걀국,김치전,진미채초무침,단배추물김치,S(우유제외)수제멸치과자,S오미자아이스크림,고구마밥(55),차돌얼갈이국,가지구이,애호박건새우볶음,열무물김치
B현미소고기죽,B고구마쉐이크,B참외(50g),S멜론(50g),S사과(35g),현미밥(55),단호박김치국,채소옥수수튀김,매쉬드포테이토,나박김치,S크림떡볶이,S보리차,현미밥(55),두부새우젓국,탕평채무침,애호박볶음,배추김치
B소고기타락죽,B토마토쉐이크,B자두(50g),S방울토마토(70g),S포도(100g),밤찹쌀팥밥(55),쑥갓어묵탕,낙지채소볶음,모듬과일샐러드,비트초절이,S크랜베리찹쌀케이크,S(우유제외)고구마쉐이크,밤찹쌀팥밥(55),달걀국,갈치카레튀김,건파래자반,단배추물김치
B버섯장국죽,B고구마쉐이크,B참외(50g),S사과(35g),S복숭아(황도)-80g,잡곡밥(55),실파장국,소고기토마토조림,애호박건새우볶음,열무물김치,S애플파이,S보리차,잡곡밥(63),아욱우렁된장국,매콤오징어볶음,미역줄기채소볶음,나박김치
B단호박크림스프,B두유(200ml),B과일샐러드(마요네즈),S사과(35g),S멜론(100g),차조밥(55),애호박새우젓국,오징어채소볶음,양배추무침,배추김치,S약식,S(우유제외)수제블루베리바나나우유,차조밥(63),건새우맑은국,갈치카레튀김,새싹채소샐러드(오리엔탈드레싱),단배추물김치
B단호박스프,B고구마쉐이크,B멜론(50g),S사과(35g),S복숭아(황도)-80g,기장밥(55),해물탕,매콤오징어볶음,애호박건새우볶음,열무물김치,S새우튀김,S코코아,기장밥(55),떡국,옥수수채소튀김,진미채초무침,나박김치
B수제비,B요구르트,B참외(50g),S포도(100g),S복숭아(황도)-60g,밤밥(55),달걀국,소고기찹쌀구이,과일땅콩샐러드,총각김치,S크랜베리찹쌀케이크,S오미자아이스크림,밤밥(55),부추된장국,뱅어포간장조림,매콤숙주미나리무침,단배추물김치
B크로와상(30g),B떠먹는요구르트(100ml),B복숭아(60g),S사과(35g),S멜론(50g),찹쌀현미밥(63),유부쑥갓맑은국,라조기,마카로니채소샐러드(토마토소스),배추김치,S(우유제외)토마토스파게티,S보리차,찹쌀현미밥(55),동태살무국,닭고기냉채,건새우애호박볶음,비트초절이
B바나나핫케이크,B고칼슘우유(150ml),B멜론(50g),S사과(35g),S복숭아(황도)-80g,찹쌀밥(40),팽이장국,소고기찹쌀구이,양상추요거트샐러드,열무물김치,S쿠키,S쌀음료,찹쌀밥(40),떡국,새우살크림소스볶음,건취나물간장볶음,나박김치
B삶은감자,B검은깨두유(200ml),B사과샐러드(마요네즈),S포도(100g),S복숭아(천도)-80g,옥수수밥(63),팽이장국,떡탕평채,당근스틱,석박지,S새우크림소스볶음,S떠먹는요구르트(100ml),옥수수밥(63),소고기양배추국,갈치카레튀김,실치볶음,깍두기
B누룽지죽,B(우유제외)두유미숫가루,B복숭아(60g),S(우유제외)수박화채,S멜론(50g),보리밥(63),동태살국,으깬두부채소전,감자당근채볶음,열무물김치,S치즈스틱,S보리차,보리밥(63),해물탕,떡갈비간장조림,애호박볶음,나박김치
B참깨우유스프,B두유(100ml),B블루베리고구마샐러드,S멜론(50g),S복숭아(황도)-80g,감자밥(63),매콤애호박국,칠리새우,채소샐러드,석박지,S(우유제외)토마토스파게티,S둥글레차,감자밥(55),쑥갓어묵탕,소고기무볶음,마카로니채소샐러드(토마토소스),깍두기
B가래떡구이,B우유(150ml),B블루베리(50g),S사과(35g),S멜론(50g),차조밥(63),떡국,매콤낙지채소볶음,파래무침,단배추물김치,S단호박샐러드(마요네즈),S코코아,차조밥(63),두부새우젓국,삼겹살구이,매쉬드포테이토,열무물김치
B치즈게살죽,B호두우유,B참외(50g),S복숭아(60g),S멜론(100g),팥밥(55),동태살무국,으깬두부채소전,해초볶음,나박김치,S(우유제외)토마토스파게티,S보리차,팥밥(63),해물탕,오징어채소볶음,마카로니채소샐러드(토마토소스),비트초절이
B바나나핫케이크,B고구마쉐이크,B복숭아(백도)-80g,S멜론(50g),S사과(100g),수수밥(55),버섯맑은국,두부톳무침,다시마북어볶음,열무물김치,S매실젤리,S오미자아이스크림,수수밥(55),얼갈이맑은국,매콤오징어볶음,진미채초무침,배추김치
B브로콜리죽,B(우유제외)바나나쉐이크,B참외(50g),S복숭아(60g),S사과(100g),율무밥(63),소고기두부탕국,볼어묵조림,양배추오이샐러드,비트초절이,S단호박샐러드,S우유(200ml),율무밥(55),감자채맑은국,오리훈제구이,실곤약간장채소무침,단무지
B(우유제외)당근스프,B복숭아호두스무디,B참외(50g),S사과(35g),S청포도(100g),쌀밥(63),달걀국,삼치튀김,무미역생채,열무물김치,S(우유제외)토마토스파게티,S보리차,쌀밥(63),닭살당면국,두부톳무침,마늘쫑무침,나박김치
B도너츠,B호두두부쉐이크,B거봉(100g),S복숭아(황도)-60g,S멜론(50g),옥수수밥(55),유부김치국,가지구이,단호박찜,단무지무침,S증편,S(우유제외)수제바나나두유,옥수수밥(55),건새우시금치국,닭살카레조림,바나나사과키위샐러드,석박지
B시금치견과류주먹밥,B복숭아호두스무디,B배(50g),S참외(50g),S멜론(50g),검정콩밥(55),닭고기채소찌개,오리훈제구이,미역줄기당근볶음,열무물김치,S(우유제외)웨지감자구이,S떠먹는요구르트(100ml),검정콩밥(63),온도토리묵국,닭살카레조림,참치양파볶음,나박김치
B닭백숙,B수제바나나우유,B참외(50g),S사과(35g),S복숭아(60g),쌀밥(40),미니유부우동,오징어새우볶음,동초무침,동치미,S모닝빵,S코코아,쌀밥(40),떡국,라조기,양상추요거트샐러드,배추김치
B으깬견과류고구마샐러드(요거트),B고구마쉐이크,B복숭아(황도)-80g,S사과샐러드(마요네즈),S멜론(50g),밤찹쌀팥밥(55),오징어숙주국,새우춘권튀김,(우유제외)옥수수버터구이,오이소박이김치,S치즈,S보리차,밤찹쌀팥밥(55),호박감자수제비국,오징어굴소스볶음,마카로니채소샐러드(토마토소스),단배추물김치
B가래떡구이,B요구르트,B블루베리고구마샐러드,S복숭아(천도)-60g,S사과(100g),완두콩밥(63),동태살무국,새우살크림소스볶음,사과미나리무침,열무물김치,S슈크림빵,S오미자아이스크림,완두콩밥(63),해물탕,오징어청경채볶음,애호박건새우볶음,나박김치
B브로콜리죽,B고구마쉐이크,B복숭아(60g),S블루베리(50g),S(우유제외)과일화채,현미밥(55),달걀떡국,닭가슴살굴소스볶음,새싹채소샐러드,배추김치,S슈크림빵,S떠먹는요구르트(100ml),현미밥(55),순한고추장찌개,소고기찹쌀구이,북어채볶음,비트초절이
B크로와상,B떠먹는요구르트(100ml),B과일샐러드(요거트드레싱),S사과(35g),S블루베리고구마샐러드,감자밥(55),호박감자수제비국,닭고기냉채,건취나물간장볶음,열무물김치,S(우유제외)알리오올리오스파게티,S둥글레차,감자밥(55),동태살무국,참치어묵조림,곤드레나물볶음,나박김치
B약과,B수제블루베리우유,B과일샐러드(요거트드레싱),S사과(35g),S블루베리고구마샐러드,검정콩밥(55),얼갈이배추국,매콤낙지채소볶음,건취나물간장볶음,오이소박이김치,S(우유제외)토마토스파게티,S보리차,검정콩밥(55),유부쑥갓맑은국,삼치구이+양념장,매쉬드포테이토,배추김치
B치즈,B두유(100ml),B귤(50g),S복숭아(황도)-80g,S멜론(100g),율무밥(63),단호박김치국,유자소스가자미구이,(저염·저당)우엉조림,비트초절이,S아몬드사과도넛,S검은깨두유(150ml),율무밥(63),찹쌀옹심이국,순살닭강정,오이스틱,파김치
B도너츠,B고구마쉐이크,B복숭아(60g),S사과(35g),S멜론(50g),옥수수밥(55),떡국,탕평채,땅콩우엉무침,단배추물김치,S치즈,S보리차,옥수수밥(63),차돌얼갈이국,으깬두부채소전,진미채초무침,열무물김치
B양송이버섯스프,B(우유제외)두유미숫가루,B당근스틱,S멜론(100g),S복숭아(황도)-80g,완두콩밥(55),미니우동,고구마연근맛탕,파래무침,비트초절이,S개피떡(40g),S검은깨두유(150ml),완두콩밥(55),두부새우젓국,새우채소전,무채무침,배추김치
B오트밀죽,B떠먹는요구르트(100ml),B참외(100g),S멜론퓨레,S복숭아(백도)-80g,찰현미밥(55),달걀떡국,삼치튀김,유채나물된장무침,나박김치,S호박죽,S떠먹는요구르트(100ml),찰현미밥(55),소고기배추국,칠리새우,감자버터구이,갓김치
B으깬견과류고구마샐러드(요거트),B요구르트,B참외(50g),S바나나(100g),S블루베리고구마샐러드,기장밥(55),유부쑥갓맑은국,삼겹살구이,애호박볶음,배추김치,S잔치국수,S오미자아이스크림,기장밥(55),맑은가쓰오부시장국,칠리새우,과일샐러드(요거트드레싱),오이소박이김치
B(우유제외)당근크림스프,B우유(100ml),B사과(35g),S복숭아(천도)-80g,S멜론(100g),검정콩밥(55),냉콩나물국,두부톳무침,요거트과일범벅,석박지,S수제비,S베지밀,검정콩밥(55),소고기배추국,조기구이,동초무침,깍두기
B소고기미역죽,B(우유제외)수제바나나두유,B청포도(100g),S블루베리고구마샐러드,S멜론(50g),완두콩밥(55),양파당면국,미역귀튀각,매쉬드포테이토,단배추물김치,S크림떡볶이,S둥글레차,완두콩밥(55),단호박무국,메추리알피망볶음,건취나물간장볶음,열무물김치
B김치치즈죽,B요구르트,B블루베리(50g),S멜론(100g),S포도(100g),완두콩밥(63),무채양파국,어묵구이+케첩,피망잡채,비트초절이,S(우유제외)웨지감자구이,S오미자아이스크림,완두콩밥(63),느타리배추국,새우살크림소스볶음,새송이버섯나물,배추김치
B잣죽,B고구마쉐이크,B복숭아(황도)-80g,S사과(35g),S오이당근스틱,밤찹쌀팥밥(55),떡국,모듬버섯탕수,진미채초무침,열무물김치,S찹쌀도너츠,S식혜,밤찹쌀팥밥(55),매콤애호박국,소고기토마토조림,브로콜리깨소스무침,단무지무침
B치즈고구마죽,B요구르트,B블루베리고구마샐러드,S복숭아(황도)-80g,S멜론(100g),보리밥(55),실파장국,브로콜리오징어무침,미역줄기채소볶음,깍두기,S치즈머핀,S보리차,보리밥(55),차돌얼갈이국,소고기단호박볶음,애호박건새우볶음,비트초절이
B절편,B호두우유,B복숭아(백도)-60g,S멜론(50g),S사과(35g),흑미밥(63),팽이장국,소고기토마토조림,호박고지나물,동치미,S단호박샐러드(마요네즈),S둥글레차,흑미밥(63),감자된장국,새우살크림소스볶음,진미채초무침,배추김치
B으깬견과류고구마샐러드(요거트),B두유(100ml),B복숭아(백도)-60g,S사과샐러드(마요네즈),S멜론(50g),보리밥(55),건새우된장국,닭가슴살샐러드(머스타드소스),매쉬드포테이토,나박김치,S약과,S코코아,보리밥(55),동태살국,떡갈비간장조림,마카로니채소샐러드(토마토소스),석박지
B단호박떡케익,B고구마쉐이크,B복숭아(황도)-80g,S사과(50g),S멜론(50g),잡곡밥(55),차돌얼갈이국,조랭이떡소불고기,애호박양파볶음,깍두기,S샌드위치,S보리차,잡곡밥(55),팽이장국,두부톳무침,미역줄기채소볶음,열무물김치
B고구마스프,B(우유제외)바나나쉐이크,B참외(50g),S사과(35g),S멜론(50g),보리밥(63),얼갈이맑은국,새우깐풍기,호박고지나물,나박김치,S크림빵,S쌀음료,보리밥(63),콩가루얼갈이배추국,고구마닭간장조림,다시마북어볶음,비트초절이
B약과,B고구마쉐이크,B복숭아(60g),S사과(35g),S멜론(50g),밤찹쌀팥밥(55),얼갈이맑은국,매콤낙지채소볶음,동초무침,석박지,S단팥빵,S보리차,밤찹쌀팥밥(55),(저염)닭곰탕,떡갈비간장조림,매쉬드포테이토,깍두기
B단팥도너츠,B고칼슘우유(100ml),B복숭아(황도)-60g,S사과(35g),S멜론퓨레,찹쌀밥(40),달걀떡국,새우맛연근튀김,(우유제외)모듬과일샐러드(마요네즈),나박김치,S(우유제외)로제스파게티,S고구마쉐이크,찹쌀밥(40),소고기양배추국,닭주물럭,진미채초무침,비트초절이
B당근치즈스프,B(우유제외)고구마쉐이크,B참외(50g),S포도(100g),S멜론(100g),찰현미밥(55),다진소고기콩나물국,늙은호박닭가슴살볶음,요거트과일범벅,석박지,S짜장떡볶이,S검은콩두유(100ml),찰현미밥(55),맑은미역국,소고기토마토조림,바나나사과키위샐러드,깍두기
B소고기미역죽,B고구마쉐이크,B청포도(100g),S멜론(50g),S사과(35g),밤찹쌀팥밥(55),우동국물,감자부추전,멸치꽈리볶음,나박김치,S크림떡볶이,S보리차,밤찹쌀팥밥(55),오징어감자국,조랭이떡소불고기,채소잡채,배추김치
B으깬견과류고구마샐러드(요거트),B(우유제외)두유미숫가루,B참외(50g),S포도(100g),S멜론(100g),찹쌀팥밥(55),동태살무국,소고기당면불고기,가지무침,비트초절이,S멸치주먹밥,S오미자아이스크림,찹쌀팥밥(55),쑥갓어묵탕,채소전,파래무침,오이소박이김치
B고구마경단,B(우유제외)수제바나나두유,B참외(100g),S블루베리고구마샐러드,S사과(35g),밤콩밥(55),건새우된장국,당근참치마요무침,애호박볶음,열무김치,S으깬견과류고구마샐러드(요거트),S둥글레차,밤콩밥(55),차돌얼갈이국,떡갈비간장조림,채소샐러드,단배추물김치
B크로와상,B고구마쉐이크,B복숭아(60g),S블루베리(50g),S참외(50g),찹쌀팥밥(55),떡국,오리훈제구이,아욱무침,나박김치,S치즈,S매실쥬스,찹쌀팥밥(55),두부새우젓국,오징어청경채볶음,호박고지나물,비트초절이
B맘모스빵,B두유(100ml),B수박(100g),S블루베리(50g),S복숭아(천도)-60g,수수밥(55),매콤애호박국,연근햄버거스테이크,동초무침,석박지,S가래떡구이,S보리차,수수밥(55),콩가루얼갈이배추국,소고기토마토조림,뱅어포조림,깍두기
B양파치즈스프,B(우유제외)수제바나나두유,B참외(50g),S멜론(50g),S블루베리(50g),찹쌀보리밥(55),동태살무국,떡갈비간장조림,채소샐러드,비트초절이,S단호박설기,S둥글레차,찹쌀보리밥(55),유부쑥갓맑은국,닭고기냉채,마카로니채소샐러드(토마토소스),배추김치
B치즈누룽지죽,B두유(100ml),B참외(50g),S포도(100g),S멜론(100g),찹쌀보리밥(55),버섯개장,칠리새우,해초볶음,나박김치,S으깬견과류고구마샐러드(요거트),S오미자아이스크림,찹쌀보리밥(63),팽이장국,닭고기냉채,양배추마요무침,콜라비나박김치
B수제비,B떠먹는요구르트(100ml),B멜론(50g),S사과(35g),S블루베리(50g),밤콩밥(55),소고기양배추국,갈치카레튀김,유채나물,열무물김치,S크루통,S떠먹는요구르트(100ml),밤콩밥(55),(소고기제외)당면양배추국,낙지콩나물볶음,치커리겉절이,배추김치
B크로와상,B떠먹는요구르트(100ml),B복숭아(60g),S사과(35g),S당근스틱,검정콩밥(55),대합미역국,오리훈제구이,얼갈이된장나물,비트초절이,S떡볶이,S보리차,검정콩밥(63),찹쌀옹심이국,닭고기냉채,과일샐러드(요거트드레싱),오이소박이김치
B감자된장죽,B고구마쉐이크,B복숭아(천도)-60g,S사과(35g),S블루베리(50g),현미밥(55),김치유부맑은국,오리훈제구이,가지무침,배추김치,S단팥빵,S오미자아이스크림,현미밥(55),가자미미역국,참치어묵조림,파래무침,파김치
B소고기미역죽,B(우유제외)수제바나나두유,B배(50g),S멜론(50g),S블루베리고구마샐러드,보리밥(63),단호박수제비국,새우살크림소스볶음,얼갈이나물,깻잎김치,S크림떡볶이,S보리차,보리밥(63),멸치장국,닭고기냉채,호박고지나물,비트초절이
B현미소고기죽,B고구마쉐이크,B복숭아(천도)-60g,S사과(35g),S블루베리(50g),밤콩밥(55),유부쑥갓맑은국,새우살크림소스볶음,땅콩우엉무침,열무물김치,S으깬견과류고구마샐러드(요거트),S둥글레차,밤콩밥(55),모듬버섯찌개,참치어묵조림,감자당근채볶음,총각김치
B으깬견과류고구마샐러드(요거트),B(우유제외)호두두유,B복숭아(60g),S블루베리고구마샐러드,S멜론(50g),검정콩밥(55),유부쑥갓맑은국,닭고기냉채,매쉬드포테이토,배추김치,S고로케,S보리차,검정콩밥(55),찹쌀옹심이국,오징어새우볶음,애호박볶음,비트초절이
B고구마스프,B두유(100ml),B참외(100g),S복숭아(60g),S사과(100g),현미밥(63),차돌얼갈이국,당근참치마요무침,해초볶음,단배추물김치,S가래떡구이,S바나나쉐이크,현미밥(63),늙은호박국,삼치무조림,진미채초무침,열무물김치
B고구마경단,B떠먹는요구르트(100ml),B사과(75g),S블루베리고구마샐러드,S복숭아(천도)-80g,팥밥(63),얼갈이배추국,닭가슴살데리야끼조림,오이사과무침,나박김치,S크로와상,S검은깨두유(100ml),팥밥(63),해물탕,주꾸미채소볶음,새우살호박볶음,비트초절이
B꿀떡,B(우유제외)수제바나나두유,B참외(50g),S복숭아(천도)-60g,S멜론(50g),찰현미밥(63),얼갈이맑은국,떡갈비간장조림,건새우애호박볶음,열무물김치,S크림떡볶이,S오미자아이스크림,찰현미밥(63),콩가루얼갈이배추국,주꾸미채소볶음,과일샐러드(요거트드레싱),배추김치
B고구마스프,B(우유제외)수제바나나두유,B참외(100g),S복숭아(60g),S사과(100g),기장밥(63),떡국,매콤주꾸미볶음,매쉬드포테이토,나박김치,S치즈,S검은깨두유(100ml),기장밥(63),해물탕,소고기브로콜리조림,새우살호박볶음,배추김치
B참치죽,B우유(150ml),B블루베리(50g),S(우유제외)과일화채,S복숭아(황도)-80g,찹쌀팥밥(55),(소고기제외)당면양배추국,소고기찹쌀구이,새싹채소샐러드,깍두기,S새우크림소스볶음,S오미자차,찹쌀팥밥(55),단호박맑은국,숙주맛살나물,북어채볶음,석박지
B채소전,B고구마쉐이크,B사과(75g),S블루베리고구마샐러드,S복숭아(천도)-80g,찹쌀보리밥(55),유부쑥갓맑은국,치즈닭갈비,치즈감자조림,비트초절이,S크림떡볶이,S보리차,찹쌀보리밥(55),동태살무국,라조기,땅콩우엉무침,배추김치
B단호박떡케익,B두유(100ml),B참외(50g),S사과(35g),S블루베리(50g),잡곡밥(55),얼갈이배추국,소고기토마토볶음,채소샐러드,오이소박이김치,S검은깨죽,S둥글레차,잡곡밥(55),유부된장국,소고기양배추조림,애호박볶음,나박김치
B소고기미역죽,B고구마쉐이크,B사과(75g),S오이스틱,S복숭아(천도)-80g,율무밥(55),애호박맑은국,북어채소찜,건새우애호박볶음,비트초절이,S크로와상,S보리차,율무밥(55),맑은바지락탕,소고기양배추조림,깻잎나물,배추김치
B절편,B우유(150ml),B배(50g),S자두(50g),S복숭아(천도)-80g,찹쌀밥(40),다시마새우젓국,차돌볶음,양배추샐러드(딸기드레싱),열무물김치,S온메밀국수,S고칼슘우유(100ml),찹쌀밥(40),닭살양파국,두부버섯완자전,감자간장조림,석박지
B다진유부주먹밥,B토마토쉐이크,B멜론퓨레,S자두(50g),S복숭아(천도)-60g,검정콩밥(55),바지락맑은국,한치어묵조림,쌈채소,깍두기,S군고구마,S보리차,검정콩밥(55),유부김치국,닭볶음탕,유채나물,오이소박이김치
B브로콜리스프,B우유(100ml),B수박(100g),S사과(100g),S포도(100g),쌀밥(63),양배추맑은국,토마토소스닭조림,파래자반,단배추물김치,S짜장떡볶이,S(우유제외)호두두유,쌀밥(63),방아잎된장국,두부버섯완자전,실곤약채소무침,열무김치
B삶은감자,B(우유제외)수제바나나두유,B수박(100g),S사과(100g),S포도(100g),율무밥(55),동태살국,떡갈비간장조림,감자당근채볶음,석박지,S수제새우과자,S오미자아이스크림,율무밥(55),해물탕,동태포전,매쉬드포테이토,나박김치
B당근치즈스프,B고구마쉐이크,B배(50g),S복숭아(백도)-80g,S사과(35g),수수밥(55),미역참치국,볼어묵채소조림,파래무침,비트초절이,S으깬견과류고구마샐러드(요거트),S코코아,수수밥(55),두부새우젓국,두부버섯완자전,오이부추생채,깍두기
B브로콜리죽,B고구마쉐이크,B수박(100g),S복숭아(황도)-80g,S멜론(50g),잡곡밥(55),매콤애호박국,오징어불고기,단배추시래기찜,단배추물김치,S(우유제외)알리오올리오스파게티,S보리차,잡곡밥(55),사골당면국,소고기양배추조림,다시마북어볶음,열무김치
B크로와상,B고구마쉐이크,B블루베리고구마샐러드,S참외(50g),S사과(35g),검정콩밥(55),동태살무국,훈제오리구이,당근스틱,비트초절이,S고로케,S둥글레차,검정콩밥(55),쑥갓어묵탕,오리훈제구이,미역줄기채소볶음,배추김치
B당근치즈죽,B두유(100ml),B사과(75g),S복숭아(천도)-60g,S포도(100g),찰현미밥(55),차돌얼갈이국,소고기토마토볶음,과일샐러드(요거트드레싱),나박김치,S크림소스스파게티,S매실쥬스,찰현미밥(55),모듬버섯찌개,소고기양배추조림,건새우애호박볶음,석박지
B닭백숙,B고구마쉐이크,B당근스틱,S복숭아(천도)-60g,S과일샐러드,찹쌀보리밥(55),호박감자수제비국,소고기양배추조림,우엉간장조림,총각김치,S단팥빵,S보리차,찹쌀보리밥(55),멸치장국,라조기,깻잎순멸치볶음,깍두기
B감자죽,B복숭아호두스무디,B배(100g),S복숭아(천도)-60g,S사과(100g),감자밥(55),온청포묵국,삼치무조림,채소샐러드,비트초절이,S무지개떡,S오미자아이스크림,감자밥(55),미역국,소고기양배추조림,(고춧가루제외)오이무침,배추김치
B(우유제외)브로콜리스프,B두유(100ml),B거봉(100g),S바나나(100g),S(우유제외)과일화채,감자밥(63),달걀떡국,소고기찹쌀구이,북어채볶음,파김치,S찹쌀도너츠,S떠먹는요구르트(100ml),감자밥(63),순한고추장찌개,닭가슴살굴소스볶음,모듬채소겉절이,나박김치
B오트밀죽,B두유(150ml),B사과샐러드(마요네즈),S땅콩,S과일샐러드(요거트드레싱),찹쌀현미밥(55),연두부맑은국,채소비빔소면,깻잎순조림,열무김치,S(우유제외)로제스파게티,S우유(150ml),찹쌀현미밥(55),늙은호박국,볼어묵채소조림,곶감감자볶음,비트초절이
B치즈죽,B고구마쉐이크,B참외(50g),S복숭아(천도)-60g,S멜론(50g),찰현미밥(55),유부쑥갓맑은국,참치어묵조림,사과미나리무침,나박김치,S치즈머핀,S보리차,찰현미밥(55),두부새우젓국,으깬두부채소전,매쉬드포테이토,비트초절이
B참나물유부초밥,B요구르트,B(우유제외)블루베리고구마샐러드,S복숭아(황도)-80g,S파인애플(50g),찹쌀밥(40),숙주미소장국,닭가슴살사과무침,단호박우유찜,파김치,S연두부,S코코아,찹쌀밥(40),냉콩나물국,두부미역전,오징어채무침,단배추물김치
B채소전,B(우유제외)수제바나나두유,B사과(75g),S참외(50g),S멜론(50g),옥수수밥(63),온청포묵국,오리훈제구이,땅콩우엉무침,배추김치,S단호박샐러드,S복숭아호두스무디,옥수수밥(63),쑥갓어묵탕,칠리새우,상추배생채,비트초절이
B치즈,B요구르트,B복숭아(80g),S사과(100g),S포도(100g),율무밥(63),동태살무국,으깬두부채소전,진미채초무침,나박김치,S(우유제외)토마토스파게티,S오미자아이스크림,율무밥(63),해물탕,오징어새우볶음,매콤숙주미나리무침,석박지
B마카로니채소샐러드,B우유(150ml),B복숭아(황도)-60g,S(우유제외)과일화채,S포도(100g),밤밥(55),달래맑은국,닭가슴살사과무침,파래자반,배추김치,S연두부,S(우유제외)고구마쉐이크,밤밥(55),소고기양파국,칠리새우,유채나물된장무침,비트초절이
B(우유제외)소고기스프,B고구마쉐이크,B자두(50g),S복숭아(60g),S포도(100g),찹쌀현미밥(55),어묵국수,라조기,매콤숙주미나리무침,나박김치,S(우유제외)토마토스파게티,S보리차,찹쌀현미밥(55),동태살무국,칠리새우,애호박건새우볶음,석박지
B떡국,B두유(100ml),B복숭아(60g),S멜론(50g),S블루베리고구마샐러드,밤밥(55),오징어숙주국,삼치무조림,감자당근채볶음,깍두기,S으깬견과류고구마샐러드(요거트),S오미자아이스크림,밤밥(55),호박감자수제비국,소고기브로콜리조림,다시마북어볶음,배추김치
B밤설기(40g),B(우유제외)수제바나나두유,B멜론(50g),S멜론(50g),S블루베리고구마샐러드,율무밥(55),얼갈이맑은국,닭가슴살사과무침,견과류고구마범벅,열무물김치,S단호박샐러드,S수정과,율무밥(55),콩가루얼갈이배추국,소고기잡채,건파래자반,나박김치
B소고기미역죽,B검은콩두유(150ml),B파인애플(50g),S수박화채,S사과(35g),기장밥(55),맑은양배추국,소고기잡채,곤드레나물볶음,비트초절이,S모닝빵,S보리차,기장밥(55),호박감자수제비국,두부미역전,명엽채고추장조림,배추김치
B으깬견과류고구마샐러드(요거트),B고구마쉐이크,B복숭아(60g),S멜론(50g),S사과(35g),완두콩밥(55),유부쑥갓맑은국,닭살간장조림,사과미나리무침,오이소박이김치,S(우유제외)토마토스파게티,S보리차,완두콩밥(55),동태살무국,소고기잡채,매쉬드포테이토,파김치
B다진유부주먹밥,B수제바나나우유,B복숭아(60g),S멜론퓨레,S오렌지(50g),쌀밥(63),소고기미역국,닭살간장조림,머위나물,배추김치,S건포도감자볼,S매실주스,쌀밥(63),연두부맑은국,두부조림,참나물간장무침,열무물김치
B닭백숙,B고구마쉐이크,B자두(50g),S복숭아(백도)-80g,S사과(100g),검정콩밥(55),감자국,닭살간장조림,건파래자반,나박김치,S치즈,S오미자아이스크림,검정콩밥(55),해물탕,피망어묵볶음,마카로니채소샐러드(토마토소스),비트초절이
B도너츠,B(우유제외)고구마쉐이크,B참외(50g),S포도(100g),S사과샐러드(마요네즈),고구마밥(55),소고기양파국,닭채볶음,과일샐러드(요거트드레싱),석박지,S단호박샐러드,S코코아,고구마밥(55),얼갈이맑은국,두부톳무침,마카로니채소샐러드(토마토소스),배추김치
B새우치즈죽,B고구마쉐이크,B멜론(50g),S사과(35g),S오렌지(50g),잡곡밥(63),실파장국,닭채볶음,참치양파볶음,비트초절이,S쿠키,S우유미숫가루,잡곡밥(63),황태미역국,소고기채소조림,(우유제외)사과오렌지샐러드(마요네즈),백김치
B치즈죽,B떠먹는요구르트(100ml),B참외(50g),S사과(35g),S블루베리고구마샐러드,검정콩밥(55),북어달걀국,닭고기냉채,건취나물간장볶음,배추김치,S멸치주먹밥,S둥글레차,검정콩밥(55),호박감자수제비국,어묵구이+케첩,머위나물,나박김치
B소고기미역죽,B고구마쉐이크,B사과(35g),S복숭아(천도)-60g,S멜론(50g),밤콩밥(55),유부쑥갓맑은국,으깬두부채소전,김구이+양념장,파김치,S(우유제외)토마토스파게티,S보리차,밤콩밥(55),동태살무국,어묵구이+케첩,곤드레나물볶음,열무물김치
B브로콜리죽,B수제바나나우유,B사과(100g),S복숭아(천도)-60g,S참외(50g),찹쌀보리밥(55),단호박맑은국,칠리새우,애호박건새우볶음,단배추물김치,S크로와상(30g),S둥글레차,찹쌀보리밥(63),동태맑은국,동태포전,매쉬드포테이토,비트초절이
B버터감자구이,B고칼슘우유(100ml),B참외(100g),S복숭아(천도)-80g,S멜론(50g),찹쌀팥밥(63),팽이장국,볼어묵조림,고구마순나물,오이소박이김치,S크로와상,S떠먹는요구르트(100ml),찹쌀팥밥(55),맑은바지락탕,주꾸미채소볶음,치커리배무침,배추김치
B증편,B토마토쉐이크,B참외(100g),S복숭아(천도)-80g,S멜론(50g),검정콩밥(55),건새우된장국,으깬두부채소전,아몬드잔멸치볶음,나박김치,S매실젤리,S오미자아이스크림,검정콩밥(63),닭고기채소찌개,오리훈제구이,감자당근채볶음,석박지
B새우튀김,B(우유제외)고구마쉐이크,B참외(50g),S블루베리고구마샐러드,S멜론(50g),현미밥(55),동태살무국,닭살간장조림,얼갈이나물,배추김치,S으깬견과류고구마샐러드(요거트),S보리차,현미밥(55),오징어숙주국,시금치두부전,채소샐러드,열무물김치
B단호박죽,B(우유제외)수제바나나두유,B사과(75g),S포도(100g),S멜론(50g),찹쌀팥밥(55),해물탕,오리훈제구이,모듬과일샐러드,나박김치,S치즈스틱,S매실주스,찹쌀팥밥(55),쑥갓어묵탕,소고기감자조림,요거트과일범벅,비트초절이
B대구채소죽,B떠먹는요구르트(100ml),B사과(75g),S블루베리고구마샐러드,S멜론(50g),수수밥(63),동태살무국,오징어채소볶음,참치양파볶음,열무물김치,S(우유제외)알리오올리오스파게티,S보리차,수수밥(63),김치유부맑은국,소고기잡채,진미채초무침,석박지
B마들렌,B(우유제외)고구마쉐이크,B복숭아(60g),S블루베리고구마샐러드,S멜론(50g),검정콩밥(63),오징어숙주국,떡갈비간장조림,땅콩우엉무침,비트초절이,S으깬견과류고구마샐러드(요거트),S매실쥬스,검정콩밥(63),얼갈이배추국,삼치무조림,얼갈이나물,배추김치
B(우유제외)고구마스프,B두유(100ml),B복숭아(황도)-60g,S블루베리고구마샐러드,S멜론퓨레,율무밥(63),감자호박국,닭고기냉채,채소샐러드,오이소박이김치,S백설기(80g),S우유(200ml),율무밥(63),소고기버섯국,동태포전,쌈채소,깻잎김치
B흰죽,B고구마쉐이크,B참외샐러드,S블루베리고구마샐러드,S멜론퓨레,기장밥(63),소고기양배추국,두부톳무침,치커리무침,단무지,S개피떡(40g),S검은깨두유(150ml),기장밥(55),얼갈이배추국,고추장소고기볶음,미니새송이버섯볶음,나박김치
B연두부,B(우유제외)수제바나나두유,B사과(35g),S블루베리고구마샐러드,S복숭아(황도)-80g,수수밥(55),실파장국,닭고기냉채,으깬견과류고구마샐러드(요거트),배추김치,S잔치국수,S(우유제외)두유미숫가루,수수밥(55),얼갈이맑은국,새우살크림소스볶음,애호박콩가루볶음,열무물김치
B대구채소죽,B고구마쉐이크,B오이스틱,S복숭아(천도)-80g,S과일샐러드(요거트드레싱),율무밥(55),감자호박국,닭고기냉채,모듬채소,깻잎김치,S송편(40g),S(우유제외)호두두유,율무밥(55),연두부된장찌개,소고기굴소스조림,요거트과일범벅,나박김치
B으깬견과류고구마샐러드(요거트),B떠먹는요구르트(100ml),B사과(35g),S블루베리고구마샐러드,S복숭아(황도)-80g,검정콩밥(63),해물탕,떡갈비간장조림,감자당근채볶음,석박지,S(우유제외)토마토스파게티,S보리차,검정콩밥(63),동태살무국,새우살크림소스볶음,마카로니채소샐러드(토마토소스),깍두기
B소고기미역죽,B검은깨두유(200ml),B참외(50g),S사과(35g),S멜론(50g),찹쌀현미밥(55),실파장국,오리훈제구이,채소샐러드,오이소박이김치,S찐고구마,S오미자아이스크림,찹쌀현미밥(55),모듬버섯찌개,온두부찜,무미역생채,파김치
B달걀미나리빵,B(우유제외)수제바나나두유,B배(50g),S복숭아(60g),S복숭아(천도)-60g,고구마밥(55),호박감자수제비국,(저염)갈치조림,얼갈이나물,배추김치,S크림떡볶이,S보리차,고구마밥(63),동태살무국,삼치무조림,애호박건새우볶음,비트초절이
B닭백숙,B고구마쉐이크,B복숭아(황도)-80g,S사과(35g),S멜론(50g),완두콩밥(63),유부쑥갓맑은국,으깬두부채소전,땅콩우엉무침,오이소박이김치,S단팥빵,S매실쥬스,완두콩밥(55),애호박맑은국,순살닭강정,고구마순된장무침,파김치
B감자채소죽,B(우유제외)수제바나나두유,B사과(75g),S복숭아(천도)-60g,S멜론(50g),팥밥(55),버섯개장,두부채소굴소스볶음,얼갈이나물,나박김치,S크림떡볶이,S코코아,팥밥(55),온청포묵국,순살닭강정,얼갈이무침,배추김치
B약과,B고구마쉐이크,B복숭아(천도)-60g,S사과(35g),S멜론(50g),팥밥(55),유부쑥갓맑은국,참치어묵조림,동초무침,오이소박이김치,S단팥빵,S둥글레차,팥밥(63),동태살무국,삼겹살구이,사과미나리무침,비트초절이
B고구마스프,B(우유제외)수제바나나두유,B복숭아(천도)-60g,S사과(35g),S멜론(50g),차조밥(63),미니우동,새우살볶음,가지나물무침,단배추물김치,S냉콩국+소면,S보리차,차조밥(63),동태맑은국,소고기잡채,진미채채소무침,열무물김치
B참깨우유스프,B요구르트,B복숭아(천도)-60g,S사과(35g),S멜론(50g),율무밥(63),실파장국,떡갈비간장조림,애호박볶음,배추김치,S찐고구마,S둥글레차,율무밥(55),해물탕,참치어묵조림,마카로니채소샐러드(토마토소스),나박김치
B닭백숙,B고구마쉐이크,B블루베리고구마샐러드,S복숭아(60g),S사과(100g),현미밥(63),맑은장국,새우살크림소스볶음,(우유제외)옥수수버터구이,깻잎김치,S슈크림빵,S보리차,현미밥(63),표고버섯탕,도라지오징어채무침,가지구이,열무물김치
B으깬견과류고구마샐러드(요거트),B(우유제외)수제바나나두유,B블루베리고구마샐러드,S복숭아(60g),S사과(100g),현미밥(55),동태살무국,닭가슴살고구마볶음,머위나물,오이소박이김치,S(우유제외)토마토스파게티,S코코아,현미밥(55),오징어숙주국,소고기파인애플볶음,건취나물간장볶음,파김치
B누룽지죽,B고구마쉐이크,B멜론(100g),S복숭아(60g),S사과(100g),찹쌀현미밥(55),얼갈이배추국,닭가슴살고구마볶음,땅콩우엉무침,배추김치,S크림떡볶이,S오미자아이스크림,찹쌀현미밥(55),우동국물,양배추낙지볶음,곤드레나물볶음,비트초절이
B단호박샐러드,B(우유제외)바나나쉐이크,B복숭아(80g),S복숭아(황도)-60g,S블루베리고구마샐러드,찹쌀밥(40),차돌얼갈이국,소고기채소조림,잔파느타리버섯강회,배추김치,S소보로빵,S코코아,찹쌀밥(40),미니유부우동,양배추낙지볶음,뱅어포조림,배추김치
B치즈게살죽,B요구르트,B복숭아(80g),S사과(35g),S멜론(50g),잡곡밥(63),매생이두부국,애호박생선살찜,요거트과일범벅,배추김치,S단호박샐러드(마요네즈),S검은깨두유(150ml),잡곡밥(63),호박감자수제비국,오징어간장조림,무미역생채,배추김치
B단호박떡케익,B고구마쉐이크,B복숭아(80g),S사과(35g),S멜론(50g),찹쌀현미밥(63),닭곰탕,당면김말이튀김,애호박건새우볶음,나박김치,S크림떡볶이,S보리차,찹쌀현미밥(63),유부쑥갓맑은국,닭가슴살사과무침,미역줄기채소볶음,배추김치
B크루통,B요구르트,B블루베리고구마샐러드,S복숭아(황도)-80g,S사과(35g),찹쌀밥(63),동태살무국,소떡소떡,건새우애호박볶음,비트초절이,S단팥빵,S검은깨두유(150ml),찹쌀밥(55),다슬기아욱국,소고기메란조림,감자당근채볶음,오이소박이김치
B우엉채소볶음밥,B두유(100ml),B복숭아(80g),S사과(35g),S멜론(50g),찹쌀밥(40),닭고기채소찌개,어묵감자조림,동초무침,배추김치,S도너츠,S코코아,찹쌀밥(55),두부찌개,소고기메란조림,매콤숙주미나리무침,배추김치
B치즈게살죽,B고구마쉐이크,B복숭아(80g),S포도(100g),S멜론(50g),차조밥(55),대구지리,당면김말이튀김,해초볶음,열무물김치,S고로케,S보리차,차조밥(55),콩가루얼갈이배추국,탕평채무침,마카로니채소샐러드(토마토소스),석박지
B단팥도너츠,B요구르트,B블루베리고구마샐러드,S복숭아(황도)-80g,S귤(50g),옥수수밥(63),동태맑은국,맛살달걀말이,진미채초무침,단배추물김치,S카카오올리브케익,S둥글레차,옥수수밥(63),오징어찌개,채소크로켓,건새우볶음,백김치
B쑥떡,B떠먹는요구르트(100ml),B복숭아(80g),S사과(35g),S귤(50g),감자밥(55),동태살무국,오리훈제구이,북어채볶음,나박김치,S크림떡볶이,S코코아,감자밥(55),오징어숙주국,닭고기냉채,(우유제외)고구마두유조림,오이소박이김치
B양배추죽,B우유미숫가루,B복숭아(80g),S포도(100g),S귤(50g),찹쌀밥(55),매생이국,(우유제외)닭가슴살버터구이,모듬채소,깍두기,S단호박샐러드(마요네즈),S검은깨두유(200ml),찹쌀밥(55),백짬뽕국,탕평채무침,건새우볶음,석박지
B대구채소죽,B(우유제외)수제바나나두유,B참외(50g),S사과(35g),S멜론(100g),찰현미밥(55),다슬기아욱국,오징어간장조림,과일샐러드(요거트드레싱),비트초절이,S해물파전,S검은깨두유(150ml),찰현미밥(55),순한고추장찌개,멸치마늘조림,으깬견과류고구마샐러드(요거트),배추김치
B가래떡구이,B고구마쉐이크,B참외(100g),S사과(35g),S멜론(50g),잡곡밥(55),홍합탕,으깬두부채소전,진미채초무침,열무물김치,S알리오올리오스파게티,S보리차,잡곡밥(55),근대국,삼겹살구이,배추게맛살샐러드,나박김치
B아몬드스프,B검은깨두유(100ml),B참외(50g),S멜론(100g),S(우유제외)과일화채,찰현미밥(63),건새우시금치국,참치어묵조림,유자청두부샐러드,나박김치,S건포도감자볼,S망고주스,찰현미밥(63),북어달걀국,배추게맛살샐러드,고구마연근맛탕,오이소박이김치
B으깬견과류고구마샐러드(요거트),B요구르트,B블루베리고구마샐러드,S복숭아(60g),S멜론(50g),보리밥(63),아욱우렁된장국,소고기토마토조림,매쉬드포테이토,석박지,S(우유제외)토마토스파게티,S보리차,보리밥(55),매콤애호박국,오징어청경채볶음,채소샐러드,깍두기
B단호박구이,B과일연두부스무디,B바나나(100g),S(우유제외)과일화채,S복숭아(황도)-60g,잡곡밥(63),유부대파국,오징어새우볶음,치커리배무침,배추김치,S송편(40g),S검은깨두유(150ml),잡곡밥(63),애탕국,소고기김무침,땅콩우엉무침,비트초절이
B(우유제외)새우크림소스볶음,B고구마쉐이크,B바나나(100g),S멜론(50g),S복숭아(황도)-60g,완두콩밥(63),팽이장국,으깬두부채소전,애호박건새우볶음,나박김치,S절편,S오미자아이스크림,완두콩밥(63),실파장국,오징어청경채볶음,건파래자반,콜라비나박김치
B약과,B떠먹는요구르트(100ml),B사과(35g),S멜론(50g),S사과(35g),차조밥(55),다슬기아욱국,토마토치즈범벅,매쉬드포테이토,오이소박이김치,S단팥빵,S코코아,차조밥(55),애호박맑은국,오징어초무침,맛살양상추샐러드,파김치
B소고기미역죽,B요구르트,B참외(50g),S멜론(50g),S사과샐러드(마요네즈),검정콩밥(55),유부쑥갓맑은국,떡갈비간장조림,과일샐러드(요거트드레싱),비트초절이,S잔치국수,S보리차,검정콩밥(55),연두부맑은국,닭고기냉채,요거트과일샐러드,배추김치
B으깬견과류고구마샐러드(요거트),B(우유제외)수제바나나두유,B배(50g),S사과(50g),S블루베리고구마샐러드,밤콩밥(55),버섯맑은국,오징어숙회,양배추샐러드,오이피클,S고로케,S코코아,밤콩밥(55),콩나물육개장,참치어묵조림,찐당근스틱,열무물김치
B소고기미역죽,B복숭아호두스무디,B배(50g),S사과(35g),S멜론(50g),잡곡밥(63),유부쑥갓맑은국,건새우애호박볶음,채소옥수수튀김,파김치,S으깬견과류고구마샐러드(요거트),S떠먹는요구르트(100ml),잡곡밥(63),동태살무국,북어채소찜,쑥갓나물,오이소박이김치
B닭백숙,B고구마쉐이크,B블루베리고구마샐러드,S복숭아(황도)-60g,S참외(50g),찰현미밥(55),동태맑은국,양배추맛살나물,채소샐러드,단배추물김치,S치즈케이크,S오미자차,찰현미밥(55),쑥갓어묵탕,닭고기냉채,호박고지나물,열무물김치
B크로와상,B떠먹는요구르트(100ml),B청포도(100g),S블루베리고구마샐러드,S멜론(50g),잡곡밥(63),아욱장국,양배추맛살나물,감자당근채볶음,배추김치,S매실젤리,S보리차,잡곡밥(63),유부쑥갓맑은국,닭고기냉채,마카로니채소샐러드(토마토소스),배추김치
B(우유제외)고구마스프,B두유(100ml),B복숭아(황도)-60g,S멜론(50g),S블루베리(50g),수수밥(63),해물탕,맛살당근볶음,옥수수채소튀김,나박김치,S(우유제외)토마토스파게티,S우유미숫가루,수수밥(63),다슬기아욱국,매콤오징어볶음,양배추샐러드,깍두기
B참나물유부초밥,B요구르트,B자두(50g),S멜론(50g),S복숭아(백도)-80g,완두콩밥(55),콩나물된장국,으깬두부채소전,고구마순나물,나박김치,S카스텔라,S떠먹는요구르트(100ml),완두콩밥(55),호박감자수제비국,소고기꽈리장조림,치커리배무침,비트초절이
B당근치즈스프,B두유(100ml),B참외(50g),S사과(50g),S복숭아(천도)-60g,밤콩밥(63),콩나물된장국,으깬두부채소전,감자당근채볶음,배추김치,S시금치견과류주먹밥,S보리차,밤콩밥(63),온도토리묵국,소고기꽈리장조림,오이미역초무침,배추김치
B크루통,B토마토쉐이크,B복숭아(황도)-60g,S방울토마토(70g),S멜론(100g),밤밥(63),수제비국,삼치튀김,세발나물,나박김치,S연두부,S호두우유,밤밥(63),달걀떡국,소고기청포묵무침,바나나사과키위샐러드,비트초절이
B양파치즈스프,B(우유제외)두유미숫가루,B복숭아(60g),S사과(75g),S멜론(100g),차조밥(55),강된장,수제비샐러드,청경채도토리묵무침,열무물김치,S카카오올리브케익,S보리차,차조밥(55),호박감자수제비국,삼치레몬구이,얼갈이된장나물,석박지
B수제비,B고구마쉐이크,B복숭아(천도)-60g,S사과(35g),S멜론(50g),밤콩밥(55),실파장국,소고기단호박볶음,미역줄기채소볶음,동치미,S크림떡볶이,S둥글레차,밤콩밥(55),팽이장국,당면김말이튀김,건파래자반,깍두기
B닭백숙,B수제바나나우유,B참외(50g),S복숭아(황도)-80g,S멜론(50g),밤콩밥(63),떡국,오징어채소볶음,진미채초무침,나박김치,S치즈,S보리차,밤콩밥(63),해물탕,옥수수채소튀김,동초무침,비트초절이
B고구마스프,B두유(100ml),B단감(50g),S(우유제외)과일화채,S바나나(100g),완두콩밥(55),순한고추장찌개,오리훈제구이,버섯채소볶음,오이소박이김치,S증편,S떠먹는요구르트(100ml),완두콩밥(55),실파맑은국,새우살케첩볶음,새싹채소샐러드,배추김치
B증편,B고칼슘우유(100ml),B참외(50g),S푸실리샐러드,S사과(75g),감자밥(55),건새우맑은국,오리훈제구이,감자당근채볶음,석박지,S스크램블에그(버터),S코코아,감자밥(55),소고기버섯국,삼치데리야끼소스튀김,새싹채소샐러드,비트초절이
B소고기미역죽,B요구르트,B참외(50g),S복숭아(황도)-80g,S멜론(50g),옥수수밥(55),유부쑥갓맑은국,수제비샐러드,애호박볶음,배추김치,S멸치주먹밥,S보리차,옥수수밥(55),아욱맑은국,뱅어포튀김,으깬견과류고구마샐러드(요거트),나박김치
B당근두부스넥,B고구마쉐이크,B복숭아(80g),S사과(35g),S블루베리고구마샐러드,검정콩밥(55),소고기콩나물국,임연수유자청구이,단호박우유찜,동치미,S잔치국수,S토마토주스,검정콩밥(55),북어미역국,주꾸미숙회,건취나물간장볶음,오이소박이김치
B새우튀김,B수제딸기우유,B복숭아(60g),S(우유제외)과일화채,S바나나(100g),흑미밥(63),굴미역국,새우살채소볶음,마카로니채소샐러드(토마토소스),나박김치,S(우유제외)토마토스파게티,S매실쥬스,흑미밥(63),동태살국,떡갈비간장조림,애호박볶음,석박지
B으깬견과류고구마샐러드(요거트),B고구마쉐이크,B블루베리고구마샐러드,S복숭아(60g),S사과(35g),차조밥(55),실파장국,새우춘권튀김,진미채초무침,열무물김치,S멸치주먹밥,S보리차,차조밥(55),대구지리,치킨까스+소스,과일샐러드(요거트드레싱),비트초절이
B송편,B수제바나나우유,B방울토마토(35g),S참외(100g),S푸실리샐러드,잡곡밥(63),소고기순두부찌개,두부달걀전,오이양파무침,단배추물김치,S밤설기(40g),S오미자아이스크림,잡곡밥(63),연두부새우젓국,낙지볶음,파래자반,총각김치
B새우크림소스볶음,B고구마쉐이크,B참외(50g),S멜론(50g),S복숭아(황도)-80g,흑미밥(55),실파장국,오징어완자(수제),건취나물간장볶음,비트초절이,S무지개떡,S매실쥬스,흑미밥(55),동태살무국,라조기,건새우애호박볶음,오이소박이김치
B으깬견과류고구마샐러드(요거트),B두유(150ml),B참외(50g),S멜론(50g),S복숭아(황도)-80g,흑미밥(55),닭고기채소찌개,으깬두부채소전,참나물무침,석박지,S(우유제외)토마토스파게티,S코코아,흑미밥(63),매콤콩나물국,라조기,매쉬드포테이토,깍두기
B고구마스프,B두유(150ml),B복숭아(60g),S멜론(50g),S오렌지(50g),완두콩밥(55),수제비국,탕평채무침,미역줄기채소볶음,비트초절이,S(우유제외)알리오올리오스파게티,S둥글레차,완두콩밥(55),북어김치국,채소옥수수튀김,애호박건새우볶음,열무물김치
B새우크림소스볶음,B복숭아호두스무디,B멜론(50g),S사과(75g),S복숭아(60g),현미밥(63),실파장국,닭살간장조림,감자당근채볶음,배추김치,S절편,S미숫가루,현미밥(63),온도토리묵국,소고기브로콜리조림,해초볶음,석박지
B냉콩국+소면,B두유(100ml),B복숭아(황도)-60g,S복숭아(60g),S사과(35g),흑미밥(63),떡국,오징어채소볶음,진미채초무침,깍두기,S매실젤리,S쌀음료,흑미밥(63),대구지리,모듬버섯탕수,동초무침,열무물김치
B닭백숙,B바나나쉐이크,B사과(35g),S참외(50g),S멜론(50g),옥수수밥(55),동태맑은국,으깬두부채소전,참치양파볶음,열무김치,S단팥빵,S보리차,옥수수밥(63),멸치장국,오징어볶음+소면,건취나물간장볶음,단배추물김치
B밤설기(40g),B(우유제외)바나나쉐이크,B사과(75g),S복숭아(천도)-60g,S멜론(50g),감자밥(55),오징어숙주국,소고기굴소스조림,감자당근채볶음,배추김치,S냉콩국+소면,S두유(100ml),감자밥(55),동태살무국,온두부찜,동초무침,배추김치
B으깬견과류고구마샐러드(요거트),B(우유제외)고구마쉐이크,B토마토(100g),S복숭아(황도)-80g,S멜론(50g),찹쌀현미밥(63),콩가루얼갈이배추국,삼치무조림,매콤숙주미나리무침,배추김치,S고로케,S오미자아이스크림,찹쌀현미밥(63),닭고기채소찌개,오징어볶음+소면,애호박건새우볶음,배추김치
B당근치즈스프,B(우유제외)수제바나나두유,B블루베리고구마샐러드,S사과(50g),S멜론(50g),검정콩밥(63),동태살무국,소고기브로콜리조림,양배추초절임,배추김치,S슈크림빵,S보리차,검정콩밥(63),갈비탕,옥수수채소튀김,얼갈이나물,배추김치
B고구마청경채죽,B(우유제외)두유미숫가루,B참외(100g),S사과(50g),S멜론퓨레,완두콩밥(55),맑은가쓰오부시장국,낙지콩나물볶음,유채나물된장무침,배추김치,S(우유제외)수제멸치과자,S떠먹는요구르트(100ml),완두콩밥(55),사골당면국,단호박튀김,쌈채소,배추김치
B가래떡구이,B두유(100ml),B복숭아(60g),S사과(50g),S복숭아(천도)-60g,검정콩밥(55),가자미미역국,오리훈제구이,얼갈이된장나물,오이소박이김치,S소보로빵,S복숭아호두스무디,검정콩밥(55),대구지리,옥수수치즈전,동초무침,배추김치
B무지개떡(40g),B(우유제외)두유미숫가루,B과일샐러드(마요네즈),S복숭아(황도)-60g,S(우유제외)과일화채,옥수수밥(55),소고기양파국,닭살간장조림,쌈채소,갓김치,S단호박꿀찜,S검은깨두유(200ml),옥수수밥(55),배추맑은국,북어찜,땅콩우엉무침,배추김치
B브로콜리크림스프,B(우유제외)수제바나나두유,B멜론(50g),S복숭아(황도)-60g,S사과(35g),차조밥(55),찹쌀옹심이국,주꾸미숙회,참치애호박볶음,열무물김치,S슈크림빵,S코코아,차조밥(55),차돌얼갈이국,간장찜닭,진미채초무침,단배추물김치
B노란시루떡,B고구마쉐이크,B복숭아(황도)-60g,S복숭아(60g),S복숭아(천도)-60g,찹쌀팥밥(55),동태살무국,고구마연근맛탕,가지무침,비트초절이,S멸치주먹밥,S오미자아이스크림,찹쌀팥밥(55),감자된장국,닭가슴살고구마볶음,건새우애호박볶음,오이소박이김치
B으깬견과류고구마샐러드(요거트),B검은콩두유(200ml),B블루베리고구마샐러드,S복숭아(60g),S멜론(100g),밤찹쌀팥밥(55),해물탕,칠리새우,마카로니채소샐러드(토마토소스),배추김치,S(우유제외)버터감자구이,S떠먹는요구르트(100ml),밤찹쌀팥밥(55),맑은미역국,소고기브로콜리조림,얼갈이나물,배추김치
B양파치즈스프,B두유(100ml),B복숭아(황도)-60g,S사과(35g),S멜론(100g),찰현미밥(63),두부새우젓국,배추게맛살샐러드,매콤숙주미나리무침,배추김치,S가래떡구이,S쌀음료,찰현미밥(63),버섯개장,어묵감자조림,수제비샐러드,배추김치
B옥수수크림스프,B복숭아호두스무디,B참외(50g),S방울토마토(70g),S사과(35g),수수밥(55),달걀떡국,오이참치마요무침,새우청경채볶음,열무물김치,S크랜베리찹쌀케이크,S(우유제외)고구마쉐이크,수수밥(55),수제비국,소고기청포묵무침,바나나사과키위샐러드,나박김치
B(우유제외)당근스프,B고구마쉐이크,B블루베리고구마샐러드,S사과(100g),S사과(50g),현미밥(55),대구지리,소고기부추볶음,무채무침,배추김치,S크랜베리찹쌀케이크,S망고주스,현미밥(55),버섯무국,미역귀튀각,크래미숙주나물무침,배추김치
B소고기미역죽,B고구마쉐이크,B복숭아(60g),S복숭아(60g),S복숭아(천도)-60g,김치치즈볶음밥,팽이장국,소고기마늘종볶음,건새우애호박볶음,석박지,S(우유제외)토마토스파게티,S보리차,고구마밥(63),실파장국,동태포전,매콤숙주미나리무침,석박지
B으깬견과류고구마샐러드(요거트),B(우유제외)수제바나나두유,B참외(50g),S멜론(50g),S블루베리고구마샐러드,오징어덮밥,얼갈이배추국,새우깐풍기,뱅어포볶음,비트초절이,S카카오올리브케익,S둥글레차,검정콩밥(63),단호박맑은국,가지구이,진미채초무침,배추김치
B노란시루떡,B떠먹는요구르트(100ml),B참외(100g),S사과(100g),S귤(50g),잡곡밥(63),유부쑥갓맑은국,두부톳무침,건취나물간장볶음,콜라비나박김치,S슈크림빵,S오미자아이스크림,잡곡밥(63),우동국물,닭가슴살버터구이,감자채요거트샐러드,콜라비나박김치
B옥수수크림스프,B(우유제외)고구마쉐이크,B참외(100g),S바나나(100g),S사과(100g),잡곡밥(55),당근황태국,우유달걀말이,상추쑥갓무침,배추김치,S증편(40g),S망고주스,잡곡밥(55),무채양파국,닭가슴살버터구이,단배추멸치조림,배추김치
B연두부+양념장,B떠먹는요구르트(100ml),B멜론퓨레,S사과샐러드(마요네즈),S복숭아(황도)-60g,찰현미밥(63),건새우맑은국,오징어채소볶음,채소샐러드(발사믹드레싱),비트초절이,S밤설기,S둥글레차,찰현미밥(63),소고기버섯국,차돌숙주볶음,아욱무침,비트초절이
B소고기볶음밥,B고구마쉐이크,B과일샐러드(요거트드레싱),S멜론(50g),S사과(100g),찰현미밥(55),감자애호박국,참치어묵조림,가지양념찜,비트초절이,S크림떡볶이,S망고주스,잡곡밥(55),유부대파국,두부톳무침,당근참치마요무침,비트초절이
B옥수수버터구이,B(우유제외)수제바나나두유,B복숭아(황도)-60g,S복숭아(60g),S복숭아(천도)-60g,차조밥(55),매콤애호박국,삼치무조림,애호박볶음,석박지,S(우유제외)토마토스파게티,S식혜,새우크림스파게티,동태살무국,두부톳무침,동초무침,석박지
B단호박떡케익,B두유(100ml),B사과(35g),S멜론(50g),S사과(35g),밤밥(63),호박감자수제비국,돈까스,매쉬드포테이토,배추김치,S슈크림빵,S둥글레차,소고기상추비빔밥,유부쑥갓맑은국,동태포전,미역줄기채소볶음,배추김치
B소고기타락죽,B(우유제외)수제바나나두유,B참외(50g),S참외(50g),S복숭아(천도)-60g,흑미밥(55),얼갈이배추국,새우살크림소스볶음,크래미채소볶음,비트초절이,S(우유제외)알리오올리오스파게티,S오미자차,흑미밥(55),동태살무국,두부톳무침,채소샐러드,비트초절이
B참치죽,B고구마쉐이크,B블루베리고구마샐러드,S사과(100g),S멜론(50g),감자밥(55),실파장국,새우살크림소스볶음,애호박볶음,열무물김치,S연두부샐러드(오리엔탈드레싱),S보리차,새우크림스파게티,감자된장국,삼치무조림,해초볶음,열무물김치
B으깬견과류고구마샐러드(요거트),B(우유제외)수제바나나두유,B복숭아(80g),S복숭아(60g),S복숭아(황도)-80g,쌀밥(55),오징어숙주국,새우살크림소스볶음,매콤숙주미나리무침,단배추물김치,S단호박설기,S둥글레차,쌀밥(55),동태맑은국,치즈등심돈까스,매쉬드포테이토,비트초절이
B크로와상(30g),B요구르트,B참외(50g),S멜론(50g),S사과(35g),소고기잡채덮밥,동태살무국,오징어볶음,크래미채소볶음,나박김치,S으깬견과류고구마샐러드(요거트),S보리차,찹쌀현미밥(55),두부새우젓국,온두부찜,맛살볶음,나박김치
B대구채소죽,B두유(100ml),B멜론(50g),S복숭아(60g),S복숭아(천도)-60g,새우크림스파게티,콩가루얼갈이배추국,고구마연근맛탕,진미채초무침,열무물김치,S슈크림빵,S둥글레차,찰현미밥(55),해물탕,소고기떡찜,채소샐러드,열무물김치
B미역죽,B복숭아호두스무디,B사과(35g),S사과(35g),S멜론(50g),율무밥(63),실파장국,수제비샐러드,양배추나물,오이소박이김치,S크림빵,S매실쥬스,하이라이스,유부쑥갓맑은국,조랭이떡소불고기,애호박건새우볶음,오이소박이김치
B감자우유죽,B(우유제외)수제바나나두유,B참외(50g),S사과(100g),S참외(50g),완두콩밥(55),소고기봄동국,가자미유자청구이,채소샐러드,나박김치,S매실젤리,S망고주스,소고기유부초밥,열무된장국,새우채소전,모듬버섯나물,나박김치
B늙은호박죽,B복숭아호두스무디,B복숭아(황도)-60g,S복숭아(천도)-60g,S복숭아(60g),치즈채소볶음밥,대합미역국,삼겹살구이,무미역생채,배추김치,S소보로빵,S보리차,찹쌀밥(55),팽이장국,소고기떡찜,상추배생채,배추김치
B으깬견과류고구마샐러드(요거트),B(우유제외)수제바나나두유,B참외(50g),S블루베리고구마샐러드,S멜론(50g),찰현미밥(63),꼬치어묵국,닭고기냉채,곤드레나물볶음,얼갈이배추김치,S크림떡볶이,S둥글레차,찰현미밥(63),닭곰탕,채소옥수수튀김,건새우애호박볶음,얼갈이배추김치
B양파치즈죽,B(우유제외)두유미숫가루,B복숭아(황도)-60g,S복숭아(황도)-60g,S복숭아(천도)-60g,찹쌀현미밥(55),매콤애호박국,가래떡구이,채소샐러드(발사믹드레싱),나박김치,S(우유제외)알리오올리오스파게티,S오미자차,유부불고기덮밥,소고기양파국,감자부추전,애호박볶음,오이소박이김치
B으깬견과류고구마샐러드(요거트),B(우유제외)고구마쉐이크,B복숭아(천도)-60g,S복숭아(60g),S블루베리고구마샐러드,오징어덮밥,해물탕,새우깐풍기,진미채초무침,비트초절이,S으깬견과류고구마샐러드(요거트),S보리차,완두콩밥(55),근대국,삼치유자청구이,매콤숙주미나리무침,석박지
B근대죽,B고구마쉐이크,B사과(100g),S블루베리(50g),S사과(50g),새우카레볶음밥,콩나물냉국,소고기찹쌀구이,비트무초절임,갓김치,S흑임자떡,S검은깨두유(200ml),차조밥(55),탕국,훈제오리냉채,북어채볶음,갓김치
B단호박스프,B요구르트,B참외(50g),S사과(100g),S복숭아(천도)-60g,잡곡밥(55),유부쑥갓맑은국,등심탕수육+소스,애호박새우젓볶음,배추김치,S(우유제외)알리오올리오스파게티,S보리차,콩국수,동태살무국,매콤오삼불고기,건새우애호박볶음,배추김치
B으깬견과류고구마샐러드(요거트),B두유(100ml),B복숭아(60g),S복숭아(60g),S복숭아(황도)-80g,새우크림스파게티,닭고기채소찌개,고구마연근맛탕,매쉬드포테이토,석박지,S무지개떡,S둥글레차,찰현미밥(55),팽이장국,만두탕수,(고춧가루제외)노각무침,나박김치
B치즈고구마죽,B(우유제외)수제바나나두유,B복숭아(황도)-60g,S단감(50g),S복숭아(백도)-80g,흑미밥(63),소고기양배추국,두부톳무침,모듬쌈,깍두기,S호박죽,S오미자아이스크림,양배추밥+양념장,닭살양파국,김말이튀김,얼갈이나물,깍두기
B으깬견과류고구마샐러드(요거트),B(우유제외)바나나쉐이크,B블루베리고구마샐러드,S복숭아(60g),S복숭아(천도)-60g,흑미밥(55),매콤애호박국,옥수수채소튀김,진미채초무침,열무물김치,S매실젤리,S보리차,새우크림스파게티,애호박맑은국,삼겹살구이,건새우애호박볶음,열무물김치
B마카로니채소샐러드,B두유(100ml),B복숭아(60g),S사과(35g),S멜론(50g),파프리카유부초밥,소고기봄동국,소고기김무침,쌈채소,배추김치,S으깬견과류고구마샐러드(요거트),S(우유제외)수제블루베리우유,밤콩밥(55),팽이장국,단호박튀김,땅콩우엉무침,배추김치
B으깬견과류고구마샐러드(요거트),B(우유제외)고구마쉐이크,B복숭아(80g),S복숭아(천도)-60g,S수박(100g),고구마밥(55),동태살무국,라조기,건새우애호박볶음,나박김치,S크림떡볶이,S보리차,오징어덮밥,호박감자수제비국,채소옥수수튀김,도라지무침,오이소박이김치
B치즈스크램블에그,B검은깨두유(100ml),B복숭아(60g),S참외(50g),S멜론(100g),밤찹쌀팥밥(63),얼갈이맑은국,두부톳무침,곶감감자볶음,단배추물김치,S수제새우과자,S오미자아이스크림,밤찹쌀팥밥(63),감자된장국,칠리새우,느타리버섯무침,비트초절이
B미역죽,B두유(100ml),B복숭아(황도)-60g,S복숭아(60g),S복숭아(황도)-80g,보리밥(63),미니우동,삼치무조림,가지나물무침,열무물김치,S고로케,S둥글레차,새우크림스파게티,늙은호박국,소면채소무침,애호박건새우볶음,갓김치
B참깨스프,B(우유제외)수제바나나두유,B귤(50g),S블루베리(50g),S복숭아(황도)-80g,밤찹쌀팥밥(63),맑은바지락탕,단호박튀김,(우유제외)감자버터구이,동치미,S증편(40g),S코코아,파프리카유부초밥,냉콩나물국,궁중떡볶음,맛살볶음,배추김치
B백설기(80g),B우유미숫가루,B참외(50g),S사과(35g),S멜론(50g),브로콜리채소볶음밥,두부새우젓국,삼겹살구이,건취나물간장볶음,열무물김치,S크림떡볶이,S둥글레차,밤찹쌀팥밥(55),콩가루얼갈이배추국,시금치두부전,진미채초무침,나박김치
B당근죽,B요구르트,B복숭아(황도)-60g,S복숭아(백도)-80g,S복숭아(천도)-60g,찰현미밥(55),소고기무국,소고기양배추조림,얼갈이된장나물,백김치,S찐고구마(80g),S코코아,새우튀김우동,연두부맑은국,삼치양념구이,도토리묵간장무침,석박지
B미역죽,B두유(100ml),B사과(35g),S멜론(50g),S사과(35g),찰현미밥(55),미니우동,새송이버섯전,땅콩우엉무침,단배추물김치,S(우유제외)토마토스파게티,S보리차,검정콩밥(63),차돌얼갈이국,닭살간장조림,동초무침,열무김치
B단호박떡케익,B(우유제외)수제바나나두유,B복숭아(80g),S복숭아(60g),S복숭아(천도)-60g,검정콩밥(63),두부새우젓국,옥수수채소튀김,치즈감자조림,나박김치,S크림떡볶이,S둥글레차,크림소스스파게티,콩가루얼갈이배추국,온두부찜,감자버터구이,비트초절이
B시금치견과류주먹밥,B복숭아호두스무디,B멜론(50g),S멜론(50g),S참외(50g),옥수수밥(63),애호박두부젓국찌개,토마토치즈범벅,미나리무생채,석박지,S시금치견과류주먹밥,S보리차,알리오올리오스파게티,동태살무국,치즈닭갈비,진미채초무침,깍두기
B참깨우유스프,B(우유제외)수제바나나두유,B참외(50g),S복숭아(천도)-60g,S복숭아(60g),찹쌀팥밥(63),우동국물,채소옥수수튀김,곤드레나물볶음,열무물김치,S(우유제외)알리오올리오스파게티,S오미자차,찹쌀팥밥(63),얼갈이배추국,참치어묵조림,건취나물간장볶음,열무물김치
B약과,B(우유제외)고구마쉐이크,B오이스틱,S사과(50g),S사과(35g),밤콩밥(55),어묵탕,쫄면채소무침,곰취나물볶음,배추김치,S(우유제외)버터감자구이,S떠먹는요구르트(100ml),밤콩밥(55),버섯무국,순살닭강정,상추오이무침,비트초절이
B옥수수크림스프,B고구마쉐이크,B블루베리고구마샐러드,S참외(50g),S멜론(50g),잡곡밥(55),실파장국,애호박생선살찜,호박고지나물,동치미,S쿠키,S쌀음료,잡곡밥(55),해물탕,새우깐풍기,진미채초무침,동치미
B소고기미역죽,B(우유제외)수제바나나두유,B참외(50g),S사과(35g),S자두(50g),단호박수제비,온청포묵국,시금치두부전,김구이+양념장,비트초절이,S시금치견과류주먹밥,S보리차,차조밥(55),버섯개장,채소옥수수튀김,얼갈이된장나물,비트초절이
B가래떡구이,B고구마쉐이크,B복숭아(60g),S참외(50g),S멜론(50g),밤콩밥(63),미니우동,두부톳무침,애호박볶음,단배추물김치,S멸치주먹밥,S매실쥬스,새우크림스파게티,늙은호박국,옥수수채소튀김,해초볶음,단배추물김치
B고구마스프,B(우유제외)수제바나나두유,B블루베리고구마샐러드,S복숭아(60g),S사과(35g),검정콩밥(55),콩가루얼갈이배추국,단호박튀김,호박고지나물,나박김치,S약과,S보리차,김치햄볶음밥,해물탕,소고기브로콜리조림,진미채초무침,비트초절이
B잣죽,B고구마쉐이크,B복숭아(황도)-80g,S복숭아(황도)-80g,S땅콩,고구마밥(55),근대국,으깬두부채소전,김구이,열무김치,S절편,S검은깨두유(100ml),고구마밥(55),매생이국,소고기양배추조림,곤드레나물볶음,단무지무침
B채소찐빵,B(우유제외)수제바나나두유,B배(50g),S사과(35g),S멜론(50g),김치햄볶음밥,콩가루얼갈이배추국,삼치무조림,배무생채,석박지,S(우유제외)알리오올리오스파게티,S오미자아이스크림,찹쌀현미밥(55),오징어숙주국,라조기,애호박건새우볶음,단배추물김치
B절편,B고구마쉐이크,B복숭아(황도)-80g,S복숭아(60g),S복숭아(천도)-60g,소고기하이라이스,실파장국,소고기채소조림,애호박볶음,비트초절이,S고로케,S보리차,보리밥(55),유부쑥갓맑은국,온두부찜,동초무침,열무물김치
B옥수수치즈스프,B(우유제외)수제바나나두유,B복숭아(황도)-60g,S멜론(100g),S멜론(50g),알리오올리오스파게티,얼갈이배추국,고구마연근맛탕,매콤숙주미나리무침,배추김치,S으깬견과류고구마샐러드(요거트),S둥글레차,완두콩밥(63),동태살무국,옥수수채소튀김,애호박건새우볶음,총각김치
B(우유제외)당근타락죽,B고구마쉐이크,B복숭아(황도)-80g,S바나나(100g),S복숭아(황도)-80g,훈제오리볶음밥,당근황태국,고등어찹쌀구이,곤드레나물볶음,열무물김치,S치즈케이크,S보리차,고구마밥(55),무채양파국,소고기양배추조림,멸치아몬드볶음,열무물김치
B으깬견과류고구마샐러드(요거트),B(우유제외)고구마쉐이크,B복숭아(60g),S블루베리고구마샐러드,S복숭아(60g),찹쌀팥밥(63),쑥갓어묵탕,청경채불고기,진미채초무침,석박지,S크림떡볶이,S둥글레차,찹쌀팥밥(55),쑥국,연근감자전,애호박새우젓볶음,깍두기
B수제비,B두유(100ml),B멜론(50g),S사과(35g),S땅콩,알리오올리오스파게티,동태살국,라조기,동초무침,단배추물김치,S(우유제외)토마토스파게티,S보리차,보리밥(63),오징어숙주국,새우살조림,미역줄기채소볶음,비트초절이
B모닝빵,B고구마쉐이크,B복숭아(60g),S복숭아(60g),S복숭아(천도)-60g,돼지고기굴소스덮밥,당근황태국,칠리새우,과일샐러드(요거트드레싱),배추김치,S단팥빵,S둥글레차,찹쌀보리밥(55),닭살미역국,매콤오징어볶음,무미역생채,배추김치
B치즈죽,B두유(100ml),B복숭아(황도)-60g,S사과(35g),S멜론(50g),밤찹쌀팥밥(55),팽이장국,소면채소무침,매쉬드포테이토,석박지,S(우유제외)토마토스파게티,S오미자아이스크림,밤찹쌀팥밥(55),떡국,고구마연근맛탕,미역줄기채소볶음,깍두기
B소고기미역죽,B복숭아호두스무디,B참외(50g),S토마토(100g),S당근스틱,팥밥(55),실파장국,시금치두부전,배추게맛살샐러드,나박김치,S가래떡구이,S코코아,팥밥(63),연두부맑은국,(저염)갈치조림,땅콩우엉무침,비트초절이
B크로와상,B요구르트,B당근스틱,S수박화채,B당근스틱,보리밥(55),애호박두부젓국,오징어채소볶음,해초볶음,단배추물김치,S찐고구마,S보리차,보리밥(55),다시마무채국,시금치나물,치즈닭갈비,단배추물김치
B오징어채소죽,B(우유제외)수제바나나두유,B참외(100g),S블루베리고구마샐러드,S멜론(50g),오징어채소덮밥,팽이버섯맑은국,새우살크림소스볶음,매쉬드포테이토,백김치,S슈크림빵,S둥글레차,차조밥(63),동태맑은국,매콤주꾸미볶음,호박고지나물,비트초절이
B(우유제외)당근스프,B요구르트,B블루베리고구마샐러드,S사과(35g),S복숭아(황도)-80g,찹쌀밥(63),애호박두부젓국찌개,맛살꼬지전,건새우애호박볶음,석박지,S(우유제외)알리오올리오스파게티,S보리차,찹쌀밥(63),닭고기채소찌개,햄구이,배추게맛살샐러드,나박김치
B단호박꿀찜,B두유(100ml),B복숭아(황도)-60g,S복숭아(60g),S복숭아(천도)-60g,흑미밥(63),버섯개장,두부채소굴소스볶음,청경채사과무침,배추김치,S크로와상,S고구마쉐이크,알리오올리오스파게티,호박감자수제비국,오리훈제구이,해초볶음,배추김치
B우엉채소볶음밥,B고구마쉐이크,B복숭아(60g),S사과(35g),S참외(50g),새우튀김우동,동태살무국,삼치무조림,건새우애호박볶음,석박지,S냉콩국+소면,S보리차,차조밥(55),매콤애호박국,수제비샐러드,양배추마요무침,오이소박이김치
B약과,B요구르트,B자두(50g),S복숭아(백도)-80g,S아몬드,보리밥(55),콩나물어묵국,매콤오삼불고기,단호박찜,백김치,S검은콩죽,S오미자차,주꾸미미나리볶음밥,건새우시금치국,삼치튀김,얼갈이나물,나박김치
B찐밤,B두유(100ml),B참외(100g),S사과샐러드(마요네즈),S복숭아(황도)-60g,멸치주먹밥,소고기양배추국,소고기동그랑땡전,김구이,석박지,S밤설기,S보리차,흑미밥(55),건새우맑은국,닭다리카레찜,유채나물된장무침,깍두기
B소고기브로콜리죽,B요구르트,B복숭아(황도)-60g,S블루베리고구마샐러드,S복숭아(천도)-60g,우엉소고기볶음밥,얼갈이맑은국,감자치즈전,애호박볶음,비트초절이,S고로케,S오미자차,보리밥(55),동태살무국,오리훈제구이,크래미채소볶음,단배추물김치
B감자된장죽,B(우유제외)수제바나나두유,B블루베리고구마샐러드,S복숭아(60g),S복숭아(황도)-80g,수수밥(63),실파장국,두부채소굴소스볶음,채소샐러드,나박김치,S으깬견과류고구마샐러드(요거트),S둥글레차,새우크림스파게티,감자된장국,새우버터구이,진미채초무침,석박지
B참깨우유스프,B검은깨두유(100ml),B수박(100g),S복숭아(천도)-80g,S복숭아(80g),현미밥(55),늙은호박국,채소옥수수튀김,더덕사과무침,열무물김치,S옥수수버터구이,S오미자차,현미밥(63),애호박새우젓국,옥수수채소전,양배추샐러드(딸기드레싱),깍두기
B소고기감자죽,B(우유제외)수제바나나두유,B복숭아(황도)-60g,S수박화채,S복숭아(천도)-60g,팥밥(55),두부새우젓국,수제비샐러드,매콤숙주미나리무침,배추김치,S꿀떡,S보리차,팥밥(55),동태살무국,두부채소굴소스볶음,배추게맛살샐러드,배추김치
B냉콩국+소면,B두유(100ml),B자두(50g),S복숭아(백도)-80g,S복숭아(60g),밤찹쌀팥밥(63),소고기떡국,옥수수채소튀김,매쉬드포테이토,열무물김치,S단호박샐러드,S둥글레차,밤찹쌀팥밥(63),쑥갓어묵탕,소고기마늘종볶음,애호박볶음,열무물김치
B치즈꼬마김밥,B(우유제외)고구마쉐이크,B복숭아(황도)-60g,S복숭아(백도)-60g,S멜론(100g),해물굴소스볶음밥,애호박두부젓국,오징어초무침,당근스틱,동치미,S매실젤리,S코코아,검정콩밥(63),단호박맑은국,갈치카레튀김,조미김,단무지무침
B오트밀죽,B(우유제외)수제바나나두유,B참외(50g),S멜론(50g),S아몬드,수수밥(63),감자국,주꾸미숙회,맛살양파볶음,배추김치,S새우크림소스볶음,S오미자아이스크림,수수밥(63),맑은미역국,닭고기냉채,우엉채곤약조림,배추김치
B소고기미역죽,B고구마쉐이크,B복숭아(60g),S사과(35g),S감말랭이,소고기볶음밥,콩나물어묵탕,당면김말이튀김,해초볶음,얼갈이배추김치,S(우유제외)버터감자구이,S보리차,옥수수밥(55),버섯무국,참치어묵조림,쌈채소,나박김치
B당근치즈스프,B(우유제외)고구마쉐이크,B참외(50g),S복숭아(60g),S복숭아(황도)-80g,율무밥(63),콩가루얼갈이배추국,고구마연근맛탕,건새우애호박볶음,석박지,S고로케,S오미자차,율무밥(63),탕국,코다리찜,매콤숙주미나리무침,석박지
B으깬견과류고구마샐러드(요거트),B수제바나나우유,B복숭아(황도)-60g,S멜론(100g),S멜론(50g),밤찹쌀팥밥(63),멸치장국,소면채소무침,마늘종잡채,파김치,S크림떡볶이,S둥글레차,하이라이스,소고기숙주국,옥수수치즈전,(우유제외)옥수수버터구이,열무물김치
B미역죽,B토마토쉐이크,B사과(35g),S참외(50g),S멜론(50g),새우크림스파게티,동태살무국,어묵감자조림,애호박볶음,배추김치,S(우유제외)토마토스파게티,S보리차,찹쌀밥(40),유부쑥갓맑은국,물만두,해초볶음,배추김치
B마들렌,B고구마쉐이크,B블루베리고구마샐러드,S복숭아(천도)-60g,S자두(50g),찹쌀현미밥(55),우동국물,주꾸미숙회,건새우애호박볶음,나박김치,S크림떡볶이,S검은콩두유(100ml),김치햄볶음밥,실파장국,연두부찜,감자그라탕,동치미
B시금치견과류주먹밥,B두유(100ml),B멜론(50g),S과일샐러드(요거트드레싱),S복숭아(60g),찹쌀밥(40),닭고기채소찌개,감자치즈전,오이생채,열무물김치,S멸치주먹밥,S둥글레차,크림리조또,두부새우젓국,소면채소무침,해초볶음,비트초절이
B고구마경단,B(우유제외)수제바나나두유,B복숭아(80g),S복숭아(황도)-80g,S블루베리고구마샐러드,찹쌀보리밥(55),당근황태국,주꾸미숙회,감자그라탕,총각김치,S으깬견과류고구마샐러드(요거트),S보리차,김치햄볶음밥,차돌얼갈이국,(저염)갈치조림,모듬쌈,단배추물김치
B소고기미역죽,B토마토쉐이크,B참외(50g),S사과(35g),S멜론(50g),새우크림스파게티,실파장국,삼치무조림,무미역생채,오이소박이김치,S멸치주먹밥,S매실쥬스,찰현미밥(55),팽이장국,가래떡김치전,건새우애호박볶음,배추김치
B당근치즈스프,B(우유제외)수제바나나두유,B사과(35g),S복숭아(천도)-80g,S복숭아(80g),찹쌀팥밥(63),유부쑥갓맑은국,떡갈비간장조림,건취나물간장볶음,나박김치,S찐고구마,S보리차,찹쌀팥밥(63),동태살무국,참치어묵조림,김구이+양념장,비트초절이
B으깬견과류고구마샐러드(요거트),B떠먹는요구르트(100ml),B블루베리고구마샐러드,S복숭아(황도)-80g,S멜론(100g),오징어채소덮밥,동태살국,애호박생선살찜,진미채초무침,석박지,S약과,S둥글레차,찹쌀현미밥(63),해물탕,두부톳무침,새우살채소깨무침,석박지
B우엉채소볶음밥,B고구마쉐이크,B사과(35g),S참외(50g),S사과(35g),현미밥(55),쑥갓어묵탕,(저염)갈치조림,배추게맛살샐러드,나박김치,S멸치주먹밥,S보리차,현미밥(55),버섯개장,으깬두부채소전,해초볶음,비트초절이
B고구마스프,B요구르트,B복숭아(80g),S복숭아(60g),S복숭아(천도)-60g,찰현미밥(55),동태살무국,새우살크림소스볶음,애호박건새우볶음,깍두기,S으깬견과류고구마샐러드(요거트),S둥글레차,찰현미밥(55),해물탕,등심탕수육+소스,매쉬드포테이토,깍두기
B감자우유죽,B검은깨두유(100ml),B복숭아(60g),S복숭아(천도)-80g,S멜론(100g),찹쌀현미밥(63),무채양파국,어묵당근조림,쌈채소,콜라비나박김치,S(우유제외)웨지감자구이,S고구마쉐이크,어묵유부우동,애호박새우젓국,삼치살두부감자조림,치커리배무침,콜라비나박김치
B개피떡(40g),B복숭아호두스무디,B배(50g),S청포도(100g),S토마토(100g),알리오올리오스파게티,닭고기채소찌개,삼겹살구이,건파래자반,배추김치,S멸치주먹밥,S둥글레차,감자밥(63),온청포묵국,소면채소무침,부추사과무침,얼갈이배추김치
B오트밀죽,B고구마쉐이크,B사과(35g),S복숭아(백도)-60g,S사과(35g),현미밥(55),팽이장국,옥수수채소튀김,동초무침,비트초절이,S크림떡볶이,S보리차,하이라이스,실파장국,삼치양념구이,애호박건새우볶음,비트초절이
B찐감자,B(우유제외)수제바나나두유,B복숭아(80g),S복숭아(60g),S복숭아(황도)-80g,현미밥(55),애호박새우젓국,감자부추전,토마토범벅,열무물김치,S프렌치토스트,S둥글레차,새우튀김우동,콩가루얼갈이배추국,옥수수치즈전,매쉬드포테이토,열무물김치
B옥수수버터구이,B고구마쉐이크,B당근스틱,S멜론(100g),S사과(35g),기장밥(55),쑥갓어묵탕,으깬두부채소전,북어채볶음,동치미,S백설기(80g),S유자차,기장밥(55),두부새우젓국,소고기양배추조림,오징어채무침,깍두기
B고구마경단,B(우유제외)수제바나나두유,B복숭아(80g),S복숭아(천도)-60g,S복숭아(60g),팥밥(55),차돌얼갈이국,삼치데리야끼소스튀김,애호박건새우볶음,단배추물김치,S으깬견과류고구마샐러드(요거트),S보리차,오징어채소덮밥,찹쌀옹심이국,가지달걀말이,실곤약채소무침,비트초절이
B으깬견과류고구마샐러드(요거트),B(우유제외)고구마쉐이크,B참외(50g),S블루베리고구마샐러드,S멜론(50g),오징어덮밥,동태살무국,온두부찜,호박고지나물,열무물김치,S매실젤리,S오미자아이스크림,차조밥(55),오징어숙주국,새우깐풍기,진미채초무침,나박김치
B냉콩국+소면,B두유(100ml),B복숭아(황도)-60g,S복숭아(60g),S복숭아(황도)-80g,율무밥(63),실파장국,수제비샐러드,채소샐러드,석박지,S크림떡볶이,S보리차,크림리조또,쑥갓어묵탕,탕평채무침,애호박건새우볶음,깍두기
B감자죽,B떠먹는요구르트(100ml),B배(50g),S멜론(50g),S참외(50g),참나물유부초밥,닭고기채소찌개,메추리알마요네즈샐러드,해초볶음,열무물김치,S떡볶이,S오미자차,잡곡밥(63),온청포묵국,고구마연근맛탕,부추사과무침,단배추물김치
B으깬견과류고구마샐러드(요거트),B(우유제외)고구마쉐이크,B사과(35g),S사과(35g),S블루베리고구마샐러드,고구마밥(63),두부새우젓국,닭고기냉채,사과미나리무침,비트초절이,S슈크림빵,S오미자아이스크림,파프리카유부초밥,동태살무국,참치어묵조림,곤드레나물볶음,배추김치
B파프리카감자크림스프,B복숭아호두스무디,B참외(50g),S복숭아(60g),S복숭아(천도)-60g,충무김밥+반찬,연두부새우탕,수제비샐러드,건새우애호박볶음,석박지,S절편,S오미자차,고구마밥(55),팽이장국,삼겹살구이,건취나물간장볶음,석박지
B으깬견과류고구마샐러드(요거트),B요구르트,B사과(35g),S참외(50g),S멜론(50g),감자밥(63),동태살무국,새우춘권튀김,파프리카양파볶음,배추김치,S해물파전,S오미자아이스크림,감자밥(63),호박감자수제비국,닭가슴살버터구이,과일샐러드(요거트드레싱),배추김치
B맘모스빵,B토마토쉐이크,B복숭아(80g),S사과(35g),S복숭아(황도)-80g,밤밥(63),해물탕,고구마연근맛탕,참치양파볶음,콜라비나박김치,S치즈스틱,S보리차,참치채소비빔밥,근대국,닭살간장조림,매콤숙주미나리무침,나박김치
B약과,B복숭아호두스무디,B복숭아(천도)-80g,S복숭아(60g),S복숭아(천도)-60g,기장밥(55),동태살국,매콤오징어볶음,건파래자반,석박지,S새우크림소스볶음,S둥글레차,오징어칼국수,닭고기채소찌개,두부톳무침,애호박새우젓볶음,깍두기
B크로와상(30g),B고구마쉐이크,B블루베리고구마샐러드,S사과(35g),S멜론(50g),김치햄볶음밥,유부쑥갓맑은국,소고기떡찜,채소샐러드,배추김치,S슈크림빵,S보리차,밤밥(55),동태살무국,주꾸미숙회,마카로니채소샐러드(토마토소스),비트초절이
B찐빵,B(우유제외)바나나쉐이크,B사과샐러드(마요네즈),S참외(50g),S멜론(100g),새우크림스파게티,배추맑은국,북어채소찜,느타리버섯무침,단배추물김치,S단호박꿀찜,S둥글레차,찹쌀밥(40),유부된장국,(우유제외)닭가슴살버터구이,새싹채소샐러드(오리엔탈드레싱),나박김치
B채소전,B(우유제외)수제바나나두유,B복숭아(60g),S복숭아(60g),S복숭아(천도)-60g,새우튀김우동,건새우시금치국,닭살간장조림,과일샐러드(요거트드레싱),비트초절이,S절편,S보리차,감자밥(63),당근황태국,닭채볶음,으깬견과류고구마샐러드(요거트),배추김치
B찐고구마,B복숭아호두스무디,B멜론(50g),S사과(35g),S멜론(50g),검정콩밥(55),닭고기채소찌개,두부톳무침,실곤약간장채소무침,단배추물김치,S멸치주먹밥,S매실쥬스,참나물유부초밥,근대국,오리훈제구이,건파래자반,열무물김치
B당근죽,B두유(100ml),B사과(100g),S블루베리(50g),S참외(50g),밤찹쌀팥밥(63),실파장국,옥수수채소튀김,미역줄기채소볶음,석박지,S카카오올리브케익,S보리차,김치스팸치즈볶음밥,대구지리,닭채볶음,동초무침,석박지
B수제비,B(우유제외)수제바나나두유,B복숭아(황도)-60g,S과일화채,S복숭아(천도)-80g,알리오올리오스파게티,우거지맑은국,모듬버섯탕수,실곤약간장채소무침,열무물김치,S크림떡볶이,S매실쥬스,흑미밥(55),팽이장국,훈제오리냉채,토마토범벅,깍두기
B감자죽,B복숭아호두스무디,B멜론(50g),S복숭아(천도)-60g,S복숭아(80g),수수밥(63),닭고기채소찌개,옥수수치즈전,애호박건새우볶음,비트초절이,S새우크림소스볶음,S둥글레차,수수밥(63),매콤애호박국,매콤주꾸미볶음,매쉬드포테이토,총각김치
B소고기죽,B(우유제외)수제바나나두유,B귤(50g),S사과(50g),S복숭아(백도)-80g,소고기굴소스덮밥,얼갈이맑은국,새우살채소깨무침,무채무침,총각김치,S녹차밤양갱,S떠먹는요구르트(100ml),잡곡밥(55),버섯무국,소고기장똑똑이,머위나물,총각김치
B(우유제외)감자두유죽,B떠먹는요구르트(100ml),B배(50g),S과일화채,S멜론(50g),볶음우동,묵국,돼지고기부추잡채,진미채초무침,열무물김치,S(우유제외)토마토스파게티,S보리차,보리밥(63),유부실파국,가지구이,명엽채볶음,비트초절이
B당근크림스프,B두유(200ml),B복숭아(60g),S복숭아(황도)-60g,S포도(100g),밤찹쌀팥밥(55),감자호박국,채소비빔소면,곶감감자볶음,배추김치,S(우유제외)버터감자구이,S(우유제외)고구마쉐이크,게살볶음밥,버섯무국,두부톳무침,채소샐러드,배추김치
B양배추새우죽,B고구마쉐이크,B거봉(100g),S자두(50g),S사과(100g),찹쌀팥밥(55),애호박새우젓국,두부데리야끼소스구이,파래무침,총각김치,S증편,S오미자아이스크림,콩나물무밥,다시마양파국,코다리양념찜,고구마순나물,총각김치
B두부,B두유(150ml),B참외(100g),S멜론퓨레,S멜론(100g),밤찹쌀팥밥(55),당근황태국,삼치무조림,오이스틱,깻잎김치,S밤설기,S호두우유,유부초밥,무채양파국,훈제오리냉채,(우유제외)감자버터구이,단무지
B브로콜리크림스프,B(우유제외)호두두유,B포도(100g),S(우유제외)과일화채,S아몬드,잡곡밥(63),유부대파국,오징어불고기,땅콩조림,깍두기,S절편(40g),S코코아,잡곡밥(63),무채된장국,훈제오리냉채,표고버섯당근볶음,파김치
B크로와상,B고구마쉐이크,B수박(100g),S참외(100g),S방울토마토(70g),검정콩밥(55),다슬기된장국,오리훈제구이,곤드레나물볶음,단무지,S단호박샐러드,S둥글레차,검정콩밥(55),배추당면국,갈치구이,과일샐러드(요거트드레싱),오이소박이김치
B새우크림소스볶음,B검은깨두유(100ml),B사과(35g),S사과(35g),S멜론(50g),찰현미밥(55),찹쌀옹심이국,옥수수채소튀김,애호박건새우볶음,콜라비나박김치,S단호박떡케익,S보리차,유부우동,실파장국,물만두,(고춧가루제외)노각무침,콜라비나박김치
B으깬견과류고구마샐러드(요거트),B(우유제외)수제바나나두유,B블루베리고구마샐러드,S복숭아(천도)-60g,S복숭아(60g),잡곡밥(55),두부새우젓국,매콤낙지채소볶음,애호박볶음,석박지,S으깬견과류고구마샐러드(요거트),S오미자아이스크림,잡곡밥(55),얼갈이맑은국,북어볶음,채소샐러드,석박지
B감자죽,B복숭아호두스무디,B복숭아(80g),S사과(35g),S멜론(50g),새우크림스파게티,동태살무국,애호박생선살찜,진미채초무침,콜라비나박김치,S(우유제외)토마토스파게티,S보리차,고구마밥(55),팽이장국,옥수수치즈전,매콤숙주미나리무침,나박김치
B버섯장국죽,B두유(100ml),B참외(50g),S복숭아(천도)-60g,S복숭아(60g),(우유제외)장조림버터비빔밥,유부쑥갓맑은국,시금치두부전,동초무침,비트초절이,S찐고구마(80g),S복숭아호두스무디,흑미밥(63),실파장국,삼치무조림,무미역생채,비트초절이
B(우유제외)당근스프,B고구마쉐이크,B복숭아(60g),S사과(35g),S멜론(50g),찰현미밥(63),매콤애호박국,새우깐풍기,고구마줄기볶음,나박김치,S(우유제외)알리오올리오스파게티,S매실쥬스,찰현미밥(63),애호박맑은국,소고기채소조림,애호박볶음,나박김치
B찐빵,B복숭아호두스무디,B사과(35g),S블루베리(50g),S복숭아(천도)-60g,콩나물무밥+양념장,호박감자수제비국,돼지고기씻은김치볶음,땅콩우엉무침,단배추물김치,S가래떡구이,S보리차,감자밥(55),팽이장국,참치어묵조림,동초무침,단배추물김치
B찐고구마,B두유(100ml),B멜론(50g),S멜론(50g),S사과(35g),새우크림스파게티,쑥갓어묵탕,모듬버섯탕수,애호박건새우볶음,비트초절이,S(우유제외)토마토스파게티,S둥글레차,현미밥(55),쑥갓어묵국,삼겹살구이,과일샐러드(요거트드레싱),석박지
B당근스프,B두유(150ml),B사과(100g),S복숭아(황도)-80g,S참외(100g),새우카레볶음밥,두부새우젓국,닭다리살채소볶음,마늘종볶음,깍두기,S(우유제외)버터감자구이,S검은깨두유(100ml),수수밥(63),애호박맑은국,온두부찜,연근사과샐러드,단배추물김치
B쑥떡,B요구르트,B방울토마토(35g),S복숭아(60g),S사과(35g),흑미밥(55),맑은장국,삼겹살구이,매쉬드포테이토,오이소박이김치,S슈크림빵,S보리차,흑미밥(55),차돌얼갈이국,씻은김치전,동초무침,열무김치
B대추우유스프,B두유(100ml),B복숭아(황도)-80g,S참외(50g),S멜론(50g),흑미밥(55),콩나물무국,치즈등심돈까스,건취나물볶음,단무지,S쑥떡,S둥글레차,흑미밥(63),연두부달걀탕,으깬두부채소전,건취나물간장볶음,비트초절이
B마들렌,B요구르트,B참외(50g),S복숭아(천도)-80g,S복숭아(80g),파프리카유부초밥,호박감자수제비국,소고기브로콜리조림,도라지무침,배추김치,S으깬견과류고구마샐러드(요거트),S오미자차,율무밥(63),오징어숙주국,닭살간장조림,얼갈이나물,배추김치
B으깬견과류고구마샐러드(요거트),B(우유제외)수제바나나두유,B블루베리고구마샐러드,S멜론(50g),S과일화채,잡곡밥(55),두부새우젓국,참치어묵조림,애호박볶음,오이소박이김치,S약과,S보리차,잡곡밥(55),동태살무국,라조기,채소샐러드,오이소박이김치
B밤설기(40g),B두유(100ml),B과일샐러드(마요네즈),S(우유제외)과일화채,S방울토마토(70g),완두콩밥(55),(소고기제외)당면양배추국,소고기감자조림,(저염·저당)우엉조림,단배추물김치,S쌀과자,S코코아,새우크림스파게티,애호박새우젓국찌개,가래떡구이,고구마줄기볶음,비트초절이
B양파치즈죽,B고구마쉐이크,B참외(50g),S사과(35g),S참외(50g),흑미밥(63),동태살무국,감자부추전,건취나물간장볶음,오이소박이김치,S멸치주먹밥,S보리차,크림리조또,팽이장국,온두부찜,건새우애호박볶음,배추김치
B으깬견과류고구마샐러드(요거트),B요구르트,B블루베리고구마샐러드,S멜론(50g),S복숭아(천도)-80g,소고기볶음밥,동태살국,참치어묵조림,모듬과일샐러드,얼갈이배추김치,S(우유제외)토마토스파게티,S매실쥬스,옥수수밥(63),유부김치국,닭감자조림,진미채초무침,얼갈이배추김치
B미역죽,B복숭아호두스무디,B멜론(50g),S사과(35g),S참외(50g),쌀밥(63),닭고기채소찌개,소고기채소조림,건새우애호박볶음,열무물김치,S단호박설기,S보리차,쌀밥(40),해물탕,옥수수채소튀김,매쉬드포테이토,나박김치
B감자우유죽,B(우유제외)수제바나나두유,B사과(100g),S포도(100g),S블루베리(50g),감자수제비,느타리배추국,새우살케첩볶음,맛살볶음,비트초절이,S증편(40g),S오미자아이스크림,잡곡밥(55),쑥갓어묵탕,다시마튀김,(우유제외)감자버터구이,비트초절이
B소고기미역죽,B고구마쉐이크,B복숭아(60g),S복숭아(천도)-60g,S멜론(50g),수수밥(55),근대국,생선살탕수,해초볶음,열무물김치,S(우유제외)버터감자구이,S보리차,소고기볶음밥,미니해물칼국수,오징어간장조림,모듬채소,나박김치
B으깬견과류고구마샐러드(요거트),B요구르트,B블루베리고구마샐러드,S사과(35g),S청포도(100g),잡곡밥(55),차돌얼갈이국,옥수수채소튀김,애호박볶음,비트초절이,S(우유제외)옥수수버터구이,S오미자차,크림소스스파게티,쑥갓어묵탕,소고기채소조림,감자당근채볶음,비트초절이
B단호박꿀찜,B(우유제외)고구마쉐이크,B참외(50g),S오이스틱,S사과(100g),흑미밥(55),감자된장국,닭다리살튀김,새우청경채볶음,나박김치,S크로와상(30g),S고구마쉐이크,콩나물밥,소고기봄동국,동태포전,건새우견과류볶음,석박지
B누룽지죽,B두유(100ml),B복숭아(황도)-60g,S복숭아(60g),S멜론(50g),잡곡밥(63),미니우동,감자그라탕,애호박볶음,단배추물김치,S단팥빵,S보리차,새우크림스파게티,늙은호박국,어묵감자조림,가지나물무침,열무물김치
B당근크림스프,B(우유제외)고구마쉐이크,B복숭아(60g),S복숭아(황도)-80g,S블루베리고구마샐러드,파프리카유부초밥,실파장국,소고기브로콜리조림,애호박새우젓볶음,석박지,S으깬견과류고구마샐러드(요거트),S둥글레차,잡곡밥(63),동태살국,참치어묵조림,(우유제외)감자버터구이,석박지
B밤설기(40g),B우유(200ml),B복숭아(황도)-60g,S사과(35g),S멜론(50g),옥수수밥(55),차돌얼갈이국,조랭이떡소불고기,토마토범벅,오이소박이김치,S고로케,S보리차,옥수수밥(55),미니우동,모듬버섯탕수,실곤약간장채소무침,단배추물김치
B고구마경단,B검은깨두유(200ml),B배(50g),S사과(50g),S블루베리고구마샐러드,쌀밥(55),단호박맑은국,삼치데리야끼소스튀김,매쉬드포테이토,나박김치,S슈크림빵,S베지밀,쌀밥(55),콩가루얼갈이배추국,(저염)닭가슴살단호박조림,과일샐러드(요거트드레싱),나박김치
B(우유제외)당근스프,B고구마쉐이크,B참외(100g),S사과(35g),S멜론(50g),차조밥(63),실파장국,동태포전,오이생채,동치미,S시금치견과류주먹밥,S보리차,차조밥(63),온도토리묵국,두부채소굴소스볶음,해초볶음,동치미
B으깬견과류고구마샐러드(요거트),B(우유제외)수제바나나두유,B참외(50g),S복숭아(천도)-60g,S복숭아(60g),돼지고기양배추덮밥,찹쌀옹심이국,온두부찜,건새우애호박볶음,나박김치,S크림떡볶이,S둥글레차,검정콩밥(63),동태살무국,삼치단호박조림,채소샐러드,비트초절이
B흰죽,B두유(100ml),B과일샐러드,S멜론(50g),S사과(35g),율무밥(55),얼갈이맑은국,소고기파채볶음,브로콜리초무침,단무지무침,S개피떡(40g),S(우유제외)수제블루베리우유,해물굴소스볶음밥,안매운닭개장,고등어구이,(우유제외)단호박두유찜,배추김치
B삶은감자,B검은깨두유(200ml),B배(50g),S블루베리(50g),S멜론(50g),보리밥(63),연두부달걀탕,(저염)갈치조림,(우유제외)감자버터구이,열무김치,S증편(40g),S오미자아이스크림,과일카레라이스,애호박새우젓국,(저염·저당)찜닭,참치애호박볶음,단무지
B치즈스틱,B(우유제외)두유미숫가루,B당근스틱,S복숭아(천도)-60g,S사과(35g),오징어덮밥,팽이장국,북어채소찜,마카로니채소샐러드(토마토소스),비트초절이,S멸치주먹밥,S유자차,밤콩밥(55),(저염)닭곰탕,고구마연근맛탕,미니새송이볶음,배추김치
B브로콜리소고기죽,B두유(100ml),B복숭아(황도)-60g,S수박(100g),S복숭아(황도)-80g,고구마밥(63),건새우맑은국,양파어묵전,양상추요거트샐러드,나박김치,S으깬견과류고구마샐러드(요거트),S(우유제외)바나나쉐이크,알리오올리오스파게티,콩가루얼갈이배추국,옥수수채소튀김,매콤숙주미나리무침,나박김치
B으깬견과류고구마샐러드(요거트),B고구마쉐이크,B블루베리고구마샐러드,S복숭아(60g),S복숭아(천도)-60g,찹쌀보리밥(63),애호박양파국,오리훈제구이,건새우애호박볶음,깍두기,S크림떡볶이,S매실쥬스,김치스팸치즈볶음밥,실파장국,당면김말이튀김,고구마줄기볶음,깍두기
B개피떡,B복숭아호두스무디,B멜론(50g),S멜론(50g),S사과(100g),밤밥(55),동태살국,닭가슴살사과무침,건취나물간장볶음,나박김치,S(우유제외)토마토스파게티,S보리차,새우크림스파게티,콩가루얼갈이배추국,매콤오징어볶음,건파래자반,비트초절이
B치즈죽,B고구마쉐이크,B복숭아(60g),S복숭아(60g),S복숭아(천도)-60g,김치참치볶음밥,동태살무국,오징어치즈전,애호박볶음,오이소박이김치,S단팥빵,S매실쥬스,밤밥(55),안매운닭개장,으깬두부채소전,사과미나리무침,석박지
B냉콩국+소면,B두유(100ml),B복숭아(황도)-60g,S사과(35g),S멜론(50g),기장밥(63),매콤애호박국,떡범벅,동초무침,배추김치,S(우유제외)토마토스파게티,S보리차,알리오올리오스파게티,오징어숙주국,칠리새우,배추된장무침,비트초절이
B우엉채소볶음밥,B복숭아호두스무디,B멜론(50g),S복숭아(천도)-60g,S복숭아(60g),참치가지볶음밥,호박감자수제비국,감자그라탕,가지무침,오이소박이김치,S떡볶이,S둥글레차,완두콩밥(55),동태살무국,오징어단무지무침,매콤숙주미나리무침,오이소박이김치
B해물죽,B고구마쉐이크,B블루베리고구마샐러드,S사과(35g),S사과샐러드(마요네즈),잡곡밥(55),대구지리,새우살채소볶음,건취나물간장볶음,열무물김치,S멸치주먹밥,S매실쥬스,잡곡밥(63),팽이장국,주꾸미채소간장볶음,진미채초무침,비트초절이
B참치죽,B두유(100ml),B복숭아(황도)-60g,S복숭아(60g),S복숭아(황도)-80g,깍두기치즈볶음밥,차돌얼갈이국,으깬두부채소전,가지양념무침,단배추물김치,S으깬견과류고구마샐러드(요거트),S보리차,쌀밥(63),미니우동,옥수수채소튀김,애호박볶음,갓김치
B브로콜리크림스프,B고구마쉐이크,B복숭아(60g),S멜론(50g),S사과(35g),고구마밥(55),(저염)닭곰탕,고구마연근맛탕,건새우애호박볶음,열무물김치,S슈크림빵,S검은깨두유(200ml),고구마밥(55),떡국,참치어묵조림,곤드레나물볶음,열무물김치
B감자된장죽,B(우유제외)수제바나나두유,B참외(100g),S참외(50g),S(우유제외)과일화채,해물버섯덮밥,애호박맑은국,소고기곤약조림,동초무침,열무김치,S증편(40g),S오미자차,율무밥(63),유부대파국,오징어불고기,상추초무침,배추김치
B소고기스프,B두유(100ml),B배(50g),S멜론(50g),S블루베리고구마샐러드,찹쌀밥(40),호박감자수제비국,김치전,채소샐러드,열무물김치,S슈크림빵,S(우유제외)수제블루베리우유,알리오올리오스파게티,동태살무국,닭고기냉채,진미채초무침,나박김치
B소고기미역죽,B(우유제외)수제바나나두유,B바나나(100g),S참외샐러드,S땅콩,쌀밥(40),버섯개장,(우유제외)새우버터구이,양배추마요무침,비트초절이,S크림떡볶이,S보리차,쌀밥(40),우렁이된장찌개,오징어링튀김,단호박찜,비트초절이
B찹쌀도너츠,B검은콩두유(100ml),B복숭아(60g),S바나나(100g),S복숭아(황도)-80g,해물버섯덮밥,(소고기제외)당면양배추국,오징어불고기,사과미나리무침,나박김치,S증편(40g),S오미자아이스크림,밤밥(55),다슬기된장국,가자미살구이,모듬과일샐러드,나박김치
B옥수수치즈스프,B(우유제외)수제바나나두유,B복숭아(황도)-60g,S복숭아(백도)-60g,S멜론(100g),찹쌀보리밥(63),애호박두부젓국,삼치양념구이,버섯채소볶음,단무지무침,S백설기(80g),S레몬주스,소고기카레라이스,숙주미소장국,감자그라탕,오징어실채무침,석박지
B새우크림소스볶음,B복숭아호두스무디,B복숭아(80g),S참외(50g),S복숭아(천도)-60g,완두콩밥(55),애호박새우젓국,토마토카프레제,(우유제외)감자버터구이,배추김치,S연두부,S보리차,과일카레라이스,찹쌀옹심이국,닭가슴살사과무침,북어채볶음,배추김치
B감자된장죽,B우유(200ml),B당근스틱,S복숭아(황도)-80g,S멜론(100g),들깨수제비,유부김치국,뱅어포간장조림,곤드레나물볶음,단배추물김치,S밤설기,S(우유제외)두유미숫가루,차조밥(55),숙주미소장국,훈제오리냉채,치커리겉절이,단배추물김치
B새우튀김,B(우유제외)수제바나나두유,B복숭아(60g),S블루베리(50g),S사과(50g),현미밥(55),호박감자수제비국,삼치구이,파프리카양파볶음,오이소박이김치,S단팥빵,S오미자아이스크림,현미밥(55),건새우시금치국,오징어초무침,사과미나리무침,오이소박이김치
B으깬견과류고구마샐러드(요거트),B(우유제외)바나나쉐이크,B복숭아(천도)-60g,S복숭아(60g),S복숭아(천도)-60g,김치햄볶음밥,차돌얼갈이국,(저염)닭가슴살데리야끼조림,건새우애호박볶음,열무물김치,S크림떡볶이,S미숫가루,찹쌀현미밥(55),실파장국,옥수수채소튀김,맛살양상추샐러드,나박김치
B소고기브로콜리죽,B고구마쉐이크,B복숭아(황도)-60g,S사과(35g),S멜론(50g),찹쌀보리밥(55),매콤애호박국,감자부추전,크래미채소볶음,배추김치,S(우유제외)알리오올리오스파게티,S둥글레차,크림소스스파게티,동태살무국,채소옥수수튀김,애호박볶음,비트초절이
B애플파이,B떠먹는요구르트(100ml),B복숭아(60g),S배(50g),S복숭아(천도)-60g,해물우동볶음,호박감자수제비국,떡갈비간장조림,가지양념찜,나박김치,S(우유제외)토마토스파게티,S보리차,찹쌀팥밥(55),유부쑥갓맑은국,매콤오징어볶음,과일샐러드(요거트드레싱),오이소박이김치
B으깬견과류고구마샐러드(요거트),B(우유제외)수제바나나두유,B복숭아(천도)-60g,S멜론(50g),S복숭아(60g),닭칼국수,애호박두부젓국찌개,소고기채소조림,건새우애호박볶음,깍두기,S고로케,S둥글레차,완두콩밥(63),차돌얼갈이국,옥수수채소튀김,매쉬드포테이토,깍두기
B소고기채소죽,B고구마쉐이크,B방울토마토(35g),S참외(50g),S사과(100g),밤콩밥(55),팽이장국,고구마연근맛탕,오이샐러드,배추김치,S크로와상(30g),S고구마쉐이크,밤콩밥(55),소고기봄동국,오징어무침,쌈채소,배추김치
B옥수수타락죽,B(우유제외)수제바나나두유,B사과(50g),S사과(35g),S멜론(50g),소고기무밥+양념장,얼갈이맑은국,오징어채소볶음,매쉬드포테이토,열무물김치,S으깬견과류고구마샐러드(요거트),S코코아,잡곡밥(55),콩가루얼갈이배추국,매콤오징어볶음,해초볶음,나박김치
B(우유제외)당근스프,B(우유제외)바나나쉐이크,B멜론퓨레,S포도(100g),S블루베리(50g),찹쌀밥(40),두부새우젓국,맛살꼬지전,(우유제외)감자버터구이,배추김치,S카카오올리브케익,S보리차,찹쌀밥(63),느타리배추국,새우살케첩볶음,맛살볶음,열무김치
B절편,B(우유제외)수제바나나두유,B복숭아(80g),S복숭아(60g),S복숭아(황도)-80g,참나물유부초밥,차돌얼갈이국,훈제오리무침,동초무침,단배추물김치,S단팥빵,S둥글레차,찰현미밥(55),닭고기채소찌개,새송이버섯전,실곤약간장채소무침,단배추물김치
B으깬견과류고구마샐러드(요거트),B두유(100ml),B멜론(50g),S블루베리고구마샐러드,S멜론(50g),옥수수밥(55),동태살국,(저염)닭가슴살단호박조림,매쉬드포테이토,나박김치,S(우유제외)알리오올리오스파게티,S코코아,오징어채소덮밥,해물탕,매콤주꾸미볶음,다시마북어볶음,비트초절이
B닭백숙,B요구르트,B오이당근스틱,S복숭아(천도)-60g,S푸실리샐러드,일본식소고기덮밥(규동),매콤애호박국,오징어치즈전,들깨열무볶음,배추김치,S으깬견과류고구마샐러드(요거트),S식혜,잡곡밥(63),황태미역국,가지구이,진미채초무침,배추김치
B감자죽,B검은깨두유(100ml),B복숭아(60g),S복숭아(60g),S복숭아(황도)-80g,잡곡밥(63),닭고기채소찌개,수제비샐러드,건새우애호박볶음,나박김치,S떡볶이,S오미자아이스크림,감자수제비,애호박두부젓국찌개,조랭이떡소불고기,배추게맛살샐러드,나박김치
B으깬견과류고구마샐러드(요거트),B두유(150ml),B블루베리고구마샐러드,S블루베리고구마샐러드,S멜론(100g),오징어채소덮밥,미역냉국,치즈등심돈까스,애호박볶음,열무물김치,S단호박샐러드(마요네즈),S둥글레차,찹쌀보리밥(55),매콤콩나물국,새우버터구이,참치피망볶음,비트초절이
B꿀떡,B(우유제외)수제바나나두유,B복숭아(60g),S복숭아(천도)-60g,S복숭아(60g),새우크림스파게티,닭고기채소찌개,시금치두부전,단배추나물,석박지,S쌀과자,S보리차,밤밥(55),애호박두부젓국찌개,수제비샐러드,배추게맛살샐러드,석박지
B꿀호떡,B(우유제외)고구마쉐이크,B복숭아(천도)-60g,S사과(50g),S멜론(50g),흑미밥(63),얼갈이배추국,연근감자전,매콤숙주미나리무침,배추김치,S매실젤리,S오미자아이스크림,소고기하이라이스,호박감자수제비국,유부맛살숙주무침,상추오이무침,배추김치
B치즈,B요구르트,B블루베리고구마샐러드,S복숭아(60g),S사과(35g),밤찹쌀팥밥(55),묵국,옥수수채소튀김,당근스틱,열무물김치,S크로와상,S보리차,밤찹쌀팥밥(55),실파달걀국,오색묵무침,파래무침,나박김치
B냉콩국+소면,B두유(100ml),B멜론(50g),S블루베리고구마샐러드,S멜론(50g),쌀밥(40),해물탕,으깬두부채소전,애호박볶음,석박지,S(우유제외)토마토스파게티,S매실쥬스,쌀밥(40),어묵국수,애호박생선살찜,진미채초무침,석박지
B밤설기(40g),B요구르트,B사과(35g),S복숭아(60g),S복숭아(황도)-80g,새우크림스파게티,동태살국,오징어간장조림,건파래무침,열무물김치,S냉콩국+소면,S보리차,밤찹쌀팥밥(55),애호박두부젓국찌개,해물우동숙주볶음,감자당근채볶음,나박김치
B영양닭죽,B우유(200ml),B참외샐러드,S멜론(50g),S복숭아(황도)-60g,밤찹쌀팥밥(55),유부대파국,북어채소찜,(우유제외)감자버터구이,단무지무침,S절편(40g),S코코아,백김치볶음밥,냉콩나물국,(우유제외)닭가슴살버터구이,새싹채소샐러드,깻잎김치
B닭가슴살채소죽,B고구마쉐이크,B멜론(50g),S사과(35g),S참외(50g),밤찹쌀팥밥(55),동태살국,소고기동그랑땡전,감자버터구이,단배추물김치,S닭가슴살채소죽,S둥글레차,밤찹쌀팥밥(55),두부새우젓국,새우살조림,미역줄기채소볶음,단배추물김치
B가래떡구이,B요구르트,B복숭아(황도)-80g,S복숭아(천도)-80g,S복숭아(80g),옥수수밥(55),동태살무국,으깬두부채소전,애호박볶음,깍두기,S(우유제외)토마토스파게티,S오미자아이스크림,옥수수밥(55),해물탕,맛살꼬지전,건새우애호박볶음,깍두기
B애플파이,B콩두유,B복숭아(80g),S사과(50g),S복숭아(황도)-60g,표고버섯콩나물밥,당근황태국,순살닭볶음탕,모듬과일샐러드,배추김치,S약식,S보리차,보리밥(55),건새우맑은국,궁중떡볶음,유채나물된장무침,배추김치
B시금치스크램블에그,B고구마쉐이크,B참외(100g),S복숭아(황도)-80g,S참외(100g),찹쌀현미밥(55),연두부맑은국,매콤오징어볶음,(저염)감자조림,깍두기,S백설기(80g),S검은콩두유(200ml),찹쌀현미밥(55),유부대파국,(저염)갈치조림,채소샐러드,깍두기
B영양주먹밥,B요구르트,B오렌지(50g),S사과(35g),S복숭아(황도)-60g,찹쌀현미밥(55),소고기버섯국,삼치튀김,(고춧가루제외)노각무침,석박지,S밤설기,S보리차,새우크림스파게티,건새우맑은국,매콤오삼불고기,배추된장무침,석박지
B모닝빵,B(우유제외)수제바나나두유,B복숭아(황도)-60g,S블루베리고구마샐러드,S복숭아(천도)-60g,쌀밥(63),얼갈이배추국,김치전,매콤숙주미나리무침,비트초절이,S고로케,S오미자아이스크림,쌀밥(40),매콤애호박국,오리훈제구이,건새우애호박볶음,콜라비나박김치
B새우크림소스볶음,B복숭아호두스무디,B복숭아(80g),S복숭아(60g),S복숭아(황도)-60g,현미밥(63),감자옹심이국,애호박생선살찜,모듬쌈,단배추물김치,S(우유제외)토마토스파게티,S둥글레차,현미밥(63),미니우동,오징어채소볶음,참치양파볶음,열무물김치
B으깬견과류고구마샐러드(요거트),B고구마쉐이크,B복숭아(황도)-80g,S멜론(50g),S복숭아(황도)-80g,김치참치볶음밥,쑥갓어묵탕,옥수수채소튀김,애호박볶음,깍두기,S고로케,S보리차,흑미밥(63),동태살국,오리훈제구이,고구마우유조림,깍두기
B소고기스프,B고구마쉐이크,B참외(100g),S복숭아(천도)-80g,S복숭아(백도)-80g,주꾸미부추볶음밥,소고기양파국,매콤오징어볶음,다시마북어볶음,배추김치,S바람떡,S보리차,완두콩밥(63),콩나물어묵탕,삼치튀김,얼갈이된장나물,배추김치
B크로와상(30g),B요구르트,B(우유제외)블루베리고구마샐러드,S멜론(50g),S과일화채,고구마밥(63),무채국,참치어묵조림,배추게맛살샐러드,나박김치,S시금치견과류주먹밥,S둥글레차,고구마밥(63),온도토리묵국,시금치두부전,매콤숙주미나리무침,비트초절이
B으깬견과류고구마샐러드(요거트),B(우유제외)수제바나나두유,B멜론(100g),S블루베리고구마샐러드,S복숭아(천도)-80g,크림리조또,매콤애호박국,채소옥수수튀김,크래미채소볶음,배추김치,S으깬견과류고구마샐러드(요거트),S보리차,밤찹쌀팥밥(63),동태살무국,코다리양념조림,건새우애호박볶음,석박지
B우유크림스프,B(우유제외)수제바나나두유,B사과(35g),S청포도(100g),S멜론(100g),완두콩밥(63),우동국물,옥수수채소튀김,땅콩우엉조림,비트초절이,S멸치주먹밥,S매실쥬스,완두콩밥(55),닭고기채소찌개,고구마연근맛탕,무미역생채,비트초절이
B새우채소죽,B바나나쉐이크,B복숭아(황도)-80g,S복숭아(백도)-80g,S복숭아(천도)-60g,검정콩밥(55),쑥갓어묵국,라조기,노각무침,배추김치,S(우유제외)토마토스파게티,S보리차,검정콩밥(55),쑥갓어묵탕,차돌양배추볶음,가지양념무침,배추김치
B수제비,B(우유제외)수제바나나두유,B복숭아(60g),S참외(50g),S사과(35g),차조밥(63),차돌얼갈이국,소고기채소조림,채소샐러드,열무물김치,S크림떡볶이,S둥글레차,차조밥(55),콩가루얼갈이배추국,옥수수채소튀김,해초볶음,나박김치
B으깬견과류고구마샐러드(요거트),B수제바나나우유,B복숭아(황도)-80g,S복숭아(60g),S복숭아(천도)-60g,김치햄볶음밥,쑥갓어묵탕,오징어간장조림,감자당근채볶음,석박지,S(우유제외)토마토스파게티,S코코아,찹쌀팥밥(55),(저염)닭곰탕,삼치구이,감자채파프리카볶음,석박지
B(우유제외)당근스프,B요구르트,B바나나(100g),S오이스틱,S사과(100g),차조밥(55),목살김치국,주꾸미채소간장볶음,건새우애호박볶음,나박김치,S단팥빵,S보리차,오징어덮밥,어묵국수,닭가슴살고구마볶음,과일샐러드(요거트드레싱),비트초절이
B소고기미역죽,B고구마쉐이크,B복숭아(천도)-60g,S복숭아(백도)-60g,S복숭아(천도)-60g,차조밥(55),콩가루얼갈이배추국,어묵감자조림,다시마북어볶음,열무김치,S크림떡볶이,S둥글레차,차조밥(55),팽이장국,옥수수채소튀김,애호박볶음,열무김치
B밤설기(40g),B요구르트,B복숭아(60g),S복숭아(60g),S복숭아(천도)-60g,새우크림스파게티,팽이장국,닭가슴살사과무침,파래무침,나박김치,S(우유제외)토마토스파게티,S복숭아호두스무디,고구마밥(55),매콤애호박국,참치어묵조림,애호박볶음,배추김치
B으깬견과류고구마샐러드(요거트),B고구마쉐이크,B블루베리고구마샐러드,S사과(35g),S멜론(50g),팥밥(55),건새우근대국,매콤낙지채소볶음,진미채초무침,열무물김치,S슈크림빵,S둥글레차,팥밥(55),소갈비탕,치즈등심돈까스,곤드레나물볶음,열무물김치
B소고기채소죽,B떠먹는요구르트(100ml),B바나나(50g),S자두(50g),S멜론퓨레,잡곡밥(55),순한고추장찌개,멸치땅콩볶음,동초무침,갓김치,S절편,S매실주스,잡곡밥(55),유부된장국,양파튀김,쌈채소,배추김치
B약과,B(우유제외)수제바나나두유,B배(50g),S사과(35g),S멜론(50g),소고기무밥+양념장,묵국,매콤주꾸미볶음,매쉬드포테이토,열무물김치,S으깬견과류고구마샐러드(요거트),S매실차,율무밥(55),콩가루얼갈이배추국,닭다리살소스조림,맛살양상추샐러드,나박김치
B누룽지죽,B고구마쉐이크,B복숭아(60g),S복숭아(천도)-80g,S복숭아(80g),흑미밥(63),매콤애호박국,두부참치샐러드(유자청드레싱),건새우애호박볶음,석박지,S(우유제외)토마토스파게티,S오미자아이스크림,온메밀국수,팽이장국,돼지고기굴소스볶음,애호박볶음,석박지
B(우유제외)당근스프,B고구마쉐이크,B블루베리고구마샐러드,S사과(100g),S복숭아(천도)-60g,현미밥(55),대구지리,미역귀튀각,무채무침,비트초절이,S크랜베리찹쌀케이크,S망고주스,현미밥(55),버섯무국,소고기부추볶음,크래미숙주나물무침,배추김치
B소고기미역죽,B복숭아호두스무디,B참외(50g),S사과(100g),S복숭아(천도)-60g,김치치즈볶음밥,팽이장국,소고기마늘종볶음,건새우애호박볶음,나박김치,S(우유제외)토마토스파게티,S보리차,고구마밥(63),실파장국,수제비샐러드,매콤숙주미나리무침,석박지
B으깬견과류고구마샐러드(요거트),B(우유제외)수제바나나두유,B참외(50g),S멜론(50g),S블루베리고구마샐러드,오징어덮밥,얼갈이배추국,가지구이,뱅어포볶음,비트초절이,S카카오올리브케익,S둥글레차,검정콩밥(63),단호박맑은국,새우깐풍기,진미채초무침,배추김치
B옥수수크림스프,B(우유제외)고구마쉐이크,B참외(50g),S바나나(100g),S복숭아(황도)-80g,잡곡밥(55),당근황태국,닭가슴살버터구이,상추쑥갓무침,배추김치,S증편(40g),S망고주스,우동,무채양파국,다시마튀각,맛살양파볶음,배추김치
B연두부+양념장,B떠먹는요구르트(100ml),B멜론퓨레,S사과샐러드(마요네즈),S복숭아(황도)-60g,찰현미밥(63),건새우맑은국,차돌숙주볶음,채소샐러드(발사믹드레싱),열무김치,S밤설기,S둥글레차,찰현미밥(63),소고기버섯국,오징어채소볶음,아욱무침,비트초절이
B소고기볶음밥,B고구마쉐이크,B과일샐러드(요거트드레싱),S멜론(50g),S사과(35g),찰현미밥(55),호박감자수제비국,참치어묵조림,가지양념찜,열무물김치,S크림떡볶이,S식혜,파프리카유부초밥,우동국물,양파튀김,크래미채소볶음,배추김치
B옥수수버터구이,B(우유제외)수제바나나두유,B복숭아(황도)-60g,S복숭아(60g),S복숭아(천도)-60g,차조밥(55),동태살무국,삼치무조림,애호박볶음,나박김치,S(우유제외)토마토스파게티,S보리차,새우크림스파게티,우동국물,채소옥수수튀김,동초무침,석박지
B단호박떡케익,B두유(100ml),B사과(35g),S멜론(50g),S복숭아(천도)-60g,밤밥(63),호박감자수제비국,삼치무조림,뱅어포볶음,열무물김치,S슈크림빵,S둥글레차,소고기상추비빔밥,유부쑥갓맑은국,동태포전,미역줄기채소볶음,배추김치
B소고기타락죽,B(우유제외)수제바나나두유,B참외(50g),S멜론(50g),S복숭아(천도)-60g,흑미밥(55),얼갈이배추국,크래미채소볶음,채소옥수수튀김,배추김치,S(우유제외)알리오올리오스파게티,S오미자차,흑미밥(55),동태살무국,두부톳무침,채소샐러드,배추김치
B으깬견과류고구마샐러드(요거트),B(우유제외)수제바나나두유,B복숭아(80g),S사과(35g),S멜론(50g),쌀밥(55),오징어숙주국,새우살크림소스볶음,매콤숙주미나리무침,배추김치,S단호박설기,S둥글레차,쌀밥(55),동태맑은국,치즈등심돈까스,매쉬드포테이토,배추김치
B크로와상(30g),B요구르트,B참외(50g),S멜론(50g),S사과(35g),소고기잡채덮밥,동태살무국,온두부찜,크래미채소볶음,나박김치,S으깬견과류고구마샐러드(요거트),S보리차,찹쌀현미밥(55),두부새우젓국,매콤오징어볶음,맛살볶음,배추김치
B미역죽,B복숭아호두스무디,B사과(35g),S복숭아(60g),S멜론(50g),율무밥(63),실파장국,조랭이떡소불고기,양배추나물,오이소박이김치,S크림빵,S매실쥬스,하이라이스,유부쑥갓맑은국,수제비샐러드,애호박건새우볶음,배추김치
B감자우유죽,B(우유제외)수제바나나두유,B참외(50g),S사과(100g),S멜론(50g),완두콩밥(55),소고기봄동국,가자미유자청구이,채소샐러드,나박김치,S매실젤리,S망고주스,소고기유부초밥,열무된장국,새우채소전,모듬버섯나물,비트초절이
B늙은호박죽,B복숭아호두스무디,B참외(50g),S사과(100g),S복숭아(60g),치즈채소볶음밥,대합미역국,탕평채무침,무미역생채,배추김치,S소보로빵,S보리차,찹쌀밥(55),팽이장국,삼겹살구이,상추배생채,배추김치
B으깬견과류고구마샐러드(요거트),B(우유제외)수제바나나두유,B참외(50g),S블루베리고구마샐러드,S멜론(50g),찰현미밥(63),꼬치어묵국,닭고기냉채,곤드레나물볶음,배추김치,S크림떡볶이,S둥글레차,찰현미밥(63),닭곰탕,채소옥수수튀김,건새우애호박볶음,배추김치
B양파치즈죽,B(우유제외)두유미숫가루,B참외(50g),S사과(100g),S멜론(50g),찹쌀현미밥(55),소고기양파국,가래떡구이,채소샐러드(발사믹드레싱),배추김치,S(우유제외)알리오올리오스파게티,S오미자차,유부불고기덮밥,매콤애호박국,감자부추전,애호박볶음,오이소박이김치
B근대죽,B고구마쉐이크,B사과(100g),S블루베리(50g),S복숭아(60g),새우카레볶음밥,콩나물냉국,소고기찹쌀구이,비트무초절임,배추김치,S흑임자떡,S검은깨두유(200ml),차조밥(55),탕국,훈제오리냉채,북어채볶음,배추김치
B단호박스프,B요구르트,B참외(50g),S사과(100g),S복숭아(천도)-60g,잡곡밥(55),유부쑥갓맑은국,등심탕수육+소스,애호박새우젓볶음,배추김치,S(우유제외)알리오올리오스파게티,S보리차,콩국수,동태살무국,매콤오삼불고기,건새우애호박볶음,배추김치
B으깬견과류고구마샐러드(요거트),B두유(100ml),B복숭아(60g),S사과(100g),S멜론(50g),새우크림스파게티,팽이장국,고구마연근맛탕,매쉬드포테이토,배추김치,S무지개떡,S둥글레차,찰현미밥(55),닭고기채소찌개,만두탕수,(고춧가루제외)노각무침,나박김치
B치즈고구마죽,B(우유제외)수제바나나두유,B복숭아(황도)-60g,S단감(50g),S멜론(50g),흑미밥(63),소고기양배추국,두부톳무침,애호박새우젓볶음,배추김치,S호박죽,S오미자아이스크림,양배추밥+양념장,닭살양파국,김말이튀김,얼갈이나물,배추김치
B으깬견과류고구마샐러드(요거트),B(우유제외)바나나쉐이크,B블루베리고구마샐러드,S복숭아(60g),S복숭아(천도)-60g,흑미밥(55),매콤애호박국,옥수수채소튀김,진미채초무침,나박김치,S매실젤리,S보리차,새우크림스파게티,애호박맑은국,삼겹살구이,건새우애호박볶음,열무물김치
B마카로니채소샐러드,B두유(100ml),B복숭아(60g),S사과(35g),S멜론(50g),파프리카유부초밥,팽이장국,소고기김무침,쌈채소,배추김치,S으깬견과류고구마샐러드(요거트),S(우유제외)수제블루베리우유,밤콩밥(55),소고기봄동국,단호박튀김,땅콩우엉무침,배추김치
B치즈스크램블에그,B검은깨두유(100ml),B복숭아(60g),S참외(50g),S멜론(100g),밤찹쌀팥밥(63),얼갈이맑은국,라조기,곶감감자볶음,단배추물김치,S수제새우과자,S오미자아이스크림,밤찹쌀팥밥(63),감자된장국,칠리새우,느타리버섯무침,배추김치
B미역죽,B두유(100ml),B복숭아(황도)-60g,S참외(50g),S멜론(100g),보리밥(63),늙은호박국,삼치무조림,가지나물무침,열무물김치,S고로케,S둥글레차,새우크림스파게티,미니우동,소면채소무침,애호박건새우볶음,비트초절이
B참깨스프,B(우유제외)수제바나나두유,B귤(50g),S블루베리(50g),S멜론(100g),밤찹쌀팥밥(63),맑은바지락탕,단호박튀김,(우유제외)감자버터구이,동치미,S증편(40g),S코코아,파프리카유부초밥,냉콩나물국,궁중떡볶음,맛살볶음,배추김치
B백설기(80g),B우유미숫가루,B참외(50g),S사과(35g),S멜론(50g),브로콜리채소볶음밥,두부새우젓국,삼겹살구이,건취나물간장볶음,열무물김치,S크림떡볶이,S둥글레차,밤찹쌀팥밥(55),콩가루얼갈이배추국,시금치두부전,진미채초무침,나박김치
B당근죽,B요구르트,B복숭아(황도)-60g,S블루베리(50g),S멜론(100g),찰현미밥(55),삼치양념구이,소고기양배추조림,얼갈이된장나물,배추김치,S찐고구마(80g),S코코아,새우튀김우동,연두부맑은국,소고기양배추조림,도토리묵간장무침,배추김치
B미역죽,B두유(100ml),B사과(35g),S멜론(50g),S사과(35g),알리오올리오스파게티,미니우동,새송이버섯전,땅콩우엉무침,배추김치,S(우유제외)토마토스파게티,S보리차,검정콩밥(63),차돌얼갈이국,닭살간장조림,동초무침,배추김치
B단호박떡케익,B(우유제외)수제바나나두유,B복숭아(80g),S멜론(50g),S사과(35g),검정콩밥(63),두부새우젓국,온두부찜,감자버터구이,나박김치,S크림떡볶이,S둥글레차,크림소스스파게티,콩가루얼갈이배추국,옥수수채소튀김,매쉬드포테이토,비트초절이
B시금치견과류주먹밥,B복숭아호두스무디,B복숭아(80g),S멜론(50g),S참외(50g),옥수수밥(63),동태살무국,수제비샐러드,애호박건새우볶음,배추김치,S시금치견과류주먹밥,S보리차,알리오올리오스파게티,애호박두부젓국찌개,토마토치즈범벅,진미채초무침,배추김치
B참깨우유스프,B(우유제외)수제바나나두유,B귤(50g),S멜론(50g),S복숭아(60g),찹쌀팥밥(63),얼갈이배추국,참치어묵조림,곤드레나물볶음,배추김치,S(우유제외)알리오올리오스파게티,S오미자차,찹쌀팥밥(63),우동국물,닭살간장조림,건취나물간장볶음,배추김치
B약과,B(우유제외)고구마쉐이크,B오이스틱,S사과(50g),S복숭아(60g),밤콩밥(55),어묵탕,쫄면채소무침,곰취나물볶음,배추김치,S(우유제외)버터감자구이,S떠먹는요구르트(100ml),밤콩밥(55),버섯무국,순살닭강정,상추오이무침,배추김치
B옥수수크림스프,B참깨우유스프,B블루베리고구마샐러드,S참외(50g),S멜론(50g),잡곡밥(55),실파장국,애호박생선살찜,진미채초무침,배추김치,S쿠키,S쌀음료,잡곡밥(55),해물탕,새우깐풍기,호박고지나물,배추김치
B소고기미역죽,B(우유제외)수제바나나두유,B참외(50g),S사과(50g),S자두(50g),단호박수제비,채소옥수수튀김,시금치두부전,김구이+양념장,배추김치,S시금치견과류주먹밥,S보리차,차조밥(55),버섯개장,온청포묵국,얼갈이된장나물,배추김치
B가래떡구이,B고구마쉐이크,B복숭아(60g),S참외(50g),S멜론(50g),밤콩밥(63),늙은호박국,두부톳무침,애호박볶음,단배추물김치,S멸치주먹밥,S매실쥬스,새우크림스파게티,미니우동,옥수수채소튀김,해초볶음,배추김치
B고구마스프,B(우유제외)수제바나나두유,B블루베리고구마샐러드,S복숭아(60g),S사과(35g),검정콩밥(55),콩가루얼갈이배추국,소고기브로콜리조림,호박고지나물,단배추물김치,S약과,S보리차,김치햄볶음밥,해물탕,단호박튀김,진미채초무침,단배추물김치
B잣죽,B고구마쉐이크,B참외(50g),S복숭아(60g),S사과(35g),고구마밥(55),근대국,으깬두부채소전,김구이,열무김치,S절편,S검은깨두유(100ml),고구마밥(55),매생이국,소고기양배추조림,곤드레나물볶음,단무지무침
B채소찐빵,B(우유제외)수제바나나두유,B배(50g),S사과(35g),S멜론(50g),김치햄볶음밥,콩가루얼갈이배추국,삼치무조림,배무생채,배추김치,S(우유제외)알리오올리오스파게티,S오미자아이스크림,찹쌀현미밥(55),오징어숙주국,라조기,애호박건새우볶음,배추김치
B절편,B고구마쉐이크,B복숭아(황도)-80g,S사과(35g),S멜론(50g),소고기하이라이스,실파장국,온두부찜,애호박볶음,배추김치,S고로케,S보리차,보리밥(55),유부쑥갓맑은국,소고기채소조림,동초무침,열무물김치
B옥수수치즈스프,B(우유제외)수제바나나두유,B복숭아(황도)-60g,S멜론(100g),S자두(50g),소고기하이라이스,얼갈이배추국,고구마연근맛탕,매콤숙주미나리무침,배추김치,S으깬견과류고구마샐러드(요거트),S둥글레차,완두콩밥(63),동태살무국,옥수수채소튀김,애호박건새우볶음,배추김치
B(우유제외)당근타락죽,B고구마쉐이크,B복숭아(황도)-80g,S바나나(100g),S멜론(50g),훈제오리볶음밥,당근황태국,고구마베이컨볶음,곤드레나물볶음,열무물김치,S치즈케이크,S보리차,고구마밥(55),무채양파국,고등어찹쌀구이,멸치아몬드볶음,나박김치
B으깬견과류고구마샐러드(요거트),B(우유제외)고구마쉐이크,B복숭아(60g),S블루베리고구마샐러드,S멜론(50g),찹쌀팥밥(63),쑥갓어묵탕,연근감자전,진미채초무침,석박지,S크림떡볶이,S둥글레차,찹쌀팥밥(55),쑥국,청경채불고기,애호박새우젓볶음,깍두기
B모닝빵,B고구마쉐이크,B복숭아(60g),S사과(35g),S멜론(50g),돼지고기굴소스덮밥,당근황태국,칠리새우,과일샐러드(요거트드레싱),배추김치,S단팥빵,S둥글레차,찹쌀보리밥(55),닭살미역국,매콤오징어볶음,건새우애호박볶음,열무물김치
B브로콜리죽,B검은콩두유(150ml),B당근스틱,S복숭아(황도)-80g,S멜론(100g),고구마밥(63),건홍합다시마맑은국,가지구이,땅콩조림,배추김치,S백설기(80g),S호두우유,고구마밥(63),닭살양파국,매콤오징어볶음,미니새송이버섯볶음,얼갈이배추김치
B소고기미역죽,B복숭아호두스무디,B참외(50g),S토마토(100g),S당근스틱,팥밥(55),실파장국,시금치두부전,배추게맛살샐러드,나박김치,S가래떡구이,S코코아,팥밥(63),연두부맑은국,(저염)갈치조림,땅콩우엉무침,비트초절이
B크로와상,B요구르트,B복숭아(80g),S수박화채,S멜론(100g),보리밥(55),애호박두부젓국,오징어채소볶음,해초볶음,배추김치,S찐고구마,S보리차,보리밥(55),다슬기된장국,닭가슴살고구마볶음,미역줄기채소볶음,배추김치
B오징어채소죽,B(우유제외)수제바나나두유,B참외(100g),S블루베리고구마샐러드,S멜론(50g),오징어채소덮밥,팽이버섯맑은국,새우살크림소스볶음,매쉬드포테이토,배추김치,S슈크림빵,S둥글레차,차조밥(63),동태맑은국,매콤주꾸미볶음,호박고지나물,배추김치
B(우유제외)당근스프,B요구르트,B블루베리고구마샐러드,S사과(35g),S복숭아(황도)-80g,찹쌀밥(63),애호박두부젓국찌개,맛살꼬지전,배추게맛살샐러드,석박지,S(우유제외)알리오올리오스파게티,S보리차,찹쌀밥(63),닭고기채소찌개,햄구이,건새우애호박볶음,나박김치
B단호박꿀찜,B두유(100ml),B복숭아(황도)-60g,S사과(35g),S멜론(50g),흑미밥(63),버섯개장,두부채소굴소스볶음,청경채사과무침,배추김치,S크로와상,S고구마쉐이크,알리오올리오스파게티,호박감자수제비국,오리훈제구이,해초볶음,배추김치
B우엉채소볶음밥,B고구마쉐이크,B복숭아(60g),S사과(35g),S참외(50g),새우튀김우동,매콤애호박국,삼치무조림,건새우애호박볶음,석박지,S냉콩국+소면,S보리차,차조밥(55),동태살무국,수제비샐러드,양배추마요무침,오이소박이김치
B찐밤,B두유(100ml),B참외(100g),S사과샐러드(마요네즈),S복숭아(황도)-60g,멸치주먹밥,소고기양배추국,닭다리카레찜,김구이,석박지,S밤설기,S보리차,흑미밥(55),건새우맑은국,소고기동그랑땡전,유채나물된장무침,깍두기
B소고기브로콜리죽,B요구르트,B복숭아(황도)-60g,S블루베리고구마샐러드,S복숭아(천도)-60g,우엉소고기볶음밥,얼갈이맑은국,오리훈제구이,애호박볶음,배추김치,S고로케,S오미자차,보리밥(55),동태살무국,감자치즈전,크래미채소볶음,배추김치
B감자된장죽,B(우유제외)수제바나나두유,B블루베리고구마샐러드,S복숭아(60g),S참외(50g),수수밥(63),실파장국,새우버터구이,채소샐러드,배추김치,S으깬견과류고구마샐러드(요거트),S둥글레차,새우크림스파게티,감자된장국,두부채소굴소스볶음,진미채초무침,배추김치
B소고기감자죽,B(우유제외)수제바나나두유,B복숭아(황도)-60g,S수박화채,S참외(50g),팥밥(55),동태살무국,두부채소굴소스볶음,매콤숙주미나리무침,배추김치,S꿀떡,S보리차,팥밥(55),두부새우젓국,수제비샐러드,배추게맛살샐러드,배추김치
B냉콩국+소면,B두유(100ml),B자두(50g),S복숭아(백도)-80g,S멜론(100g),밤찹쌀팥밥(63),소고기떡국,두부채소굴소스볶음,매콤숙주미나리무침,배추김치,S단호박샐러드,S둥글레차,밤찹쌀팥밥(63),쑥갓어묵탕,소고기마늘종볶음,배추게맛살샐러드,배추김치
B치즈꼬마김밥,B(우유제외)고구마쉐이크,B복숭아(황도)-60g,S복숭아(백도)-60g,S멜론(100g),해물굴소스볶음밥,애호박두부젓국,오징어초무침,당근스틱,배추김치,S매실젤리,S코코아,검정콩밥(63),단호박맑은국,갈치카레튀김,조미김,단무지무침
B오트밀죽,B(우유제외)수제바나나두유,B참외(50g),S멜론(50g),S복숭아(80g),수수밥(63),맑은미역국,주꾸미숙회,맛살양파볶음,배추김치,S새우크림소스볶음,S오미자아이스크림,수수밥(63),감자국,닭고기냉채,우엉채곤약조림,배추김치
B소고기미역죽,B고구마쉐이크,B복숭아(60g),S사과(35g),S감말랭이,소고기볶음밥,콩나물어묵탕,쌈채소,해초볶음,얼갈이배추김치,S(우유제외)버터감자구이,S보리차,옥수수밥(55),버섯무국,참치어묵조림,당면김말이튀김,배추김치
B당근치즈스프,B(우유제외)고구마쉐이크,B참외(50g),S복숭아(60g),S멜론(50g),율무밥(63),콩가루얼갈이배추국,코다리찜,건새우애호박볶음,비트초절이,S고로케,S오미자차,율무밥(63),탕국,고구마연근맛탕,매콤숙주미나리무침,석박지
B크로와상,B(우유제외)수제바나나두유,B오이스틱,S사과(50g),S멜론(50g),잡곡밥(55),버섯무국,새우살채소깨무침,곰취나물볶음,배추김치,S(우유제외)버터감자구이,S떠먹는요구르트(100ml),잡곡밥(55),찹쌀옹심이국,도라지강정,상추오이무침,배추김치
B미역죽,B토마토쉐이크,B사과(35g),S참외(50g),S멜론(50g),새우크림스파게티,유부쑥갓맑은국,어묵감자조림,애호박볶음,배추김치,S(우유제외)토마토스파게티,S보리차,찹쌀밥(40),동태살무국,물만두,해초볶음,배추김치
B마들렌,B고구마쉐이크,B블루베리고구마샐러드,S복숭아(천도)-60g,S자두(50g),찹쌀현미밥(55),실파장국,주꾸미숙회,건새우애호박볶음,배추김치,S크림떡볶이,S검은콩두유(100ml),김치햄볶음밥,우동국물,연두부찜,매쉬드포테이토,배추김치
B시금치견과류주먹밥,B두유(100ml),B멜론(50g),S과일샐러드(요거트드레싱),S복숭아(60g),찹쌀밥(40),닭고기채소찌개,소면채소무침,해초볶음,열무물김치,S멸치주먹밥,S둥글레차,크림리조또,두부새우젓국,감자치즈전,오이생채,비트초절이
B소고기미역죽,B토마토쉐이크,B참외(50g),S사과(35g),S멜론(50g),새우크림스파게티,실파장국,가래떡김치전,무미역생채,배추김치,S멸치주먹밥,S매실쥬스,찰현미밥(55),팽이장국,삼치무조림,건새우애호박볶음,오이소박이김치
B당근치즈스프,B(우유제외)수제바나나두유,B사과(35g),S복숭아(천도)-80g,S복숭아(80g),찹쌀팥밥(63),유부쑥갓맑은국,떡갈비간장조림,건취나물간장볶음,배추김치,S찐고구마,S보리차,찹쌀팥밥(63),동태살무국,참치어묵조림,김구이+양념장,배추김치
B우엉채소볶음밥,B고구마쉐이크,B사과(35g),S참외(50g),S멜론(50g),현미밥(55),쑥갓어묵탕,(저염)갈치조림,배추게맛살샐러드,나박김치,S멸치주먹밥,S보리차,현미밥(55),버섯개장,으깬두부채소전,해초볶음,배추김치
B개피떡(40g),B복숭아호두스무디,B배(50g),S청포도(100g),S토마토(100g),알리오올리오스파게티,소면채소무침,부추사과무침,건파래자반,배추김치,S멸치주먹밥,S둥글레차,감자밥(63),온청포묵국,닭고기채소찌개,삼겹살구이,얼갈이배추김치
B오트밀죽,B고구마쉐이크,B사과(35g),S복숭아(백도)-60g,S토마토(100g),현미밥(55),팽이장국,삼치양념구이,동초무침,배추김치,S크림떡볶이,S보리차,하이라이스,실파장국,옥수수채소튀김,애호박건새우볶음,배추김치
B소고기스프,B(우유제외)수제바나나두유,B배(100g),S복숭아(80g),S참외(100g),밤콩밥(75),미역냉국,두부채소전,요거트과일샐러드,깍두기,S크림소스스파게티,S보리차,밤콩밥(75),"만두국(달걀제외,가공만두)",두부톳무침,얼갈이무침,깍두기
B참깨우유스프,B(우유제외)고구마쉐이크,B참외(50g),S멜론(50g),S방울토마토(70g),수수밥(75),늙은호박국,칠리새우,애호박볶음,파김치,S백설기,S둥글레차,수수밥(75),오징어찌개,뿌리채소맛탕,감자당근채볶음,파김치
B치즈게살죽,B두유(100ml),B멜론(100g),S당근스틱,S참외(100g),잡곡밥(75),매콤육개장,새우튀김,브로콜리새우볶음,배추김치,S채소전,S보리차,잡곡밥(75),수제비아욱국,가지구이,얼갈이나물,배추김치
B으깬견과류고구마샐러드(요거트),B고구마쉐이크,B멜론(100g),S바나나(50g),S사과(35g),쌀밥(75),두부젓국찌개,닭가슴살고구마볶음,맛살볶음,오이소박이김치,S참치주먹밥,S둥글레차,쌀밥(75),동태살무국,떡갈비간장조림,동초무침,오이소박이김치
B소고기미역죽,B떠먹는요구르트(100ml),B참외(100g),S복숭아(80g),S멜론(75g),현미밥(75),(소고기제외)당면양배추국,(저염)닭가슴살데리야끼조림,매쉬드포테이토,배추김치,S크림소스스파게티,S보리차,현미밥(75),팽이장국,훈제오리단호박찜,진미채채소무침,배추김치
B고구마스프,B(우유제외)고구마쉐이크,B복숭아(천도)-80g,S사과(35g),S멜론(50g),찹쌀보리밥(75),애호박두부젓국찌개,소면채소무침,실곤약채소무침,깍두기,S매실젤리,S미숫가루,찹쌀보리밥(75),콩가루얼갈이배추국,소고기곤약조림,미역줄기채소볶음,깍두기
B당근치즈죽,B수제바나나우유,B청포도(100g),S복숭아(천도)-60g,S배(100g),찰현미밥(75),맑은김치어묵국,수제비샐러드,청경채느타리무침,단배추물김치,S크로와상,S(우유제외)고구마쉐이크,찰현미밥(75),숙주당면국,오색묵무침,쑥갓나물,단배추물김치
B양파치즈죽,B요구르트,B멜론(50g),S복숭아(천도)-80g,S오렌지(100g),찹쌀팥밥(75),동태살무국,햄구이,건새우애호박볶음,오이소박이김치,S채소전,S오미자아이스크림,찹쌀팥밥(75),대구지리,양배추쌈장무침,애호박새우젓볶음,오이소박이김치
B밤설기(40g),B우유(200ml),B토마토(200g),S블루베리(50g),S포도(100g),감자밥(75),소고기양배추국,오리훈제구이,곤드레나물,얼갈이배추김치,S크로와상,S망고주스,감자밥(75),애호박두부젓국찌개,채소전,새송이버섯나물,얼갈이배추김치
B가지죽,B고구마쉐이크,B복숭아(천도)-60g,S당근스틱,S멜론(50g),율무밥(75),다슬기된장국,두부채소전,감자당근채볶음,배추김치,S크림떡볶이,S둥글레차,율무밥(75),유부쑥갓맑은국,채소맛살전,건새우애호박볶음,배추김치
B치즈고구마죽,B(우유제외)수제바나나두유,B배(50g),S복숭아(80g),S키위(100g),검정콩밥(75),다슬기아욱국,참치어묵조림,애호박볶음,깍두기,S크림소스스파게티,S오미자아이스크림,검정콩밥(75),늙은호박국,오리훈제구이,상추오이무침,깍두기
B치즈죽,B고구마쉐이크,B복숭아(천도)-60g,S멜론(50g),S방울토마토(70g),기장밥(75),청국장국,매콤주꾸미볶음,버섯애호박조림,깍두기,S크림떡볶이,S둥글레차,기장밥(75),오징어찌개,훈제오리단호박찜,매쉬드포테이토,깍두기
B모닝빵,B수제바나나우유,B토마토(100g),S방울토마토(35g),S사과(75g),찹쌀보리밥(75),유부쑥갓맑은국,돈까스+소스,건취나물볶음,오이소박이김치,S크림소스스파게티,S보리차,찹쌀보리밥(75),다슬기아욱국,소고기육전(찹쌀가루),무미역생채,오이소박이김치
B소고기스프,B(우유제외)수제바나나두유,B멜론(75g),S참외(100g),S오렌지(50g),찹쌀팥밥(75),새알미역국,오징어두루치기,크래미채소볶음,깍두기,S치즈,S오미자차,찹쌀팥밥(75),수제비아욱국,모듬버섯전,단호박우유찜,깍두기
B소고기죽,B수제바나나우유,B자두(50g),S과일샐러드,S복숭아(천도)-80g,옥수수밥(75),아욱토장국,떡갈비간장조림,단호박구이,깍두기,S떡볶이,S식혜,옥수수밥(75),설렁탕+소면,가지구이,건새우애호박채소볶음,깍두기
B증편(40g),B고칼슘우유(100ml),B사과(50g),S바나나(50g),S멜론(50g),찹쌀밥(75),감자수제비국,삼치데리야끼소스튀김,오이쌈장무침,단무지무침,S(우유제외)버터감자구이,S오미자아이스크림,찹쌀밥(75),얼갈이배추국,흰살생선튀김,참나물배겉절이,단무지무침
B크로와상,B고구마쉐이크,B복숭아(천도)-60g,S수박(100g),S사과(35g),옥수수밥(75),모듬버섯찌개,두부톳무침,아욱나물무침,오이소박이김치,S채소전,S둥글레차,옥수수밥(75),닭살미역국,오리훈제구이,진미채초무침,오이소박이김치
B바나나핫케이크,B두유(100ml),B멜론(50g),S복숭아(80g),S배(50g),찰현미밥(75),팽이장국,삼치무조림,찐단호박,배추김치,S크림소스스파게티,S보리차,찰현미밥(75),순한고추장찌개,새우굴소스볶음,뱅어포간장조림,배추김치
B소고기미역죽,B(우유제외)수제바나나두유,B참외(50g),S사과(35g),S블루베리고구마샐러드,차조밥(75),실파장국,채소옥수수튀김,미역줄기채소볶음,오이소박이김치,S으깬견과류고구마샐러드(요거트),S오미자아이스크림,차조밥(75),다슬기된장국,김치전,무미역생채,오이소박이김치
B크로와상,B수제바나나우유,B멜론(50g),S복숭아(천도)-80g,S블루베리(50g),찹쌀현미밥(75),동태살무국,떡갈비간장조림,건새우애호박볶음,파김치,S채소전,S둥글레차,찹쌀현미밥(75),오징어숙주국,오리훈제구이,아욱나물무침,파김치
B브로콜리크림스프,B수제블루베리바나나우유,B복숭아(천도)-60g,S사과(35g),S귤(80g),찹쌀보리밥(75),찹쌀옹심이국,닭가슴살고구마볶음,오이참치마요무침,오이소박이김치,S크로와상,S보리차,찹쌀보리밥(75),냉이된장국,매콤주꾸미볶음,진미채초무침,오이소박이김치
B냉콩국+소면,B우유(100ml),B오이당근스틱,S참외(50g),S멜론(50g),찹쌀팥밥(75),차돌박이된장찌개,소면채소무침,미역줄기채소볶음,배추김치,S채소주먹밥,S둥글레차,찹쌀팥밥(75),북어김치국,어묵감자조림,양배추샐러드(레몬드레싱),배추김치
B소고기미역죽,B수제바나나우유,B토마토(100g),S복숭아(80g),S키위(100g),차조밥(75),새우살애호박국,채소크로켓,맛살볶음,곤약김치무침,S크림소스스파게티,S보리차,차조밥(75),모듬어묵국,한치어묵조림,고구마순된장무침,곤약김치무침
B두부,B(우유제외)수제바나나두유,B복숭아(천도)-80g,S사과(35g),S멜론(50g),차조밥(75),팽이장국,닭감자조림,진미채초무침,배추김치,S토마토스파게티,S오미자아이스크림,차조밥(75),다슬기아욱국,칠리새우,얼갈이무침,배추김치
B크로와상,B수제바나나우유,B청포도(100g),S배(100g),S귤(50g),찹쌀팥밥(75),맑은김치어묵국,새우살채소깨무침,청경채느타리무침,깍두기,S단호박샐러드,S미숫가루,찹쌀팥밥(75),숙주당면국,늙은호박닭가슴살볶음,쑥갓나물,깍두기
B소고기미역죽,B바나나쉐이크,B멜론(50g),S복숭아(천도)-60g,S토마토(100g),찰현미밥(75),늙은호박국,닭살고구마조림,상추오이무침,오이소박이김치,S애플파이,S둥글레차,찰현미밥(75),모듬어묵국,두부채소전,건새우애호박볶음,오이소박이김치
B당근스프,B(우유제외)수제바나나두유,B복숭아(황도)-80g,S멜론(50g),S수박화채,찹쌀팥밥(75),팽이장국,뿌리채소맛탕,배추게맛살샐러드,파김치,S(우유제외)로제스파게티,S보리차,찹쌀팥밥(75),버섯개장,채소맛살전,무미역생채,파김치
B소고기미역죽,B두유(100ml),B참외(50g),S복숭아(천도)-80g,S멜론(75g),옥수수밥(75),실파장국,채소옥수수튀김,겨울초된장무침,깍두기,S크림소스스파게티,S둥글레차,옥수수밥(75),두부젓국찌개,닭가슴살고구마볶음,동초무침,깍두기
B새우크림소스볶음,B고구마쉐이크,B청포도(100g),S단감(50g),S참외(50g),밤콩밥(75),북어김치국,어묵고구마조림,오이생채,배추김치,S영양주먹밥,S보리차,밤콩밥(75),애호박두부젓국찌개,소면채소무침,실곤약채소무침,배추김치
B치즈고구마죽,B복숭아호두스무디,B참외(50g),S멜론(50g),S토마토(100g),밤콩밥(75),닭살미역국,두부채소굴소스볶음,소고기감자조림,백김치,S(우유제외)새우크림소스볶음,S둥글레차,밤콩밥(75),모듬버섯찌개,수제비샐러드,사과상추겉절이,백김치
B소고기미역죽,B바나나쉐이크,B멜론(50g),S복숭아(60g),S방울토마토(70g),찹쌀현미밥(75),실파장국,닭피망볶음,상추오이무침,오이소박이김치,S크림소스스파게티,S보리차,찹쌀현미밥(75),모듬어묵국,채소옥수수튀김,건새우애호박볶음,오이소박이김치
B냉콩국+소면,B(우유제외)수제바나나두유,B배(50g),S멜론(50g),S복숭아(80g),율무밥(75),다슬기아욱국,어묵고구마조림,매쉬드포테이토,배추김치,S채소전,S둥글레차,율무밥(75),곰국,수제비샐러드,건파래무침,배추김치
B주먹밥,B토마토쉐이크,B수박(100g),S복숭아(천도)-60g,S자두(50g),찹쌀밥(75),얼갈이배추국,토마토카프레제,쌈채소+쌈장,백김치,S크로와상,S두유(200ml),찹쌀밥(75),맑은가쓰오부시장국,소면채소무침,게맛살팽이버섯볶음,백김치
B새우치즈죽,B수제바나나우유,B참외(50g),S멜론(50g),S사과(35g),찹쌀팥밥(75),동태살무국,두부채소전,상추오이무침,오이소박이김치,S크림소스스파게티,S보리차,찹쌀팥밥(75),오징어숙주국,떡갈비간장조림,무미역생채,오이소박이김치
B크로와상(30g),B호두두부쉐이크,B참외(50g),S바나나(50g),S멜론퓨레,완두콩밥(75),소고기얼갈이국,삼치무조림,고춧잎나물,깍두기,S찐감자,S떠먹는요구르트(100ml),완두콩밥(75),찹쌀옹심이국,소면채소무침,숙주나물볶음,깍두기
B단호박떡케익,B수제바나나우유,B사과(35g),S멜론(50g),S복숭아(천도)-60g,찹쌀밥(75),늙은호박국,소고기브로콜리조림,건새우애호박볶음,백김치,S크림소스스파게티,S둥글레차,찹쌀밥(75),순한백짬뽕국,삼겹살구이,매쉬드포테이토,백김치
B고구마경단,B우유(200ml),B멜론(50g),S파인애플(50g),S사과(35g),잡곡밥(75),단호박수제비국,새우버터구이,모듬버섯나물,갓김치,S찐감자,S오미자아이스크림,잡곡밥(75),양배추된장국,삼치데리야끼소스튀김,땅콩우엉조림,갓김치
B소고기미역죽,B요구르트,B사과(35g),S토마토(100g),S복숭아(천도)-80g,쌀밥(75),두부맑은국,시금치두부전,김구이+양념장,배추김치,S크림소스스파게티,S보리차,쌀밥(75),모듬어묵국,후르츠탕수육,얼갈이무침,배추김치
B당근치즈죽,B(우유제외)호두두부쉐이크,B오렌지(50g),S참외(100g),S당근스틱,찹쌀현미밥(75),바지락살맑은국,닭가슴살조림,고구마순나물,깍두기,S찐고구마,S떠먹는요구르트(100ml),찹쌀현미밥(75),콩나물된장국,차돌숙주볶음,땅콩우엉조림,깍두기
B멸치죽,B고구마쉐이크,B복숭아(천도)-60g,S복숭아(80g),S멜론(75g),현미밥(75),감자된장국,닭가슴살고구마볶음,해초볶음,백김치,S삶은고구마,S오미자아이스크림,현미밥(75),오징어찌개,오징어실채무침,참치양파볶음,백김치
B치즈고구마죽,B(우유제외)수제바나나두유,B사과(35g),S블루베리고구마샐러드,S단감(50g),감자밥(75),대구지리,옥수수채소튀김,매쉬드포테이토,배추김치,S크림소스스파게티,S보리차,감자밥(75),실파장국,소고기단호박볶음,미역매실청무침,배추김치
B으깬견과류고구마샐러드(요거트),B고구마쉐이크,B딸기(100g),S복숭아(천도)-60g,S방울토마토(35g),수수밥(75),늙은호박국,게살마요무침,감자당근채볶음,오이소박이김치,S증편,S오미자아이스크림,수수밥(75),유부쑥갓맑은국,라조기,건새우애호박볶음,오이소박이김치
B톳채소튀김,B수제바나나우유,B단감(50g),S멜론(50g),S(우유제외)과일화채,고구마밥(75),버섯개장,삼겹살구이,무미역생채,깍두기,S크림소스스파게티,S보리차,고구마밥(75),온청포묵국,새우살케첩볶음,김구이+양념장,깍두기
B크로와상,B고구마쉐이크,B멜론(75g),S귤(80g),S사과(35g),팥밥(75),실파장국,(저염)갈치조림,아욱나물무침,배추김치,S채소전,S둥글레차,팥밥(75),어묵국수,닭가슴살고구마볶음,참치양파볶음,배추김치
B북어채소죽,B(우유제외)바나나쉐이크,B두부,S복숭아(80g),S파인애플(50g),찰현미밥(75),모듬어묵국,옥수수채소튀김,고춧잎된장무침,오이소박이김치,S크림소스스파게티,S보리차,찰현미밥(75),두부맑은국,토마토치즈범벅,상추오이무침,오이소박이김치
B참깨죽,B(우유제외)수제바나나두유,B당근스틱,S멜론(50g),S토마토(100g),찹쌀현미밥(75),실파장국,소고기토마토볶음,매쉬드포테이토,비트초절이,S크림떡볶이,S둥글레차,찹쌀현미밥(75),늙은호박국,두부냉채,느타리버섯채소볶음,비트초절이
B소고기미역죽,B떠먹는요구르트(100ml),B멜론(75g),S파인애플(50g),S배(50g),보리밥(75),찹쌀옹심이국,닭다리살굴소스볶음,새우튀김,백김치,S건포도감자볼,S수제딸기우유,보리밥(75),오징어찌개,(저당)닭갈비,크래미채소볶음,백김치
B당근스프,B수제바나나우유,B단감(50g),S오렌지(50g),S멜론(50g),찹쌀밥(75),바지락살맑은국,뿌리채소맛탕,맛살볶음,깍두기,S크림소스스파게티,S둥글레차,찹쌀밥(75),모듬어묵국,고구마연근맛탕,뱅어포간장조림,깍두기
B소고기미역죽,B바나나쉐이크,B오렌지(50g),S참외(100g),S참외(50g),차조밥(75),늙은호박국,양배추낙지볶음,상추오이무침,오이소박이김치,S채소전,S보리차,차조밥(75),오징어숙주국,메추리알샐러드,건새우애호박볶음,오이소박이김치
B소고기옥수수죽,B(우유제외)수제바나나두유,B멜론(75g),S참외(100g),S방울토마토(35g),쌀밥(75),모듬어묵국,참치어묵조림,매쉬드포테이토,단배추물김치,S냉콩국+소면,S매실쥬스,쌀밥(75),청국장국,두부채소전,애호박볶음,단배추물김치
B소고기미역죽,B고구마쉐이크,B단감(50g),S귤(50g),S방울토마토(70g),찹쌀보리밥(75),유부쑥갓맑은국,채소옥수수튀김,무미역생채,오이소박이김치,S가래떡구이,S둥글레차,찹쌀보리밥(75),다슬기아욱국,삼겹살구이,아욱나물무침,오이소박이김치
B치즈게살죽,B떠먹는요구르트(100ml),B수박(100g),S과일샐러드(요거트드레싱),S단감(50g),잡곡밥(75),미니새우튀김우동,해물우동숙주볶음,애호박나물,배추김치,S크림소스스파게티,S보리차,잡곡밥(75),다시마새우젓국,가지구이,감자당근채볶음,배추김치
B소고기미역죽,B고구마쉐이크,B청포도(100g),S오렌지(50g),S복숭아(80g),찰현미밥(75),소고기버섯국,라조기,버섯채소볶음,오이소박이김치,S매실젤리,S떠먹는요구르트(100ml),찰현미밥(75),다슬기아욱국,매콤낙지채소볶음,고구마줄기볶음,오이소박이김치
B절편(40g),B수제바나나우유,B복숭아(황도)-80g,S배(50g),S멜론(50g),밤찹쌀팥밥(75),쑥완자탕,매콤오징어볶음,소고기우엉조림,백김치,S크림소스스파게티,S오미자아이스크림,밤찹쌀팥밥(75),홍합살미역국,(저당)닭갈비,파래무채무침,배추김치
B소고기미역죽,B고구마쉐이크,B복숭아(황도)-60g,S사과(35g),S바나나(50g),잡곡밥(75),실파장국,병어조림,감자당근채볶음,파김치,S크림떡볶이,S둥글레차,잡곡밥(75),유부쑥갓맑은국,두부쑥갓무침,상추오이무침,파김치
B치즈죽,B떠먹는요구르트(100ml),B멜론(100g),S바나나(50g),S배(50g),기장밥(75),다슬기아욱국,두부채소전,애호박볶음,비트초절이,S크림소스스파게티,S보리차,기장밥(75),동태살무국,떡갈비간장조림,건새우애호박볶음,비트초절이
B소고기미역죽,B검은깨두유(100ml),B귤(80g),S당근스틱,S토마토(100g),밤콩밥(75),오징어맑은국,매생이전,얼갈이무침,깍두기,S카카오올리브케익,S우유(100ml),밤콩밥(75),닭살미역국,닭다리살굴소스볶음,채소샐러드(발사믹드레싱),깍두기
B으깬견과류고구마샐러드(요거트),B고구마쉐이크,B복숭아(천도)-60g,S사과(35g),S멜론(50g),율무밥(75),유부된장국,채소옥수수튀김,요거트과일샐러드,오이소박이김치,S크림떡볶이,S보리차,율무밥(75),유부쑥갓맑은국,소고기단호박볶음,건새우애호박볶음,오이소박이김치
B고구마경단,B고칼슘우유(150ml),B사과(75g),S(우유제외)과일화채,S바나나(50g),쌀밥(75),실파맑은국,소고기곤약조림,마카로니오이샐러드,깍두기,S쿠키,S떠먹는요구르트(100ml),쌀밥(75),달걀떡국,소고기찹스테이크,유자청두부샐러드,깍두기
B시금치치즈죽,B요구르트,B단감(50g),S복숭아(천도)-60g,S멜론(50g),검정콩밥(75),닭고기채소찌개,닭다리살굴소스볶음,얼갈이무침,깍두기,S냉콩국+소면,S보리차,검정콩밥(75),모듬어묵국,삼치무조림,콘샐러드,깍두기
B고구마스프,B(우유제외)고구마쉐이크,B참외(50g),S복숭아(천도)-80g,S멜론(75g),완두콩밥(75),동태살무국,오징어청경채볶음,미역매실청무침,오이소박이김치,S토마토스파게티,S매실쥬스,완두콩밥(75),오징어숙주국,매콤주꾸미볶음,요거트과일샐러드,오이소박이김치
B으깬견과류고구마샐러드(요거트),B고구마쉐이크,B과일샐러드(요거트드레싱),S멜론(50g),S참외(100g),잡곡밥(75),쑥국,양파어묵전,애호박볶음,비트초절이,S크림소스스파게티,S보리차,잡곡밥(75),유부된장국,칠리새우,고구마줄기볶음,비트초절이
B크로와상,B떠먹는요구르트(100ml),B멜론(50g),S배(100g),S멜론(50g),현미밥(75),모듬어묵국,주꾸미떡볶음,아욱나물무침,백김치,S치즈주먹밥,S둥글레차,현미밥(75),팽이장국,온두부+양념장,감자당근채볶음,백김치
B(우유제외)당근스프,B(우유제외)수제바나나두유,B단호박샐러드,S멜론(50g),S복숭아(천도)-80g,옥수수밥(75),건새우감자국,닭날개간장조림,해초볶음,배추김치,S절편,S보리차,옥수수밥(75),실파장국,감자그라탕,콘샐러드,배추김치
B소고기미역죽,B두유(100ml),B당근스틱,S참외(100g),S멜론(75g),옥수수밥(75),아욱국,가지구이,고구마줄기볶음,배추김치,S크림소스스파게티,S코코아,옥수수밥(75),당근황태국,소고기브로콜리조림,감자당근채볶음,배추김치
B(우유제외)당근스프,B고칼슘우유(100ml),B멜론(50g),S파인애플(50g),S사과(35g),수수밥(75),실파장국,닭가슴살고구마볶음,달래새우살전,백김치,S쿠키,S보리차,수수밥(75),순한백짬뽕국,뿌리채소맛탕,매쉬드포테이토,백김치
B고구마스프,B검은깨두유(100ml),B복숭아(천도)-80g,S블루베리(50g),S딸기(100g),고구마밥(75),늙은호박국,소고기잡채,애호박건새우볶음,깍두기,S크림소스스파게티,S수정과,고구마밥(75),삼계탕,참나물전,봄동나물,깍두기
B크로와상,B수제바나나우유,B복숭아(황도)-60g,S멜론(50g),S참외(100g),찹쌀팥밥(75),두부젓국찌개,삼치무조림,아욱나물무침,비트초절이,S단호박견과류찜,S둥글레차,찹쌀팥밥(75),모듬어묵국,(저당)닭갈비,얼갈이무침,단배추물김치
B고구마스프,B콩두유,B오렌지(50g),S당근스틱,S멜론(75g),잡곡밥(75),찹쌀옹심이국,브로콜리달걀볶음,미역귀튀각,오이소박이김치,S크림소스스파게티,S보리차,잡곡밥(75),늙은호박국,매콤주꾸미볶음,진미채초무침,오이소박이김치
B누룽지죽,B(우유제외)수제바나나두유,B멜론(75g),S복숭아(천도)-80g,S멜론(75g),쌀밥(75),모듬어묵국,(저당)닭갈비,콘샐러드,비트초절이,S양배추치즈전,S오미자아이스크림,쌀밥(75),실파장국,감자그라탕,가지양념무침,깻잎김치
B식빵토스트,B우유(200ml),B당근스틱,S멜론(50g),S귤(50g),현미밥(75),순한김치국,브로콜리오징어무침,고구마범벅,나박김치,S(우유제외)크랜베리찹쌀케이크,S(우유제외)고구마쉐이크,현미밥(75),얼갈이맑은국,두부달걀전,세발나물,단배추물김치
B마들렌,B(우유제외)수제바나나두유,B자두(50g),B참외(50g),S멜론(75g),밤찹쌀팥밥(75),아욱토장국,수제비샐러드,매쉬드포테이토,파김치,S토마토스파게티,S둥글레차,밤찹쌀팥밥(75),늙은호박국,소고기당면불고기,애호박볶음,비트초절이
B시금치치즈죽,B(우유제외)고구마쉐이크,B사과(75g),S멜론(50g),S복숭아(천도)-80g,찹쌀현미밥(75),실파장국,오리훈제구이,쑥갓나물,나박김치,S(우유제외)아몬드사과도넛,S우유(100ml),찹쌀현미밥(75),올갱이국,채소옥수수튀김,게맛살피망채볶음,단배추물김치
B크로와상(30g),B호두두부쉐이크,B참외(50g),S멜론퓨레,S사과(35g),잡곡밥(75),소고기얼갈이국,소면채소무침,유채나물,비트초절이,S찐감자,S떠먹는요구르트(100ml),잡곡밥(75),모듬어묵탕,브로콜리오징어무침,무말랭이무침,총각김치
B찹쌀도너츠,B수제바나나우유,B멜론(50g),S복숭아(천도)-60g,S복숭아(60g),잡곡밥(75),실파장국,채소크로켓,매쉬드포테이토,배추김치,S크림소스스파게티,S오미자아이스크림,잡곡밥(75),바지락살맑은국,뿌리채소맛탕,맛살볶음,배추김치
B백설기(80g),B우유(200ml),B참외(50g),S복숭아(천도)-80g,S귤(50g),쌀밥(75),유부쑥갓맑은국,닭살고구마조림,실곤약채소무침,비트초절이,S단호박샐러드(마요네즈),S보리차,쌀밥(75),버섯개장,삼겹살구이,애호박건새우볶음,배추김치
B으깬견과류고구마샐러드(요거트),B고구마쉐이크,B사과(75g),S복숭아(천도)-80g,S멜론(50g),찹쌀현미밥(75),애호박두부젓국찌개,어묵감자조림,해초볶음,콜라비나박김치,S크림소스스파게티,S오미자아이스크림,찹쌀현미밥(75),"만두국(달걀제외,가공만두)",숙주맛살나물,미역줄기채소볶음,열무물김치
B김가루찹쌀죽,B고칼슘우유(150ml),B사과(75g),S블루베리(50g),S(우유제외)과일화채,완두콩밥(75),맑은가쓰오부시장국,새우살채소볶음,유자청두부샐러드,오이소박이김치,S쿠키,S고구마쉐이크,완두콩밥(75),(소고기제외)당면양배추국,소고기찹쌀구이,새싹채소샐러드,비트초절이
B건포도감자볼,B고구마쉐이크,B복숭아(천도)-60g,S멜론(50g),S참외(100g),잡곡밥(75),다슬기된장국,라조기,감자당근채볶음,나박김치,S애플파이,S오미자아이스크림,잡곡밥(75),팽이장국,해물김치전,건새우애호박볶음,파김치
B크로와상,B고칼슘우유(100ml),B사과(100g),S파인애플(50g),S복숭아(황도)-80g,쌀밥(75),미니우동,두부채소전,건파래무침,오이소박이김치,S치즈,S고구마쉐이크,쌀밥(75),어묵탕,오리훈제구이,새싹채소샐러드,열무물김치
B소고기미역죽,B떠먹는요구르트(100ml),B사과(75g),S복숭아(천도)-60g,S귤(50g),잡곡밥(75),모듬어묵국,해물우동숙주볶음,애호박조림,배추김치,S연두부,S오미자아이스크림,잡곡밥(75),두부젓국찌개,뿌리채소맛탕,감자당근채볶음,배추김치
B치즈게살죽,B고구마쉐이크,B참외(50g),B자두(50g),S멜론(75g),차조밥(75),늙은호박국,닭감자조림,콘샐러드,오이소박이김치,S크림소스스파게티,S보리차,차조밥(75),오징어숙주국,참치어묵조림,요거트과일샐러드,오이소박이김치
B소고기미역죽,B두유(100ml),B사과(35g),S복숭아(천도)-80g,S단감(50g),잡곡밥(75),유부쑥갓맑은국,칠리새우,아욱나물무침,비트초절이,S영양주먹밥,S둥글레차,잡곡밥(75),버섯개장,어묵감자조림,무미역생채,배추김치
B새우크림소스볶음,B고칼슘우유(150ml),B사과(50g),S복숭아(천도)-60g,S딸기(100g),밤콩밥(75),유부대파국,두부구이+양념장,멸치볶음,파김치,S단호박떡케익,S요구르트,밤콩밥(75),맑은가쓰오부시장국,뿌리채소맛탕,느타리버섯무침,오이소박이김치
B소고기미역죽,B고구마쉐이크,B참외(50g),S복숭아(천도)-80g,S단감(50g),찰현미밥(75),팽이장국,두부채소전,오이생채,열무물김치,S냉콩국+소면,S레몬주스,찰현미밥(75),닭살미역국,매콤낙지채소볶음,달래새우살전,콜라비나박김치
B북어채소죽,B우유미숫가루,B사과(35g),S복숭아(천도)-60g,S멜론(50g),현미밥(75),얼갈이된장국,감자전,상추오이무침,오이소박이김치,S(우유제외)로제스파게티,S떠먹는요구르트(100ml),현미밥(75),순한고추장찌개,훈제오리냉채,오이초절임,비트초절이
B치즈게살죽,B고구마쉐이크,B참외(50g),S복숭아(천도)-80g,S멜론(75g),찹쌀보리밥(75),맑은가쓰오부시장국,두부채소굴소스볶음,봄동나물,나박김치,S영양주먹밥,S보리차,찹쌀보리밥(75),버섯개장,소고기굴소스조림,무미역생채,파김치
B소고기미역죽,B떠먹는요구르트(100ml),B사과(100g),B자두(50g),S단감(50g),흑미밥(75),건새우시금치국,두부채소전,진미채초무침,비트초절이,S크림소스스파게티,S둥글레차,흑미밥(75),팽이장국,주꾸미떡볶음,당근참치마요무침,배추김치
B고구마스프,B두유(200ml),B사과(75g),S참외(100g),S파인애플(50g),잡곡밥(75),냉콩나물국,두부톳무침,동초무침,나박김치,S영양주먹밥,S(우유제외)수제블루베리우유,잡곡밥(75),얼갈이배추국,오리훈제구이,곤드레나물볶음,파김치
B삶은감자,B(우유제외)수제바나나두유,B복숭아(천도)-60g,S블루베리(50g),S멜론(50g),찹쌀현미밥(75),건새우된장국,안매운김치전,매쉬드포테이토,비트초절이,S크림소스스파게티,S오미자아이스크림,찹쌀현미밥(75),팽이장국,라조기,애호박볶음,배추김치
B단호박떡케익,B수제바나나우유,B멜론(50g),S배(100g),S사과(35g),찰현미밥(75),닭살당면국,삼겹살구이,땅콩우엉조림,오이소박이김치,S호박죽,S보리차,찰현미밥(75),유부쑥갓맑은국,두부채소전,건새우애호박볶음,나박김치
B온도토리묵밥,B요구르트,B복숭아(천도)-60g,S수박화채,S단감(50g),찹쌀보리밥(75),쑥갓어묵국,새우살채소볶음,봄동부추겉절이,비트초절이,S잣죽,S둥글레차,찹쌀보리밥(75),버섯개장,뿌리채소맛탕,무미역생채,콜라비나박김치
B참깨우유스프,B고구마쉐이크,B복숭아(60g),S참외(100g),S멜론(50g),보리밥(75),오징어찌개,닭가슴살고구마볶음,해초볶음,열무물김치,S매실젤리,S레몬주스,보리밥(75),채소닭고기국,햄구이,참치양파볶음,나박김치
B고구마죽,B수제바나나우유,B참외(50g),S참외(100g),S멜론(75g),밤찹쌀팥밥(75),청국장국,고구마소고기조림,매쉬드포테이토,단배추물김치,S크림소스스파게티,S오미자아이스크림,밤찹쌀팥밥(75),늙은호박국,두부채소전,건새우애호박볶음,총각김치
B으깬견과류고구마샐러드(요거트),B고구마쉐이크,B복숭아(60g),S토마토(100g),S멜론(50g),밤밥(75),다슬기된장국,옥수수채소튀김,(우유제외)고구마두유조림,콜라비나박김치,S크림떡볶이,S레몬주스,밤밥(75),다슬기된장국(올갱이국),소고기잡채,미역줄기채소볶음,배추김치
B쑥떡,B복숭아호두스무디,B방울토마토(35g),S사과(35g),S자두(50g),찹쌀밥(75),두부젓국찌개,훈제오리냉채,봄동부추겉절이,오이소박이김치,S크림소스스파게티,S보리차,찹쌀밥(75),유부쑥갓맑은국,닭날개간장조림,오이달래무침,오이소박이김치
B소고기미역죽,B수제바나나우유,B멜론(50g),S블루베리(50g),S단감(50g),밤밥(75),닭살미역국,떡갈비간장조림,땅콩우엉조림,콜라비나박김치,S토마토스파게티,S둥글레차,밤밥(75),늙은호박국,채소옥수수튀김,동초무침,파김치
B양파치즈스프,B(우유제외)수제바나나두유,B참외(50g),S복숭아(천도)-80g,S멜론(75g),찹쌀팥밥(75),찹쌀옹심이국,돼지고기굴소스볶음,해초볶음,비트초절이,S크림떡볶이,S보리차,찹쌀팥밥(75),실파장국,두부채소전,건새우애호박볶음,단배추물김치
B소고기브로콜리죽,B두유(100ml),B멜론(50g),S사과(35g),S참외(100g),수수밥(75),늙은호박국,(저당)닭갈비,동초무침,깻잎김치,S크림소스스파게티,S둥글레차,수수밥(75),모듬어묵국,채소크로켓,요거트과일샐러드,나박김치
B참깨우유스프,B(우유제외)수제바나나두유,B참외(50g),S멜론(50g),S귤(50g),검정콩밥(75),실파장국,삼치무조림,상추오이무침,단배추물김치,S토마토스파게티,S보리차,검정콩밥(75),호박고지들깨탕,참치어묵조림,진미채초무침,파김치
B감자된장죽,B토마토쉐이크,B사과(75g),S방울토마토(70g),S수박화채,감자밥(75),건홍합맑은국,닭가슴살조림,배무생채,깍두기,S크로와상,S코코아,감자밥(75),콩나물된장국,북어채소찜,고구마샐러드(마요네즈),깍두기
B수제비,B수제바나나우유,B멜론(50g),S멜론(75g),S단감(50g),팥밥(75),실파장국,소고기단호박볶음,마늘쫑무침,오이소박이김치,S크림떡볶이,S둥글레차,팥밥(75),모듬어묵국,(우유제외)햄오믈렛,건새우애호박볶음,콜라비나박김치
B치즈누룽지죽,B(우유제외)수제바나나두유,B복숭아(천도)-80g,S사과(35g),S멜론(50g),고구마밥(75),닭살미역국,수제비샐러드,상추무생채,비트초절이,S크림소스스파게티,S오미자아이스크림,고구마밥(75),모듬버섯찌개,뿌리채소맛탕,미역줄기채소볶음,배추김치
B소고기미역죽,B떠먹는요구르트(100ml),B멜론(50g),S포도(100g),S단감(50g),현미밥(75),오징어숙주국,참치어묵조림,감자당근채볶음,오이소박이김치,S토마토스파게티,S보리차,현미밥(75),소고기봄동국,동태살전,동초무침,나박김치
B(우유제외)게살채소스프,B(우유제외)채소스크램블에그,B토마토(200g),S참외(100g),S딸기(100g),잡곡밥(75),모듬어묵국,라조기,상추오이무침,비트초절이,S크림소스스파게티,S둥글레차,잡곡밥(75),청국장국,뿌리채소맛탕,건새우애호박볶음,깻잎김치
B오징어채소죽,B수제바나나우유,B참외(50g),S멜론퓨레,S(우유제외)과일화채,기장밥(75),소고기얼갈이국,양파튀김,동초무침,단배추물김치,S찐감자,S떠먹는요구르트(100ml),기장밥(75),애탕국,새우살볶음,(고춧가루제외)노각무침,갓김치
B당근스프,B(우유제외)두유미숫가루,B블루베리(50g),S멜론(50g),S포도(100g),찹쌀팥밥(75),소고기봄동국,새우살칠리소스볶음,콘샐러드,오이소박이김치,S채소찐빵,S고칼슘오렌지주스,찹쌀팥밥(75),유부장국,동태살전,새송이버섯나물,파김치
B소고기미역죽,B복숭아호두스무디,B참외(50g),S참외(100g),S멜론(75g),밤밥(75),쑥갓어묵국,칠리새우,무미역생채,나박김치,S크림소스스파게티,S보리차,밤밥(75),대구지리,수제비샐러드,봄동부추겉절이,콜라비나박김치
B절편,B두유(150ml),B멜론(75g),S멜론(50g),S사과(35g),찰현미밥(75),소고기팽이버섯국,두부채소볶음,단호박호두조림,열무김치,S온도토리묵국,S오미자아이스크림,찰현미밥(75),감자된장국,병어조림,동초무침,열무김치
B삶은고구마,B고칼슘우유(100ml),B사과(75g),S멜론(50g),S딸기(100g),현미밥(75),가자미미역국,소고기채굴소스볶음,모듬채소,비트초절이,S스크램블에그(버터),S떠먹는요구르트(100ml),현미밥(75),애호박두부젓국찌개,삼치데리야끼소스튀김,배추된장무침,얼갈이배추김치
B찐감자,B수제바나나우유,B멜론(50g),S복숭아(천도)-80g,S수박화채,현미밥(75),실파장국,삼겹살구이,동초무침,나박김치,S크림소스스파게티,S둥글레차,현미밥(75),모듬어묵국,채소크로켓,맛살볶음,총각김치
B건포도감자볼,B고구마쉐이크,B멜론(75g),S사과(35g),S바나나(50g),고구마밥(75),동태살무국,오징어채소볶음,미역매실청무침,오이소박이김치,S수제비,S오미자아이스크림,고구마밥(75),오징어숙주국,돼지고기청경채볶음,참치어묵조림,비트초절이
B소고기미역죽,B떠먹는요구르트(100ml),B참외(50g),S사과(100g),S멜론(75g),고구마밥(75),모듬어묵국,돼지고기굴소스볶음,아욱나물무침,열무물김치,S채소전,S보리차,고구마밥(75),미니해물칼국수,닭가슴살구이+소스,진미채초무침,배추김치
B으깬견과류고구마샐러드(요거트),B두유(200ml),B복숭아(천도)-80g,S토마토(200g),S오렌지(100g),밤밥(75),수제비아욱국,당근참치마요무침,매쉬드포테이토,나박김치,S크림소스스파게티,S둥글레차,밤밥(75),팽이장국,옥수수채소튀김,팽이버섯잡채,콜라비나박김치
B브로콜리스프,B고칼슘우유(100ml),B청포도(100g),S사과(35g),S(우유제외)과일화채,율무밥(75),맑은배추국,소고기채소조림,치커리사과무침,비트초절이,S연두부샐러드(오리엔탈드레싱),S(우유제외)복숭아호두스무디,율무밥(75),달걀떡국,두부버섯스테이크,쑥갓나물,단배추물김치
B약과,B고구마쉐이크,B복숭아(천도)-60g,S멜론(50g),S귤(80g),찹쌀보리밥(75),모듬버섯찌개,채소옥수수튀김,겨울초된장무침,파김치,S크림소스스파게티,S보리차,찹쌀보리밥(75),팽이장국,삼겹살구이,동초무침,오이소박이김치
B시금치치즈죽,B두유(100ml),B복숭아(천도)-80g,S귤(80g),S단감(50g),차조밥(75),우거지맑은국,소고기단호박볶음,요거트과일샐러드,비트초절이,S크림떡볶이,S둥글레차,차조밥(75),우동국물,모듬버섯탕수,미역줄기채소볶음,콜라비나박김치
B당근치즈스프,B(우유제외)고구마쉐이크,B참외(50g),S멜론(50g),S(우유제외)과일화채,수수밥(75),오징어숙주국,매콤주꾸미볶음,호박고지나물,나박김치,S크림소스스파게티,S보리차,수수밥(75),쑥갓어묵국,소고기청경채볶음,콘샐러드,오이소박이김치
B온도토리묵밥,B고구마쉐이크,B복숭아(천도)-60g,S바나나(50g),S방울토마토(70g),현미밥(75),애호박두부젓국,훈제오리무침,얼갈이배추겉절이,열무물김치,S잣죽,S둥글레차,현미밥(75),두부감자국,콩나물쫄면,실곤약간장채소무침,배추김치
B소고기미역죽,B떠먹는요구르트(100ml),B복숭아(황도)-60g,S멜론(50g),S단감(50g),수수밥(75),아욱토장국,떡갈비간장조림,상추오이무침,나박김치,S크림소스스파게티,S보리차,수수밥(75),실파장국,채소옥수수튀김,콘샐러드,단배추물김치
B치즈게살죽,B고구마쉐이크,B참외(50g),S복숭아(천도)-60g,S단감(50g),흑미밥(75),늙은호박국,훈제오리냉채,감자당근채볶음,오이소박이김치,S양배추치즈전,S둥글레차,흑미밥(75),유부쑥갓맑은국,매콤낙지채소볶음,애호박생선살찜,비트초절이
B당근스프,B검은깨두유(150ml),B마카로니채소샐러드,S멜론(50g),S참외(100g),옥수수밥(75),맑은김치어묵국,뿌리채소맛탕,(우유제외)감자버터구이,나박김치,S연근튀김,S식혜,옥수수밥(75),숙주당면국,삼치단호박조림,땅콩우엉조림,파김치
B으깬견과류고구마샐러드(요거트),B(우유제외)수제바나나두유,B복숭아(천도)-60g,B사과(75g),S수박화채,옥수수밥(75),늙은호박국,소고기잡채,매쉬드포테이토,단배추물김치,S단호박샐러드(마요네즈),S둥글레차,옥수수밥(75),삼계탕,소고기청경채볶음,고구마범벅,총각김치
B브로콜리소고기죽,B수제바나나우유,B수박(100g),S멜론(75g),S단감(50g),밤찹쌀팥밥(75),모듬어묵국,(저당)닭갈비,맛살볶음,비트초절이,S냉콩국+소면,S보리차,밤찹쌀팥밥(75),오징어찌개,매콤오징어볶음,단호박채소전,파김치
B양파치즈죽,B바나나쉐이크,B멜론(50g),S복숭아(80g),S사과(35g),밤밥(75),동태살무국,닭가슴살고구마볶음,애호박생선살찜,깍두기,S크림소스스파게티,S둥글레차,밤밥(75),소고기봄동국,떡갈비간장조림,당근스틱,깍두기
B찐빵,B우유(200ml),B사과(35g),S당근스틱,S멜론(50g),밤찹쌀팥밥(75),매생이국,토마토치즈샐러드,(우유제외)과일땅콩샐러드(마요네즈),오이소박이김치,S우동,S고칼슘우유(100ml),밤찹쌀팥밥(75),매콤콩나물국,칠리새우,청경채된장무침,열무물김치
B당근치즈스프,B검은콩두유(150ml),B사과(100g),S참외(100g),S단감(50g),찹쌀보리밥(75),감자채맑은국,소고기청포묵무침,오이스틱,비트초절이,S단팥도너츠,S과일연두부스무디,찹쌀보리밥(75),달래된장국,소고기찹스테이크,감자채피망볶음,배추김치
B으깬견과류고구마샐러드(요거트),B고구마쉐이크,B복숭아(천도)-60g,S멜론(50g),S귤(80g),찹쌀보리밥(75),유부쑥갓맑은국,해물우동숙주볶음,매쉬드포테이토,나박김치,S크림소스스파게티,S보리차,찹쌀보리밥(75),팽이장국,주꾸미떡볶음,감자당근채볶음,열무물김치
B양파치즈죽,B수제바나나우유,B사과(35g),S멜론(75g),S방울토마토(35g),고구마밥(75),두부젓국찌개,칠리새우,건새우애호박볶음,비트초절이,S크림떡볶이,S둥글레차,고구마밥(75),유부된장국,닭피망볶음,당근스틱,콜라비나박김치
B크로와상,B고구마쉐이크,B참외(50g),S단감(50g),S멜론(50g),검정콩밥(75),늙은호박국,오리훈제구이,아욱나물무침,오이소박이김치,S채소전,S보리차,검정콩밥(75),팽이장국,매콤낙지채소볶음,김구이+달래양념장,나박김치
B소고기미역죽,B(우유제외)수제바나나두유,B블루베리(50g),S복숭아(천도)-80g,S사과(35g),율무밥(75),다슬기아욱국,유부맛살숙주무침,땅콩우엉조림,파김치,S크림소스스파게티,S둥글레차,율무밥(75),유부쑥갓맑은국,애호박전,찐단호박,비트초절이
B바람떡,B고구마쉐이크,B복숭아(천도)-60g,S단감(50g),S멜론(50g),밤콩밥(75),동태살무국,라조기,동초무침,배추김치,S마들렌,S매실쥬스,밤콩밥(75),오징어숙주국,두부톳무침,미역줄기채소볶음,나박김치
B치즈고구마죽,B(우유제외)수제바나나두유,B멜론(75g),S복숭아(천도)-80g,S방울토마토(35g),잡곡밥(75),다슬기된장국,매콤주꾸미볶음,진미채초무침,비트초절이,S크림소스스파게티,S보리차,잡곡밥(75),유부쑥갓맑은국,두부채소전,뱅어포간장조림,오이소박이김치
B(우유제외)당근크림스프,B고구마쉐이크,B복숭아(황도)-60g,S멜론(75g),S단감(50g),밤콩밥(75),동태살무국,떡갈비간장조림,상추오이무침,나박김치,S토마토스파게티,S망고주스,밤콩밥(75),오징어숙주국,오징어초무침,건새우애호박볶음,파김치
B크로와상(30g),B수제바나나우유,B참외(50g),S멜론퓨레,S바나나(50g),찰현미밥(75),(저염)닭곰탕,닭가슴살깻잎볶음,무말랭이무침,단배추물김치,S찐감자,S떠먹는요구르트(100ml),찰현미밥(75),소고기얼갈이국,양파튀김,유채나물,총각김치
B치즈죽,B두유(100ml),B멜론(50g),S배(50g),S복숭아(천도)-80g,검정콩밥(75),버섯개장,채소옥수수튀김,동초무침,배추김치,S애플파이,S보리차,검정콩밥(75),건새우근대장국,닭날개간장조림,무미역생채,배추김치
B소고기미역죽,B(우유제외)고구마쉐이크,B참외(50g),S멜론(75g),S사과(35g),차조밥(75),쑥갓어묵국,매콤주꾸미볶음,요거트과일샐러드,오이소박이김치,S크림소스스파게티,S둥글레차,차조밥(75),팽이장국,두부채소전,매쉬드포테이토,깻잎김치
B단호박구이,B우유(150ml),B사과(100g),S멜론(50g),S포도(100g),검정콩밥(75),맑은김치어묵국,브로콜리숙회+초고추장,다시마채무침,나박김치,S잣죽,S코코아,검정콩밥(75),(저염)닭곰탕,후라이드치킨,감자간장조림,비트초절이
B꿀호떡,B(우유제외)수제바나나두유,B멜론(75g),S참외(100g),S복숭아(백도)-80g,옥수수밥(75),아욱토장국,햄구이,건새우애호박볶음,단배추물김치,S채소전,S오미자아이스크림,옥수수밥(75),실파장국,오리훈제구이,크래미채소볶음,총각김치
B당근치즈죽,B검은콩두유(200ml),B멜론(50g),S파인애플(50g),S단감(50g),잡곡밥(75),유부대파국,미역귀튀각,머위나물,깍두기,S온도토리묵국,S고구마쉐이크,잡곡밥(75),떡만두국,가자미구이,봄동된장나물,깍두기
B당근스프,B(우유제외)수제바나나두유,B참외(50g),S사과(35g),S멜론(50g),잡곡밥(75),대구살맑은국,뿌리채소맛탕,건새우애호박볶음,배추김치,S토마토스파게티,S보리차,잡곡밥(75),대구지리,고구마연근맛탕,진미채초무침,열무물김치
B으깬견과류고구마샐러드(요거트),B수제바나나우유,B멜론(50g),S당근스틱,S귤(80g),현미밥(75),동태살쑥갓국,두부채소전,미역초무침,비트초절이,S크로와상,S둥글레차,현미밥(75),오징어찌개,떡갈비간장조림,애호박새우젓볶음,단배추물김치
B크로와상,B요구르트,B참외(50g),S멜론(50g),S단감(50g),율무밥(75),다슬기아욱국,두부톳무침,마카로니채소샐러드(토마토소스),오이소박이김치,S단호박샐러드,S보리차,율무밥(75),오징어숙주국,닭살연근조림,단배추나물,나박김치
B파프리카유부초밥,B수제바나나우유,B멜론(50g),S참외(100g),S바나나(100g),찹쌀팥밥(75),실파장국,떡갈비간장조림,동초무침,깻잎김치,S채소전,S둥글레차,찹쌀팥밥(75),모듬어묵국,라조기,곤드레나물볶음,단배추물김치
B냉콩국+소면,B두유(100ml),B복숭아(황도)-60g,S멜론(50g),S단감(50g),흑미밥(75),늙은호박국,오리훈제구이,미역줄기채소볶음,오이소박이김치,S크림소스스파게티,S오미자아이스크림,흑미밥(75),팽이장국,칠리새우,파래무채무침,파김치
B치즈게살죽,B고구마쉐이크,B복숭아(천도)-60g,S당근스틱,S바나나사과키위샐러드(마요네즈),쌀밥(75),오징어찌개,고구마소고기조림,요거트과일샐러드,비트초절이,S으깬견과류고구마샐러드(요거트),S둥글레차,쌀밥(75),쑥갓어묵국,오징어새우볶음,닭안심애호박찜,단배추물김치
B고구마스프,B(우유제외)수제바나나두유,B복숭아(60g),S사과(75g),S멜론(50g),고구마밥(75),늙은호박국,닭가슴살고구마볶음,매쉬드포테이토,오이소박이김치,S토마토스파게티,S레몬주스,고구마밥(75),채소닭고기국,매콤오징어볶음,동초무침,열무물김치
B아몬드사과도넛,B바나나쉐이크,B멜론(50g),S참외(100g),S단감(50g),흑미밥(75),맑은장국,떡갈비간장조림,(우유제외)옥수수버터구이,깻잎김치,S채소전,S두유(100ml),흑미밥(75),아욱토장국,가지구이,건새우애호박볶음,총각김치
B(우유제외)당근스프,B(우유제외)수제바나나두유,B멜론(75g),S복숭아(60g),S단감(50g),수수밥(75),두부젓국찌개,뿌리채소맛탕,매쉬드포테이토,비트초절이,S크림소스스파게티,S둥글레차,수수밥(75),모듬어묵국,(저당)닭갈비,맛살볶음,단배추물김치
B으깬견과류고구마샐러드(요거트),B두유(100ml),B참외(50g),S멜론(50g),S복숭아(천도)-80g,차조밥(75),소고기깻잎국,감자치즈전,진미채초무침,오이소박이김치,S모카빵,S(우유제외)수제딸기두유,차조밥(75),유부쑥갓맑은국,소고기청경채볶음,애호박새우젓볶음,나박김치
B새우채소죽,B바나나쉐이크,B멜론(50g),S사과(35g),S복숭아(80g),감자밥(75),동태살무국,닭가슴살고구마볶음,상추오이무침,비트초절이,S크림소스스파게티,S보리차,감자밥(75),오징어숙주국,떡갈비간장조림,건새우애호박볶음,파김치
B치즈죽,B고구마쉐이크,B오렌지(50g),S단감(50g),S당근스틱,보리밥(75),애호박젓국찌개,병어조림,진미채초무침,열무물김치,S크림떡볶이,S미숫가루,보리밥(75),단호박새우젓국,(우유제외)새우버터구이,뱅어포간장조림,배추김치
B소고기미역죽,B수제바나나우유,B멜론(50g),S복숭아(천도)-60g,S파인애플(50g),수수밥(75),모듬어묵국,(저당)닭갈비,과일땅콩샐러드,단배추물김치,S냉콩국+소면,S오미자아이스크림,수수밥(75),오징어찌개,참치어묵조림,애호박볶음,총각김치
B브로콜리크림스프,B(우유제외)수제바나나두유,B청포도(100g),S복숭아(천도)-80g,S단감(50g),밤밥(75),오이냉국,주꾸미채소간장볶음,매쉬드포테이토,나박김치,S(우유제외)크랜베리찹쌀케이크,S우유(100ml),밤밥(75),쑥갓어묵국,채소크로켓,고구마범벅,비트초절이
B아몬드견과죽,B수제바나나우유,B수박(100g),S멜론(50g),S사과(35g),찹쌀보리밥(75),얼갈이배추국,소면채소무침,청경채나물,오이소박이김치,S크로와상,S떠먹는요구르트(100ml),찹쌀보리밥(75),건홍합맑은국,북어채소찜,(고춧가루제외)오이무침,열무물김치
B소고기미역죽,B바나나쉐이크,B멜론(50g),S복숭아(천도)-80g,S사과(50g),흑미밥(75),유부쑥갓맑은국,채소옥수수튀김,무미역생채,오이소박이김치,S개피떡(40g),S검은깨두유(150ml),흑미밥(75),소고기얼갈이국,라조기,유채나물무침,오이소박이김치
B소고기브로콜리죽,B수제바나나우유,B사과(35g),S복숭아(천도)-80g,S오렌지(100g),감자밥(75),쑥갓어묵국,채소전,건새우애호박볶음,파김치,S크림소스스파게티,S보리차,감자밥(75),닭살미역국,떡갈비간장조림,상추오이무침,오이소박이김치
B바나나핫케이크,B(우유제외)수제바나나두유,B복숭아(천도)-60g,S멜론(50g),S단감(50g),밤콩밥(75),유부쑥갓맑은국,닭감자조림,무미역생채,나박김치,S토마토스파게티,S둥글레차,밤콩밥(75),모듬어묵국,두부채소전,진미채초무침,비트초절이
B절편(40g),B우유(150ml),B단감(50g),S블루베리(50g),S멜론퓨레,쌀밥(75),순한고추장찌개,삼겹케첩조림,브로콜리견과류볶음,파김치,S(우유제외)로제스파게티,S떠먹는요구르트(100ml),쌀밥(75),얼갈이된장국,양파튀김,오이초절임,오이소박이김치
B감자우유죽,B수제블루베리바나나우유,B사과(75g),S방울토마토(35g),S멜론(50g),감자밥(75),매생이떡국,비엔나토마토볶음,봄동나물,단배추물김치,S애플파이,S(우유제외)고구마쉐이크,감자밥(75),양송이된장국,두부데리야끼소스구이,당근스틱,비트초절이
B냉콩국+소면,B(우유제외)수제바나나두유,B당근스틱,S멜론(75g),S단감(50g),찹쌀보리밥(75),늙은호박국,훈제오리단호박찜,마카로니채소샐러드(토마토소스),총각김치,S크림소스스파게티,S둥글레차,찹쌀보리밥(75),모듬어묵국,소고기청경채볶음,느타리버섯채소전,총각김치
B소고기미역죽,B수제바나나우유,B복숭아(황도)-60g,S멜론(75g),S단감(50g),보리밥(75),쑥갓어묵국,삼겹살구이,건새우애호박볶음,비트초절이,S단호박샐러드(마요네즈),S보리차,보리밥(75),미역냉국,채소크로켓,매쉬드포테이토,단배추물김치
B절편,B두유(150ml),B복숭아(천도)-60g,S멜론(50g),S포도(100g),쌀밥(75),두부젓국찌개,소고기단호박볶음,콘샐러드,깍두기,S(우유제외)크랜베리찹쌀케이크,S둥글레차,쌀밥(75),유부쑥갓맑은국,소고기잡채,아욱나물무침,배추김치
B참나물유부초밥,B수제바나나우유,B복숭아(백도)-80g,S토마토(200g),S파인애플(50g),감자밥(75),단호박무국,두부달걀전,무생채,오이소박이김치,S소보로빵,S코코아,감자밥(75),소고기양파국,한치어묵조림,당근스틱,오이소박이김치
B소고기미역죽,B검은깨두유(200ml),B멜론(50g),S복숭아(천도)-60g,S포도(100g),잡곡밥(75),늙은호박국,오징어볶음,아욱나물무침,비트초절이,S크림떡볶이,S보리차,잡곡밥(75),모듬어묵국,떡갈비간장조림,건새우애호박볶음,오이소박이김치
B찐빵,B고칼슘우유(100ml),B귤(50g),S멜론(50g),S(우유제외)과일화채,찹쌀팥밥(75),맑은가쓰오부시장국,브로콜리오징어무침,새싹채소샐러드,나박김치,S스크램블에그(버터),S고구마쉐이크,찹쌀팥밥(75),(소고기제외)당면양배추국,소고기찹쌀구이,북어채볶음,파김치
B양파치즈죽,B수제바나나우유,B멜론(50g),S복숭아(60g),S단감(50g),밤밥(75),닭살미역국,채소크로켓,요거트과일샐러드,비트초절이,S크림소스스파게티,S둥글레차,밤밥(75),모듬어묵국,닭가슴살고구마볶음,동초무침,총각김치
B고구마스프,B(우유제외)수제바나나두유,B오렌지(50g),S복숭아(80g),S포도(100g),차조밥(75),모듬버섯찌개,소면채소무침,상추오이무침,파김치,S약과,S보리차,차조밥(75),유부쑥갓맑은국,훈제오리단호박찜,뱅어포간장조림,오이소박이김치
B근대죽,B검은콩두유(100ml),B방울토마토(35g),S멜론(50g),S사과(100g),찹쌀보리밥(75),콩가루시래기국,삼치무조림,물미역무초무침,비트초절이,S찐감자,S오미자아이스크림,찹쌀보리밥(75),건새우시금치국,늙은호박소고기볶음,감자간장조림,단배추물김치
B치즈죽,B고구마쉐이크,B복숭아(천도)-60g,S멜론(75g),S단감(50g),보리밥(75),새우살애호박국,라조기,더덕사과무침,나박김치,S크림소스스파게티,S레몬주스,보리밥(75),오징어숙주국,오징어새우볶음,애호박조림,열무김치
B(우유제외)당근타락죽,B떠먹는요구르트(100ml),B복숭아(백도)-60g,S사과(35g),S멜론(75g),검정콩밥(75),애호박두부젓국찌개,수제비샐러드,파래무채무침,배추김치,S크림떡볶이,S복숭아호두스무디,검정콩밥(75),실파장국,(저염)갈치조림,실곤약채소무침,비트초절이
B새우채소볶음밥,B두유(100ml),B참외(50g),S당근스틱,S멜론(50g),율무밥(75),닭고기채소찌개,훈제오리냉채,얼갈이무침,단배추물김치,S냉콩국+소면,S둥글레차,율무밥(75),두부맑은국,해물우동숙주볶음,애호박조림,나박김치
B단호박꿀찜,B우유(150ml),B복숭아(백도)-60g,S청포도(100g),S단감(50g),기장밥(75),달래맑은국,삼겹살구이,(저염)연근조림,총각김치,S충무김밥,S검은깨두유(150ml),기장밥(75),새우살애호박국,소고기완자전,콘샐러드,비트초절이
B가래떡구이,B고구마쉐이크,B복숭아(60g),S멜론(50g),S포도(100g),잡곡밥(75),애호박두부젓국찌개,뿌리채소맛탕,미역줄기채소볶음,나박김치,S크림소스스파게티,S오미자아이스크림,잡곡밥(75),홍합살미역국,브로콜리오징어무침,참치양파볶음,배추김치
B시금치치즈죽,B(우유제외)수제바나나두유,B참외(50g),S멜론(75g),S포도(100g),감자밥(75),대구지리,해물우동숙주볶음,찐당근스틱,오이소박이김치,S냉콩국+소면,S보리차,감자밥(75),두부젓국찌개,어묵고구마조림,무미역생채,오이소박이김치
B파프리카유부초밥,B두유(100ml),B사과(35g),S당근스틱,S참외(50g),찹쌀팥밥(75),늙은호박국,브로콜리달걀볶음,미역매실청무침,배추김치,S크림소스스파게티,S둥글레차,찹쌀팥밥(75),애호박두부젓국,옥수수채소튀김,요거트과일샐러드,배추김치
B절편(40g),B수제바나나우유,B멜론(50g),S단감(50g),S복숭아(천도)-80g,완두콩밥(75),동태살쑥갓국,닭살연근조림,동초무침,비트초절이,S참치주먹밥,S오미자아이스크림,완두콩밥(75),감자된장국,떡갈비간장조림,파래무채무침,단배추물김치
B(우유제외)브로콜리크림스프,B토마토쉐이크,B복숭아(천도)-80g,S당근스틱,S참외(100g),찰현미밥(75),소고기배추국,참나물전,무몰무침,열무물김치,S온도토리묵국,S(우유제외)호두두유,찰현미밥(75),유부양파국,가래떡김치전,요거트과일샐러드,깍두기
B감자채요거트샐러드,B고구마쉐이크,B사과(35g),S멜론(50g),S단감(50g),찹쌀팥밥(75),다슬기아욱국,닭가슴살고구마볶음,해초볶음,비트초절이,S애플파이,S오미자아이스크림,찹쌀팥밥(75),동태살무국,오징어채소볶음,참치어묵조림,배추김치
B크로와상,B수제바나나우유,B멜론(50g),S방울토마토(70g),S참외(50g),잡곡밥(75),오징어찌개,참치어묵조림,아욱나물무침,나박김치,S채소전,S매실쥬스,잡곡밥(75),두부젓국찌개,돼지고기청경채볶음,마카로니채소샐러드(토마토소스),단배추물김치
B소고기미역죽,B떠먹는요구르트(100ml),B참외(100g),S복숭아(천도)-80g,S청포도(100g),밤찹쌀팥밥(75),아욱장국,해물우동숙주볶음,두부당근완자전,파김치,S애플파이,S둥글레차,밤찹쌀팥밥(75),늙은호박국,두부톳무침,콘샐러드,오이소박이김치
B냉콩국+소면,B(우유제외)수제바나나두유,B멜론(50g),S사과(35g),S복숭아(60g),쌀밥(75),버섯개장,소면채소무침,봄동부추겉절이,나박김치,S영양주먹밥,S보리차,쌀밥(75),새우살애호박국,어묵감자조림,무미역생채,비트초절이
B소고기미역죽,B떠먹는요구르트(100ml),B복숭아(황도)-60g,S멜론(75g),S단감(50g),밤밥(75),실파장국,매콤낙지채소볶음,콘샐러드,콜라비나박김치,S크림소스스파게티,S둥글레차,밤밥(75),어묵국수,칠리새우,아욱나물무침,배추김치
B소고기타락죽,B고구마쉐이크,B복숭아(천도)-60g,S멜론(75g),S당근스틱,찹쌀밥(75),팽이장국,닭가슴살고구마볶음,상추오이무침,오이소박이김치,S웨지감자구이,S보리차,찹쌀밥(75),유부쑥갓맑은국,돼지고기청경채볶음,무미역생채,비트초절이
B고구마스프,B(우유제외)수제바나나두유,B멜론(75g),S단감(50g),S복숭아(천도)-80g,수수밥(75),늙은호박국,뿌리채소맛탕,건새우애호박볶음,단배추물김치,S크림소스스파게티,S둥글레차,수수밥(75),모듬어묵국,(저당)닭갈비,맛살볶음,깻잎김치
B소고기미역죽,B고구마쉐이크,B복숭아(황도)-60g,S사과(35g),S단감(50g),밤콩밥(75),유부쑥갓맑은국,칠리새우,감자당근채볶음,파김치,S단호박샐러드(마요네즈),S보리차,밤콩밥(75),팽이장국,매콤낙지채소볶음,상추오이무침,파김치
B새우채소죽,B떠먹는요구르트(100ml),B참외(50g),S멜론(50g),S복숭아(천도)-80g,찹쌀팥밥(75),모듬버섯찌개,해물우동숙주볶음,해초볶음,열무물김치,S크림소스스파게티,S둥글레차,찹쌀팥밥(75),오징어숙주국,라조기,동초무침,비트초절이
B건포도감자볼,B고구마쉐이크,B복숭아(황도)-60g,S오렌지(50g),S수박화채,밤찹쌀팥밥(75),건새우시금치국,매콤낙지채소볶음,두부당근완자전,나박김치,S크로와상,S보리차,밤찹쌀팥밥(75),팽이장국,돼지고기굴소스볶음,콘샐러드,오이소박이김치
B(우유제외)당근타락죽,B검은깨두유(150ml),B오렌지(50g),S멜론(50g),S파인애플(50g),차조밥(75),얼갈이배추국,가래떡김치전,오이사과무침,열무물김치,S스크램블에그(버터),S검은깨두유(100ml),차조밥(75),애호박두부젓국,소고기무볶음,마늘종잡채,비트초절이
B브로콜리스프,B호두두부쉐이크,B바나나(50g),S(우유제외)과일화채,S오이스틱,잡곡밥(75),미니해물칼국수,닭채볶음,고구마순나물,배추김치,S송편(40g),S떠먹는요구르트(100ml),잡곡밥(75),애탕국,소면채소무침,배무생채,배추김치
B크로와상,B수제바나나우유,B멜론(75g),S참외(100g),S복숭아(천도)-80g,율무밥(75),오징어찌개,주꾸미채소간장볶음,애호박볶음,비트초절이,S채소전,S둥글레차,율무밥(75),감자된장국,매콤오징어볶음,아욱나물무침,깻잎김치
B가지두부죽,B떠먹는요구르트(100ml),B복숭아(황도)-60g,S블루베리(50g),S멜론(50g),현미밥(75),다슬기된장국,뿌리채소맛탕,미역줄기채소볶음,나박김치,S영양주먹밥,S오미자아이스크림,현미밥(75),바지락살맑은국,소면채소무침,매쉬드포테이토,배추김치
B양파치즈스프,B고구마쉐이크,B복숭아(천도)-60g,B참외(50g),S멜론(75g),완두콩밥(75),오징어찌개,닭가슴살고구마볶음,더덕사과무침,오이소박이김치,S백설기,S보리차,완두콩밥(75),채소닭고기국,두부채소전,참치양파볶음,비트초절이
B누룽지죽,B두유(100ml),B복숭아(황도)-60g,S사과(35g),S멜론(50g),찹쌀밥(75),쑥갓어묵국,라조기,상추오이무침,파김치,S쿠키,S오미자아이스크림,찹쌀밥(75),다슬기아욱국,뿌리채소맛탕,건새우애호박볶음,파김치
B소고기미역죽,B고구마쉐이크,B참외(50g),S사과(35g),S멜론(100g),수수밥(75),오징어숙주국,소고기청포묵무침,참치피망볶음,배추김치,S채소전,S둥글레차,수수밥(75),얼갈이배추국,해물우동숙주볶음,당근스틱,백김치
B으깬견과류고구마샐러드(요거트),B떠먹는요구르트(100ml),B복숭아(황도)-60g,S멜론(50g),S당근스틱,잡곡밥(75),다슬기아욱국,칠리새우,도라지오징어채무침,나박김치,S크림소스스파게티,S보리차,잡곡밥(75),유부쑥갓맑은국,만두탕수,요거트과일샐러드,비트초절이
B밤설기(40g),B우유(150ml),B복숭아(천도)-60g,S참외(100g),S단감(50g),밤찹쌀팥밥(75),애호박두부젓국찌개,소면채소무침,오이사과무침,콜라비나박김치,S온도토리묵국,S오미자아이스크림,밤찹쌀팥밥(75),감자된장국,오리훈제구이,동초무침,열무물김치
B치즈고구마죽,B고구마쉐이크,B복숭아(60g),S멜론(50g),S당근스틱,옥수수밥(75),모듬버섯찌개,매콤오징어볶음,참치양파볶음,나박김치,S크림소스스파게티,S둥글레차,옥수수밥(75),유부쑥갓맑은국,소고기잡채,(우유제외)고구마두유조림,오이소박이김치
B소고기미역죽,B떠먹는요구르트(100ml),B참외(50g),S멜론(50g),S복숭아(천도)-80g,차조밥(75),버섯개장,채소옥수수튀김,무미역생채,비트초절이,S크림떡볶이,S보리차,차조밥(75),대합미역국,후르츠탕수육,단호박구이,단배추물김치
B으깬견과류고구마샐러드(요거트),B고구마쉐이크,B복숭아(황도)-60g,S오렌지(50g),S멜론(75g),찹쌀현미밥(75),모듬버섯찌개,해물우동숙주볶음,두부당근완자전,오이소박이김치,S크림소스스파게티,S둥글레차,찹쌀현미밥(75),유부쑥갓맑은국,닭날개간장조림,건새우애호박볶음,오이소박이김치
B단호박꿀찜,B수제바나나우유,B멜론(50g),S복숭아(80g),S단감(50g),잡곡밥(75),팽이장국,칠리새우,요거트과일샐러드,비트초절이,S크로와상,S보리차,잡곡밥(75),다슬기아욱국,떡갈비간장조림,무미역생채,파김치
B가래떡구이,B우유(150ml),B사과(100g),S복숭아(80g),S참외(50g),밤콩밥(75),닭살미역국,소고기완자전,미역줄기채소볶음,오이소박이김치,S카카오올리브케익,S과일연두부스무디,밤콩밥(75),유부쑥갓맑은국,브로콜리달걀볶음,진미채초무침,백김치
B약과,B고구마쉐이크,B복숭아(황도)-60g,S멜론(50g),S당근스틱,검정콩밥(75),감자된장국,매콤낙지채소볶음,아욱나물무침,콜라비나박김치,S크림떡볶이,S둥글레차,검정콩밥(75),팽이장국,(저염)갈치조림,뱅어포간장조림,배추김치
B고구마스프,B검은깨두유(150ml),B복숭아(천도)-80g,S파인애플(50g),S사과(100g),팥밥(75),배추국,낙지볶음,푸실리샐러드,오이소박이김치,S단호박떡케익,S우유미숫가루,팥밥(75),소고기양파국,닭가슴살사과무침,크래미채소볶음,나박김치
B밤설기(40g),B고구마쉐이크,B참외(50g),S사과(35g),S복숭아(천도)-60g,검정콩밥(75),닭살미역국,너비아니채소볶음,오이스틱,파김치,S(우유제외)버터감자구이,S고칼슘우유(200ml),검정콩밥(75),실파장국,매콤낙지채소볶음,진미채초무침,깍두기
B소고기미역죽,B떠먹는요구르트(100ml),B복숭아(황도)-60g,S참외(100g),S당근스틱,찹쌀현미밥(75),팽이장국,만두탕수,뱅어포간장조림,배추김치,S크림떡볶이,S보리차,찹쌀현미밥(75),모듬버섯찌개,두부채소전,실곤약채소무침,비트초절이
B치즈죽,B요구르트,B멜론(100g),S복숭아(천도)-60g,S단감(50g),찹쌀현미밥(75),아욱토장국,무나물볶음,고사리나물,깻잎김치,S크림소스스파게티,S매실쥬스,찹쌀현미밥(75),소고기양파국,매콤오징어볶음,(우유제외)고구마두유조림,단배추물김치
B소고기미역죽,B떠먹는요구르트(100ml),B참외(50g),S사과(35g),S멜론(50g),완두콩밥(75),바지락살맑은국,두부채소굴소스볶음,실곤약채소무침,콜라비나박김치,S크림떡볶이,S검은깨두유(200ml),완두콩밥(75),두부젓국찌개,오리훈제구이,찐단호박,배추김치
B수제비,B우유(150ml),B복숭아(천도)-60g,S파인애플(50g),S키위(50g),찹쌀밥(75),건새우맑은국,메추리알어묵조림,단호박우유찜,열무물김치,S우동,S보리차,찹쌀밥(75),소고기버섯찌개,삼치데리야끼소스튀김,오이스틱,비트초절이
B으깬견과류고구마샐러드(요거트),B고구마쉐이크,B토마토(200g),S복숭아(80g),S멜론(100g),잡곡밥(75),근대국,동태살전,해초볶음,단무지,S크림소스스파게티,S둥글레차,잡곡밥(75),콩가루얼갈이배추국,라조기,감자치즈전,배추김치
B참깨우유스프,B요구르트,B참외(100g),S사과(35g),S단감(50g),밤콩밥(75),단호박새우젓국,참치볶음,미역줄기채소볶음,나박김치,S카스텔라,S(우유제외)고구마쉐이크,밤콩밥(75),오징어찌개,삼치튀김,실곤약간장채소무침,비트초절이
B감자우유죽,B두유(150ml),B멜론(75g),S복숭아(천도)-60g,S배(100g),보리밥(75),실파장국,떡갈비조림,얼갈이무침,단배추물김치,S크림떡볶이,S둥글레차,보리밥(75),꼬치어묵국,닭다리살굴소스볶음,애호박생선살찜,총각김치
B찐빵,B토마토쉐이크,B오렌지(50g),S방울토마토(70g),S오이스틱,팥밥(75),콩나물된장국,차돌숙주볶음,깻잎순나물,깍두기,S영양주먹밥,S떠먹는요구르트(100ml),팥밥(75),건홍합맑은국,오징어채소볶음,배무생채,나박김치
B소고기미역죽,B두유(100ml),B참외(50g),S복숭아(천도)-80g,S멜론(75g),고구마밥(75),다슬기아욱국,소면채소무침,콘샐러드,오이소박이김치,S토마토스파게티,S둥글레차,고구마밥(75),모듬버섯찌개,칠리새우,동초무침,열무물김치
B개피떡,B복숭아호두스무디,B사과(35g),S참외(100g),S단감(50g),완두콩밥(75),순한백짬뽕국,삼치무조림,당근스틱,비트초절이,S크림떡볶이,S보리차,완두콩밥(75),닭고기채소찌개,훈제오리무침,애호박건새우볶음,단배추물김치
B누룽지죽,B수제블루베리바나나우유,B복숭아(천도)-60g,S파인애플(50g),S멜론(50g),찹쌀밥(75),소고기양배추국,닭가슴살가지볶음,양배추샐러드(레몬드레싱),나박김치,S채소주먹밥,S코코아,찹쌀밥(75),달래맑은국,낙지콩나물볶음,(우유제외)단호박두유찜,배추김치
B당근치즈죽,B두유(100ml),B당근스틱,S푸실리샐러드,S참외(50g),완두콩밥(75),감자고추장찌개,소고기단호박조림,물미역무초무침,동치미,S단팥도너츠,S(우유제외)수제블루베리우유,완두콩밥(75),바지락국,삼치간장조림,블루베리고구마샐러드,단배추물김치
B단호박떡케익,B수제바나나우유,B멜론(50g),S복숭아(천도)-60g,S자두(50g),밤콩밥(75),늙은호박국,삼겹살구이,매쉬드포테이토,총각김치,S양배추치즈전,S보리차,밤콩밥(75),모듬어묵국,채소전,동초무침,비트초절이
B으깬견과류고구마샐러드(요거트),B(우유제외)수제바나나두유,B참외(50g),S멜론(50g),S방울토마토(70g),기장밥(75),팽이장국,삼치무조림,파래무채무침,오이소박이김치,S크림소스스파게티,S오미자아이스크림,기장밥(75),다슬기아욱국,모듬버섯탕수,애호박건새우볶음,나박김치
B냉콩국+소면,B두유(100ml),B복숭아(천도)-80g,S방울토마토(70g),S당근스틱,옥수수밥(75),오징어찌개,오징어청경채볶음,뱅어포간장조림,비트초절이,S약과,S둥글레차,옥수수밥(75),(소고기제외)당면양배추국,소고기청경채볶음,무미역생채,총각김치
B소고기미역죽,B떠먹는요구르트(100ml),B복숭아(80g),S바나나(100g),S멜론(50g),팥밥(75),쑥갓어묵국,어묵감자조림,무미역무침,콜라비나박김치,S크림소스스파게티,S오미자아이스크림,팥밥(75),팽이장국,뿌리채소맛탕,상추오이무침,배추김치
B크로와상(30g),B우유(100ml),B귤(50g),S복숭아(천도)-80g,S포도(100g),완두콩밥(75),순한김치국,고추장소고기볶음,곤드레나물볶음,나박김치,S단호박샐러드(마요네즈),S바나나쉐이크,완두콩밥(75),얼갈이배추국,어묵곤약조림,도라지오징어채무침,비트초절이
B소고기미역죽,B바나나쉐이크,B사과(35g),S파인애플(50g),S멜론(50g),밤콩밥(75),애호박새우젓국찌개,채소전,무미역생채,파김치,S크림소스스파게티,S수정과,밤콩밥(75),유부쑥갓맑은국,채소옥수수튀김,맛살미역줄기볶음,오이소박이김치
B양파치즈죽,B(우유제외)고구마쉐이크,B멜론(50g),S복숭아(80g),S방울토마토(70g),옥수수밥(75),팽이장국,떡갈비간장조림,동초무침,나박김치,S채소전,S보리차,옥수수밥(75),다슬기아욱국,소고기단호박볶음,맛살볶음,비트초절이
B새우크림소스볶음,B바나나쉐이크,B복숭아(황도)-60g,S멜론(50g),S복숭아(천도)-80g,기장밥(75),청국장국,라조기,상추오이무침,단배추물김치,S애플파이,S둥글레차,기장밥(75),늙은호박국,채소전,건새우애호박볶음,깻잎김치
B소고기미역죽,B고구마쉐이크,B참외(50g),S복숭아(천도)-80g,S사과(35g),찰현미밥(75),모듬어묵국,닭살연근조림,뱅어포구이,비트초절이,S채소전,S식혜,찰현미밥(75),아욱우렁된장국,브로콜리오징어무침,참치양파볶음,파김치
B으깬견과류고구마샐러드(요거트),B떠먹는요구르트(100ml),B복숭아(황도)-60g,S멜론(50g),S바나나(100g),기장밥(75),어묵국수,해물우동숙주볶음,감자당근채볶음,콜라비나박김치,S새우크림소스볶음,S보리차,기장밥(75),애호박두부젓국찌개,주꾸미떡볶음,뱅어포간장조림,배추김치
B양파치즈죽,B(우유제외)고구마쉐이크,B멜론(50g),S복숭아(천도)-80g,S참외(100g),쌀밥(75),두부젓국찌개,떡갈비간장조림,미역초무침,단배추물김치,S채소전,S둥글레차,쌀밥(75),오징어찌개,닭살연근조림,애호박새우젓볶음,깻잎김치
B소고기미역죽,B고구마쉐이크,B복숭아(황도)-60g,S사과(50g),S멜론(75g),보리밥(75),두부맑은국,가지구이,단호박우유찜,비트초절이,S영양주먹밥,S보리차,보리밥(75),김치유부맑은국,두부채소굴소스볶음,오이달래무침,단무지
B멸치채소죽,B(우유제외)수제바나나두유,B수박(100g),S멜론(50g),S사과(35g),찹쌀팥밥(75),소고기얼갈이국,소면채소무침,(우유제외)으깬견과류고구마샐러드,단배추물김치,S찐감자,S떠먹는요구르트(100ml),찹쌀팥밥(75),(저염)닭곰탕,늙은호박소고기볶음,당근숙주나물,깻잎김치
B밤설기(40g),B수제바나나우유,B복숭아(황도)-60g,S멜론(75g),S단감(50g),밤밥(75),모듬어묵국,(저당)닭갈비,맛살볶음,갓김치,S크림소스스파게티,S오미자아이스크림,밤밥(75),늙은호박국,뿌리채소맛탕,사과미나리무침,파김치
B소고기미역죽,B떠먹는요구르트(100ml),B복숭아(천도)-60g,S수박화채,S멜론(75g),현미밥(75),두부맑은국,채소옥수수튀김,동초무침,비트초절이,S매실젤리,S식혜,현미밥(75),모듬버섯찌개,오리훈제구이,콘샐러드,단배추물김치
B참깨타락죽,B고구마쉐이크,B멜론(75g),S단감(50g),S사과(35g),고구마밥(75),감자된장국,소고기브로콜리조림,진미채초무침,오이소박이김치,S크림소스스파게티,S보리차,고구마밥(75),실파장국,매콤오징어볶음,참치어묵조림,오이소박이김치
B마들렌,B떠먹는요구르트(100ml),B사과(75g),S복숭아(천도)-60g,S참외(100g),보리밥(75),콩나물냉국,삼겹살구이,방풍나물,나박김치,S호박죽,S쌀음료,보리밥(75),닭살당면국,참치깻잎전,동초무침,비트초절이
B으깬견과류고구마샐러드(요거트),B고구마쉐이크,B복숭아(천도)-60g,S(우유제외)수박화채,S바나나(100g),잡곡밥(75),팽이장국,어묵감자조림,당근스틱,오이소박이김치,S크로와상,S보리차,잡곡밥(75),유부쑥갓맑은국,뿌리채소맛탕,뱅어포간장조림,콜라비나박김치
B소고기미역죽,B수제바나나우유,B멜론(50g),S단감(50g),S복숭아(천도)-80g,팥밥(75),닭살미역국,채소옥수수튀김,얼갈이무침,단배추물김치,S영양주먹밥,S둥글레차,팥밥(75),모듬어묵국,훈제오리무침,김구이+양념장,비트초절이
B단호박떡케익,B(우유제외)수제바나나두유,B멜론(75g),S복숭아(80g),S멜론(75g),찹쌀팥밥(75),새우젓국찌개,채소크로켓,애호박볶음,깻잎김치,S치즈스틱,S(우유제외)수제딸기두유,찹쌀팥밥(75),청국장국,오리훈제구이,크래미채소볶음,나박김치
B시금치치즈죽,B(우유제외)고구마쉐이크,B멜론(50g),S단감(50g),S참외(100g),완두콩밥(75),감자된장국,참치어묵조림,콘샐러드,비트초절이,S크림떡볶이,S오미자아이스크림,완두콩밥(75),늙은호박국,주꾸미채소간장볶음,도라지무침,단배추물김치
B소고기미역죽,B고구마쉐이크,B복숭아(황도)-60g,S사과(50g),S오렌지(50g),잡곡밥(75),모듬버섯찌개,매콤낙지채소볶음,애호박볶음,나박김치,S크림소스스파게티,S둥글레차,잡곡밥(75),유부쑥갓맑은국,훈제오리무침,감자당근채볶음,오이소박이김치
B단호박꿀찜,B(우유제외)고구마쉐이크,B멜론(50g),S참외(100g),S오이스틱,흑미밥(75),아욱토장국,라조기,도라지무침,총각김치,S크로와상,S떠먹는요구르트(100ml),흑미밥(75),건홍합맑은국,주꾸미채소간장볶음,고구마순나물,단배추물김치
B찐빵,B우유(200ml),B당근스틱,S멜론(50g),S귤(50g),현미밥(75),순한김치국,새우살채소깨무침,고구마범벅,깍두기,S(우유제외)크랜베리찹쌀케이크,S(우유제외)고구마쉐이크,현미밥(75),얼갈이맑은국,닭채볶음,세발나물,나박김치
B소고기미역죽,B떠먹는요구르트(100ml),B참외(50g),S사과(35g),S단감(50g),흑미밥(75),유부쑥갓맑은국,두부채소굴소스볶음,실곤약채소무침,비트초절이,S크림떡볶이,S둥글레차,흑미밥(75),목살찌개,두부참치샐러드(유자청드레싱),찐단호박,배추김치
B당근치즈스프,B바나나쉐이크,B멜론(75g),S단감(50g),S복숭아(천도)-60g,팥밥(75),청국장국,뿌리채소맛탕,건새우애호박볶음,백김치,S크림소스스파게티,S보리차,팥밥(75),실파장국,고구마소고기조림,뱅어포간장조림,백김치
B소고기미역죽,B떠먹는요구르트(100ml),B멜론(100g),S복숭아(천도)-80g,S수박화채,찹쌀보리밥(75),동태살무국,훈제오리냉채,애호박볶음,파김치,S크로와상,S둥글레차,찹쌀보리밥(75),오징어숙주국,매콤낙지채소볶음,숙주당근나물,비트초절이
B톳채소튀김,B수제바나나우유,B멜론(50g),S키위(50g),S복숭아(80g),현미밥(75),소고기양파국,시금치두부전,배추게맛살샐러드,오이소박이김치,S크림소스스파게티,S오미자차,현미밥(75),온청포묵국,채소옥수수튀김,가지무침,오이소박이김치
B소고기미역죽,B고구마쉐이크,B참외(50g),S사과(35g),S멜론(75g),검정콩밥(75),팽이장국,해물우동숙주볶음,봄동부추겉절이,비트초절이,S영양주먹밥,S보리차,검정콩밥(75),유부쑥갓맑은국,어묵고구마조림,무미역생채,콜라비나박김치
B소고기브로콜리죽,B두유(100ml),B멜론(50g),S복숭아(천도)-80g,S단감(50g),쌀밥(75),감자미역국,소고기당면불고기,얼갈이무침,배추김치,S크림소스스파게티,S둥글레차,쌀밥(75),두부맑은국,훈제오리무침,김구이+양념장,배추김치
B(우유제외)토마토스크램블에그,B수제바나나우유,B사과(35g),S멜론(50g),S복숭아(천도)-80g,차조밥(75),유부쑥갓맑은국,채소옥수수튀김,당근스틱,단무지무침,S크림떡볶이,S보리차,차조밥(75),도토리묵냉국,물만두,치즈감자조림,비트초절이
B(우유제외)소고기스프,B고칼슘우유(100ml),B멜론(100g),S포도(100g),S참외(50g),율무밥(75),(소고기제외)당면양배추국,두부데리야끼구이,유자청두부샐러드,열무김치,S단팥도너츠,S고구마쉐이크,율무밥(75),소고기양파국,고구마베이컨볶음,(저염·저당)우엉조림,배추김치
B양파치즈죽,B수제바나나우유,B멜론(50g),S과일화채,S단감(50g),잡곡밥(75),모듬어묵국,두부채소전,건새우애호박볶음,비트초절이,S냉콩국+소면,S둥글레차,잡곡밥(75),오징어찌개,오징어볶음,애호박새우젓볶음,단배추물김치
B크로와상,B떠먹는요구르트(100ml),S복숭아(80g),S키위(50g),S수박화채,흑미밥(75),늙은호박국,닭살고구마조림,아욱나물무침,총각김치,S매실젤리,S보리차,흑미밥(75),새우살애호박국,떡갈비간장조림,콩나물잡채,깍두기
B양파치즈죽,B고구마쉐이크,S복숭아(천도)-60g,S단감(50g),S수박화채,찹쌀보리밥(75),가지냉국,뿌리채소맛탕,미역줄기채소볶음,콜라비나박김치,S크림소스스파게티,S둥글레차,찹쌀보리밥(75),대구지리,소고기단호박볶음,오이참치마요무침,배추김치
B대추우유스프,B요구르트,B배(100g),S당근스틱,S복숭아(80g),흑미밥(75),아욱우렁된장국,돼지고기청경채볶음,뱅어포간장조림,열무물김치,S시루떡,S(우유제외)두유미숫가루,흑미밥(75),소고기무국,낙지볶음,양배추샐러드(딸기드레싱),비트초절이
B찰옥수수스프,B고구마쉐이크,B복숭아(천도)-60g,S멜론(50g),S사과(75g),흑미밥(75),유부쑥갓맑은국,매콤주꾸미볶음,미역줄기채소볶음,나박김치,S크림소스스파게티,S레몬주스,흑미밥(75),쑥갓어묵국,온두부+양념장,진미채초무침,배추김치
B(우유제외)옥수수버터구이,B요구르트,B복숭아(60g),S과일화채,S귤(50g),감자밥(75),버섯개장,수제비샐러드,부추사과무침,비트초절이,S(우유제외)수제새우과자,S보리차,감자밥(75),차돌얼갈이국,어묵감자조림,실곤약채소무침,얼갈이배추김치
B소고기미역죽,B고구마쉐이크,B참외(50g),S멜론(50g),S과일화채,팥밥(75),유부쑥갓맑은국,두부채소전,애호박볶음,오이소박이김치,S크림소스스파게티,S둥글레차,팥밥(75),팽이장국,매콤낙지채소볶음,숙주당근나물,깻잎김치
B양파치즈죽,B수제바나나우유,B당근스틱,S귤(50g),S사과(35g),찰현미밥(75),실파장국,온두부+양념장,맛살볶음,나박김치,S크림떡볶이,S(우유제외)고구마쉐이크,찰현미밥(75),두부젓국찌개,채소크로켓,건새우애호박볶음,총각김치
B으깬견과류고구마샐러드(요거트),B고구마쉐이크,B복숭아(천도)-60g,S참외(50g),S블루베리(50g),보리밥(75),차돌얼갈이국,어묵감자조림,달래김무침,갓김치,S크림소스스파게티,S보리차,보리밥(75),애호박두부젓국,옥수수채소튀김,새우깐풍기,열무물김치
B소고기미역죽,B(우유제외)수제바나나두유,B멜론(75g),S복숭아(천도)-60g,S단감(50g),잡곡밥(75),늙은호박국,뿌리채소맛탕,동초무침,단배추물김치,S절편,S오미자아이스크림,잡곡밥(75),모듬어묵국,두부톳무침,애호박볶음,깻잎김치
B바나나핫케이크,B요구르트,B멜론(50g),S복숭아(천도)-60g,S사과(35g),수수밥(75),유부쑥갓맑은국,삼겹살구이,찐단호박,나박김치,S채소전,S둥글레차,수수밥(75),팽이장국,칠리새우,매쉬드포테이토,비트초절이
B(우유제외)브로콜리스프,B(우유제외)수제바나나두유,B방울토마토(70g),S사과(50g),S멜론(50g),차조밥(75),찹쌀옹심이국,매콤주꾸미볶음,숙주당근나물,파김치,S크림소스스파게티,S보리차,차조밥(75),늙은호박국,떡갈비간장조림,견과류고구마범벅,깻잎김치
B소고기미역죽,B(우유제외)바나나쉐이크,B멜론(75g),S사과(75g),S과일화채,찹쌀보리밥(75),오징어찌개,(저당)닭갈비,크래미채소볶음,비트초절이,S채소전,S매실쥬스,찹쌀보리밥(75),유부김치국,매콤오징어볶음,맛살콩나물무침,단배추물김치
B시금치치즈죽,B(우유제외)수제바나나두유,B참외(50g),S복숭아(천도)-60g,S귤(50g),찹쌀보리밥(75),애호박두부젓국,어묵감자조림,얼갈이무침,총각김치,S영양주먹밥,S둥글레차,찹쌀보리밥(75),모듬어묵국,훈제오리무침,애호박볶음,나박김치
B수제비,B고구마쉐이크,B복숭아(천도)-60g,S사과(75g),B참외(50g),고구마밥(75),유부쑥갓맑은국,돼지고기굴소스볶음,동초무침,파김치,S크림떡볶이,S보리차,고구마밥(75),유부된장국,삼치무조림,해초볶음,비트초절이
B소고기미역죽,B떠먹는요구르트(100ml),B당근스틱,S멜론(50g),S사과(75g),찹쌀밥(75),대구지리,두부채소전,애호박볶음,총각김치,S크림소스스파게티,S둥글레차,찹쌀밥(75),실파장국,채소옥수수튀김,건새우애호박볶음,총각김치
B당근치즈스프,B(우유제외)수제바나나두유,B참외(50g),S복숭아(천도)-80g,S사과(35g),찰현미밥(75),유부쑥갓맑은국,돼지고기부추잡채,무미역생채,비트초절이,S크림떡볶이,S보리차,찰현미밥(75),두부젓국찌개,뿌리채소맛탕,상추오이무침,오이소박이김치
B단호박구이,B고구마쉐이크,B복숭아(천도)-60g,S당근스틱,S멜론(50g),팥밥(75),애호박두부젓국찌개,갈비조림,매쉬드포테이토,콜라비나박김치,S크림소스스파게티,S둥글레차,팥밥(75),찹쌀옹심이국,소고기청경채볶음,무미역생채,배추김치
B냉콩국+소면,B두유(100ml),B복숭아(천도)-80g,S멜론(75g),S사과(35g),팥밥(75),유부쑥갓맑은국,닭가슴살버터구이,콘샐러드,나박김치,S토마토스파게티,S매실쥬스,팥밥(75),건새우된장국,매콤낙지채소볶음,진미채초무침,비트초절이
B소고기미역죽,B복숭아호두스무디,B참외(50g),S사과(75g),B배(100g),팥밥(75),팽이장국,칠리새우,고구마줄기볶음,파김치,S크림소스스파게티,S보리차,팥밥(75),다슬기아욱국,(저염)갈치조림,당근스틱,오이소박이김치
B고구마스프,B(우유제외)수제바나나두유,B사과(35g),S멜론(50g),S단감(50g),찹쌀팥밥(75),미니해물칼국수,닭고기냉채,애호박볶음,깻잎김치,S채소전,S둥글레차,찹쌀팥밥(75),늙은호박국,해물우동숙주볶음,무미역생채,단배추물김치
B백설기(80g),B(우유제외)호두두부쉐이크,B오렌지(50g),S과일화채,S사과(50g),고구마밥(75),콩나물된장국,차돌숙주볶음,고구마순나물,나박김치,S단호박샐러드,S떠먹는요구르트(100ml),고구마밥(75),건홍합맑은국,닭가슴살조림,배무생채,비트초절이
B소고기브로콜리죽,B고칼슘우유(200ml),B오렌지(50g),S멜론(50g),S참외(100g),밤밥(75),실파장국,채소옥수수튀김,김구이+양념장,배추김치,S크림소스스파게티,S둥글레차,밤밥(75),쑥갓어묵국,뿌리채소맛탕,땅콩우엉조림,단배추물김치
B단호박꿀찜,B(우유제외)수제바나나두유,B참외(50g),S복숭아(천도)-60g,S단감(50g),밤콩밥(75),늙은호박국,훈제오리냉채,상추오이무침,나박김치,S크로와상,S(우유제외)수제블루베리우유,밤콩밥(75),모듬어묵국,매콤주꾸미볶음,무미역생채,비트초절이
B다진유부주먹밥,B바나나쉐이크,B멜론(50g),S복숭아(천도)-80g,S당근스틱,찰현미밥(75),어묵국수,떡갈비간장조림,애호박새우젓볶음,단배추물김치,S채소전,S보리차,찰현미밥(75),오징어찌개,닭살연근조림,콩나물잡채,총각김치
B(우유제외)버터감자구이,B(우유제외)수제바나나두유,B청포도(100g),S멜론(50g),S참외(100g),잡곡밥(75),순한김치국,어묵구이+케첩,요거트과일샐러드,나박김치,S(우유제외)크랜베리찹쌀케이크,S오미자아이스크림,잡곡밥(75),얼갈이맑은국,채소맛살전,브로콜리마늘볶음,깻잎김치
B당근치즈죽,B우유(150ml),B단감(50g),S바나나(50g),S멜론퓨레,보리밥(75),대구지리,양파튀김,파래무채무침,단배추물김치,S(우유제외)로제스파게티,S떠먹는요구르트(100ml),보리밥(75),소고기얼갈이국,다시마튀각,땅콩우엉조림,비트초절이
B고구마스프,B(우유제외)수제바나나두유,B참외(50g),S복숭아(천도)-60g,S멜론(50g),밤콩밥(75),모듬버섯찌개,칠리새우,동초무침,배추김치,S크림소스스파게티,S보리차,밤콩밥(75),늙은호박국,수제비샐러드,미역줄기채소볶음,배추김치
B소고기미역죽,B우유(100ml),B사과(35g),S복숭아(천도)-80g,S과일화채,잡곡밥(75),다슬기아욱국,브로콜리숙회+초고추장,콘샐러드,오이소박이김치,S수제비,S둥글레차,잡곡밥(75),동태살무국,소고기육전(찹쌀가루),요거트과일샐러드,파김치
B삶은감자,B고구마쉐이크,B복숭아(천도)-60g,S멜론(75g),S사과(35g),찹쌀밥(75),모듬버섯찌개,들깨오이무침,진미채초무침,나박김치,S크림소스스파게티,S오미자아이스크림,찹쌀밥(75),유부쑥갓맑은국,매콤주꾸미볶음,오이참치마요무침,비트초절이
B당근치즈스프,B수제바나나우유,B단감(50g),S사과(50g),S멜론(50g),잡곡밥(75),맑은가쓰오부시장국,새우살케첩볶음,새싹채소샐러드,파김치,S찹쌀도너츠,S고구마쉐이크,잡곡밥(75),(소고기제외)당면양배추국,닭다리살튀김,유자청두부샐러드,오이소박이김치
B대두콩죽,B떠먹는요구르트(100ml),B참외(50g),S사과(35g),S과일화채,팥밥(75),애호박두부젓국찌개,볼어묵채소조림,채소샐러드(발사믹드레싱),배추김치,S호박죽,S코코아,팥밥(75),얼갈이맑은국,소고기꽈리장조림,쌈채소,배추김치
B양파치즈죽,B수제바나나우유,B복숭아(황도)-80g,S멜론(75g),S단감(50g),밤밥(75),새우살애호박국,채소맛살전,애호박새우젓볶음,파김치,S크림소스스파게티,S둥글레차,밤밥(75),오징어숙주국,닭가슴살고구마볶음,콘샐러드,오이소박이김치
B삶은고구마,B고구마쉐이크,B복숭아(천도)-60g,S사과(35g),S멜론(50g),찰현미밥(75),팽이장국,어묵감자조림,무미역생채,콜라비나박김치,S영양주먹밥,S오미자아이스크림,찰현미밥(75),대구지리,삼치무조림,애호박건새우볶음,나박김치
B치즈게살죽,B떠먹는요구르트(100ml),B멜론(100g),S복숭아(천도)-80g,S단감(50g),완두콩밥(75),동태살무국,두부채소전,감자당근채볶음,오이소박이김치,S크림소스스파게티,S둥글레차,완두콩밥(75),오징어숙주국,떡갈비간장조림,건새우애호박볶음,비트초절이
B크로와상,B고구마쉐이크,B사과(35g),S멜론(50g),S단감(50g),차조밥(75),실파장국,오리훈제구이,김구이+양념장,단배추물김치,S채소전,S보리차,차조밥(75),모듬어묵국,채소옥수수튀김,아욱나물무침,파김치
B냉콩국+소면,B두유(100ml),B참외(50g),S사과(35g),S멜론(50g),차조밥(75),맑은김치어묵국,매콤낙지채소볶음,감자당근채볶음,나박김치,S영양주먹밥,S(우유제외)고구마쉐이크,차조밥(75),늙은호박국,새우살칠리소스볶음,쑥갓나물,비트초절이
B닭영양죽,B떠먹는요구르트(100ml),B과일샐러드(요거트드레싱),S복숭아(황도)-80g,S자두(50g),쌀밥(75),홍합살미역국,삼치구이,찐단호박,단무지,S크림소스스파게티,S레몬주스,쌀밥(75),양지곰국,뱅어포튀김,찐옥수수,배추김치
B치즈빵,B(우유제외)수제블루베리우유,B수박(100g),S귤(50g),S포도(100g),보리밥(75),순한김치국,궁중떡볶음,표고버섯간장볶음,나박김치,S스크램블에그(버터),S(우유제외)고구마쉐이크,보리밥(75),얼갈이맑은국,훈제오리냉채,세발나물,비트초절이
B으깬견과류고구마샐러드(요거트),B두유(200ml),B블루베리(50g),S멜론(50g),S(우유제외)과일화채,찹쌀팥밥(75),맑은김치어묵국,늙은호박닭가슴살볶음,유채나물,단배추물김치,S찐감자,S검은깨두유(150ml),찹쌀팥밥(75),쑥완자탕,순살코다리강정,쑥갓나물,백김치
B미역죽,B(우유제외)수제바나나두유,B멜론(75g),S참외(100g),S복숭아(천도)-60g,찹쌀현미밥(75),두부맑은국,두부채소전,맛살볶음,나박김치,S냉콩국+소면,S떠먹는요구르트(100ml),찹쌀현미밥(75),모듬어묵국,오리훈제구이,토마토치커리무침,비트초절이
B브로콜리크림스프,B수제딸기우유,B복숭아(천도)-60g,S참외(100g),S멜론퓨레,찹쌀현미밥(75),팽이장국,닭가슴살부추무침,진미채초무침,콜라비나박김치,S크로와상,S요구르트,찹쌀현미밥(75),근대국,매콤오징어볶음,오이참치마요무침,배추김치
B새우볶음밥,B(우유제외)수제바나나두유,B참외(50g),S사과(35g),S멜론(50g),밤찹쌀팥밥(75),닭고기채소찌개,삼치무조림,동초무침,나박김치,S냉콩국+소면,S보리차,밤찹쌀팥밥(75),어묵국수,오징어청경채볶음,실곤약채소무침,비트초절이
B으깬견과류고구마샐러드(요거트),B고구마쉐이크,B멜론(100g),S당근스틱,S단감(50g),수수밥(75),쑥갓어묵국,두부채소전,애호박볶음,깍두기,S크림소스스파게티,S둥글레차,수수밥(75),삼계탕,매콤낙지채소볶음,콘샐러드,깍두기
B단호박떡케익,B(우유제외)수제바나나두유,B복숭아(천도)-60g,S사과(35g),S멜론(50g),기장밥(75),아욱우렁된장국,옥수수채소튀김,애호박건새우볶음,콜라비나박김치,S크림떡볶이,S보리차,기장밥(75),팽이장국,소고기단호박볶음,매쉬드포테이토,배추김치
B소고기미역죽,B수제바나나우유,B멜론(75g),S복숭아(천도)-80g,S단감(50g),팥밥(75),실파장국,(저당)닭갈비,콘샐러드,비트초절이,S크림소스스파게티,S둥글레차,팥밥(75),늙은호박국,참치어묵조림,동초무침,깻잎김치
B크로와상,B요구르트,B복숭아(60g),S멜론(50g),S사과(35g),고구마밥(75),두부젓국찌개,닭가슴살고구마볶음,진미채채소무침,열무물김치,S단호박샐러드,S레몬주스,고구마밥(75),건새우된장국,돼지고기청경채볶음,요거트과일샐러드,배추김치
B소고기미역죽,B(우유제외)수제바나나두유,B배(100g),S당근스틱,S단감(50g),완두콩밥(75),오징어숙주국,소고기청경채볶음,진미채초무침,배추김치,S크림소스스파게티,S둥글레차,완두콩밥(75),유부쑥갓맑은국,오리훈제구이,동초무침,배추김치
B절편,B두유(100ml),B복숭아(천도)-60g,S오렌지(50g),S참외(100g),옥수수밥(75),닭살양파국,토마토소스닭조림,단호박견과류조림,비트초절이,S영양주먹밥,S수제블루베리바나나우유,옥수수밥(75),얼갈이맑은국,훈제오리무침,뱅어포볶음,배추김치
B소고기미역죽,B바나나쉐이크,B멜론(50g),S오렌지(50g),S단감(50g),밤밥(75),실파장국,채소옥수수튀김,당근스틱,단배추물김치,S크림소스스파게티,S둥글레차,밤밥(75),도토리묵냉국,삼겹살구이,오이달래무침,깻잎김치
B찐감자,B두유(100ml),B복숭아(황도)-60g,S멜론(75g),S(우유제외)과일화채,율무밥(75),늙은호박국,채소크로켓,매쉬드포테이토,비트초절이,S양배추치즈전,S오미자아이스크림,율무밥(75),쑥갓어묵국,오리훈제구이,건새우애호박볶음,파김치
B치즈게살죽,B바나나쉐이크,B사과(35g),S단감(50g),S참외(50g),차조밥(75),실파장국,소고기당면불고기,애호박볶음,깍두기,S크림소스스파게티,S보리차,차조밥(75),채소닭고기국,두부채소전,실곤약간장채소무침,깍두기
B으깬견과류고구마샐러드(요거트),B고구마쉐이크,B멜론(100g),S복숭아(천도)-80g,S포도(100g),기장밥(75),청국장국,떡갈비간장조림,건새우애호박볶음,단배추물김치,S크로와상,S둥글레차,기장밥(75),모듬어묵국,라조기,마카로니채소샐러드(요거트드레싱),깻잎김치
B양배추죽,B검은깨두유(100ml),B자두(50g),S복숭아(황도)-80g,S멜론(50g),보리밥(75),달래맑은국,소고기단호박조림,(우유제외)으깬견과류고구마샐러드,파김치,S단호박샐러드,S코코아,보리밥(75),다시마양파국,(저염)갈치조림,자두샐러드,비트초절이
B연두부게살스프,B복숭아호두스무디,B참외(50g),S복숭아(천도)-80g,S(우유제외)수박화채,감자밥(75),버섯개장,뿌리채소맛탕,실곤약채소무침,깍두기,S크림소스스파게티,S보리차,감자밥(75),쑥갓어묵국,수제비샐러드,파래무채무침,깍두기
B치즈고구마죽,B고구마쉐이크,B복숭아(천도)-60g,S바나나(50g),S멜론(50g),기장밥(75),근대국,두부채소전,콘샐러드,비트초절이,S크로와상,S둥글레차,기장밥(75),동태살무국,매콤낙지채소볶음,진미채초무침,배추김치
B모닝빵,B(우유제외)수제바나나두유,B복숭아(60g),S멜론(75g),S사과(35g),찹쌀현미밥(75),쑥갓어묵국,매콤주꾸미볶음,매쉬드포테이토,깍두기,S크림소스스파게티,S오미자아이스크림,찹쌀현미밥(75),두부젓국찌개,훈제오리단호박찜,파래무채무침,깍두기
B증편,B우유(200ml),B멜론(50g),S단감(50g),S복숭아(천도)-80g,율무밥(75),순한고추장찌개,새우굴소스볶음,상추초무침,열무물김치,S찐감자,S떠먹는요구르트(100ml),율무밥(75),다슬기된장국,삼겹살구이,모듬버섯나물,배추김치
B(우유제외)단호박스프,B(우유제외)수제블루베리우유,B복숭아(천도)-60g,S귤(50g),S포도(100g),흑미밥(75),달걀국,삼치무조림,새싹채소샐러드(오리엔탈드레싱),파김치,S무지개떡,S오미자아이스크림,흑미밥(75),(소고기제외)당면양배추국,양파링튀김,요거트과일샐러드,파김치
B도너츠,B고구마쉐이크,B복숭아(60g),S포도(100g),S단감(50g),감자밥(75),동태살무국,브로콜리오징어무침,무미역무침,나박김치,S참치채소전,S검은깨두유(200ml),감자밥(75),찹쌀옹심이국,닭가슴살고구마볶음,진미채채소무침,배추김치
B당근스프,B토마토쉐이크,B참외(100g),S멜론(50g),S포도(100g),찰현미밥(75),(소고기제외)당면양배추국,소고기찹쌀구이,북어채볶음,배추김치,S영양주먹밥,S(우유제외)고구마쉐이크,찰현미밥(75),소고기양파국,새우살채소깨무침,새싹채소샐러드(오리엔탈드레싱),배추김치
B고구마경단,B수제바나나우유,B멜론(50g),S수박화채,S귤(50g),보리밥(75),다슬기아욱국,떡갈비간장조림,맛살볶음,오이소박이김치,S채소전,S오미자아이스크림,보리밥(75),동태살무국,오리훈제구이,건새우애호박볶음,오이소박이김치
B소고기미역죽,B고구마쉐이크,B참외(50g),S수박(100g),S방울토마토(70g),검정콩밥(75),실파장국,(저염)닭가슴살데리야끼조림,마카로니오이샐러드,깻잎김치,S크림소스스파게티,S둥글레차,검정콩밥(75),오징어숙주국,대합미역국,감자당근채볶음,오이소박이김치
B(우유제외)채소스프,B바나나쉐이크,B복숭아(황도)-60g,S멜론(50g),S단감(50g),율무밥(75),유부쑥갓맑은국,동태살전,상추오이무침,비트초절이,S크림떡볶이,S보리차,율무밥(75),다슬기아욱국,뿌리채소맛탕,건새우애호박볶음,나박김치
B소고기미역죽,B(우유제외)수제바나나두유,B멜론(100g),S자두(50g),S단감(50g),밤밥(75),쑥갓어묵국,채소옥수수튀김,콩나물잡채,깻잎김치,S애플파이,S수정과,밤밥(75),늙은호박국,브로콜리달걀볶음,동초무침,단배추물김치
B으깬견과류고구마샐러드(요거트),B(우유제외)고구마쉐이크,B참외(50g),S자두(50g),S사과(35g),흑미밥(75),두부젓국찌개,훈제오리단호박찜,(우유제외)고구마두유조림,비트초절이,S크림소스스파게티,S보리차,흑미밥(75),근대국,새우살크림소스볶음,매쉬드포테이토,배추김치
B모카빵,B(우유제외)수제바나나두유,B복숭아(천도)-60g,S수박화채,S단감(50g),찹쌀밥(75),감자된장국,옥수수채소튀김,실곤약채소무침,배추김치,S냉콩국+소면,S둥글레차,찹쌀밥(75),새우살애호박국,돼지고기청경채볶음,오이참치마요무침,배추김치
B개피떡,B우유(200ml),B복숭아(천도)-80g,S파인애플(50g),S멜론(50g),수수밥(75),매생이국,토마토치즈샐러드,청경채된장무침,배추김치,S버터감자구이,S오미자아이스크림,수수밥(75),매콤콩나물국,온두부+양념장,콘샐러드,갓김치
B소고기미역죽,B고구마쉐이크,B복숭아(천도)-60g,S파인애플(50g),S당근스틱,팥밥(75),두부맑은국,해물우동숙주볶음,찐당근스틱,배추김치,S영양주먹밥,S둥글레차,팥밥(75),모듬어묵국,칠리새우,김구이+양념장,배추김치
B(우유제외)소고기타락죽,B수제바나나우유,S참외(100g),S토마토(200g),S멜론(50g),쌀밥(75),모듬어묵국,매생이육전,숙주당근나물,단배추물김치,S단호박샐러드(마요네즈),S둥글레차,쌀밥(75),늙은호박국,뱅어포조림,사과미나리무침,비트초절이
B소고기미역죽,B(우유제외)수제바나나두유,B참외(50g),S사과(50g),S멜론(75g),옥수수밥(75),찹쌀옹심이국,매콤주꾸미볶음,애호박새우젓볶음,나박김치,S채소전,S보리차,새우크림스파게티,근대국,뿌리채소맛탕,건취나물간장볶음,총각김치
B으깬견과류고구마샐러드(요거트),B콩두유,B복숭아(백도)-60g,S사과(50g),S멜론(75g),기장밥(75),오징어숙주국,떡갈비간장조림,도라지나물(간장),비트초절이,S채소전,S오미자아이스크림,김치햄볶음밥,연두부된장찌개,참치어묵조림,고구마순된장무침,배추김치
B수제비,B수제바나나우유,B당근스틱,S멜론(50g),S사과(35g),소고기굴소스볶음밥,유부대파국,양파튀김,치커리부추무침,오이소박이김치,S우동,S식혜,현미밥(75),다시마새우젓국,돼지고기양배추볶음,참나물배겉절이,단무지
B치즈죽,B떠먹는요구르트(100ml),B블루베리(50g),S멜론(75g),S사과(50g),김치햄볶음밥,늙은호박국,소고기토마토조림,참치양파볶음,비트초절이,S크림소스스파게티,S둥글레차,흑미밥(75),호박고지들깨탕,매콤주꾸미볶음,매쉬드포테이토,단배추물김치
B소고기미역죽,B바나나쉐이크,B사과(35g),S멜론(50g),S복숭아(천도)-60g,차조밥(75),청국장국,매콤오징어볶음,맛살볶음,깍두기,S단팥빵,S오미자아이스크림,오징어덮밥,미역냉국,채소전,건새우애호박볶음,나박김치
B감자죽,B고구마쉐이크,B복숭아(백도)-60g,S사과(50g),S멜론(75g),새우튀김우동,버섯개장,채소옥수수튀김,돌나물흑임자샐러드,비트초절이,S영양주먹밥,S보리차,잡곡밥(75),대구지리,수제비샐러드,무미역생채,배추김치
B누룽지죽,B(우유제외)수제바나나두유,B복숭아(천도)-80g,S멜론(50g),S배(50g),새우크림스파게티,유부쑥갓맑은국,매콤낙지채소볶음,감자당근채볶음,오이소박이김치,S가래떡구이,S둥글레차,쌀밥(75),모듬버섯찌개,고구마찜닭,겨울초된장무침,나박김치
B으깬견과류고구마샐러드(요거트),B고구마쉐이크,B복숭아(천도)-60g,S사과(35g),S복숭아(80g),찰현미밥(75),팽이장국,채소옥수수튀김,당근스틱,파김치,S호떡,S매실주스,크림소스스파게티,유부된장국,닭날개간장조림,맛살미역줄기볶음,비트초절이
B미역죽,B요구르트,B멜론(50g),S참외(50g),S멜론(50g),새우크림스파게티,실파장국,(저당)닭갈비,얼갈이무침,오이소박이김치,S영양주먹밥,S둥글레차,율무밥(75),호박감자수제비국,(저염)갈치조림,건취나물간장볶음,나박김치
B소고기미역죽,B고구마쉐이크,B복숭아(백도)-60g,S사과(50g),S멜론(75g),김치햄볶음밥,팽이장국,닭가슴살고구마볶음,곤드레나물볶음,파김치,S크림소스스파게티,S보리차,찹쌀현미밥(75),근대국,두부채소전,건새우애호박볶음,깍두기
B고구마스프,B두유(100ml),B사과(75g),S사과(50g),S멜론(75g),쌀밥(75),온청포묵국,채소옥수수튀김,무미역생채,단배추물김치,S영양주먹밥,S오미자차,하이라이스,버섯개장,브로콜리달걀볶음,땅콩조림,비트초절이
B소고기미역죽,B바나나쉐이크,B사과(35g),S멜론(50g),S사과(35g),파프리카유부초밥,실파장국,돼지고기우엉잡채,얼갈이나물,나박김치,S크림소스스파게티,S보리차,보리밥(75),유부쑥갓맑은국,참치어묵조림,사과미나리무침,오이소박이김치
B찹쌀단호박죽,B검은깨두유(100ml),B귤(80g),S참외(100g),S사과(50g),닭살카레밥+양념장,콩나물어묵국,새우채소전,(우유제외)감자버터구이,배추김치,S크로와상,S둥글레차,잡곡밥(75),얼갈이배추국,고등어카레구이,오징어채무침,단배추물김치
B소고기미역죽,B요구르트,B사과(35g),S멜론(50g),S사과(35g),완두콩밥(75),모듬어묵국,채소튀김(감자),얼갈이무침,나박김치,S영양주먹밥,S보리차,새우크림스파게티,도토리묵냉국,소면채소무침,맛살볶음,비트초절이
B옥수수버터구이,B수제바나나우유,B멜론(50g),S사과(50g),S멜론(75g),오징어덮밥,호박감자수제비국,(저당)닭갈비,요거트과일샐러드,파김치,S크림소스스파게티,S둥글레차,밤밥(75),동태살무국,칠리새우,애호박볶음,오이소박이김치
B참치미역죽,B고구마쉐이크,B복숭아(천도)-60g,S사과(35g),S복숭아(80g),오징어채소덮밥,모듬버섯찌개,카레닭가슴살볶음,미역줄기채소볶음,나박김치,S애플파이,S오미자아이스크림,검정콩밥(75),팽이장국,토마토치즈샐러드,사과미나리무침,비트초절이
B찹쌀고구마죽,B과일연두부스무디,B사과(50g),S블루베리(50g),S멜론(50g),파프리카유부초밥,오징어숙주국,매콤오징어볶음,고구마샐러드(마요네즈),파김치,S단호박찜,S두유(200ml),차조밥(75),호박감자수제비국,주꾸미채소간장볶음,애호박볶음,오이소박이김치
B늙은호박죽,B고칼슘우유(100ml),B과일샐러드(마요네즈),S복숭아(황도)-80g,S귤(50g),크림소스스파게티,순한고추장찌개,칠리새우,머윗대나물,열무김치,S우동,S검은콩두유(100ml),현미밥(75),실파장국,두부톳무침,표고버섯간장볶음,단배추물김치
B닭백숙,B고구마쉐이크,B과일샐러드(마요네즈),S복숭아(천도)-80g,S자두(50g),감자밥(75),어묵국수,멕시칸샐러드,과일샐러드(요거트드레싱),비트초절이,S크림소스스파게티,S둥글레차,해물우동볶음,팽이장국,매콤오징어볶음,감자채소볶음,콜라비나박김치
B양파치즈죽,B떠먹는요구르트(100ml),B청포도(100g),S사과(35g),S멜론(50g),검정콩밥(75),실파장국,참치어묵조림,돌나물흑임자샐러드,오이소박이김치,S채소전,S보리차,돼지고기버섯카레라이스,유부쑥갓맑은국,떡갈비간장조림,사과미나리무침,나박김치
B소고기미역죽,B요구르트,B당근스틱,S복숭아(천도)-60g,S복숭아(백도)-80g,콩국수,연두부청경채새우탕,(저당)닭갈비,가지양념무침,비트초절이,S매실젤리,S매실쥬스,팥밥(75),애호박새우젓국,두부채소전,머윗대나물,총각김치
B양파치즈죽,B고구마쉐이크,B복숭아(황도)-80g,S토마토(200g),S멜론(75g),흑미밥(75),팽이장국,매콤오징어볶음,미니새송이볶음,파김치,S크림소스스파게티,S오미자차,파프리카유부초밥,유부쑥갓맑은국,주꾸미채소간장볶음,사과미나리무침,콜라비나박김치
B새우치즈죽,B수제바나나우유,B멜론(75g),S사과(35g),S멜론(50g),보리밥(75),모듬어묵국,두부채소전,참치양파볶음,비트초절이,S토마토스파게티,S둥글레차,해물우동볶음,늙은호박국,찹쌀탕수육,건취나물간장볶음,나박김치
B닭영양죽,B바나나쉐이크,B사과(35g),S블루베리(50g),S멜론(75g),파프리카유부초밥,대구지리,매콤주꾸미볶음,매쉬드포테이토,단배추물김치,S크림소스스파게티,S보리차,찹쌀보리밥(75),근대국,뿌리채소맛탕,양상추요거트샐러드,총각김치
B애플파이,B(우유제외)수제바나나두유,B참외(50g),S멜론(50g),S복숭아(천도)-80g,하이라이스,실파장국,수제비샐러드,고춧잎나물,나박김치,S치즈스틱,S둥글레차,기장밥(75),팽이장국,닭살고구마조림,감자당근채볶음,배추김치
B고구마스프,B요구르트,B사과(35g),S멜론(50g),S참외(50g),잡곡밥(75),버섯개장,어묵감자조림,무미역생채,비트초절이,S크림소스스파게티,S보리차,백김치볶음밥,온청포묵국,두부채소전,건새우애호박볶음,콜라비나박김치
B소고기미역죽,B바나나쉐이크,B멜론(50g),S사과(50g),S멜론(75g),찹쌀팥밥(75),늙은호박국,찹쌀탕수육,참치양파볶음,단배추물김치,S약과,S둥글레차,오징어덮밥,청국장국,매콤주꾸미볶음,고구마줄기볶음,깻잎김치
B새우치즈죽,B(우유제외)수제바나나두유,B복숭아(황도)-60g,S토마토(200g),S멜론(75g),율무밥(75),감자된장국,돼지고기청경채볶음,파래무채무침,파김치,S무지개떡(40g),S보리차,새우크림스파게티,애호박새우젓국,채소튀김(감자),가지양념무침,비트초절이
B소고기미역죽,B고구마쉐이크,B복숭아(천도)-60g,S사과(35g),S멜론(50g),다진소고기김치볶음밥,유부쑥갓맑은국,채소옥수수튀김,매쉬드포테이토,오이소박이김치,S크림떡볶이,S둥글레차,흑미밥(75),팽이장국,뿌리채소맛탕,김구이+양념장,나박김치
B가래떡구이,B(우유제외)고구마쉐이크,B참외(50g),S복숭아(천도)-60g,S멜론(75g),완두콩밥(75),동태살무국,삼치무조림,돌나물흑임자샐러드,콜라비나박김치,S크림소스스파게티,S오미자아이스크림,완두콩밥(75),오징어숙주국,소고기떡찜,건새우애호박볶음,비트초절이
B소고기미역죽,B(우유제외)수제바나나두유,B사과(35g),S토마토(200g),S멜론(75g),김치스팸치즈볶음밥,모듬버섯찌개,애호박전,콩나물잡채,오이소박이김치,S크림떡볶이,S보리차,밤찹쌀팥밥(75),버섯개장,닭날개간장조림,해초볶음,단배추물김치
B(우유제외)게살두유죽,B두유(100ml),B참외(50g),S멜론(50g),S사과(35g),감자밥(75),실파장국,해물우동숙주볶음,무미역무침,비트초절이,S매실젤리,S둥글레차,새우크림스파게티,호박감자수제비국,주꾸미떡볶음,감자당근채볶음,배추김치
B소고기스프,B바나나쉐이크,B멜론(50g),S사과(50g),S멜론(75g),해물우동볶음,찹쌀옹심이국,매콤오징어볶음,건새우애호박볶음,오이소박이김치,S크림소스스파게티,S보리차,옥수수밥(75),오징어숙주국,생선까스,사과미나리무침,나박김치
B양배추죽,B(우유제외)수제바나나두유,B사과샐러드(마요네즈),S멜론(50g),S사과(35g),소고기콩나물밥+양념장,다시마양파국,감자치즈전,쑥갓나물,깻잎김치,S영양주먹밥,S코코아,잡곡밥(75),배추당면국,브로콜리달걀찜,게맛살피망채볶음,단배추물김치
B소고기미역죽,B수제바나나우유,B참외(50g),S과일샐러드(요거트드레싱),S복숭아(천도)-80g,찹쌀현미밥(75),맑은동태찌개,사각어묵볶음,가지양념무침,총각김치,S냉콩국+소면,S둥글레차,돼지고기양배추덮밥,맑은장국,소면채소무침,고구마줄기볶음,나박김치
B감자된장죽,B요구르트,B멜론(50g),S복숭아(80g),S멜론(50g),새우크림스파게티,팽이장국,삼치무조림,맛살볶음,오이소박이김치,S크림소스스파게티,S쌀음료,쌀밥(75),애호박맑은국,(저당)닭갈비,건새우애호박볶음,비트초절이
B약과,B두유(100ml),B사과(75g),S배(100g),S자두(50g),쌀밥(75),얼갈이맑은국,게살마요무침,곤드레나물볶음,단무지무침,S단호박샐러드,S보리차,쌀밥(75),연두부된장찌개,소고기토마토볶음,돌나물흑임자샐러드,나박김치
B크로와상,B고구마쉐이크,B사과(35g),S멜론(50g),S사과(35g),완두콩밥(75),동태살무국,떡갈비간장조림,아욱나물무침,오이소박이김치,S크림소스스파게티,S수정과,완두콩밥(75),실파장국,두부톳무침,애호박새우젓볶음,비트초절이
B고구마경단,B우유(200ml),B오이스틱,S귤(50g),S(우유제외)과일화채,찹쌀밥(75),소고기얼갈이국,소고기청포묵무침,고구마줄기볶음,동치미,S닭가슴살채소죽,S(우유제외)수제블루베리바나나우유,새우카레볶음밥,애호박새우젓국,두부달걀부침,채소샐러드(발사믹드레싱),단배추물김치
B소고기미역죽,B떠먹는요구르트(100ml),B참외(50g),S멜론(50g),S사과(35g),하이라이스,팽이장국,주꾸미떡볶음,감자당근채볶음,비트초절이,S크림소스스파게티,S보리차,검정콩밥(75),실파장국,어묵감자조림,동초무침,배추김치
B단호박떡케익,B바나나쉐이크,B멜론(50g),S토마토(200g),S멜론(75g),소고기하이라이스,늙은호박국,훈제오리구이,치즈감자조림,나박김치,S크림떡볶이,S둥글레차,수수밥(75),호박고지들깨탕,오리훈제구이,매쉬드포테이토,단배추물김치
B당근치즈스프,B수제바나나우유,B단감(50g),S사과(50g),S복숭아(천도)-60g,흑미밥(75),맑은김치어묵국,소면채소무침,브로콜리견과류볶음,비트초절이,S검은콩죽,S보리차,흑미밥(75),연두부맑은국,궁중떡볶음,오이당근무침,백김치
B감자죽,B(우유제외)수제바나나두유,B복숭아(백도)-60g,S사과(50g),S멜론(75g),차조밥(75),온청포묵국,(저염)갈치조림,아욱나물무침,오이소박이김치,S영양주먹밥,S쌀음료,새우튀김우동,버섯개장,어묵고구마조림,얼갈이무침,나박김치
B(우유제외)당근스프,B고구마쉐이크,B멜론(100g),S사과(50g),S참외(100g),찹쌀현미밥(75),청국장국,떡갈비간장조림,맛살양상추샐러드,단배추물김치,S크림소스스파게티,S둥글레차,찹쌀현미밥(75),호박고지들깨탕,닭살고구마조림,파래무채무침,총각김치
B소고기미역죽,B떠먹는요구르트(100ml),B청포도(100g),S사과(50g),S멜론(75g),쌀밥(75),감자호박국,참치어묵조림,찐단호박,비트초절이,S크림떡볶이,S보리차,파프리카유부초밥,실파장국,돼지고기김치불고기,건새우애호박볶음,나박김치
B치즈,B요구르트,B멜론(50g),S복숭아(천도)-80g,S자두(50g),소고기잡채덮밥,애호박새우젓국,채소튀김(감자),부추양파생채,깍두기,S크림소스스파게티,S둥글레차,밤콩밥(75),늙은호박국,온두부+양념장,애호박볶음,단배추물김치
B새우크림소스볶음,B고구마쉐이크,B멜론(100g),S사과(50g),S복숭아(천도)-60g,찹쌀팥밥(75),두부젓국찌개,닭가슴살사과무침,콩나물잡채,나박김치,S수제비,S보리차,김치햄볶음밥,모듬어묵국,오징어볶음,가지무침,비트초절이
B소고기미역죽,B우유(200ml),B사과(35g),S멜론(50g),S복숭아(천도)-80g,해물우동볶음,가지냉국,소면채소무침,콘샐러드,콜라비나박김치,S크림소스스파게티,S매실쥬스,밤찹쌀팥밥(75),애호박맑은국,채소크로켓,건새우애호박볶음,배추김치
B찐고구마,B두유(100ml),B멜론(50g),S복숭아(천도)-80g,S자두(50g),기장밥(75),유부쑥갓맑은국,옥수수채소튀김,땅콩우엉조림,나박김치,S채소전,S오미자아이스크림,기장밥(75),건새우시금치국,안매운김치전,참치양파볶음,비트초절이
B소고기타락죽,B(우유제외)수제바나나두유,B복숭아(천도)-60g,S블루베리(50g),S멜론(50g),쌀밥(75),늙은호박국,카레닭가슴살볶음,아욱된장무침,오이소박이김치,S크림소스스파게티,S보리차,쌀밥(75),미니우동,모듬버섯탕수,잔파느타리버섯강회,열무물김치
B소고기미역죽,B수제바나나우유,B멜론(50g),S사과(50g),S멜론(75g),오징어덮밥,청국장국,(저당)닭갈비,요거트과일샐러드,단배추물김치,S알리오올리오스파게티,S둥글레차,옥수수밥(75),실파장국,두부채소전,애호박볶음,깻잎김치
B치즈스틱,B요구르트,B멜론(50g),S사과(50g),S복숭아(천도)-80g,소고기잡채덮밥,늙은호박국,(저당)닭갈비,애호박볶음,단배추물김치,S채소전,S둥글레차,현미밥(75),실파장국,오리훈제구이,땅콩우엉조림,깻잎김치
B냉콩국+소면,B두유(100ml),B참외(50g),S멜론(50g),S귤(50g),잡곡밥(75),맑은가쓰오부시장국,떡갈비간장조림,감자당근채볶음,오이소박이김치,S크림소스스파게티,S매실쥬스,소고기비빔밥,오징어숙주국,매콤낙지채소볶음,해초볶음,나박김치
B치즈스크램블에그,B요구르트,B바나나사과키위샐러드(요거트드레싱),S참외(100g),S복숭아(황도)-80g,파프리카유부초밥,애호박새우젓국,닭채볶음,근대나물된장무침,단배추물김치,S유부초밥,S검은콩두유(150ml),율무밥(75),다시마양파국,궁중떡볶음,봄동된장나물,열무김치
B새우채소죽,B떠먹는요구르트(100ml),B복숭아(황도)-60g,S토마토(200g),S멜론(75g),새우크림스파게티,동태살무국,브로콜리오징어무침,파래무채무침,오이소박이김치,S애플파이,S둥글레차,기장밥(75),호박감자수제비국,닭가슴살고구마볶음,사과미나리무침,비트초절이
B삶은달걀(30g),B요구르트,B멜론(50g),S사과(75g),S멜론(75g),찹쌀팥밥(75),수제비아욱국,삼겹살구이,건취나물간장볶음,얼갈이배추김치,S건포도감자볼,S오미자아이스크림,찹쌀팥밥(75),두부젓국찌개,뿌리채소맛탕,오이양배추무침,깻잎김치
B소고기채소죽,B두유(150ml),B블루베리(50g),S멜론(50g),S자두(50g),팥밥(75),근대국,온두부+양념장,단호박조림,나박김치,S찐고구마,S둥글레차,우동,무채된장국,가자미살구이,아욱된장무침,비트초절이
B으깬견과류고구마샐러드(요거트),B(우유제외)수제바나나두유,B참외(50g),S멜론(75g),S사과(35g),오징어채소덮밥,오징어숙주국,닭살고구마조림,감자당근채볶음,오이소박이김치,S크림소스스파게티,S보리차,잡곡밥(75),쑥갓어묵국,떡갈비간장조림,건새우애호박볶음,열무물김치
B소고기미역죽,B두유(100ml),B수박(100g),S토마토(200g),S멜론(75g),완두콩밥(75),실파장국,뿌리채소맛탕,매쉬드포테이토,파김치,S양배추치즈전,S둥글레차,크림소스스파게티,유부쑥갓맑은국,소면채소무침,가지무침,비트초절이
B고구마스프,B(우유제외)수제바나나두유,B참외(50g),S토마토(200g),S멜론(75g),하이라이스,실파장국,소고기당면조림,요거트과일샐러드,비트초절이,S매실젤리,S둥글레차,찹쌀현미밥(75),얼갈이배추국,골뱅이무침,견과류고구마범벅,파김치
B감자된장죽,B수제바나나우유,B멜론(50g),S사과(35g),S멜론(75g),옥수수밥(75),쑥갓어묵국,매콤오징어볶음,매쉬드포테이토,단배추물김치,S채소주먹밥,S보리차,새우크림스파게티,모듬버섯찌개,뿌리채소맛탕,건새우애호박볶음,나박김치
B소고기브로콜리죽,B고구마쉐이크,B복숭아(천도)-60g,S사과(50g),S복숭아(80g),흑미밥(75),동태살무국,매콤주꾸미볶음,미역줄기채소볶음,비트초절이,S단팥빵,S오미자아이스크림,흑미밥(75),팽이장국,라조기,애호박건새우볶음,배추김치
B고구마스프,B바나나쉐이크,B(우유제외)블루베리고구마샐러드,S참외(50g),S복숭아(황도)-80g,하이라이스,닭살양파국,(우유제외)닭가슴살버터구이,봄동나물,열무김치,S절편(40g),S보리차,찹쌀팥밥(75),소고기버섯국,새우살케첩볶음,(우유제외)감자버터구이,오이소박이김치
B새우크림소스볶음,B고구마쉐이크,B사과(35g),S멜론(50g),S사과(35g),흑미밥(75),닭살미역국,닭가슴살고구마볶음,건새우애호박볶음,비트초절이,S카카오올리브케익,S레몬주스,흑미밥(75),실파장국,채소크로켓,김구이+양념장,깻잎김치
B소고기미역죽,B떠먹는요구르트(100ml),B복숭아(황도)-60g,S복숭아(80g),S사과(50g),김치햄볶음밥,모듬버섯찌개,채소전,사과미나리무침,나박김치,S크림소스스파게티,S보리차,흑미밥(75),유부쑥갓맑은국,감자그라탕,애호박볶음,파김치
B크로와상,B과일연두부스무디,B사과(50g),S수박(100g),S바나나(50g),완두콩밥(75),얼갈이맑은국,오리훈제구이,찐단호박,비트초절이,S수제새우과자,S두유(200ml),완두콩밥(75),소고기버섯국,쑥갓두부무침,맛살볶음,배추김치
B소고기미역죽,B고구마쉐이크,B사과(75g),S멜론(50g),S사과(35g),돼지고기양배추덮밥,청국장국,매콤낙지채소볶음,양배추샐러드,나박김치,S냉콩국+소면,S오미자차,완두콩밥(75),늙은호박국,소고기동그랑땡전,애호박볶음,단배추물김치
B수제비,B호두우유,B멜론(50g),S복숭아(천도)-80g,S멜론(75g),고구마밥(75),실파장국,(저당)닭갈비,맛살볶음,비트초절이,S크림소스스파게티,S보리차,고구마밥(75),대구지리,두부채소전,건새우애호박볶음,오이소박이김치
B모카빵,B고구마쉐이크,B복숭아(천도)-60g,S복숭아(80g),S사과(35g),팥밥(75),미니우동,해물우동숙주볶음,애호박볶음,열무물김치,S새우크림소스볶음,S매실쥬스,팥밥(75),오징어찌개,소고기김무침,해초볶음,나박김치
B소고기미역죽,B수제바나나우유,B사과(35g),S사과(50g),S멜론(75g),찰현미밥(75),팽이장국,(저당)닭갈비,매쉬드포테이토,파김치,S크림소스스파게티,S보리차,파프리카유부초밥,모듬버섯찌개,채소크로켓,맛살볶음,오이소박이김치
B새우크림소스볶음,B바나나쉐이크,B멜론(50g),S멜론(100g),S복숭아(80g),찹쌀현미밥(75),동태살무국,단호박고구마샐러드,애호박볶음,비트초절이,S토마토스파게티,S둥글레차,오징어덮밥,애호박맑은국,매콤오징어볶음,건새우애호박볶음,배추김치
B치즈죽,B수제바나나우유,B사과(35g),S사과(50g),S멜론(75g),브로콜리채소볶음밥,팽이장국,닭고기냉채,매쉬드포테이토,파김치,S크로와상,S보리차,찹쌀팥밥(75),유부쑥갓맑은국,오징어초무침,(우유제외)고구마두유조림,오이소박이김치
B소고기미역죽,B고구마쉐이크,B멜론(75g),S토마토(200g),S멜론(75g),돼지고기양배추덮밥,실파장국,모듬버섯탕수,애호박건새우볶음,비트초절이,S크림소스스파게티,S둥글레차,밤콩밥(75),늙은호박국,동태살전,쑥갓나물,단배추물김치
B모카빵,B요구르트,B블루베리(50g),S오렌지(100g),S사과(35g),보리밥(75),"만두국(달걀제외,가공만두)",두부톳무침,애호박볶음,콜라비나박김치,S채소전,S오미자아이스크림,보리밥(75),어묵국수,톳두부무침,(저염)감자조림,배추김치
B누룽지죽,B(우유제외)수제바나나두유,B복숭아(황도)-60g,S수박화채,S복숭아(천도)-60g,고구마밥(75),늙은호박국,훈제오리냉채,콘샐러드,파김치,S크림소스스파게티,S둥글레차,돼지고기양배추덮밥,모듬어묵국,채소튀김(감자),가지양념무침,비트초절이
B소고기미역죽,B고구마쉐이크,B복숭아(천도)-60g,S복숭아(천도)-80g,S호두,찹쌀팥밥(75),두부젓국찌개,감자치즈전,양파초절임,오이소박이김치,S단호박죽,S매실쥬스,김치햄볶음밥,동태살무국,소고기청경채볶음,진미채초무침,나박김치
B양파치즈죽,B떠먹는요구르트(100ml),B멜론(100g),S복숭아(80g),S멜론(50g),오징어채소덮밥,팽이장국,참치어묵조림,콘샐러드,비트초절이,S채소전,S보리차,현미밥(75),대구지리,떡갈비간장조림,요거트과일샐러드,배추김치
B가래떡구이,B복숭아호두스무디,S오렌지(100g),S멜론(50g),S사과(35g),알리오올리오스파게티,차돌박이된장국,닭가슴살부추무침,당근스틱,오이소박이김치,S영양주먹밥,S검은콩두유(100ml),밤콩밥(75),새우살애호박국,소면채소무침,얼갈이무침,나박김치
B양파치즈죽,B고구마쉐이크,B복숭아(황도)-60g,S토마토(200g),S멜론(75g),밤찹쌀팥밥(75),동태살무국,닭가슴살고구마볶음,맛살볶음,비트초절이,S참치채소전,S보리차,밤찹쌀팥밥(75),실파장국,떡갈비간장조림,두부열무나물,배추김치
B현미소고기죽,B두유(100ml),B복숭아(천도)-80g,S복숭아(천도)-80g,S수박화채,크림리조또,늙은호박국,뿌리채소맛탕,건새우애호박볶음,나박김치,S크림소스스파게티,S둥글레차,밤찹쌀팥밥(75),팽이장국,닭날개간장조림,애호박새우젓볶음,오이소박이김치
B찐감자,B(우유제외)수제바나나두유,B복숭아(백도)-60g,S복숭아(80g),S멜론(50g),검정콩밥(75),다슬기된장국,닭살고구마조림,건취나물간장볶음,파김치,S냉콩국+소면,S오미자아이스크림,검정콩밥(75),동태살무국,떡갈비간장조림,맛살볶음,비트초절이
B소고기미역죽,B고구마쉐이크,B복숭아(천도)-60g,S사과(35g),S블루베리(50g),흑미밥(75),실파장국,어묵감자조림,아욱나물무침,콜라비나박김치,S토마토스파게티,S보리차,참나물유부초밥,팽이장국,(저염)갈치조림,미역줄기채소볶음,배추김치
B절편,B검은콩두유(200ml),B복숭아(황도)-60g,S복숭아(천도)-80g,S귤(50g),새우크림스파게티,얼갈이배추국,닭가슴살사과무침,버섯부추볶음,깍두기,S밤설기(40g),S둥글레차,검정콩밥(75),맑은가쓰오부시장국,미나리달걀찜,머윗대나물,비트초절이
B치즈고구마죽,B두유(100ml),B참외(50g),S사과(35g),S복숭아(80g),크림리조또,팽이장국,모듬버섯탕수,실곤약채소무침,열무물김치,S크림소스스파게티,S보리차,감자밥(75),닭고기채소찌개,칠리새우,매쉬드포테이토,나박김치
B시금치치즈죽,B콩두유,B사과(35g),S참외(50g),S(우유제외)과일화채,대파달걀볶음밥,두부젓국찌개,(저염)갈치조림,부추사과무침,동치미,S영양주먹밥,S오미자차,완두콩밥(75),순한고추장찌개,오리훈제구이,참외샐러드,단무지
B수제비,B복숭아호두스무디,B멜론(50g),S멜론(75g),S사과(35g),율무밥(75),팽이장국,소면채소무침,땅콩우엉조림,비트초절이,S새우크림소스볶음,S보리차,율무밥(75),애호박두부젓국찌개,소고기김무침,실곤약채소무침,배추김치
B양파치즈죽,B고구마쉐이크,B복숭아(천도)-60g,S토마토(200g),S멜론(75g),팥밥(75),두부젓국찌개,닭가슴살고구마볶음,건새우애호박볶음,총각김치,S크림소스스파게티,S둥글레차,김치햄볶음밥,늙은호박국,두부채소전,당근스틱,나박김치
B백설기(80g),B두유(100ml),B멜론(50g),S사과(35g),S멜론(50g),크림소스스파게티,오징어찌개,매콤주꾸미볶음,매쉬드포테이토,오이소박이김치,S채소전,S매실쥬스,찹쌀보리밥(75),애호박두부젓국,소고기청경채볶음,아욱나물무침,열무물김치
B마들렌,B떠먹는요구르트(100ml),B단감(50g),S멜론(75g),S과일샐러드(요거트드레싱),쌀밥(75),무채국,매콤오징어볶음,양파초절임,백김치,S채소주먹밥,S코코아,소고기채소볶음밥,연두부맑은국,북어찜,다시마북어볶음,비트초절이
B소고기타락죽,B요구르트,B사과(35g),S복숭아(천도)-80g,S참외(100g),오징어덮밥,늙은호박국,(저당)닭갈비,참치애호박볶음,단배추물김치,S토마토스파게티,S둥글레차,밤밥(75),오징어찌개,칠리새우,애호박볶음,총각김치
B생선죽,B검은콩두유(200ml),B참외(50g),S참외(50g),S멜론(50g),치즈채소볶음밥,소고기양파국,가지구이,치커리부추무침,단무지,S(우유제외)크랜베리찹쌀케이크,S오미자아이스크림,보리밥(75),두부젓국찌개,낙지떡찜,곤드레나물볶음,오이소박이김치
B당근스프,B고구마쉐이크,B복숭아(황도)-60g,S블루베리(50g),S사과(35g),감자밥(75),동태살무국,뿌리채소맛탕,건새우애호박볶음,비트초절이,S잣죽,S보리차,새우튀김우동,만두국,햄구이,느타리버섯나물,배추김치
B새우채소죽,B두유(100ml),B사과(35g),S멜론(75g),S사과(50g),새우크림스파게티,다슬기아욱국,후라이드치킨,파프리카볶음,나박김치,S녹차밤양갱,S둥글레차,밤찹쌀팥밥(75),팽이장국,동태살전,땅콩우엉조림,오이소박이김치
B밤설기(40g),B떠먹는요구르트(100ml),B복숭아(백도)-60g,S멜론(50g),S사과(35g),김치햄볶음밥,실파장국,온두부+양념장,맛살볶음,비트초절이,S크림소스스파게티,S오미자아이스크림,기장밥(75),모듬어묵국,두부채소전,애호박볶음,단배추물김치
B양파치즈죽,B(우유제외)수제바나나두유,B사과(35g),S과일화채,S오렌지(50g),오징어채소덮밥,토란국,매콤오징어볶음,도라지나물(간장),파김치,S채소찐빵,S둥글레차,찹쌀팥밥(75),늙은호박국,호박전,참치애호박볶음,나박김치
B(우유제외)당근스프,B(우유제외)두유미숫가루,B복숭아(백도)-60g,S멜론(50g),S참외(100g),김치햄볶음밥,청국장국,뿌리채소맛탕,요거트과일샐러드,단무지,S크림소스스파게티,S보리차,밤밥(75),수제비아욱국,오리훈제구이,애호박새우젓볶음,단배추물김치
B새우채소죽,B(우유제외)수제바나나두유,B참외(50g),S토마토(200g),S멜론(75g),오징어채소덮밥,두부젓국찌개,떡갈비간장조림,애호박볶음,나박김치,S냉콩국+소면,S오미자아이스크림,감자밥(75),늙은호박국,삼치무조림,감자당근채볶음,비트초절이
B새우죽,B떠먹는요구르트(100ml),B멜론(100g),S수박화채,S멜론(50g),김치햄볶음밥,호박감자수제비국,토마토두부샐러드,애호박새우젓볶음,파김치,S크로와상,S보리차,찹쌀보리밥(75),팽이장국,닭가슴살고구마볶음,맛살볶음,오이소박이김치
B새우치즈죽,B(우유제외)수제바나나두유,B복숭아(황도)-80g,S토마토(200g),S멜론(75g),소고기가지덮밥,늙은호박국,짜장닭볶음,요거트과일샐러드,비트초절이,S크림소스스파게티,S둥글레차,잡곡밥(75),호박고지들깨탕,닭채볶음,참치양파볶음,단배추물김치
B단호박떡케익,B바나나쉐이크,B사과(35g),S멜론(75g),S사과(35g),고구마밥(75),동태살쑥갓국,매콤오징어볶음,땅콩우엉조림,열무물김치,S토마토스파게티,S보리차,오징어덮밥,순한백짬뽕국,삼겹살구이,건취나물간장볶음,총각김치
B소고기죽,B두유(100ml),B복숭아(황도)-80g,S청포도(100g),S멜론(50g),수수밥(75),건새우맑은국,가자미구이,오이토마토샐러드(발사믹드레싱),비트초절이,S영양주먹밥,S오미자아이스크림,우렁된장소스덮밥,양배추맑은국,골뱅이무침,진미채초무침,단무지
B돼지고기채소죽,B복숭아호두스무디,B블루베리(50g),S사과(50g),S자두(50g),크림소스스파게티,도토리묵냉국,소면채소무침,상추배생채,단배추물김치,S떡볶이,S둥글레차,밤밥(75),실파장국,뿌리채소맛탕,가지양념무침,깻잎김치
B소고기미역죽,B요구르트,B당근스틱,S과일샐러드(요거트드레싱),S사과(50g),삼색소보로덮밥,두부맑은국,훈제오리무침,(우유제외)감자버터구이,나박김치,S크림소스스파게티,S보리차,팥밥(75),냉콩나물국,닭다리살굴소스볶음,건새우애호박볶음,배추김치
B흰죽,B두유(100ml),B멜론(50g),S블루베리(50g),S복숭아(천도)-80g,콩국수,늙은호박국,(저당)닭갈비,건취나물간장볶음,비트초절이,S채소전,S오미자아이스크림,보리밥(75),모듬어묵국,(우유제외)감자그라탕,애호박볶음,단배추물김치
B웨지감자구이,B고구마쉐이크,B수박(100g),S(우유제외)수박화채,S자두(50g),검정콩밥(75),온청포묵국,가지튀김,(우유제외)옥수수버터구이,단무지,S크림떡볶이,S보리차,김치햄볶음밥,팽이장국,채소옥수수튀김,무미역생채,배추김치
B소고기미역죽,B수제바나나우유,B단감(50g),S사과(50g),S참외(100g),완두콩밥(75),단호박김치국,채소튀김(감자),애호박새우젓볶음,깻잎김치,S크림소스스파게티,S둥글레차,완두콩밥(75),늙은호박국,찹쌀탕수육,애호박건새우볶음,나박김치
B닭백숙,B고구마쉐이크,B참외(50g),S복숭아(천도)-80g,S참외(100g),김치햄볶음밥,오징어찌개,온두부+양념장,동초무침,단배추물김치,S참치주먹밥,S보리차,고구마밥(75),감자된장국,뿌리채소맛탕,곤드레나물볶음,총각김치
B증편(40g),B(우유제외)수제바나나두유,B복숭아(천도)-60g,S토마토(200g),S멜론(75g),팥밥(75),팽이장국,어묵감자조림,브로콜리초무침,파김치,S크림소스스파게티,S오미자아이스크림,팥밥(75),다슬기아욱국,애호박전,애호박건새우볶음,오이소박이김치
B소고기미역죽,B떠먹는요구르트(100ml),B사과(35g),S사과(50g),S멜론(50g),찹쌀팥밥(75),감자다시마국,훈제오리무침,얼갈이무침,나박김치,S크림떡볶이,S둥글레차,찹쌀팥밥(75),실파장국,어묵고구마조림,동초무침,단배추물김치
B미역죽,B수제바나나우유,B사과(50g),S복숭아(천도)-80g,S오렌지(50g),알리오올리오스파게티,청국장국,채소크로켓,건새우애호박볶음,깻잎김치,S크림소스스파게티,S오미자차,잡곡밥(75),늙은호박국,삼겹살구이,사과상추무침,총각김치
B모닝빵,B(우유제외)수제바나나두유,B참외(50g),S멜론(50g),S사과(35g),새우크림스파게티,팽이장국,뿌리채소맛탕,감자당근채볶음,오이소박이김치,S수제비,S보리차,고구마밥(75),가자미미역국,매콤낙지채소볶음,해초볶음,비트초절이
B가지두부죽,B두유(100ml),B복숭아(백도)-60g,S참외(50g),S사과(50g),밤밥(75),늙은호박국,가래떡김치전,동초무침,나박김치,S크림소스스파게티,S오미자아이스크림,밤밥(75),감자된장국,채소옥수수튀김,건새우애호박볶음,콜라비나박김치
B소고기미역죽,B(우유제외)수제바나나두유,B사과(35g),S사과(35g),S복숭아(천도)-80g,현미밥(75),팽이장국,깻잎감자전,해초볶음,단무지무침,S치즈스틱,S식혜,하이라이스,모듬버섯찌개,떡갈비간장조림,찐단호박,동치미
B새우채소죽,B고구마쉐이크,B참외(50g),S멜론(50g),S복숭아(80g),완두콩밥(75),북어달걀국,라조기,얼갈이무침,오이소박이김치,S냉콩국+소면,S보리차,완두콩밥(75),쑥갓어묵국,소고기당면불고기,건취나물간장볶음,비트초절이
B건포도감자볼,B떠먹는요구르트(100ml),B복숭아(백도)-60g,S멜론(75g),S사과(35g),김치햄볶음밥,찹쌀옹심이국,닭가슴살고구마볶음,파래무채무침,나박김치,S카스텔라,S오미자아이스크림,잡곡밥(75),애호박두부젓국찌개,오리훈제구이,건새우애호박볶음,배추김치
B소고기미역죽,B고구마쉐이크,B복숭아(60g),S블루베리(50g),S멜론(50g),현미밥(75),맑은장국,훈제오리무침,상추오이무침,오이소박이김치,S크림소스스파게티,S보리차,돼지고기양배추덮밥,유부쑥갓맑은국,매콤주꾸미볶음,양파초절임,비트초절이
B수제비,B(우유제외)수제바나나두유,B멜론(75g),S토마토(200g),S멜론(75g),크림소스스파게티,청국장국,떡갈비피망조림,애호박건새우볶음,깻잎김치,S크림떡볶이,S둥글레차,쌀밥(75),실파장국,찹쌀탕수육,애호박새우젓볶음,나박김치
B소고기미역죽,B수제바나나우유,B멜론(50g),S사과(35g),S멜론(50g),밤콩밥(75),동태살무국,(저당)닭갈비,크래미채소볶음,오이소박이김치,S채소전,S식혜,삼색소보로덮밥,유부쑥갓맑은국,매콤오징어볶음,마늘쫑무침,동치미
B채소스프,B검은깨두유(100ml),B바나나사과키위샐러드(요거트드레싱),S토마토(200g),S멜론(75g),완두콩밥(75),토란국,궁중떡볶음,멸치피망볶음,열무김치,S검은콩죽,S보리차,파프리카유부초밥,건새우맑은국,오리훈제구이,근대나물,비트초절이
B소고기미역죽,B고구마쉐이크,B참외(50g),S사과(35g),S멜론(50g),김치햄볶음밥,팽이장국,닭가슴살고구마볶음,맛살볶음,깻잎김치,S크림소스스파게티,S수정과,찹쌀보리밥(75),실파장국,두부채소전,건새우애호박볶음,나박김치
B양파치즈죽,B(우유제외)수제바나나두유,B사과(35g),S멜론(75g),S참외(50g),밤콩밥(75),늙은호박국,참치어묵조림,건취나물간장볶음,비트초절이,S단호박샐러드(마요네즈),S둥글레차,돼지고기버섯카레라이스,미니유부우동,매콤오징어볶음,크래미채소볶음,단배추물김치
B소고기미역죽,B(우유제외)바나나쉐이크,B멜론(75g),S멜론(50g),S수박화채,밤찹쌀팥밥(75),두부젓국찌개,오리훈제구이,애호박새우젓볶음,나박김치,S크림소스스파게티,S보리차,김치햄볶음밥,청국장국,연근감자전,마늘종잡채,총각김치
B찐빵,B우유(200ml),B귤(50g),S당근스틱,S귤(80g),고구마밥(75),닭살양파국,물만두,오이생채,열무물김치,S송편(40g),S오미자차,닭칼국수,애호박맑은국,오징어불고기,머위나물,비트초절이
B양파치즈죽,B고구마쉐이크,B복숭아(천도)-60g,S토마토(200g),S멜론(75g),김치햄볶음밥,늙은호박국,(저염)갈치조림,콘샐러드,단배추물김치,S크림소스스파게티,S보리차,수수밥(75),오징어찌개,돼지고기부추잡채,가지양념무침,총각김치
B으깬견과류고구마샐러드(요거트),B두유(150ml),B복숭아(백도)-60g,S사과(50g),S멜론(50g),보리밥(75),실파장국,당면김말이튀김,매쉬드포테이토,비트초절이,S크림떡볶이,S둥글레차,소고기가지덮밥,새우젓국찌개,뿌리채소맛탕,동초무침,깻잎김치
B소고기미역죽,B고구마쉐이크,B복숭아(천도)-60g,S토마토(200g),S멜론(75g),밤밥(75),미니새우튀김우동,닭볶음탕,애호박볶음,배추김치,S부추전,S보리차,밤밥(75),모듬어묵국,매콤낙지채소볶음,단호박우유찜,단배추물김치
B새우채소죽,B두유(100ml),B참외(50g),S복숭아(백도)-80g,S사과(35g),오징어채소덮밥,다슬기아욱국,닭살연근조림,마카로니채소샐러드(토마토소스),나박김치,S냉콩국+소면,S유자차,검정콩밥(75),실파장국,뱅어포간장조림,동초무침,비트초절이
B새우채소볶음밥,B고구마쉐이크,B사과(35g),S참외(100g),S멜론(50g),잡곡밥(75),모듬어묵국,훈제오리냉채,건취나물간장볶음,단배추물김치,S애플파이,S둥글레차,김치햄볶음밥,늙은호박국,닭가슴살고구마볶음,건새우애호박볶음,총각김치
B미역죽,B수제바나나우유,B멜론(50g),S토마토(200g),S멜론(75g),게살볶음밥,쑥갓어묵국,삼겹살구이,맛살볶음,단무지무침,S토마토스파게티,S보리차,기장밥(75),쑥갓어묵탕,두부채소전,애호박볶음,비트초절이
B소고기타락죽,B(우유제외)수제바나나두유,B복숭아(천도)-80g,S멜론(50g),S사과(35g),하이라이스,늙은호박국,소면채소무침,참치어묵조림,파김치,S으깬견과류고구마샐러드(요거트),S둥글레차,밤콩밥(75),팽이장국,토마토치커리무침,매쉬드포테이토,오이소박이김치
B감자된장죽,B수제바나나우유,B멜론(50g),S멜론(75g),S참외(50g),오징어덮밥,쑥국,라조기,요거트과일샐러드,나박김치,S크림소스스파게티,S보리차,완두콩밥(75),유부쑥갓맑은국,(저당)닭갈비,맛살볶음,비트초절이
B애호박감자죽,B두유(100ml),B포도(100g),S멜론(50g),S귤(50g),닭칼국수,감자호박국,닭가슴살굴소스볶음,땅콩조림,단배추물김치,S영양주먹밥,S호두우유,율무밥(75),애호박맑은국,볼어묵채소조림,채소샐러드(발사믹드레싱),열무김치
B소고기미역죽,B(우유제외)수제바나나두유,B참외(50g),S과일화채,S복숭아(80g),현미밥(75),실파장국,채소옥수수튀김,건새우애호박볶음,비트초절이,S크림소스스파게티,S보리차,하이라이스,팽이장국,소고기청포묵무침,양배추샐러드(레몬드레싱),오이소박이김치
B미역죽,B수제바나나우유,B멜론(50g),S사과(35g),S멜론(50g),콩국수,호박감자수제비국,소고기당면불고기,(우유제외)감자버터구이,나박김치,S채소전,S둥글레차,흑미밥(75),맑은장국,오리훈제구이,콘샐러드,파김치
B새우볶음밥,B(우유제외)수제바나나두유,B참외(50g),S토마토(200g),S멜론(75g),검정콩밥(75),모듬어묵국,닭날개간장조림,매쉬드포테이토,비트초절이,S크림소스스파게티,S보리차,크림리조또,실파장국,닭고기냉채,건새우애호박볶음,오이소박이김치
B소고기옥수수죽,B바나나쉐이크,B멜론(50g),S복숭아(천도)-80g,S멜론(75g),밤밥(75),늙은호박국,매콤오징어볶음,건취나물간장볶음,단배추물김치,S토마토스파게티,S오미자아이스크림,밤밥(75),대합국,(저당)닭갈비,맛살볶음,총각김치
B북어채소죽,B(우유제외)수제바나나두유,B복숭아(천도)-60g,S토마토(200g),S사과(50g),소고기무밥+양념장,오징어찌개,채소맛살전,진미채초무침,비트초절이,S알리오올리오스파게티,S보리차,밤콩밥(75),팽이장국,훈제오리단호박찜,동초무침,배추김치
B시금치치즈죽,B두유(100ml),B복숭아(백도)-60g,S멜론(75g),S사과(50g),김치햄볶음밥,가지냉국,채소크로켓,(우유제외)고구마두유조림,단배추물김치,S크림떡볶이,S매실쥬스,고구마밥(75),두부젓국찌개,감자부추전,땅콩우엉조림,총각김치
B소고기미역죽,B(우유제외)수제바나나두유,B참외(50g),S멜론(50g),S사과(35g),차조밥(75),실파장국,모듬버섯탕수,건새우애호박볶음,오이소박이김치,S찐고구마,S보리차,새우크림스파게티,팽이장국,어묵감자조림,매쉬드포테이토,비트초절이
B새우치즈죽,B바나나쉐이크,B멜론(50g),S멜론(75g),S참외(50g),오징어덮밥,동태살무국,두부채소전,건취나물간장볶음,열무물김치,S크림소스스파게티,S둥글레차,팥밥(75),호박감자수제비국,매콤오징어볶음,맛살볶음,나박김치
B찹쌀도너츠,B요구르트,B복숭아(백도)-80g,S토마토(200g),S멜론(75g),잡곡밥(75),늙은호박국,채소튀김(감자),애호박새우젓볶음,비트초절이,S채소전,S오미자아이스크림,잡곡밥(75),실파장국,햄구이,돌나물부추무침,깻잎김치
B옥수수버터구이,B(우유제외)수제바나나두유,B참외(50g),S멜론(50g),S참외(100g),잡곡밥(75),애호박두부젓국,오이참치마요무침,아욱나물무침,단배추물김치,S떡볶이,S보리차,새우크림스파게티,모듬어묵국,소면채소무침,매쉬드포테이토,총각김치
B크로와상,B고구마쉐이크,B사과(35g),S복숭아(천도)-80g,S자두(50g),차조밥(75),유부쑥갓맑은국,떡갈비간장조림,아욱나물무침,나박김치,S크림소스스파게티,S둥글레차,차조밥(75),단호박맑은국,연두부찜,양상추요거트샐러드,비트초절이
B당근스프,B두유(100ml),B복숭아(백도)-60g,S복숭아(천도)-80g,S사과(75g),찹쌀팥밥(75),맑은가쓰오부시장국,뿌리채소맛탕,푸실리샐러드,배추김치,S흑임자떡,S두유(200ml),대파달걀볶음밥,얼갈이된장국,소고기찹쌀구이,북어채볶음,갓김치
B수제비,B수제바나나우유,B멜론(50g),S멜론(50g),S사과(50g),잡곡밥(75),맑은장국,닭다리살굴소스볶음,건새우애호박볶음,비트초절이,S크림떡볶이,S둥글레차,삼색소보로덮밥,실파장국,닭고기냉채,매쉬드포테이토,단배추물김치
B단팥도너츠,B바나나쉐이크,B귤(50g),S복숭아(천도)-80g,S과일샐러드(요거트드레싱),오징어덮밥,단호박새우젓국,주꾸미채소간장볶음,건취나물간장볶음,깻잎김치,S시루떡,S코코아,잡곡밥(75),유부맑은국,닭가슴살버터구이,해초볶음,총각김치
B소고기미역죽,B요구르트,B사과(35g),S멜론(50g),S사과(35g),완두콩밥(75),온청포묵국,두부채소전,맛살볶음,나박김치,S영양주먹밥,S보리차,콩국수,실파장국,오리훈제구이,얼갈이무침,비트초절이
B양파치즈죽,B고구마쉐이크,B참외(50g),S사과(50g),S멜론(75g),쌀밥(75),청국장국,(저당)닭갈비,건취나물간장볶음,단배추물김치,S찐고구마,S오미자아이스크림,쌀밥(75),늙은호박국,매콤오징어볶음,건새우애호박볶음,깻잎김치
B(우유제외)소고기타락죽,B수제바나나우유,B사과(50g),S블루베리(50g),S멜론(50g),쌀밥(75),모듬어묵국,감자그라탕,숙주당근나물,단배추물김치,S단호박샐러드(마요네즈),S둥글레차,돼지고기양배추덮밥,냉이콩나물된장국,채소튀김(감자),사과미나리무침,단배추물김치
B소고기미역죽,B고칼슘두유(190ml),B당근스틱,S사과(50g),S방울토마토(70g),옥수수밥(75),찹쌀옹심이국,매콤주꾸미볶음,애호박전,오이소박이김치,S크림소스스파게티,S보리차,달걀주먹밥,근대국,뿌리채소맛탕,건취나물간장볶음,오이소박이김치
B으깬견과류고구마샐러드(요거트),B검은깨두유(150ml),B방울토마토(70g),S단감(50g),S복숭아(80g),기장밥(75),오징어숙주국,떡갈비간장조림,도라지오이무침,배추김치,S채소전,S오미자아이스크림,달걀버섯볶음밥,찹쌀옹심이국,참치어묵조림,고구마순된장무침,배추김치
B수제비,B수제바나나우유,B당근스틱,S멜론(50g),S토마토(200g),소고기굴소스볶음밥,유부대파국,양파튀김,치커리부추무침,배추김치,S우동,S식혜,현미밥(75),다시마새우젓국,돼지고기양배추볶음,참나물배겉절이,배추김치
B(우유제외)참깨두유죽,B떠먹는요구르트(100ml),B사과(100g),S당근스틱,S바나나(100g),김치햄볶음밥,늙은호박국,소고기토마토조림,참치양파볶음,배추김치,S크림소스스파게티,S둥글레차,흑미밥(75),호박고지들깨탕,매콤주꾸미볶음,숙주당근나물,배추김치
B소고기미역죽,B바나나쉐이크,B사과(35g),S멜론(50g),S복숭아(천도)-60g,차조밥(75),청국장국,매콤오징어볶음,맛살달걀찜,배추김치,S단팥빵,S오미자아이스크림,오징어덮밥,미역냉국,채소전,건새우애호박볶음,배추김치
B감자죽,B고구마쉐이크,B복숭아(백도)-60g,S멜론(75g),S단감(50g),새우튀김우동,버섯개장,채소옥수수튀김,두부열무나물,배추김치,S영양주먹밥,S보리차,잡곡밥(75),대구지리,수제비샐러드,무미역생채,배추김치
B누룽지죽,B(우유제외)수제바나나두유,B복숭아(천도)-80g,S멜론(75g),S단감(50g),새우크림스파게티,유부쑥갓맑은국,매콤낙지채소볶음,당근옥수수콘전,오이소박이김치,S가래떡구이,S둥글레차,쌀밥(75),모듬버섯찌개,고구마찜닭,겨울초된장무침,오이소박이김치
B으깬견과류고구마샐러드(요거트),B고구마쉐이크,B복숭아(천도)-60g,S사과(35g),S사과(75g),찰현미밥(75),팽이장국,채소옥수수튀김,당근스틱,파김치,S크림소스스파게티,S보리차,소고기김주먹밥,유부된장국,닭날개간장조림,맛살미역줄기볶음,비트초절이
B미역죽,B수제블루베리우유,B방울토마토(70g),S참외(50g),B당근스틱,달걀주먹밥,실파장국,(저당)닭갈비,얼갈이무침,오이소박이김치,S영양주먹밥,S둥글레차,율무밥(75),호박감자수제비국,(저염)갈치조림,건취나물간장볶음,오이소박이김치
B소고기미역죽,B고구마쉐이크,B복숭아(백도)-60g,S멜론(75g),S귤(80g),김치햄볶음밥,팽이장국,닭가슴살사과무침,곤드레나물볶음,깍두기,S크림소스스파게티,S보리차,찹쌀현미밥(75),근대국,두부채소전,건새우애호박볶음,깍두기
B고구마스프,B두유(100ml),B사과(75g),S복숭아(천도)-60g,S파인애플(50g),쌀밥(75),온청포묵국,채소옥수수튀김,무미역생채,오이소박이김치,S영양주먹밥,S오미자차,하이라이스,버섯개장,브로콜리달걀볶음,땅콩조림,비트초절이
B소고기미역죽,B바나나쉐이크,B토마토(200g),S멜론(50g),S당근스틱,파프리카유부초밥,실파장국,돼지고기우엉잡채,얼갈이나물,배추김치,S크림소스스파게티,S보리차,보리밥(75),유부쑥갓맑은국,참치어묵조림,사과미나리무침,배추김치
B찹쌀단호박죽,B검은깨두유(100ml),B귤(80g),S참외(100g),S사과(50g),닭살카레밥+양념장,콩나물어묵국,새우채소전,(우유제외)감자버터구이,배추김치,S크로와상,S둥글레차,잡곡밥(75),얼갈이배추국,고등어카레구이,오징어채무침,배추김치
B소고기미역죽,B요구르트,B바나나(100g),S멜론(50g),S당근스틱,완두콩밥(75),모듬어묵국,채소튀김(감자),얼갈이무침,배추김치,S영양주먹밥,S보리차,마파두부덮밥,도토리묵냉국,소면채소무침,베이컨채소말이,배추김치
B옥수수버터구이,B수제바나나우유,B멜론(50g),S수박(100g),S멜론(75g),오징어덮밥,호박감자수제비국,(저당)닭갈비,미니새송이버섯볶음,깍두기,S크림소스스파게티,S둥글레차,밤밥(75),동태살무국,칠리새우,곰취나물볶음,깍두기
B참치미역죽,B고구마쉐이크,B복숭아(천도)-60g,S사과(35g),S사과(75g),오징어채소덮밥,느타리버섯맑은국,(저염)닭가슴살데리야끼조림,미역줄기채소볶음,배추김치,S애플파이,S오미자아이스크림,검정콩밥(75),팽이장국,양배추건새우볶음,사과미나리무침,배추김치
B찹쌀고구마죽,B과일연두부스무디,B사과(50g),S블루베리(50g),S멜론(50g),파프리카유부초밥,오징어맑은국,목이버섯실파제육볶음,고구마샐러드(마요네즈),오이소박이김치,S단호박찜,S두유(200ml),차조밥(75),호박감자수제비국,주꾸미채소간장볶음,두부달걀찜,오이소박이김치
B늙은호박죽,B고칼슘우유(100ml),B마카로니채소샐러드,S복숭아(황도)-80g,S귤(50g),크림소스스파게티,감자건포도샐러드,칠리새우,머윗대나물,오이소박이김치,S우동,S검은콩두유(100ml),현미밥(75),실파장국,두부톳무침,표고버섯간장볶음,오이소박이김치
B양파치즈죽,B바나나쉐이크,B복숭아(황도)-80g,S귤(80g),S단감(50g),검정콩밥(75),실파장국,참치어묵조림,동초무침,배추김치,S채소전,S보리차,돼지고기버섯카레라이스,유부쑥갓맑은국,떡갈비간장조림,사과미나리무침,배추김치
B소고기미역죽,B고칼슘우유(100ml),B당근스틱,S복숭아(천도)-80g,S단감(50g),콩국수,두부구이,(저당)닭갈비,가지양념무침,배추김치,S바람떡,S매실쥬스,팥밥(75),애호박새우젓국,두부채소전,머윗대나물,배추김치
B새우치즈죽,B수제바나나우유,B멜론(75g),S사과(35g),S단감(50g),보리밥(75),모듬어묵국,두부채소전,참치양파볶음,오이소박이김치,S토마토스파게티,S둥글레차,해물우동볶음,늙은호박국,찹쌀탕수육,건취나물간장볶음,오이소박이김치
B닭영양죽,B바나나쉐이크,B당근스틱,S단감(50g),S멜론(75g),파프리카유부초밥,대구지리,매콤주꾸미볶음,갈치감자조림,단배추물김치,S크림소스스파게티,S보리차,찹쌀보리밥(75),근대국,뿌리채소맛탕,양상추요거트샐러드,총각김치
B애플파이,B(우유제외)수제바나나두유,B참외(50g),S멜론(50g),S복숭아(천도)-60g,하이라이스,실파장국,수제비샐러드,동초무침,배추김치,S치즈스틱,S둥글레차,기장밥(75),팽이장국,닭살고구마조림,감자당근채볶음,배추김치
B고구마스프,B요구르트,B사과(35g),S귤(50g),S참외(50g),잡곡밥(75),버섯개장,어묵감자조림,무미역생채,오이소박이김치,S크림소스스파게티,S보리차,백김치볶음밥,온청포묵국,두부채소전,건새우애호박볶음,오이소박이김치
B소고기미역죽,B수제블루베리우유,B당근스틱,S복숭아(천도)-60g,S귤(50g),찹쌀팥밥(75),늙은호박국,찹쌀탕수육,참치양파볶음,총각김치,S약과,S둥글레차,오징어덮밥,청경채맑은국,목이버섯실파제육볶음,고구마순나물,총각김치
B가래떡구이,B(우유제외)고구마쉐이크,B참외(50g),S복숭아(천도)-60g,S멜론(75g),완두콩밥(75),동태살무국,삼치무조림,동초무침,배추김치,S크림소스스파게티,S오미자아이스크림,완두콩밥(75),오징어숙주국,소고기떡찜,건새우애호박볶음,배추김치
B소고기미역죽,B(우유제외)수제바나나두유,B당근스틱,S복숭아(80g),S멜론(75g),김치스팸치즈볶음밥,모듬버섯찌개,메밀봄동전,애호박볶음,비트초절이,S크림떡볶이,S보리차,밤찹쌀팥밥(75),버섯개장,닭날개간장조림,해초볶음,비트초절이
B소고기스프,B바나나쉐이크,B멜론(50g),S사과(50g),S귤(80g),해물우동볶음,찹쌀옹심이국,오징어두루치기,건새우애호박볶음,배추김치,S크림소스스파게티,S보리차,옥수수밥(75),유부실파국,맛살채소새콤무침,숙주당근나물,배추김치
B양배추죽,B(우유제외)수제바나나두유,B단호박샐러드(마요네즈),S멜론(50g),S사과(35g),소고기콩나물밥+양념장,다시마양파국,감자치즈전,쑥갓나물,배추김치,S영양주먹밥,S코코아,잡곡밥(75),배추당면국,브로콜리달걀찜,게맛살피망채볶음,배추김치
B소고기미역죽,B수제블루베리우유,B참외(50g),S포도(100g),S바나나(100g),찹쌀현미밥(75),맑은동태찌개,사각어묵볶음,가지양념무침,배추김치,S냉콩국+소면,S둥글레차,돼지고기양배추덮밥,맑은장국,소면채소무침,닭가슴살고구마볶음,배추김치
B닭고기흑임자죽,B우유(100ml),B당근김죽,S복숭아(80g),S단감(50g),채소유부초밥,팽이장국,삼치무조림,맛살볶음,배추김치,S크림소스스파게티,S쌀음료,쌀밥(75),연두부새우젓국,(저당)닭갈비,건새우애호박볶음,배추김치
B약과,B검은콩두유(100ml),B사과(75g),S배(100g),S단감(50g),쌀밥(75),얼갈이맑은국,게살마요무침,곤드레나물볶음,배추김치,S단호박샐러드,S보리차,쌀밥(75),연두부된장찌개,소고기토마토볶음,동초무침,배추김치
B크로와상,B고구마쉐이크,B사과(35g),S멜론(50g),S단감(50g),완두콩밥(75),동태살무국,떡갈비간장조림,아욱나물무침,오이소박이김치,S크림소스스파게티,S수정과,완두콩밥(75),실파장국,두부톳무침,애호박새우젓볶음,오이소박이김치
B고구마경단,B우유(200ml),B오이스틱,S귤(50g),S(우유제외)과일화채,찹쌀밥(75),소고기얼갈이국,소고기청포묵무침,고구마줄기볶음,배추김치,S닭가슴살채소죽,S(우유제외)수제블루베리바나나우유,새우카레볶음밥,애호박새우젓국,두부달걀부침,채소샐러드(발사믹드레싱),배추김치
B소고기미역죽,B떠먹는요구르트(100ml),B참외(50g),S바나나(100g),S배(100g),하이라이스,팽이장국,주꾸미떡볶음,숙주당근나물,배추김치,S크림소스스파게티,S보리차,검정콩밥(75),실파장국,어묵감자조림,동초무침,배추김치
B단호박떡케익,B바나나쉐이크,B단감(50g),S복숭아(천도)-80g,S수박(100g),소고기하이라이스,연두부새우젓국,훈제오리구이,치즈감자조림,배추김치,S크림떡볶이,S둥글레차,수수밥(75),호박고지들깨탕,오리훈제구이,매쉬드포테이토,배추김치
B당근치즈스프,B수제바나나우유,B단감(50g),S사과(50g),S복숭아(천도)-60g,흑미밥(75),맑은김치어묵국,소면채소무침,브로콜리견과류볶음,백김치,S검은콩죽,S보리차,흑미밥(75),연두부맑은국,궁중떡볶음,오이당근무침,백김치
B감자죽,B수제블루베리우유,B복숭아(백도)-60g,S단감(50g),S사과(100g),차조밥(75),오징어맑은국,(저염)갈치조림,아욱나물무침,오이소박이김치,S영양주먹밥,S쌀음료,새우튀김우동,버섯개장,어묵고구마조림,얼갈이무침,오이소박이김치
B(우유제외)당근스프,B고구마쉐이크,B멜론(100g),S단감(50g),S참외(100g),찹쌀현미밥(75),청국장국,떡갈비간장조림,맛살양상추샐러드,총각김치,S크림소스스파게티,S둥글레차,찹쌀현미밥(75),호박고지들깨탕,닭살고구마조림,파래무채무침,총각김치
B소고기미역죽,B떠먹는요구르트(100ml),B청포도(100g),S사과(100g),S단감(50g),쌀밥(75),감자채맑은국,참치어묵조림,찐단호박,배추김치,S크림떡볶이,S보리차,파프리카유부초밥,실파장국,돼지고기김치불고기,건새우애호박볶음,배추김치
B치즈,B요구르트,B멜론(50g),S당근스틱,S귤(80g),소고기잡채덮밥,애호박새우젓국,채소튀김(감자),부추양파생채,깍두기,S크림소스스파게티,S둥글레차,밤콩밥(75),다시마새우젓국,온두부+양념장,소고기감자볶음,깍두기
B새우채소전,B고구마쉐이크,B멜론(100g),S복숭아(천도)-60g,S방울토마토(70g),찹쌀팥밥(75),두부젓국찌개,닭가슴살사과무침,콩나물잡채,배추김치,S수제비,S보리차,김치햄볶음밥,모듬어묵국,오징어볶음,가지무침,배추김치
B소고기미역죽,B우유(200ml),B사과(35g),S멜론(50g),S복숭아(천도)-80g,해물우동볶음,가지냉국,소면채소무침,콘샐러드,배추김치,S크림소스스파게티,S매실쥬스,밤찹쌀팥밥(75),애호박맑은국,채소크로켓,건새우애호박볶음,배추김치
B찐고구마,B두유(100ml),B멜론(50g),S사과(50g),S귤(50g),기장밥(75),유부쑥갓맑은국,옥수수채소튀김,땅콩우엉조림,깍두기,S채소전,S오미자아이스크림,기장밥(75),건새우시금치국,안매운김치전,참치양파볶음,깍두기
B소고기타락죽,B(우유제외)수제바나나두유,B복숭아(천도)-60g,S블루베리(50g),S멜론(50g),쌀밥(75),늙은호박국,카레닭가슴살볶음,동초무침,오이소박이김치,S크림소스스파게티,S보리차,쌀밥(75),미니우동,모듬버섯탕수,잔파느타리버섯강회,오이소박이김치
B소고기미역죽,B(우유제외)수제블루베리우유,B멜론(50g),S복숭아(천도)-60g,S당근스틱,오징어덮밥,청국장국,(저당)닭갈비,요거트과일샐러드,배추김치,S알리오올리오스파게티,S둥글레차,옥수수밥(75),실파장국,두부채소전,애호박볶음,배추김치
B새우채소죽,B(우유제외)고구마쉐이크,B참외(50g),S당근스틱,S멜론(50g),김치스팸치즈볶음밥,팽이장국,수제비샐러드,동초무침,배추김치,S크림소스스파게티,S보리차,현미밥(75),맑은장국,떡갈비간장조림,김구이+양념장,배추김치
B치즈스틱,B요구르트,B단감(50g),S딸기(100g),S복숭아(천도)-80g,소고기잡채덮밥,늙은호박국,(저당)닭갈비,애호박볶음,깻잎김치,S채소전,S둥글레차,현미밥(75),실파장국,오리훈제구이,땅콩우엉조림,깻잎김치
B냉콩국+소면,B두유(100ml),B참외(50g),S멜론(50g),S귤(50g),잡곡밥(75),맑은가쓰오부시장국,떡갈비간장조림,감자당근채볶음,오이소박이김치,S크림소스스파게티,S매실쥬스,소고기비빔밥,오징어숙주국,매콤낙지채소볶음,소고기동그랑땡전,오이소박이김치
B치즈스크램블에그,B수제바나나우유,S바나나(100g),S참외(100g),S복숭아(황도)-80g,파프리카유부초밥,애호박새우젓국,닭채볶음,근대나물된장무침,배추김치,S유부초밥,S검은콩두유(150ml),율무밥(75),다시마양파국,궁중떡볶음,봄동된장나물,배추김치
B새우채소죽,B떠먹는요구르트(100ml),B복숭아(황도)-60g,S방울토마토(70g),S단감(50g),새우크림스파게티,동태살무국,브로콜리나물,닭살구이,오이소박이김치,S애플파이,S둥글레차,기장밥(75),호박감자수제비국,닭가슴살고구마볶음,사과미나리무침,오이소박이김치
B삶은달걀(30g),B요구르트,B복숭아(백도)-80g,S사과(75g),S오렌지(100g),찹쌀팥밥(75),수제비아욱국,삼겹살구이,건취나물간장볶음,얼갈이배추김치,S건포도감자볼,S오미자아이스크림,찹쌀팥밥(75),두부젓국찌개,연근어묵,오이양배추무침,깻잎김치
B소고기채소죽,B두유(150ml),B블루베리(50g),S멜론(50g),S자두(50g),팥밥(75),근대국,온두부+양념장,단호박조림,배추김치,S찐고구마,S둥글레차,우동,무채된장국,가자미살구이,동초무침,배추김치
B으깬견과류고구마샐러드(요거트),B(우유제외)수제바나나두유,B참외(50g),S멜론(75g),S사과(35g),오징어채소덮밥,오징어숙주국,닭살고구마조림,감자당근채볶음,오이소박이김치,S크림소스스파게티,S보리차,잡곡밥(75),쑥갓어묵국,떡갈비간장조림,건새우애호박볶음,오이소박이김치
B소고기미역죽,B두유(100ml),B수박(100g),S복숭아(80g),S당근스틱,완두콩밥(75),실파장국,뿌리채소맛탕,매쉬드포테이토,배추김치,S양배추치즈전,S둥글레차,크림소스스파게티,유부쑥갓맑은국,소면채소무침,가지무침,배추김치
B고구마스프,B(우유제외)수제바나나두유,B참외(50g),S복숭아(천도)-80g,S단감(50g),하이라이스,실파장국,소고기당면조림,요거트과일샐러드,배추김치,S매실젤리,S둥글레차,찹쌀현미밥(75),얼갈이배추국,골뱅이무침,견과류고구마범벅,배추김치
B감자된장죽,B수제바나나우유,B멜론(50g),S사과(35g),S귤(80g),옥수수밥(75),쑥갓어묵국,매콤오징어볶음,닭감자고구마조림,배추김치,S크림소스스파게티,S보리차,새우크림스파게티,모듬버섯찌개,뿌리채소맛탕,건새우애호박볶음,배추김치
B소고기브로콜리죽,B고구마쉐이크,B복숭아(천도)-60g,S사과(50g),S귤(80g),흑미밥(75),동태살무국,오징어튀김,미역줄기채소볶음,배추김치,S단팥빵,S오미자아이스크림,흑미밥(75),팽이장국,라조기,애호박건새우볶음,배추김치
B고구마스프,B바나나쉐이크,B사과(100g),S참외(50g),S복숭아(황도)-80g,하이라이스,닭살양파국,(우유제외)닭가슴살버터구이,봄동나물,열무김치,S절편(40g),S보리차,찹쌀팥밥(75),소고기버섯국,새우살케첩볶음,(우유제외)감자버터구이,열무김치
B소고기미역죽,B떠먹는요구르트(100ml),B복숭아(황도)-60g,S멜론(50g),S사과(50g),김치햄볶음밥,모듬버섯찌개,채소전,사과미나리무침,배추김치,S크림소스스파게티,S보리차,흑미밥(75),유부쑥갓맑은국,감자그라탕,애호박볶음,배추김치
B크로와상,S고칼슘우유(100ml),B사과(50g),S수박(100g),S오렌지(100g),완두콩밥(75),다시마새우젓국,오리훈제구이,찐단호박,배추김치,S수제새우과자,S두유(200ml),완두콩밥(75),소고기버섯국,오징어초무침,맛살볶음,배추김치
B소고기미역죽,B고구마쉐이크,B사과(75g),S멜론(50g),S참외(50g),돼지고기양배추덮밥,청국장국,매콤낙지채소볶음,양배추샐러드,배추김치,S냉콩국+소면,S오미자차,완두콩밥(75),늙은호박국,소고기동그랑땡전,애호박볶음,배추김치
B수제비,B호두우유,B멜론(50g),S복숭아(천도)-80g,S귤(80g),고구마밥(75),실파장국,(저당)닭갈비,맛살볶음,오이소박이김치,S크림소스스파게티,S보리차,고구마밥(75),대구지리,두부채소전,건새우애호박볶음,오이소박이김치
B치즈죽,B수제바나나우유,B사과(35g),S참외(50g),S멜론(75g),브로콜리채소볶음밥,팽이장국,닭고기냉채,돌나물흑임자샐러드,오이소박이김치,S크로와상,S보리차,찹쌀팥밥(75),유부쑥갓맑은국,오징어초무침,(우유제외)고구마두유조림,오이소박이김치
B소고기미역죽,B고구마쉐이크,B사과(75g),S복숭아(천도)-80g,B토마토(200g),돼지고기양배추덮밥,실파장국,모듬버섯탕수,애호박건새우볶음,배추김치,S크림소스스파게티,S둥글레차,밤콩밥(75),늙은호박국,동태살전,쑥갓나물,배추김치
B모카빵,B요구르트,B블루베리(50g),S오렌지(100g),S사과(35g),보리밥(75),"만두국(달걀제외,가공만두)",두부톳무침,애호박볶음,배추김치,S채소전,S오미자아이스크림,보리밥(75),어묵국수,톳두부무침,(저염)감자조림,배추김치
B누룽지죽,B수제딸기우유,B복숭아(황도)-60g,S수박(100g),S바나나(50g),고구마밥(75),늙은호박국,훈제오리냉채,콘샐러드,파김치,S크림소스스파게티,S둥글레차,돼지고기양배추덮밥,모듬어묵국,모듬튀김,가지양념무침,파김치
B양파치즈죽,B떠먹는요구르트(100ml),B멜론(100g),S복숭아(80g),S배(50g),오징어채소덮밥,팽이장국,참치어묵조림,콘샐러드,배추김치,S채소전,S보리차,현미밥(75),대구지리,떡갈비간장조림,요거트과일샐러드,배추김치
B양파치즈죽,B고구마쉐이크,B복숭아(황도)-60g,S멜론(75g),S귤(80g),밤찹쌀팥밥(75),동태살무국,닭가슴살사과무침,당근고구마볶음,배추김치,S참치채소전,S보리차,밤찹쌀팥밥(75),실파장국,떡갈비간장조림,두부열무나물,배추김치
B현미소고기죽,B고칼슘우유(100ml),B복숭아(천도)-80g,S당근스틱,S사과(75g),크림리조또,다시마새우젓국,뿌리채소맛탕,건새우애호박볶음,오이소박이김치,S크림소스스파게티,S둥글레차,밤찹쌀팥밥(75),팽이장국,닭날개간장조림,오징어채볶음,오이소박이김치
B찐감자,B(우유제외)수제바나나두유,B복숭아(백도)-60g,S단감(50g),S멜론(50g),검정콩밥(75),다슬기된장국,닭살고구마조림,건취나물간장볶음,배추김치,S냉콩국+소면,S오미자아이스크림,검정콩밥(75),동태살무국,떡갈비간장조림,맛살볶음,배추김치
B소고기미역죽,B고구마쉐이크,B복숭아(천도)-60g,S사과(35g),S블루베리(50g),흑미밥(75),실파장국,어묵감자조림,아욱나물무침,백김치,S토마토스파게티,S보리차,참나물유부초밥,팽이장국,(저염)갈치조림,미역줄기채소볶음,백김치
B절편,B검은콩두유(200ml),B복숭아(황도)-60g,S단감(50g),S귤(50g),새우크림스파게티,얼갈이배추국,닭가슴살사과무침,버섯부추볶음,깍두기,S밤설기(40g),S둥글레차,검정콩밥(75),맑은가쓰오부시장국,미나리달걀찜,머윗대나물,깍두기
B치즈고구마죽,B고칼슘우유(100ml),B참외(50g),S당근스틱,S복숭아(80g),크림리조또,팽이장국,모듬버섯탕수,실곤약채소무침,백김치,S크림소스스파게티,S보리차,감자밥(75),닭고기채소찌개,칠리새우,감자전,백김치
B시금치치즈죽,B콩두유,B사과(35g),S참외(50g),S(우유제외)과일화채,대파달걀볶음밥,두부젓국찌개,갈치카레튀김,땅콩우엉조림,단무지,S영양주먹밥,S오미자차,완두콩밥(75),순한고추장찌개,오리훈제구이,참외샐러드,단무지
B수제비,B복숭아호두스무디,B멜론(50g),S사과(75g),S사과(35g),율무밥(75),팽이장국,소면채소무침,고사리들깨볶음,배추김치,S새우크림소스볶음,S보리차,율무밥(75),애호박두부젓국찌개,소고기김무침,실곤약채소무침,배추김치
B양파치즈죽,B고구마쉐이크,B복숭아(천도)-60g,S사과(50g),S단감(50g),팥밥(75),두부젓국찌개,닭가슴살사과무침,건새우애호박볶음,총각김치,S크림소스스파게티,S둥글레차,김치햄볶음밥,늙은호박국,두부채소전,당근스틱,총각김치
B백설기(80g),B우유(100ml),B복숭아(황도)-80g,S파인애플(50g),S멜론(50g),크림소스스파게티,오징어찌개,매콤주꾸미볶음,브로콜리참깨무침,오이소박이김치,S채소전,S매실쥬스,찹쌀보리밥(75),애호박두부젓국,소고기청경채볶음,아욱나물무침,오이소박이김치
B마들렌,B떠먹는요구르트(100ml),B단감(50g),S오렌지(100g),S복숭아(황도)-80g,쌀밥(75),무채국,매콤오징어볶음,양파초절임,배추김치,S채소주먹밥,S코코아,소고기채소볶음밥,연두부맑은국,북어찜,다시마북어볶음,배추김치
B소고기타락죽,B요구르트,B방울토마토(70g),S복숭아(천도)-80g,S참외(100g),오징어덮밥,다시마새우젓국,(저당)닭갈비,참치애호박볶음,갓김치,S토마토스파게티,S둥글레차,밤밥(75),오징어찌개,칠리새우,소고기감자볶음,갓김치
B생선죽,B검은콩두유(200ml),B참외(50g),S단감(50g),S복숭아(황도)-80g,치즈채소볶음밥,소고기양파국,가지구이,치커리부추무침,배추김치,S(우유제외)크랜베리찹쌀케이크,S오미자아이스크림,보리밥(75),두부젓국찌개,낙지떡찜,곤드레나물볶음,배추김치
B당근스프,B고구마쉐이크,B복숭아(황도)-60g,S블루베리(50g),S사과(35g),감자밥(75),동태살무국,뿌리채소맛탕,건새우애호박볶음,배추김치,S잣죽,S보리차,새우튀김우동,어묵국수,햄구이,느타리버섯나물,배추김치
B새우채소죽,B두유(100ml),B단감(50g),S멜론(75g),S오렌지(50g),새우크림스파게티,다슬기아욱국,후라이드치킨,파프리카볶음,단무지,S녹차밤양갱,S둥글레차,밤찹쌀팥밥(75),팽이장국,동태살전,땅콩우엉조림,단무지
B밤설기(40g),B떠먹는요구르트(100ml),B복숭아(백도)-60g,S멜론(50g),S사과(35g),김치햄볶음밥,실파장국,온두부+양념장,맛살볶음,파김치,S크림소스스파게티,S오미자아이스크림,기장밥(75),모듬어묵국,두부채소전,애호박볶음,파김치
B양파치즈죽,B고칼슘두유(190ml),B단감(50g),S당근스틱,S오렌지(100g),오징어채소덮밥,토란국,매콤오징어볶음,도라지나물(간장),배추김치,S프렌치토스트,S둥글레차,찹쌀팥밥(75),늙은호박국,호박전,참치애호박볶음,배추김치
B(우유제외)당근스프,B(우유제외)두유미숫가루,B복숭아(백도)-60g,S멜론(50g),S참외(100g),김치햄볶음밥,청국장국,뿌리채소맛탕,요거트과일샐러드,배추김치,S크림소스스파게티,S보리차,밤밥(75),수제비아욱국,오리훈제구이,애호박새우젓볶음,배추김치
B새우채소죽,B(우유제외)수제바나나두유,B참외(50g),S복숭아(60g),S멜론(50g),오징어채소덮밥,두부젓국찌개,떡갈비간장조림,애호박볶음,배추김치,S냉콩국+소면,S오미자아이스크림,감자밥(75),늙은호박국,삼치무조림,감자당근채볶음,배추김치
B새우죽,B떠먹는요구르트(100ml),B멜론(100g),S수박화채,S멜론(50g),김치햄볶음밥,호박감자수제비국,토마토두부샐러드,애호박새우젓볶음,오이소박이김치,S크로와상,S보리차,찹쌀보리밥(75),팽이장국,닭가슴살고구마볶음,숙주맛살나물,오이소박이김치
B새우치즈죽,B(우유제외)수제바나나두유,B복숭아(황도)-80g,S오렌지(100g),S당근스틱,소고기가지덮밥,늙은호박국,짜장닭볶음,요거트과일샐러드,백김치,S크림소스스파게티,S둥글레차,잡곡밥(75),호박고지들깨탕,닭감자고구마조림,참치양파볶음,백김치
B단호박떡케익,B바나나쉐이크,B사과(35g),S멜론(75g),S귤(80g),고구마밥(75),동태살쑥갓국,매콤오징어볶음,땅콩우엉조림,열무물김치,S토마토스파게티,S보리차,오징어덮밥,순한백짬뽕국,삼겹살구이,건취나물간장볶음,열무물김치
B소고기죽,B두유(100ml),B복숭아(황도)-80g,S청포도(100g),S토마토(200g),수수밥(75),건새우맑은국,가자미구이,오이토마토샐러드(발사믹드레싱),배추김치,S영양주먹밥,S오미자아이스크림,우렁된장소스덮밥,양배추맑은국,골뱅이무침,푸실리샐러드,배추김치
B돼지고기채소죽,B(우유제외)블루베리바나나쉐이크,B블루베리(50g),S복숭아(천도)-60g,S당근스틱,크림소스스파게티,도토리묵냉국,소면채소무침,상추배생채,배추김치,S떡볶이,S둥글레차,밤밥(75),실파장국,뿌리채소맛탕,가지양념무침,배추김치
B소고기미역죽,B우유(100ml),B당근스틱,S귤(80g),S복숭아(80g),삼색소보로덮밥,두부맑은국,훈제오리무침,(우유제외)감자버터구이,배추김치,S크림소스스파게티,S보리차,팥밥(75),냉콩나물국,닭다리살소스조림,건새우애호박볶음,배추김치
B흰죽,B검은깨두유(100ml),B멜론(50g),S당근스틱,S복숭아(천도)-80g,콩국수,다진소고기콩나물국,(저당)닭갈비,건취나물간장볶음,배추김치,S찐옥수수,S유자차,보리밥(75),모듬어묵국,(우유제외)감자그라탕,애호박볶음,배추김치
B웨지감자구이,B고구마쉐이크,B수박(100g),S귤(80g),S자두(50g),검정콩밥(75),온청포묵국,가지튀김,(우유제외)옥수수버터구이,배추김치,S크림떡볶이,S보리차,김치햄볶음밥,팽이장국,채소옥수수튀김,무미역생채,배추김치
B소고기미역죽,B수제바나나우유,B단감(50g),S당근스틱,S참외(100g),완두콩밥(75),달래된장국,채소튀김(감자),애호박새우젓볶음,배추김치,S크림소스스파게티,S둥글레차,완두콩밥(75),다시마새우젓국,찹쌀탕수육,건새우볶음,배추김치
B닭백숙,B고구마쉐이크,B참외(50g),S방울토마토(70g),S복숭아(천도)-80g,김치햄볶음밥,오징어찌개,온두부+양념장,동초무침,오이소박이김치,S참치주먹밥,S보리차,고구마밥(75),감자된장국,뿌리채소맛탕,곤드레나물볶음,오이소박이김치
B증편(40g),B(우유제외)수제바나나두유,B복숭아(천도)-60g,S멜론(75g),S오렌지(50g),팥밥(75),팽이장국,어묵감자조림,브로콜리초무침,오이소박이김치,S크림소스스파게티,S오미자아이스크림,팥밥(75),다슬기아욱국,애호박전,애호박건새우볶음,오이소박이김치
B소고기미역죽,B떠먹는요구르트(100ml),B사과(35g),S배(50g),S멜론(50g),찹쌀팥밥(75),감자다시마국,훈제오리냉채,얼갈이무침,깍두기,S크림떡볶이,S둥글레차,찹쌀팥밥(75),실파장국,어묵고구마조림,동초무침,깍두기
B미역죽,B수제바나나우유,B당근스틱,S복숭아(천도)-80g,S오렌지(100g),알리오올리오스파게티,청국장국,채소크로켓,건새우애호박볶음,총각김치,S크림소스스파게티,S오미자차,잡곡밥(75),늙은호박국,삼겹살구이,사과상추무침,총각김치
B모닝빵,B(우유제외)수제바나나두유,B참외(50g),S멜론(50g),S오렌지(50g),새우크림스파게티,팽이장국,뿌리채소맛탕,감자당근채볶음,오이소박이김치,S수제비,S보리차,고구마밥(75),가자미미역국,새우살조림,해초볶음,오이소박이김치
B가지두부죽,B두유(100ml),B복숭아(백도)-60g,S참외(50g),S사과(50g),밤밥(75),늙은호박국,가래떡김치전,동초무침,깍두기,S크림소스스파게티,S오미자아이스크림,밤밥(75),감자된장국,채소옥수수튀김,건새우애호박볶음,깍두기
B소고기미역죽,B(우유제외)수제바나나두유,B사과(35g),S멜론(75g),S복숭아(천도)-80g,현미밥(75),팽이장국,깻잎감자전,해초볶음,배추김치,S치즈스틱,S식혜,하이라이스,모듬버섯찌개,떡갈비간장조림,찐단호박,배추김치
B새우채소죽,B고구마쉐이크,B참외(50g),S멜론(50g),S복숭아(80g),완두콩밥(75),북어달걀국,라조기,얼갈이무침,오이소박이김치,S냉콩국+소면,S보리차,완두콩밥(75),쑥갓어묵국,소고기당면불고기,건취나물간장볶음,오이소박이김치
B건포도감자볼,B떠먹는요구르트(100ml),B복숭아(백도)-60g,S멜론(75g),S사과(35g),김치햄볶음밥,찹쌀옹심이국,닭가슴살고구마볶음,파래무채무침,배추김치,S카스텔라,S오미자아이스크림,잡곡밥(75),안매운순두부찌개,오리훈제구이,건새우애호박볶음,배추김치
B소고기미역죽,B고구마쉐이크,B복숭아(60g),S블루베리(50g),S멜론(50g),현미밥(75),맑은장국,훈제오리냉채,상추오이무침,오이소박이김치,S크림소스스파게티,S보리차,돼지고기양배추덮밥,유부쑥갓맑은국,매콤주꾸미볶음,양파초절임,오이소박이김치
B수제비,B수제바나나우유,B멜론(75g),S복숭아(80g),S당근스틱,크림소스스파게티,청국장국,떡갈비피망조림,오징어새우볶음,배추김치,S크림떡볶이,S둥글레차,쌀밥(75),실파장국,찹쌀탕수육,애호박새우젓볶음,배추김치
B소고기미역죽,B수제바나나우유,B멜론(50g),S사과(35g),S참외(50g),밤콩밥(75),동태살무국,(저당)닭갈비,크래미채소볶음,오이소박이김치,S채소전,S식혜,삼색소보로덮밥,유부쑥갓맑은국,매콤오징어볶음,마늘쫑무침,오이소박이김치
B소고기미역죽,B고구마쉐이크,B참외(50g),S사과(35g),S멜론(50g),김치햄볶음밥,팽이장국,닭가슴살고구마볶음,맛살볶음,배추김치,S크림소스스파게티,S수정과,찹쌀보리밥(75),실파장국,두부채소전,건새우애호박볶음,배추김치
B양파치즈죽,B(우유제외)수제바나나두유,B오렌지(50g),S멜론(75g),S참외(50g),밤콩밥(75),다시마양파국,참치어묵조림,건취나물간장볶음,배추김치,S단호박샐러드(마요네즈),S둥글레차,돼지고기버섯카레라이스,미니유부우동,어묵오징어무침,크래미채소볶음,배추김치
B소고기미역죽,B(우유제외)바나나쉐이크,B멜론(75g),S당근스틱,S수박화채,밤찹쌀팥밥(75),두부젓국찌개,오리훈제구이,애호박새우젓볶음,나박김치,S크림소스스파게티,S보리차,김치햄볶음밥,청국장국,연근감자전,마늘종잡채,총각김치
B찐빵,B우유(200ml),B귤(50g),S당근스틱,S단감(50g),고구마밥(75),닭살양파국,물만두,오이생채,단무지,S송편(40g),S오미자차,닭칼국수,군만두,오징어불고기,머위나물,단무지
B양파치즈죽,B고구마쉐이크,B바나나(100g),S멜론(75g),S당근스틱,김치햄볶음밥,늙은호박국,(저염)갈치조림,양배추유자청무침,배추김치,S크림소스스파게티,S보리차,수수밥(75),오징어찌개,두부채소볶음,가지양념무침,배추김치
B으깬견과류고구마샐러드(요거트),B두유(150ml),B복숭아(백도)-60g,S키위(100g),S당근스틱,보리밥(75),실파장국,당면김말이튀김,매쉬드포테이토,배추김치,S크림떡볶이,S둥글레차,소고기가지덮밥,새우젓국찌개,뿌리채소맛탕,동초무침,배추김치
B소고기미역죽,B고칼슘우유(150ml),B복숭아(백도)-80g,S멜론(75g),S방울토마토(70g),밤밥(75),브로콜리참깨무침,닭볶음탕,애호박볶음,배추김치,S부추전,S보리차,밤밥(75),모듬어묵국,매콤낙지채소볶음,찐만두,배추김치
B새우채소죽,B두유(100ml),B참외(50g),S복숭아(백도)-80g,S사과(50g),오징어채소덮밥,다슬기아욱국,닭살연근조림,마카로니채소샐러드(토마토소스),열무김치,S냉콩국+소면,S유자차,검정콩밥(75),실파장국,뱅어포간장조림,동초무침,열무김치
B새우채소볶음밥,B고구마쉐이크,B당근스틱,S참외(100g),S멜론(50g),잡곡밥(75),모듬어묵국,훈제오리냉채,건취나물간장볶음,총각김치,S애플파이,S둥글레차,김치햄볶음밥,늙은호박국,닭가슴살사과무침,건새우애호박볶음,총각김치
B미역죽,B수제블루베리우유,B멜론(50g),S복숭아(80g),S당근스틱,기장밥(75),쑥갓어묵국,삼겹살구이,맛살볶음,깍두기,S토마토스파게티,S보리차,기장밥(75),쑥갓어묵탕,두부채소전,애호박볶음,깍두기
B소고기타락죽,B수제블루베리바나나우유,B복숭아(천도)-80g,S멜론(50g),S사과(35g),하이라이스,늙은호박국,소면채소무침,토마토치커리무침,오이소박이김치,S으깬견과류고구마샐러드(요거트),S둥글레차,밤콩밥(75),팽이장국,참치어묵조림,감자튀김,오이소박이김치
B감자된장죽,B수제바나나우유,B멜론(50g),S귤(80g),S참외(50g),오징어덮밥,쑥국,라조기,요거트과일샐러드,배추김치,S크림소스스파게티,S보리차,완두콩밥(75),유부쑥갓맑은국,(저당)닭갈비,맛살볶음,배추김치
B애호박감자죽,B고칼슘우유(100ml),B포도(100g),S멜론(50g),S귤(50g),닭칼국수,감자탕,닭가슴살굴소스볶음,땅콩조림,배추김치,S영양주먹밥,S호두우유,율무밥(75),양파오징어국,볼어묵채소조림,채소샐러드(발사믹드레싱),배추김치
B소고기미역죽,B(우유제외)수제바나나두유,B참외(50g),S과일화채,S복숭아(80g),현미밥(75),실파장국,채소옥수수튀김,건새우애호박볶음,오이소박이김치,S크림소스스파게티,S보리차,하이라이스,팽이장국,소고기청포묵무침,양배추샐러드(레몬드레싱),오이소박이김치
B미역죽,B수제바나나우유,B멜론(50g),S당근스틱,S단감(50g),콩국수,호박감자수제비국,소고기당면불고기,(우유제외)감자버터구이,배추김치,S채소전,S둥글레차,흑미밥(75),맑은장국,오리훈제구이,콘샐러드,배추김치
B새우볶음밥,B수제바나나우유,B키위(100g),S복숭아(80g),S오렌지(50g),검정콩밥(75),모듬어묵국,닭날개간장조림,감자볶음,오이소박이김치,S크림소스스파게티,S보리차,검정콩밥(75),실파장국,닭고기냉채,건새우애호박볶음,오이소박이김치
B소고기옥수수죽,B바나나쉐이크,B멜론(50g),S단감(50g),S오렌지(100g),밤밥(75),늙은호박국,도라지오징어채무침,건취나물간장볶음,총각김치,S토마토스파게티,S오미자아이스크림,밤밥(75),대합국,(저당)닭갈비,맛살볶음,총각김치
B북어채소죽,B(우유제외)수제바나나두유,B복숭아(천도)-60g,S멜론(75g),S토마토(200g),소고기무밥+양념장,오징어찌개,채소맛살전,진미채초무침,배추김치,S알리오올리오스파게티,S보리차,밤콩밥(75),팽이장국,콘달걀찜,동초무침,배추김치
B시금치치즈죽,B두유(100ml),B복숭아(백도)-60g,S멜론(75g),S당근스틱,고구마밥(75),가지냉국,브로콜리튀김,메추리알고구마조림,총각김치,S크림떡볶이,S매실쥬스,고구마밥(75),두부젓국찌개,감자부추전,땅콩우엉조림,총각김치
B소고기미역죽,B고칼슘우유(150ml),B참외(50g),S당근스틱,S사과(35g),차조밥(75),실파장국,모듬버섯탕수,건새우애호박볶음,배추김치,S찐고구마,S보리차,게살볶음밥,팽이장국,굴비구이,(저염)닭가슴살피망볶음,배추김치
B새우치즈죽,B바나나쉐이크,B멜론(50g),S단감(50g),S참외(50g),오징어덮밥,동태살무국,두부채소전,건취나물간장볶음,배추김치,S크림소스스파게티,S둥글레차,오징어덮밥,호박감자수제비국,훈제오리냉채,맛살볶음,배추김치
B찹쌀도너츠,B요구르트,B복숭아(백도)-80g,S사과(100g),S단감(50g),잡곡밥(75),늙은호박국,채소튀김(감자),애호박새우젓볶음,배추김치,S채소전,S오미자아이스크림,잡곡밥(75),실파장국,햄구이,돌나물부추무침,배추김치
B옥수수버터구이,B(우유제외)수제바나나두유,B참외(50g),S멜론(50g),S단감(50g),잡곡밥(75),애호박두부젓국,오이참치마요무침,얼갈이무침,백김치,S떡볶이,S보리차,새우크림스파게티,모듬어묵국,소면채소무침,주꾸미간장조림,백김치
B프렌치토스트,B고구마쉐이크,B사과(35g),S방울토마토(35g),S당근스틱,차조밥(75),유부쑥갓맑은국,문어조림,쑥갓팽이버섯나물,배추김치,S크림소스스파게티,S둥글레차,차조밥(75),단호박맑은국,연두부찜,양배추나물,배추김치
B당근스프,B두유(100ml),B단감(50g),S복숭아(천도)-80g,S토마토(200g),찹쌀팥밥(75),맑은가쓰오부시장국,뿌리채소맛탕,푸실리샐러드,배추김치,S흑임자떡,S두유(200ml),대파달걀볶음밥,얼갈이된장국,소고기찹쌀구이,북어채볶음,배추김치
B수제비,B수제바나나우유,B멜론(50g),S단감(50g),S사과(50g),잡곡밥(75),맑은장국,닭다리살소스조림,건새우애호박볶음,배추김치,S크림떡볶이,S둥글레차,삼색소보로덮밥,실파장국,닭고기냉채,베이컨감자볶음,배추김치
B단팥도너츠,B바나나쉐이크,B귤(50g),S복숭아(천도)-80g,S과일샐러드(요거트드레싱),오징어덮밥,단호박새우젓국,주꾸미채소간장볶음,고사리들깨나물,깻잎김치,S시루떡,S코코아,잡곡밥(75),유부맑은국,닭가슴살버터구이,해초볶음,깻잎김치
B소고기미역죽,B요구르트,B사과(35g),S멜론(50g),S단감(50g),완두콩밥(75),온청포묵국,두부채소전,맛살볶음,배추김치,S영양주먹밥,S보리차,콩국수,실파장국,오리훈제구이,얼갈이무침,배추김치
B(우유제외)양송이버섯스프,B고구마쉐이크,B참외(50g),S사과(50g),S멜론(75g),쌀밥(75),청국장국,(저당)닭갈비,건취나물간장볶음,배추김치,S찐고구마,S오미자아이스크림,쌀밥(75),늙은호박국,브로콜리오징어무침,건새우애호박볶음,배추김치
B소고기브로콜리죽,B수제바나나우유,B토마토(200g),S참외(100g),S사과(35g),고구마밥(75),애호박새우젓국,어묵구이+케첩,감자버터구이,배추김치,S찹쌀도너츠,S검은콩두유(150ml),해물굴소스볶음밥,다시마양파국,소고기단호박조림,봄동된장나물,배추김치
B채소죽,B고칼슘두유(190ml),B당근스틱,S복숭아(황도)-80g,S단감(50g),팥밥(75),감자채맑은국,소고기가지불고기,단호박호두조림,배추김치,S크로와상,S둥글레차,팥밥(75),다시마새우젓국,게맛살크로켓,고구마줄기볶음,배추김치
B냉콩국+소면,B복숭아호두스무디,B복숭아(천도)-80g,S멜론(50g),S사과(35g),팥밥(75),닭살미역국,오리훈제구이,해초볶음,오이소박이김치,S크림소스스파게티,S보리차,크림리조또,감자된장국,수제비샐러드,무미역생채,오이소박이김치
B감자죽,B수제바나나우유,B복숭아(백도)-60g,S단감(50g),S사과(50g),밤밥(75),모듬버섯찌개,우엉어묵조림,양배추달걀말이,오이소박이김치,S영양주먹밥,S오미자아이스크림,밤밥(75),쑥갓어묵국,삼치살양념조림,건새우애호박볶음,오이소박이김치
B양파치즈스프,B두유(100ml),B사과(75g),S참외(50g),S블루베리(50g),하이라이스,팽이장국,뿌리채소맛탕,감자당근채볶음,배추김치,S크림소스스파게티,S오미자차,찰현미밥(75),두부젓국찌개,매콤낙지채소볶음,과일샐러드(요거트드레싱),배추김치
B가래떡구이,B고구마쉐이크,B복숭아(천도)-60g,S멜론(75g),S단감(50g),감자밥(75),도토리묵냉국,삼치무조림,애호박건새우볶음,오이소박이김치,S영양주먹밥,S보리차,새우크림스파게티,늙은호박국,수제비샐러드,미역줄기채소볶음,오이소박이김치
B단호박떡케익,B바나나쉐이크,B멜론(50g),S당근스틱,S복숭아(80g),오징어덮밥,실파장국,삼겹살구이,건취나물간장볶음,백김치,S크림소스스파게티,S둥글레차,찹쌀현미밥(75),순한백짬뽕국,매콤오징어볶음,브로콜리새우깨무침,백김치
B소고기미역죽,B고구마쉐이크,B복숭아(백도)-60g,S사과(75g),S단감(50g),김치햄볶음밥,늙은호박국,닭가슴살고구마볶음,애호박새우젓볶음,오이소박이김치,S크로와상(30g),S매실쥬스,잡곡밥(75),모듬어묵국,채소크로켓,동초무침,오이소박이김치
B양파치즈죽,B떠먹는요구르트(100ml),B사과(35g),S멜론(75g),S단감(50g),오징어채소덮밥,호박감자수제비국,떡갈비간장조림,돼지고기우엉잡채,배추김치,S단호박샐러드(마요네즈),S둥글레차,찹쌀밥(75),동태살무국,닭살연근조림,곤드레나물볶음,배추김치
B소고기스프,B바나나쉐이크,B멜론(50g),S사과(35g),S복숭아(80g),콩국수,팽이장국,(우유제외)닭가슴살버터구이,청경채나물,백김치,S채소전,S둥글레차,차조밥(75),찹쌀옹심이국,매콤오징어볶음,브로콜리새우깨무침,백김치
B수제비,B요구르트,B당근스틱,S멜론(75g),S복숭아(백도)-60g,찹쌀현미밥(75),다슬기된장국,매콤주꾸미볶음,유부맛살숙주무침,배추김치,S(우유제외)로제스파게티,S유자차,새우크림스파게티,맑은가쓰오부시장국,소고기장조림,유자청두부샐러드,배추김치
B크로와상,B수제바나나우유,B멜론(50g),S방울토마토(70g),S복숭아(천도)-80g,오징어덮밥,두부젓국찌개,(저당)닭갈비,아욱나물무침,오이소박이김치,S토마토스파게티,S둥글레차,감자밥(75),늙은호박국,매콤오징어볶음,요거트과일샐러드,오이소박이김치
B치즈죽,B수제바나나우유,B바나나(100g),B방울토마토(70g),S단감(50g),해물우동볶음,팽이장국,매콤주꾸미볶음,오이참치마요무침,오이소박이김치,S크림소스스파게티,S오미자아이스크림,보리밥(75),실파장국,고구마소고기조림,닭감자고구마조림,오이소박이김치
B새우채소죽,B고구마쉐이크,B복숭아(백도)-60g,S참외(50g),S멜론(50g),옥수수밥(75),오징어숙주국,참치어묵조림,호박채소볶음,배추김치,S냉콩국+소면,S보리차,옥수수밥(75),닭살미역국,떡갈비간장조림,오징어단무지무침,배추김치
B소고기타락죽,B과일연두부스무디,B귤(50g),S복숭아(황도)-60g,S참외(50g),파인콘채소볶음밥,유부대파국,단호박튀김,(우유제외)으깬견과류고구마샐러드,배추김치,S(우유제외)로제스파게티,S요구르트,차조밥(75),연두부새우탕,뱅어포간장조림,땅콩조림,배추김치
B소고기미역죽,B수제블루베리바나나우유,B복숭아(80g),S멜론(50g),S사과(35g),크림리조또,애호박두부젓국찌개,채소스크램블에그,베이컨감자볶음,배추김치,S크림소스스파게티,S레몬주스,밤찹쌀팥밥(75),쑥갓어묵국,소면채소무침,고구마줄기볶음,배추김치
B새우채소죽,B수제바나나우유,B멜론(50g),S복숭아(천도)-80g,S참외(100g),새우크림스파게티,호박감자수제비국,브로콜리오징어무침,건취나물간장볶음,오이소박이김치,S채소전,S보리차,흑미밥(75),팽이장국,매콤오징어볶음,유부맛살숙주무침,오이소박이김치
B소고기스프,B고칼슘우유(100ml),B포도(100g),S사과(100g),S거봉(100g),쌀밥(75),애호박맑은국,양배추달걀말이,(우유제외)바나나사과키위샐러드(마요네즈),배추김치,S(우유제외)버터감자구이,S코코아,짜장면,두부장국,닭다리카레찜,새싹채소샐러드(오리엔탈드레싱),배추김치
B약과,B고칼슘우유(100ml),B사과(50g),S참외(50g),S멜론(75g),김치햄볶음밥,늙은호박국,두부채소전,참치양파볶음,오이소박이김치,S토마토스파게티,S둥글레차,찹쌀현미밥(75),모듬어묵국,돼지사태찜,매쉬드포테이토,오이소박이김치
B감자된장죽,B바나나쉐이크,B사과(35g),S복숭아(천도)-60g,S멜론(75g),율무밥(75),가지냉국,동태살전,고구마줄기볶음,비트초절이,S크림떡볶이,S수정과,파프리카유부초밥,실파장국,채소튀김(감자),동초무침,깻잎김치
B바나나핫케이크,B복숭아호두스무디,B복숭아(천도)-60g,S파인애플(50g),S당근스틱,옥수수밥(75),팽이장국,훈제오리구이,소고기양배추조림,배추김치,S채소전,S두유(150ml),해물우동볶음,어묵국수,오리훈제구이,감자당근채볶음,배추김치
B소고기미역죽,B(우유제외)수제블루베리우유,B복숭아(황도)-80g,S당근스틱,S단감(50g),옥수수밥(75),팽이장국,연근햄버거스테이크,소고기양배추조림,배추김치,S크림소스스파게티,S둥글레차,옥수수밥(75),다진소고기콩나물국,당근새우짜장볶음,(우유제외)옥수수버터구이,배추김치
B소고기타락죽,B검은깨두유(200ml),B포도(100g),S참외(100g),S당근스틱,잡곡밥(75),얼갈이맑은국,삼치양념구이,양배추샐러드(레몬드레싱),오이소박이김치,S영양주먹밥,S쌀음료,닭영양밥,소고기버섯국,가래떡구이,표고버섯나물,오이소박이김치
B모닝빵,B수제바나나우유,B복숭아(황도)-80g,S바나나(100g),S사과(75g),밤밥(75),닭살양파국,브로콜리숙회+흑임자소스,당근스틱,배추김치,S샌드위치,B수제바나나우유,밤밥(75),건새우감자국,소고기토마토볶음,아몬드멸치조림,배추김치
B소고기미역죽,B바나나쉐이크,B멜론(50g),S단감(50g),S당근스틱,차조밥(75),늙은호박국,매콤오징어볶음,마카로니채소샐러드(토마토소스),배추김치,S크림소스스파게티,S둥글레차,오징어덮밥,모듬어묵국,주꾸미채소간장볶음,건새우두부조림,배추김치
B찐고구마,B수제바나나우유,B사과(35g),S참외(100g),S귤(50g),감자밥(75),김국,삼겹살구이,얼갈이무침,배추김치,S영양주먹밥,S보리차,삼색소보로덮밥,근대국,사각어묵볶음,물미역무초무침,배추김치
B당근스프,B(우유제외)수제바나나두유,B거봉(100g),S사과(35g),S복숭아(백도)-80g,율무밥(75),순한고추장찌개,뱅어포간장조림,머윗대나물,오이소박이김치,S(우유제외)로제스파게티,S둥글레차,고구마표고버섯밥,연두부된장찌개,소고기청포묵무침,양배추샐러드(레몬드레싱),오이소박이김치
B시금치치즈죽,B떠먹는요구르트(100ml),B복숭아(황도)-60g,S사과(50g),S단감(50g),밤찹쌀팥밥(75),늙은호박국,훈제오리무침,건취나물간장볶음,총각김치,S무지개떡,S보리차,크림소스스파게티,쑥갓어묵국,돼지고기청경채볶음,가지양념무침,총각김치
B(우유제외)당근스프,B고구마쉐이크,B참외(50g),S멜론(50g),S파인애플(50g),보리밥(75),실파장국,닭가슴살고구마볶음,곤드레나물볶음,오이소박이김치,S크림소스스파게티,S둥글레차,우동,모듬어묵국,뿌리채소맛탕,김구이+양념장,오이소박이김치
B맘모스빵,B고칼슘두유(190ml),B바나나(100g),S당근스틱,S복숭아(천도)-60g,수수밥(75),단배추된장국,오징어초무침,맛살볶음,배추김치,S냉콩국+소면,S보리차,수수밥(75),새우살시금치국,(저당)닭갈비,애호박볶음,배추김치
B소고기청경채죽,B고칼슘우유(100ml),B복숭아(천도)-80g,S당근스틱,S단감(50g),잡곡밥(75),숙주맑은국,닭가슴살채소볶음,브로콜리흑임자소스무침,배추김치,S시루떡,S보리차,잡곡밥(75),묵국,소고기카레볶음,양배추달걀말이,배추김치
B참깨우유스프,B요구르트,B사과(35g),S오렌지(50g),S복숭아(천도)-80g,율무밥(75),실파장국,채소크로켓,파래무채무침,오이소박이김치,S크림소스스파게티,S둥글레차,율무밥(75),유부쑥갓맑은국,채소전,애호박볶음,오이소박이김치
B대추우유스프,B검은깨두유(100ml),B멜론(50g),S파인애플(50g),S당근스틱,팥밥(75),닭다리살튀김,두부땅콩조림,명엽채볶음,백김치,S단호박떡케익,S레몬주스,팥밥(75),건새우근대국,뱅어포간장조림,감자채소볶음,백김치
B새우치즈죽,B고칼슘우유(100ml),B복숭아(황도)-60g,S키위(100g),S귤(80g),밤찹쌀팥밥(75),감자달걀국,감자소고기조림,새송이버섯나물,배추김치,S토마토스파게티,S둥글레차,게살파인애플볶음밥,늙은호박국,돼지고기청경채볶음,오이사과무침,배추김치
B시금치죽,B고구마쉐이크,B사과(35g),S멜론(50g),S방울토마토(35g),옥수수밥(75),오징어숙주국,떡갈비간장조림,견과류고구마범벅,오이소박이김치,S연두부샐러드(오리엔탈드레싱),S매실쥬스,옥수수밥(75),유부쑥갓맑은국,참치어묵조림,애호박새우젓볶음,오이소박이김치
B오트밀죽,B수제바나나우유,B오이당근스틱,S사과(50g),S멜론퓨레,잡곡밥(75),버섯무국,(우유제외)닭가슴살버터구이,(저염·저당)우엉조림,배추김치,S채소찐빵,S수제딸기우유,파프리카유부초밥,유부대파국,비엔나피망볶음,쌈채소+쌈장,배추김치
B크로와상,B고구마쉐이크,B청포도(100g),S멜론(50g),S사과(35g),팥밥(75),모듬버섯찌개,뿌리채소맛탕,무미역생채,깍두기,S크림소스스파게티,S보리차,김치햄볶음밥,팽이장국,주꾸미숙회,아욱나물무침,깍두기
B찐고구마,B두유(100ml),B사과(35g),S멜론(75g),S복숭아(60g),찹쌀밥(75),실파장국,모듬버섯탕수,해초볶음,배추김치,S영양주먹밥,S둥글레차,새우크림스파게티,유부쑥갓맑은국,(저염)갈치조림,상추오이무침,배추김치
B으깬견과류고구마샐러드(요거트),B(우유제외)수제바나나두유,B복숭아(60g),S멜론(50g),S방울토마토(70g),완두콩밥(75),유부된장국,오리훈제구이,동초무침,오이소박이김치,S크림떡볶이,S보리차,소고기가지덮밥,유부쑥갓맑은국,채소옥수수튀김,요거트과일샐러드,오이소박이김치
B삶은고구마,B두유(150ml),B복숭아(천도)-80g,S귤(50g),S청포도(100g),파인애플새우볶음밥,건새우맑은국,삼치무조림,팽이버섯볶음,배추김치,S옥수수버터구이,S오미자아이스크림,고구마밥(75),찹쌀옹심이국,닭가슴살샐러드(머스타드소스),오징어실채무침,배추김치
B양파치즈죽,B블루베리바나나쉐이크,B멜론(100g),S복숭아(천도)-80g,S당근스틱,찹쌀현미밥(75),동태살무국,오징어초무침,가지무침,배추김치,S크림소스스파게티,S보리차,오징어채소덮밥,오징어숙주국,케이준샐러드,소고기우엉조림,배추김치
B소고기미역죽,B고구마쉐이크,B복숭아(백도)-60g,S단감(50g),S사과(35g),고구마밥(75),쑥국,채소옥수수튀김,무미역생채,배추김치,S영양주먹밥,S레몬주스,새우튀김우동,버섯개장,수제비샐러드,가지나물,배추김치
B당근크림스프,B두유(100ml),B사과(75g),S바나나(50g),S참외(50g),쌀밥(75),애호박두부젓국,돼지고기브로콜리볶음,양배추샐러드(딸기드레싱),배추김치,S백설기(80g),S코코아,닭살카레라이스,순두부낙지연포탕,멕시칸샐러드,버섯볶음,배추김치
B소고기미역죽,B요구르트,B멜론(50g),S복숭아(80g),S당근스틱,밤찹쌀팥밥(75),유부쑥갓맑은국,(저당)닭갈비,감자볶음,배추김치,S채소전,S보리차,닭채소칼국수,오징어숙주국,가지나물무침,건새우애호박볶음,배추김치
