,name,weight,Energy,Protein,Fat,Carbohydrate,Total Dietary,Calcium,Iron,Sodium,Vitamin A,Vitamin B1 (Thiamine),Vitamin B2 (Rivoflavin),Vitamin C,Linoleic Acid,Alpha-Linolenic Acid,snack,snack1,snack2,snack3,snack_breakfast,breakfast1,breakfast2,breakfast3,rice,soup,side_dish1,side_dish2,kimchi,special,empty,rice_type1,rice_type2,rice_type3,rice_type4,rice_type5,rice_type6,rice_type7,rice_type8,rice_type9,rice_type10,rice_type11,rice_type12,rice_type13,rice_type14,rice_type15,rice_type16,rice_type17,rice_type18,rice_type19,rice_type20,rice_type21,rice_type22,rice_type23,rice_type24,simple_rice
0,S(우유제외)수박화채,224,77,1.106,0.07,19.3452,0.28,10.08,0.2604,0.84,99.51666666,0.0336,0.042,0,19.95,4.102,1,0,0,1,0,0,0,0,0,0,0,0,0,0,0,0,0,0,0,0,0,0,0,0,0,0,0,0,0,0,0,0,0,0,0,0,0,0,0,0
1,S감말랭이,42,107.1,0.8148,0.0672,28.8162,4.704,8.82,0.2688,1.26,19.215,0.0042,0.09408,2.1462,0,12.0414,1,0,0,1,0,0,0,0,0,0,0,0,0,0,0,0,0,0,0,0,0,0,0,0,0,0,0,0,0,0,0,0,0,0,0,0,0,0,0,0
2,S곶감,56,119.84,1.0808,0.0448,32.172,4.76,7.84,0.3472,0.56,13.34666666,0.00504,0.13608,1.4952,0,7.0616,1,0,0,1,0,0,0,0,0,0,0,0,0,0,0,0,0,0,0,0,0,0,0,0,0,0,0,0,0,0,0,0,0,0,0,0,0,0,0,0
3,S과일화채,252,141.47,5.138,4.7103,20.846,1.106,164.71,0.2779,50.4,127.6333333,0.05649,0.26754,2.6495,121.3247,14.9695,1,0,0,1,0,0,0,0,0,0,0,0,0,0,0,0,0,0,0,0,0,0,0,0,0,0,0,0,0,0,0,0,0,0,0,0,0,0,0,0
4,S(우유제외)과일화채,252,106.47,0.826,0.0623,27.076,1.106,9.31,0.2219,1.4,50.63333333,0.02709,0.04074,1.5435,18.9427,4.3295,1,0,0,1,0,0,0,0,0,0,0,0,0,0,0,0,0,0,0,0,0,0,0,0,0,0,0,0,0,0,0,0,0,0,0,0,0,0,0,0
5,S당근스틱,42,13.02,0.4284,0.0546,2.9526,1.302,10.08,0.1176,9.66,193.06,0.01554,0.02604,1.2684,34.8684,3.318,1,0,0,1,0,0,0,0,0,0,0,0,0,0,0,0,0,0,0,0,0,0,0,0,0,0,0,0,0,0,0,0,0,0,0,0,0,0,0,0
6,S멜론퓨레,112,44.8,1.68,0.0448,10.7968,2.24,7.84,0.3808,14.56,2.706666667,0.03584,0.03696,2.2624,5.9024,11.9504,1,0,0,1,0,0,0,0,0,0,0,0,0,0,0,0,0,0,0,0,0,0,0,0,0,0,0,0,0,0,0,0,0,0,0,0,0,0,0,0
7,S수박화채,280,134.4,5.418,4.718,18.704,0.28,166.6,0.322,50.4,176.5166667,0.063,0.2688,1.106,122.696,14.742,1,0,0,1,0,0,0,0,0,0,0,0,0,0,0,0,0,0,0,0,0,0,0,0,0,0,0,0,0,0,0,0,0,0,0,0,0,0,0,0
8,S감자건포도샐러드,112,136.22,2.2253,5.3718,20.7508,2.961,15.26,0.7077,35.21,1.044166666,0.06573,0.10752,10.3159,2759.0983,409.934,1,1,0,0,0,0,0,0,0,0,0,0,0,0,0,0,0,0,0,0,0,0,0,0,0,0,0,0,0,0,0,0,0,0,0,0,0,0,0,0
9,S감자샐러드,107.1,127.631,2.53274,6.38386,15.65039,2.9505,17.948,0.70686,33.446,1.050583333,0.061019,0.062286,10.2998,3025.89987,409.48999,1,1,0,0,0,0,0,0,0,0,0,0,0,0,0,0,0,0,0,0,0,0,0,0,0,0,0,0,0,0,0,0,0,0,0,0,0,0,0,0
10,S감자채요거트샐러드,109.2,89.81,2.81596,0.76958,18.80102,2.765,38.262,0.59346,11.102,10.76133333,0.059542,0.12677,9.08474,26.1835,4.82174,1,1,0,0,0,0,0,0,0,0,0,0,0,0,0,0,0,0,0,0,0,0,0,0,0,0,0,0,0,0,0,0,0,0,0,0,0,0,0,0
11,S고구마경단,85.4,154.924,1.56324,1.50388,33.88504,2.4164,15.61,0.42028,14.812,19.824,0.049644,0.046928,5.0008,119.8428,9.93916,1,1,0,0,0,0,0,0,0,0,0,0,0,0,0,0,0,0,0,0,0,0,0,0,0,0,0,0,0,0,0,0,0,0,0,0,0,0,0,0
12,S고구마샐러드(마요네즈),78.4,161.686,0.7805,5.3725,27.5989,1.89,11.914,0.3675,37.324,2.8875,0.04711,0.0224,4.984,2775.563,411.0218,1,1,0,0,0,0,0,0,0,0,0,0,0,0,0,0,0,0,0,0,0,0,0,0,0,0,0,0,0,0,0,0,0,0,0,0,0,0,0,0
13,S과일샐러드,77,82.74,0.4697,5.3424,9.1147,0.763,13.93,0.1365,32.69,4.083333333,0.04235,0.02121,15.7325,2751.588,407.5701,1,0,0,1,0,0,0,0,0,0,0,0,0,0,0,0,0,0,0,0,0,0,0,0,0,0,0,0,0,0,0,0,0,0,0,0,0,0,0,0
14,S과일샐러드(마요네즈),77,83.72,0.4557,5.341,9.3961,0.945,14.35,0.1435,32.69,4.375,0.04011,0.01701,15.5435,2751.119,407.5603,1,0,0,1,0,0,0,0,0,0,0,0,0,0,0,0,0,0,0,0,0,0,0,0,0,0,0,0,0,0,0,0,0,0,0,0,0,0,0,0
15,S과일샐러드(요거트드레싱),84,50.4,2.3576,1.6352,7,1.176,64.96,0.0686,19.46,26.41333333,0.02422,0.06902,6.9692,36.9376,5.6686,1,0,0,1,0,0,0,0,0,0,0,0,0,0,0,0,0,0,0,0,0,0,0,0,0,0,0,0,0,0,0,0,0,0,0,0,0,0,0,0
16,S단호박샐러드,85.4,53.116,1.267,0.9198,11.431,3.5,24.234,0.273,5.124,221.7833333,0.02394,0.11802,8.6016,135.0692,57.75,1,1,0,0,0,0,0,0,0,0,0,0,0,0,0,0,0,0,0,0,0,0,0,0,0,0,0,0,0,0,0,0,0,0,0,0,0,0,0,0
17,S단호박샐러드(마요네즈),78.4,93.786,0.9065,5.7505,11.1069,3.5,9.814,0.3045,32.424,215.1041666,0.02261,0.0987,8.491,2870.637,463.8648,1,1,0,0,0,0,0,0,0,0,0,0,0,0,0,0,0,0,0,0,0,0,0,0,0,0,0,0,0,0,0,0,0,0,0,0,0,0,0,0
18,S마카로니채소샐러드,56.2,186.267,4.5088,5.4501,28.207,0.266,5.361,0.5468,68.503,33.56433334,0.04995,0.0278,0.9989,2752.2817,408.2085,1,1,0,0,0,0,0,0,0,0,0,0,0,0,0,0,0,0,0,0,0,0,0,0,0,0,0,0,0,0,0,0,0,0,0,0,0,0,0,0
19,S바나나사과키위샐러드(요거트드레싱),168,116.97,1.8732,0.9723,28.0448,2.793,37.1,0.6062,7.14,11.46833333,0.08274,0.09261,30.2337,35.5558,9.1539,1,0,0,1,0,0,0,0,0,0,0,0,0,0,0,0,0,0,0,0,0,0,0,0,0,0,0,0,0,0,0,0,0,0,0,0,0,0,0,0
20,S바나나사과키위샐러드(마요네즈),168,206.71,1.2894,11.0257,28.4746,2.653,20.16,0.679,65.38,5.249999999,0.08302,0.07903,30.0489,5516.4298,821.7237,1,0,0,1,0,0,0,0,0,0,0,0,0,0,0,0,0,0,0,0,0,0,0,0,0,0,0,0,0,0,0,0,0,0,0,0,0,0,0,0
21,S블루베리고구마샐러드,127.4,144.746,1.9033,1.2579,31.724,2.52,51.954,0.3948,17.584,21.57166667,0.05642,0.10325,5.2605,62.2615,9.968,1,0,0,1,0,0,0,0,0,0,0,0,0,0,0,0,0,0,0,0,0,0,0,0,0,0,0,0,0,0,0,0,0,0,0,0,0,0,0,0
22,S(우유제외)블루베리고구마샐러드,127.4,152.096,1.9488,1.4154,33.243,2.835,20.454,0.5243,31.934,2.321666667,0.07042,0.0532,5.0365,564.571,69.44,1,0,0,1,0,0,0,0,0,0,0,0,0,0,0,0,0,0,0,0,0,0,0,0,0,0,0,0,0,0,0,0,0,0,0,0,0,0,0,0
23,S사과샐러드(마요네즈),77,86.87,0.2107,5.3165,10.5021,1.89,4.2,0.1085,32.34,2.479166666,0.00161,0.01666,0.987,2756.341,407.9418,1,0,0,1,0,0,0,0,0,0,0,0,0,0,0,0,0,0,0,0,0,0,0,0,0,0,0,0,0,0,0,0,0,0,0,0,0,0,0,0
24,S연두부샐러드(오리엔탈드레싱),60.3,43.877,2.77105,2.01819,3.62052,0.0464,23.891,0.78153,140.656,5.64475,0.083801,0.071144,0.31458,84.48907,2.83921,1,1,0,0,0,0,0,0,0,0,0,0,0,0,0,0,0,0,0,0,0,0,0,0,0,0,0,0,0,0,0,0,0,0,0,0,0,0,0,0
25,S오이당근스틱,42,9.45,0.4704,0.0315,2.1168,0.798,8.82,0.1008,5.46,97.59750001,0.00819,0.02016,2.9967,19.1541,3.0891,1,0,0,1,0,0,0,0,0,0,0,0,0,0,0,0,0,0,0,0,0,0,0,0,0,0,0,0,0,0,0,0,0,0,0,0,0,0,0,0
26,S오이스틱,42,5.88,0.5124,0.0084,1.281,0.294,7.56,0.084,1.26,2.135,0.00084,0.01428,4.725,3.4398,2.8602,1,0,0,1,0,0,0,0,0,0,0,0,0,0,0,0,0,0,0,0,0,0,0,0,0,0,0,0,0,0,0,0,0,0,0,0,0,0,0,0
27,S으깬견과류고구마샐러드(요거트),130.2,167.748,4.2672,3.66352,29.60412,2.7664,98.91,0.47432,30.8,34.94166667,0.057596,0.138432,5.7232,423.34908,11.68132,1,1,0,0,0,0,0,0,0,0,0,0,0,0,0,0,0,0,0,0,0,0,0,0,0,0,0,0,0,0,0,0,0,0,0,0,0,0,0,0
28,S으깬견과류고구마샐러드(마요네즈),130.2,526.708,1.932,43.87712,31.32332,2.2064,31.15,0.76552,263.76,10.06833333,0.058716,0.084112,4.984,22346.84508,3261.96052,1,1,0,0,0,0,0,0,0,0,0,0,0,0,0,0,0,0,0,0,0,0,0,0,0,0,0,0,0,0,0,0,0,0,0,0,0,0,0,0
29,S참외샐러드,60.2,68.129,1.58818,4.29182,6.82188,1.4,21.373,0.43912,136.073,1.72175,0.043338,0.092612,0.5572,761.8275,18.49379,1,0,0,1,0,0,0,0,0,0,0,0,0,0,0,0,0,0,0,0,0,0,0,0,0,0,0,0,0,0,0,0,0,0,0,0,0,0,0,0
30,S채소스크램블에그,71.8,83.507,5.80548,4.9741,3.2338,0.336,40.805,0.81908,162.731,97.01933334,0.04085,0.22499,0.7336,753.54776,170.33534,1,1,0,0,0,0,0,0,0,0,0,0,0,0,0,0,0,0,0,0,0,0,0,0,0,0,0,0,0,0,0,0,0,0,0,0,0,0,0,0
31,S(우유제외)채소스크램블에그,71.8,84.207,5.99028,5.0133,3.1176,0.336,27.365,0.91008,176.591,89.31933334,0.04351,0.20791,0.623,743.21856,169.27134,1,1,0,0,0,0,0,0,0,0,0,0,0,0,0,0,0,0,0,0,0,0,0,0,0,0,0,0,0,0,0,0,0,0,0,0,0,0,0,0
32,S토마토두부샐러드,81.2,75.446,3.32626,4.15198,6.40402,1.6884,22.666,0.59528,135.016,10.09983333,0.028602,0.135464,17.1381,923.75094,133.63938,1,1,0,0,0,0,0,0,0,0,0,0,0,0,0,0,0,0,0,0,0,0,0,0,0,0,0,0,0,0,0,0,0,0,0,0,0,0,0,0
33,S파프리카스틱,56,14.56,0.5096,0.0728,3.5952,0.896,3.36,0.2072,0,15.77333334,0.00784,0.08288,51.38,29.176,16.4136,1,0,0,1,0,0,0,0,0,0,0,0,0,0,0,0,0,0,0,0,0,0,0,0,0,0,0,0,0,0,0,0,0,0,0,0,0,0,0,0
34,S푸실리샐러드,56,96.39,2.9407,0.119,20.167,0.749,4.48,0.3689,75.39,9.689166667,0.03521,0.04095,16.0076,16.3107,4.3757,1,0,0,1,0,0,0,0,0,0,0,0,0,0,0,0,0,0,0,0,0,0,0,0,0,0,0,0,0,0,0,0,0,0,0,0,0,0,0,0
35,S과일연두부스무디,119,84.35,2.6614,1.6044,15.6009,0.756,31.64,0.756,3.08,2.683333333,0.10969,0.02212,12.4348,4.1776,0.3052,1,0,1,0,0,0,0,0,0,0,0,0,0,0,0,0,0,0,0,0,0,0,0,0,0,0,0,0,0,0,0,0,0,0,0,0,0,0,0,0
36,S간장닭강정,62.3,129.132,10.11272,5.13331,9.36104,0.2954,13.713,0.41879,412.564,13.031,0.092454,0.13188,0.16604,1008.12264,482.30672,1,1,0,0,0,0,0,0,0,0,0,0,0,0,0,0,0,0,0,0,0,0,0,0,0,0,0,0,0,0,0,0,0,0,0,0,0,0,0,0
37,S닭강정,68.6,141.921,9.94017,5.14066,12.71026,0.5418,14.483,0.36853,447.368,15.74933333,0.092951,0.090097,0.80164,1011.67339,482.30672,1,1,0,0,0,0,0,0,0,0,0,0,0,0,0,0,0,0,0,0,0,0,0,0,0,0,0,0,0,0,0,0,0,0,0,0,0,0,0,0
38,S스크램블에그(버터),52.1,82.978,5.45692,5.62492,1.86998,0,30.318,0.76094,158.611,75.63966667,0.03423,0.209608,0.0553,507.49412,15.596,1,1,0,0,0,0,0,0,0,0,0,0,0,0,0,0,0,0,0,0,0,0,0,0,0,0,0,0,0,0,0,0,0,0,0,0,0,0,0,0
39,S(우유제외)스크램블에그(마가린),52.1,82.012,5.5384,5.37488,2.09888,0,23.71,0.8056,173.549,59.74033333,0.03556,0.20006,0,574.7252,23.5116,1,1,0,0,0,0,0,0,0,0,0,0,0,0,0,0,0,0,0,0,0,0,0,0,0,0,0,0,0,0,0,0,0,0,0,0,0,0,0,0
40,S스크램블에그,57.8,79.447,5.66758,4.9622,2.2741,0,38.075,0.78548,160.911,64.831,0.03581,0.21988,0.1106,746.51836,169.71514,1,1,0,0,0,0,0,0,0,0,0,0,0,0,0,0,0,0,0,0,0,0,0,0,0,0,0,0,0,0,0,0,0,0,0,0,0,0,0,0
41,S(우유제외)스크램블에그,57.8,80.147,5.85238,5.0014,2.1579,0,24.635,0.87648,174.771,57.131,0.03847,0.2028,0,736.18916,168.65114,1,1,0,0,0,0,0,0,0,0,0,0,0,0,0,0,0,0,0,0,0,0,0,0,0,0,0,0,0,0,0,0,0,0,0,0,0,0,0,0
42,S시금치스크램블에그,71.8,84.067,6.10158,5.0322,3.1141,0,43.675,1.14948,168.471,98.38433334,0.05261,0.26748,8.5106,746.51836,169.71514,1,1,0,0,0,0,0,0,0,0,0,0,0,0,0,0,0,0,0,0,0,0,0,0,0,0,0,0,0,0,0,0,0,0,0,0,0,0,0,0
43,S(우유제외)시금치스크램블에그,71.8,84.767,6.28638,5.0714,2.9979,0,30.235,1.24048,182.331,90.68433334,0.05527,0.2504,8.4,736.18916,168.65114,1,1,0,0,0,0,0,0,0,0,0,0,0,0,0,0,0,0,0,0,0,0,0,0,0,0,0,0,0,0,0,0,0,0,0,0,0,0,0,0
44,S치즈스크램블에그,57.8,112.067,7.86278,7.4794,2.3637,0,109.895,0.79108,285.791,68.28433333,0.04113,0.221,0.0098,766.74556,188.75234,1,1,0,0,0,0,0,0,0,0,0,0,0,0,0,0,0,0,0,0,0,0,0,0,0,0,0,0,0,0,0,0,0,0,0,0,0,0,0,0
45,S치즈스틱,58.8,190.4,15.69176,12.2542,3.0212,0,535.948,0.07756,237.468,27.34666666,0.01568,0.18312,0.0336,710.43392,384.57188,1,1,0,0,0,0,0,0,0,0,0,0,0,0,0,0,0,0,0,0,0,0,0,0,0,0,0,0,0,0,0,0,0,0,0,0,0,0,0,0
46,S토마토스크램블에그,163.5,114.937,6.86332,6.02095,8.5615,2.058,55.792,1.15277,168.338,126.991,0.05884,0.31648,11.3085,950.53784,256.36051,1,1,0,0,0,0,0,0,0,0,0,0,0,0,0,0,0,0,0,0,0,0,0,0,0,0,0,0,0,0,0,0,0,0,0,0,0,0,0,0
47,S(우유제외)토마토스크램블에그,163.5,115.987,7.14052,6.07975,8.3872,2.058,35.632,1.28927,189.128,115.441,0.06283,0.29086,11.1426,935.04404,254.76451,1,1,0,0,0,0,0,0,0,0,0,0,0,0,0,0,0,0,0,0,0,0,0,0,0,0,0,0,0,0,0,0,0,0,0,0,0,0,0,0
48,S검은깨죽,50.7,211.596,5.4509,6.93448,31.8983,3.4496,179.054,1.3488,103.591,0.642833333,0.184604,0.060746,0,3053.95398,29.63422,1,1,0,0,0,0,0,0,0,0,0,0,0,0,0,0,0,0,0,0,0,0,0,0,0,0,0,0,0,0,0,0,0,0,0,0,0,0,0,0
49,S검은콩죽,50,191.295,7.6552,3.05756,32.09015,2.912,30.701,1.33385,111.127,0.823083333,0.10402,0.10297,0.9408,1448.05255,193.49309,1,1,0,0,0,0,0,0,0,0,0,0,0,0,0,0,0,0,0,0,0,0,0,0,0,0,0,0,0,0,0,0,0,0,0,0,0,0,0,0
50,S단팥죽,66.1,232.386,10.7562,0.64288,45.13068,7.518,27.952,2.58724,102.289,0,0.26376,0.131292,1.9194,130.389,60.5934,1,1,0,0,0,0,0,0,0,0,0,0,0,0,0,0,0,0,0,0,0,0,0,0,0,0,0,0,0,0,0,0,0,0,0,0,0,0,0,0
51,S단호박죽,66.1,113.946,2.0538,0.35728,25.72248,2.1,6.112,0.61744,101.449,128.45,0.042,0.090552,5.0946,74.844,34.0116,1,1,0,0,0,0,0,0,0,0,0,0,0,0,0,0,0,0,0,0,0,0,0,0,0,0,0,0,0,0,0,0,0,0,0,0,0,0,0,0
52,S닭가슴살옥수수죽,63.3,150.71,7.5796,0.6944,27.3574,0.686,4.95,0.737,115.211,9.998333333,0.17416,0.06216,0.7602,128.9386,3.584,1,1,0,0,0,0,0,0,0,0,0,0,0,0,0,0,0,0,0,0,0,0,0,0,0,0,0,0,0,0,0,0,0,0,0,0,0,0,0,0
53,S닭가슴살채소죽,74.8,172.963,7.4921,2.13963,29.27344,0.4074,8.257,0.77053,117.177,30.26025,0.12964,0.05985,0.94584,712.79613,11.36609,1,1,0,0,0,0,0,0,0,0,0,0,0,0,0,0,0,0,0,0,0,0,0,0,0,0,0,0,0,0,0,0,0,0,0,0,0,0,0,0
54,S닭고기흑임자죽,67.5,212.688,9.6152,5.37544,30.8084,2.5088,133.232,1.3362,115.771,10.36933333,0.198212,0.090188,0,2221.05744,21.55216,1,1,0,0,0,0,0,0,0,0,0,0,0,0,0,0,0,0,0,0,0,0,0,0,0,0,0,0,0,0,0,0,0,0,0,0,0,0,0,0
55,S닭백숙,79.8,185.81,10.24,4.57721,24.39964,0.1954,8.65,1.15201,129.879,21.04716667,0.127794,0.120083,0.78871,1.6701,0.21035,1,1,0,0,0,0,0,0,0,0,0,0,0,0,0,0,0,0,0,0,0,0,0,0,0,0,0,0,0,0,0,0,0,0,0,0,0,0,0,0
56,S닭살가지죽,72,169.449,7.4382,2.13123,28.45878,0.378,7.851,0.75275,116.043,10.60891667,0.1274,0.07511,0,707.56125,9.07919,1,1,0,0,0,0,0,0,0,0,0,0,0,0,0,0,0,0,0,0,0,0,0,0,0,0,0,0,0,0,0,0,0,0,0,0,0,0,0,0
57,S닭살배추죽,72,168.469,7.434,2.12703,28.22638,0,9.671,0.78635,118.143,10.06058333,0.1505,0.05649,1.4,707.56125,9.07919,1,1,0,0,0,0,0,0,0,0,0,0,0,0,0,0,0,0,0,0,0,0,0,0,0,0,0,0,0,0,0,0,0,0,0,0,0,0,0,0
58,S닭살양배추죽,72,171.409,7.5152,2.13823,28.95718,0.378,11.911,0.75415,117.163,10.15391667,0.1274,0.05691,2.7384,709.73825,13.33239,1,1,0,0,0,0,0,0,0,0,0,0,0,0,0,0,0,0,0,0,0,0,0,0,0,0,0,0,0,0,0,0,0,0,0,0,0,0,0,0
59,S닭영양죽,62.9,161.047,6.5565,2.43391,27.01952,0.5244,7.557,0.98439,117.219,30.25516667,0.105116,0.080537,1.00109,29.53304,3.43833,1,1,0,0,0,0,0,0,0,0,0,0,0,0,0,0,0,0,0,0,0,0,0,0,0,0,0,0,0,0,0,0,0,0,0,0,0,0,0,0
60,S닭죽,58.3,165.478,7.08479,2.03709,27.90733,0.0099,4.165,0.54661,113.319,2.23225,0.123484,0.020358,0.03558,743.10414,10.56179,1,1,0,0,0,0,0,0,0,0,0,0,0,0,0,0,0,0,0,0,0,0,0,0,0,0,0,0,0,0,0,0,0,0,0,0,0,0,0,0
61,S잣죽,50.7,236.082,4.9504,11.69,28.5488,0,4.11,1.318,105.285,0.116666667,0.13748,0.0224,0,0,0,1,1,0,0,0,0,0,0,0,0,0,0,0,0,0,0,0,0,0,0,0,0,0,0,0,0,0,0,0,0,0,0,0,0,0,0,0,0,0,0
62,S전복죽,58.4,161.539,5.39,1.98003,28.89838,0,13.751,0.99015,238.251,0.13225,0.1351,0.06069,0.42,707.56125,9.07919,1,1,0,0,0,0,0,0,0,0,0,0,0,0,0,0,0,0,0,0,0,0,0,0,0,0,0,0,0,0,0,0,0,0,0,0,0,0,0,0
63,S팥죽,64.7,225.498,10.6512,0.64274,43.47924,7.518,28.211,2.49092,102.8,0.035,0.27321,0.116676,1.9194,130.389,60.5934,1,1,0,0,0,0,0,0,0,0,0,0,0,0,0,0,0,0,0,0,0,0,0,0,0,0,0,0,0,0,0,0,0,0,0,0,0,0,0,0
64,S호박죽,59.1,77.616,1.3552,0.10528,17.91048,0.7,7.092,0.18204,101.239,13.72,0.0203,0.043512,0.5754,38.437,9.0636,1,1,0,0,0,0,0,0,0,0,0,0,0,0,0,0,0,0,0,0,0,0,0,0,0,0,0,0,0,0,0,0,0,0,0,0,0,0,0,0
65,S견과류,8.4,50.568,1.96672,4.515,1.46244,0.5628,15.54,0.2534,16.8,0.091,0.008064,0.054208,0,784.30632,2.555,1,0,0,1,0,0,0,0,0,0,0,0,0,0,0,0,0,0,0,0,0,0,0,0,0,0,0,0,0,0,0,0,0,0,0,0,0,0,0,0
66,S땅콩,2.8,15.876,0.798,1.29472,0.55748,0.294,1.876,0.05628,0.112,0.011666667,0.00238,0.005796,0,480.04012,0.85512,1,0,0,1,0,0,0,0,0,0,0,0,0,0,0,0,0,0,0,0,0,0,0,0,0,0,0,0,0,0,0,0,0,0,0,0,0,0,0,0
67,S아몬드,2.8,15.904,0.72072,1.30508,0.61096,0.2688,11.452,0.10472,15.372,0.025666667,0.000364,0.040292,0,304.2662,1.69988,1,0,0,1,0,0,0,0,0,0,0,0,0,0,0,0,0,0,0,0,0,0,0,0,0,0,0,0,0,0,0,0,0,0,0,0,0,0,0,0
68,S호두,2.8,18.788,0.448,1.9152,0.294,0,2.212,0.0924,1.316,0.053666667,0.00532,0.00812,0,0,0,1,0,0,1,0,0,0,0,0,0,0,0,0,0,0,0,0,0,0,0,0,0,0,0,0,0,0,0,0,0,0,0,0,0,0,0,0,0,0,0
69,S가래떡구이,56,119.28,2.0776,0.2072,27.328,0.392,5.6,0.0784,146.16,0,0.00392,0.00728,0,68.348,2.5928,1,1,0,0,0,0,0,0,0,0,0,0,0,0,0,0,0,0,0,0,0,0,0,0,0,0,0,0,0,0,0,0,0,0,0,0,0,0,0,0
70,S개피떡,112,231.84,4.816,0.896,51.072,0,19.04,1.344,173.6,0,0.056,0.0448,0,0,0,1,1,0,0,0,0,0,0,0,0,0,0,0,0,0,0,0,0,0,0,0,0,0,0,0,0,0,0,0,0,0,0,0,0,0,0,0,0,0,0
71,S건포도감자볼,49,48.93,1.029,0.0539,11.8559,1.449,8.82,0.3444,2.31,0.023333333,0.03052,0.08904,4.4303,8.3461,1.7248,1,1,0,0,0,0,0,0,0,0,0,0,0,0,0,0,0,0,0,0,0,0,0,0,0,0,0,0,0,0,0,0,0,0,0,0,0,0,0,0
72,S고구마맛탕,81.3,169.449,0.73052,4.313,31.87672,1.9093,11.858,0.32746,4.943,1.868916667,0.046113,0.021101,4.984,877.50336,479.49859,1,1,0,0,0,0,0,0,0,0,0,0,0,0,0,0,0,0,0,0,0,0,0,0,0,0,0,0,0,0,0,0,0,0,0,0,0,0,0,0
73,S꿀떡,56,117.6,1.7304,0.8176,25.8384,0.896,14,0.2128,138.88,0,0,0.00672,0,379.344,18.508,1,1,0,0,0,0,0,0,0,0,0,0,0,0,0,0,0,0,0,0,0,0,0,0,0,0,0,0,0,0,0,0,0,0,0,0,0,0,0,0
74,S꿀호떡,56,117.6,1.7304,0.8176,25.8384,0.896,14,0.2128,138.88,0,0,0.00672,0,379.344,18.508,1,1,0,0,0,0,0,0,0,0,0,0,0,0,0,0,0,0,0,0,0,0,0,0,0,0,0,0,0,0,0,0,0,0,0,0,0,0,0,0
75,S노란시루떡,56,102.48,3.2648,0.2296,21.8064,1.736,10.08,0.4928,130.48,0.093333334,0.0168,0.01736,0,83.3392,18.0544,1,1,0,0,0,0,0,0,0,0,0,0,0,0,0,0,0,0,0,0,0,0,0,0,0,0,0,0,0,0,0,0,0,0,0,0,0,0,0,0
76,S녹차밤양갱,51.8,106.715,5.05729,0.12299,21.71421,0.5096,20.272,0.98882,0.203,4.522583333,0.048041,0.03899,0.67116,11.90784,11.02675,1,1,0,0,0,0,0,0,0,0,0,0,0,0,0,0,0,0,0,0,0,0,0,0,0,0,0,0,0,0,0,0,0,0,0,0,0,0,0,0
77,S단팥도너츠,42,145.74,2.772,6.426,19.194,0,11.34,0.42,78.96,10.92,0.042,0.0294,0,0,0,1,1,0,0,0,0,0,0,0,0,0,0,0,0,0,0,0,0,0,0,0,0,0,0,0,0,0,0,0,0,0,0,0,0,0,0,0,0,0,0
78,S단팥빵,42,106.26,3.1794,1.3314,20.3742,2.646,10.5,0.4158,75.6,11.375,0.0189,0.04074,0,163.9176,29.6352,1,1,0,0,0,0,0,0,0,0,0,0,0,0,0,0,0,0,0,0,0,0,0,0,0,0,0,0,0,0,0,0,0,0,0,0,0,0,0,0
79,S단호박견과류찜,53.2,52.311,1.67405,2.36663,7.5271,2.9078,14.364,0.315,0.126,149.8933333,0.016737,0.099631,5.9437,709.8504,40.83688,1,1,0,0,0,0,0,0,0,0,0,0,0,0,0,0,0,0,0,0,0,0,0,0,0,0,0,0,0,0,0,0,0,0,0,0,0,0,0,0
80,S단호박구이,49,27.93,0.5831,0.3185,6.6787,2.45,5.88,0.1764,0,149.8583333,0.0147,0.06664,5.9437,87.318,39.6802,1,1,0,0,0,0,0,0,0,0,0,0,0,0,0,0,0,0,0,0,0,0,0,0,0,0,0,0,0,0,0,0,0,0,0,0,0,0,0,0
81,S단호박꿀찜,51.8,36.162,0.5887,0.3185,8.9103,2.45,5.908,0.2044,0.168,149.8583333,0.0147,0.06692,5.9437,87.318,39.6802,1,1,0,0,0,0,0,0,0,0,0,0,0,0,0,0,0,0,0,0,0,0,0,0,0,0,0,0,0,0,0,0,0,0,0,0,0,0,0,0
82,S단호박떡케익,74.2,184.254,2.9372,0.56042,40.98472,1.652,5.628,0.44226,0.882,85.63333332,0.0462,0.071428,3.3964,175.896,27.2944,1,1,0,0,0,0,0,0,0,0,0,0,0,0,0,0,0,0,0,0,0,0,0,0,0,0,0,0,0,0,0,0,0,0,0,0,0,0,0,0
83,S단호박설기,77.7,173.754,2.5865,0.54327,39.24543,1.96,6.44,0.4151,252.945,107.0416667,0.042,0.09618,4.2455,167.37,32.193,1,1,0,0,0,0,0,0,0,0,0,0,0,0,0,0,0,0,0,0,0,0,0,0,0,0,0,0,0,0,0,0,0,0,0,0,0,0,0,0
84,S단호박찜,49,27.93,0.5831,0.3185,6.6787,2.45,5.88,0.1764,0,149.8583333,0.0147,0.06664,5.9437,87.318,39.6802,1,1,0,0,0,0,0,0,0,0,0,0,0,0,0,0,0,0,0,0,0,0,0,0,0,0,0,0,0,0,0,0,0,0,0,0,0,0,0,0
85,S달걀미나리빵,100.8,243.6,6.94036,11.7628,27.3714,1.834,37.338,0.80836,171.738,81.27,0.02478,0.20384,0.9821,3919.93322,771.75658,1,1,0,0,0,0,0,0,0,0,0,0,0,0,0,0,0,0,0,0,0,0,0,0,0,0,0,0,0,0,0,0,0,0,0,0,0,0,0,0
86,S달걀부추빵,100.8,243.6,6.93826,11.7733,27.2979,1.099,33.768,1.44046,171.318,65.94,0.05418,0.17885,1.2614,3898.12682,757.49968,1,1,0,0,0,0,0,0,0,0,0,0,0,0,0,0,0,0,0,0,0,0,0,0,0,0,0,0,0,0,0,0,0,0,0,0,0,0,0,0
87,S달걀토스트,155.7,218.741,9.59548,7.8719,26.8514,1.89,108.167,0.88548,280.572,109.3963333,0.11289,0.38741,1.176,870.58216,190.41414,1,1,0,0,0,0,0,0,0,0,0,0,0,0,0,0,0,0,0,0,0,0,0,0,0,0,0,0,0,0,0,0,0,0,0,0,0,0,0,0
88,S당근두부스넥,34,114.821,2.51884,4.98375,14.18041,0.6955,12.79,0.29062,139.902,17.64375,0.028467,0.054978,0.11436,1135.32019,503.65269,1,1,0,0,0,0,0,0,0,0,0,0,0,0,0,0,0,0,0,0,0,0,0,0,0,0,0,0,0,0,0,0,0,0,0,0,0,0,0,0
89,S도너츠,42,178.92,3.066,10.92,17.052,0,11.76,0.462,151.2,5.46,0.0378,0.0462,0,0,0,1,1,0,0,0,0,0,0,0,0,0,0,0,0,0,0,0,0,0,0,0,0,0,0,0,0,0,0,0,0,0,0,0,0,0,0,0,0,0,0
90,S딸기쨈식빵,56,159.6,3.8626,2.0776,31.3726,1.708,13.3,0.2828,216.86,0.595,0.08078,0.16072,2.8448,233.6194,23.8238,1,1,0,0,0,0,0,0,0,0,0,0,0,0,0,0,0,0,0,0,0,0,0,0,0,0,0,0,0,0,0,0,0,0,0,0,0,0,0,0
91,S롤빵,42,132.72,4.242,3.78,20.412,0.84,18.48,0.294,205.8,0.525,0.042,0.0252,0,462,50.4,1,1,0,0,0,0,0,0,0,0,0,0,0,0,0,0,0,0,0,0,0,0,0,0,0,0,0,0,0,0,0,0,0,0,0,0,0,0,0,0
92,S마늘빵,42,178.08,4.116,7.224,24.15,1.26,16.38,2.268,234.36,12.915,0.0756,0.0504,0,0,0,1,1,0,0,0,0,0,0,0,0,0,0,0,0,0,0,0,0,0,0,0,0,0,0,0,0,0,0,0,0,0,0,0,0,0,0,0,0,0,0
93,S마들렌,42,171.36,2.3772,8.6982,20.853,0.378,21.84,0.3108,86.94,61.845,0.02478,0.06006,0,909.5982,256.473,1,1,0,0,0,0,0,0,0,0,0,0,0,0,0,0,0,0,0,0,0,0,0,0,0,0,0,0,0,0,0,0,0,0,0,0,0,0,0,0
94,S맘모스빵,56,216.72,4.0684,6.1222,36.3118,1.876,17.08,0.329,129.08,9.66,0.02492,0.07042,2.8448,870.8098,28.5866,1,1,0,0,0,0,0,0,0,0,0,0,0,0,0,0,0,0,0,0,0,0,0,0,0,0,0,0,0,0,0,0,0,0,0,0,0,0,0,0
95,S매실젤리,28.7,53.347,0.1106,0.0028,13.2167,0.084,1.421,0.06251,3.822,0,0.007861,0.015127,0.1596,0.1344,0,1,1,0,0,0,0,0,0,0,0,0,0,0,0,0,0,0,0,0,0,0,0,0,0,0,0,0,0,0,0,0,0,0,0,0,0,0,0,0,0
96,S머핀,42,98.7,3.234,0.756,19.32,1.134,21.84,0.3738,194.88,0,0.07602,0.06468,0.042,0,0,1,1,0,0,0,0,0,0,0,0,0,0,0,0,0,0,0,0,0,0,0,0,0,0,0,0,0,0,0,0,0,0,0,0,0,0,0,0,0,0
97,S모닝빵,42,132.72,3.8052,2.0622,24.7758,0.882,13.86,0.2856,109.2,2.66,0,0.05586,0,363.5688,27.7116,1,1,0,0,0,0,0,0,0,0,0,0,0,0,0,0,0,0,0,0,0,0,0,0,0,0,0,0,0,0,0,0,0,0,0,0,0,0,0,0
98,S모닝빵+딸기잼,49,153.93,3.8444,2.0699,30.0293,0.959,15.05,0.301,109.27,2.66,0.0049,0.06776,1.4224,365.9054,30.0181,1,1,0,0,0,0,0,0,0,0,0,0,0,0,0,0,0,0,0,0,0,0,0,0,0,0,0,0,0,0,0,0,0,0,0,0,0,0,0,0
99,S모카빵,42,148.68,3.4902,3.1626,26.5818,0.588,10.92,0.3234,132.72,11.585,0.02268,0.04914,0,514.2732,33.348,1,1,0,0,0,0,0,0,0,0,0,0,0,0,0,0,0,0,0,0,0,0,0,0,0,0,0,0,0,0,0,0,0,0,0,0,0,0,0,0
100,S무지개떡,112,256.48,3.92,0.336,59.36,0.224,11.2,1.568,310.24,1.213333333,0.0448,0.0448,0,0,0,1,1,0,0,0,0,0,0,0,0,0,0,0,0,0,0,0,0,0,0,0,0,0,0,0,0,0,0,0,0,0,0,0,0,0,0,0,0,0,0
101,S미니핫도그,49,130.83,3.9641,5.1695,17.1353,1.47,46.55,0.4165,222.46,6.288333332,0.03332,0.05635,0.9702,711.6123,55.0319,1,1,0,0,0,0,0,0,0,0,0,0,0,0,0,0,0,0,0,0,0,0,0,0,0,0,0,0,0,0,0,0,0,0,0,0,0,0,0,0
102,S바나나핫케이크,121.8,220.234,5.35024,4.93598,38.00314,0.798,82.572,0.43288,280.868,31.549,0.072982,0.232596,2.7713,404.65852,167.27914,1,1,0,0,0,0,0,0,0,0,0,0,0,0,0,0,0,0,0,0,0,0,0,0,0,0,0,0,0,0,0,0,0,0,0,0,0,0,0,0
103,S바람떡,84,173.88,3.612,0.672,38.304,0,14.28,1.008,130.2,0,0.042,0.0336,0,0,0,1,1,0,0,0,0,0,0,0,0,0,0,0,0,0,0,0,0,0,0,0,0,0,0,0,0,0,0,0,0,0,0,0,0,0,0,0,0,0,0
104,S밤설기,112,255.36,4.032,0.448,58.8,0.672,7.84,1.568,323.68,0,0.0336,0,1.12,0,0,1,1,0,0,0,0,0,0,0,0,0,0,0,0,0,0,0,0,0,0,0,0,0,0,0,0,0,0,0,0,0,0,0,0,0,0,0,0,0,0
105,S밤식빵,56,138.32,4.2434,2.1322,25.5402,2.31,13.16,0.3696,216.86,0.933333334,0.08246,0.14602,2.2372,259.5908,27.7088,1,1,0,0,0,0,0,0,0,0,0,0,0,0,0,0,0,0,0,0,0,0,0,0,0,0,0,0,0,0,0,0,0,0,0,0,0,0,0,0
106,S백설기,56,127.68,2.016,0.224,29.4,0.336,3.92,0.784,161.84,0,0.0168,0,0.56,0,0,1,1,0,0,0,0,0,0,0,0,0,0,0,0,0,0,0,0,0,0,0,0,0,0,0,0,0,0,0,0,0,0,0,0,0,0,0,0,0,0
107,S비스켓,28,149.52,1.8704,8.0024,17.5364,0.588,11.76,1.9572,134.68,1.516666667,0.30352,0.18284,0.0084,810.194,24.8164,1,1,0,0,0,0,0,0,0,0,0,0,0,0,0,0,0,0,0,0,0,0,0,0,0,0,0,0,0,0,0,0,0,0,0,0,0,0,0,0
108,S샌드위치,56,119.84,4.8496,5.8128,12.068,3.08,43.68,0.3136,297.92,20.44,0.20888,0.05768,4.0936,1063.5184,153.6976,1,1,0,0,0,0,0,0,0,0,0,0,0,0,0,0,0,0,0,0,0,0,0,0,0,0,0,0,0,0,0,0,0,0,0,0,0,0,0,0
109,S소보로빵,42,174.3,3.99,6.1068,25.8048,1.722,14.7,0.2982,128.94,9.66,0.01512,0.04662,0,866.1366,23.9736,1,1,0,0,0,0,0,0,0,0,0,0,0,0,0,0,0,0,0,0,0,0,0,0,0,0,0,0,0,0,0,0,0,0,0,0,0,0,0,0
110,S송편,112,250.88,6.608,3.0688,49.2912,1.232,34.72,0.7952,193.76,0,0.02912,0.04032,0,1403.9312,203.5936,1,1,0,0,0,0,0,0,0,0,0,0,0,0,0,0,0,0,0,0,0,0,0,0,0,0,0,0,0,0,0,0,0,0,0,0,0,0,0,0
111,S수리취떡,112,230.72,5.04,0.896,50.624,0,26.88,2.016,175.84,1.026666667,0.056,0.0448,0,0,0,1,1,0,0,0,0,0,0,0,0,0,0,0,0,0,0,0,0,0,0,0,0,0,0,0,0,0,0,0,0,0,0,0,0,0,0,0,0,0,0
112,S(우유제외)수제멸치과자,63.8,170.696,6.2269,2.43978,29.88588,1.314,101.072,0.59608,306.03,0.0805,0.057848,0.097412,0.0476,677.62086,17.62544,1,1,0,0,0,0,0,0,0,0,0,0,0,0,0,0,0,0,0,0,0,0,0,0,0,0,0,0,0,0,0,0,0,0,0,0,0,0,0,0
113,S수제멸치과자,63.8,169.646,5.9497,2.38098,30.06018,1.314,121.232,0.45958,285.24,11.6305,0.053858,0.123032,0.2135,693.11466,19.22144,1,1,0,0,0,0,0,0,0,0,0,0,0,0,0,0,0,0,0,0,0,0,0,0,0,0,0,0,0,0,0,0,0,0,0,0,0,0,0,0
114,S(우유제외)수제새우과자,62.4,168.148,5.13854,2.32484,30.58294,1.0648,109.15,2.19754,236.156,1.962333333,0.055146,0.061796,0.0476,343.59808,10.5651,1,1,0,0,0,0,0,0,0,0,0,0,0,0,0,0,0,0,0,0,0,0,0,0,0,0,0,0,0,0,0,0,0,0,0,0,0,0,0,0
115,S수제새우과자,62.4,167.098,4.86134,2.26604,30.75724,1.0648,129.31,2.06104,215.366,13.51233333,0.051156,0.087416,0.2135,359.09188,12.1611,1,1,0,0,0,0,0,0,0,0,0,0,0,0,0,0,0,0,0,0,0,0,0,0,0,0,0,0,0,0,0,0,0,0,0,0,0,0,0,0
116,S슈크림빵,42,115.5,2.52,3.234,19.11,0,16.8,0.378,67.2,7.909999999,0.0336,0.0378,0,0,0,1,1,0,0,0,0,0,0,0,0,0,0,0,0,0,0,0,0,0,0,0,0,0,0,0,0,0,0,0,0,0,0,0,0,0,0,0,0,0,0
117,S시루떡,56,102.48,3.2648,0.2296,21.8064,1.736,10.08,0.4928,130.48,0.093333334,0.0168,0.01736,0,83.3392,18.0544,1,1,0,0,0,0,0,0,0,0,0,0,0,0,0,0,0,0,0,0,0,0,0,0,0,0,0,0,0,0,0,0,0,0,0,0,0,0,0,0
118,S식빵+딸기잼,49,138.39,3.8234,2.0699,26.1191,1.631,12.11,0.2674,216.79,0.595,0.07588,0.14882,1.4224,231.2828,21.5173,1,1,0,0,0,0,0,0,0,0,0,0,0,0,0,0,0,0,0,0,0,0,0,0,0,0,0,0,0,0,0,0,0,0,0,0,0,0,0,0
119,S식빵토스트,42,117.18,3.7842,2.0622,20.8656,1.554,10.92,0.252,216.72,0.595,0.07098,0.13692,0,228.9462,19.2108,1,1,0,0,0,0,0,0,0,0,0,0,0,0,0,0,0,0,0,0,0,0,0,0,0,0,0,0,0,0,0,0,0,0,0,0,0,0,0,0
120,S쌀과자,28,131.32,0.896,4.452,21.896,0,1.12,0.252,62.72,0,0.0364,0.014,0,0,0,1,1,0,0,0,0,0,0,0,0,0,0,0,0,0,0,0,0,0,0,0,0,0,0,0,0,0,0,0,0,0,0,0,0,0,0,0,0,0,0
121,S쑥떡,123.2,244.944,4.5136,0.59136,55.71328,1.7808,23.408,1.10208,246.736,38.76133333,0.013216,0.055776,0.73584,199.28048,28.1456,1,1,0,0,0,0,0,0,0,0,0,0,0,0,0,0,0,0,0,0,0,0,0,0,0,0,0,0,0,0,0,0,0,0,0,0,0,0,0,0
122,S쑥버무리,55.3,86.786,2.59952,0.266,18.59536,2.359,40.81,2.92124,236.593,121.1291667,0.0287,0.152964,2.31378,92.71262,69.71944,1,1,0,0,0,0,0,0,0,0,0,0,0,0,0,0,0,0,0,0,0,0,0,0,0,0,0,0,0,0,0,0,0,0,0,0,0,0,0,0
123,S쑥설기,112,230.72,5.04,0.896,50.624,0,26.88,2.016,175.84,1.026666667,0.056,0.0448,0,0,0,1,1,0,0,0,0,0,0,0,0,0,0,0,0,0,0,0,0,0,0,0,0,0,0,0,0,0,0,0,0,0,0,0,0,0,0,0,0,0,0
124,S씨앗호떡,52,212.275,6.98423,7.08045,32.80047,2.0508,14.775,0.71066,53.502,0.066916667,0.265727,0.12199,0.056,2906.99356,175.81042,1,1,0,0,0,0,0,0,0,0,0,0,0,0,0,0,0,0,0,0,0,0,0,0,0,0,0,0,0,0,0,0,0,0,0,0,0,0,0,0
125,S(우유제외)아몬드사과도넛,95.6,182.686,6.15818,9.76668,19.21738,2.856,62.936,1.08412,163.13,19.6875,0.03738,0.315462,0.6146,2285.48236,169.77324,1,1,0,0,0,0,0,0,0,0,0,0,0,0,0,0,0,0,0,0,0,0,0,0,0,0,0,0,0,0,0,0,0,0,0,0,0,0,0,0
126,S아몬드사과도넛,95.6,182.336,6.06578,9.74708,19.27548,2.856,69.656,1.03862,156.2,23.5375,0.03605,0.324002,0.6699,2290.64696,170.30524,1,1,0,0,0,0,0,0,0,0,0,0,0,0,0,0,0,0,0,0,0,0,0,0,0,0,0,0,0,0,0,0,0,0,0,0,0,0,0,0
127,S애플파이,42,197.82,2.31,8.82,27.2916,0.798,4.62,0.1722,86.94,13.72,0.0273,0.0273,2.205,1087.5816,74.1888,1,1,0,0,0,0,0,0,0,0,0,0,0,0,0,0,0,0,0,0,0,0,0,0,0,0,0,0,0,0,0,0,0,0,0,0,0,0,0,0
128,S약과,56,236.32,2.128,7.448,40.152,0,2.8,1.456,19.04,0,0.0336,0.0504,0,0,0,1,1,0,0,0,0,0,0,0,0,0,0,0,0,0,0,0,0,0,0,0,0,0,0,0,0,0,0,0,0,0,0,0,0,0,0,0,0,0,0
129,S약식,56,136.64,2.072,1.232,29.288,0.952,6.16,1.568,161.84,0,0.0504,0.0448,0,0,0,1,1,0,0,0,0,0,0,0,0,0,0,0,0,0,0,0,0,0,0,0,0,0,0,0,0,0,0,0,0,0,0,0,0,0,0,0,0,0,0
130,S오색롤샌드위치,82.6,200.354,6.09602,8.87432,24.0863,1.7962,73.318,0.4109,369.628,10.30633333,0.081032,0.176554,14.7994,2997.83974,440.63936,1,1,0,0,0,0,0,0,0,0,0,0,0,0,0,0,0,0,0,0,0,0,0,0,0,0,0,0,0,0,0,0,0,0,0,0,0,0,0,0
131,S오이달걀샐러드빵,98,216.16,6.8159,8.9187,27.0746,1.246,31.64,0.7637,171.29,65.485,0.021,0.16919,2.5739,3346.84,441.9555,1,1,0,0,0,0,0,0,0,0,0,0,0,0,0,0,0,0,0,0,0,0,0,0,0,0,0,0,0,0,0,0,0,0,0,0,0,0,0,0
132,S인절미,56,129.36,3.0912,0.644,27.8264,1.176,6.72,0.1848,188.72,0,0.0224,0.0168,0,313.2752,43.1256,1,1,0,0,0,0,0,0,0,0,0,0,0,0,0,0,0,0,0,0,0,0,0,0,0,0,0,0,0,0,0,0,0,0,0,0,0,0,0,0
133,S잼샌드위치,49,138.39,3.8234,2.0699,26.1191,1.631,12.11,0.2674,216.79,0.595,0.07588,0.14882,1.4224,231.2828,21.5173,1,1,0,0,0,0,0,0,0,0,0,0,0,0,0,0,0,0,0,0,0,0,0,0,0,0,0,0,0,0,0,0,0,0,0,0,0,0,0,0
134,S절편,112,240.8,4.1328,0.5488,54.9248,1.12,11.2,0.1904,246.4,0,0.01008,0.01344,0,190.5904,6.9888,1,1,0,0,0,0,0,0,0,0,0,0,0,0,0,0,0,0,0,0,0,0,0,0,0,0,0,0,0,0,0,0,0,0,0,0,0,0,0,0
135,S증편,112,221.76,3.3488,0.6384,50.6576,1.792,8.96,0.0784,323.68,0,0,0.03472,0,251.1376,12.768,1,1,0,0,0,0,0,0,0,0,0,0,0,0,0,0,0,0,0,0,0,0,0,0,0,0,0,0,0,0,0,0,0,0,0,0,0,0,0,0
136,S찹쌀도너츠,42,124.32,2.1,2.226,23.982,1.218,108.36,2.31,145.74,0.595,0.063,0.0168,0,0,0,1,1,0,0,0,0,0,0,0,0,0,0,0,0,0,0,0,0,0,0,0,0,0,0,0,0,0,0,0,0,0,0,0,0,0,0,0,0,0,0
137,S채소찐빵,42,97.02,3.402,2.31,15.666,0,22.68,0.378,171.78,0,0.0336,0.0168,0,0,0,1,1,0,0,0,0,0,0,0,0,0,0,0,0,0,0,0,0,0,0,0,0,0,0,0,0,0,0,0,0,0,0,0,0,0,0,0,0,0,0
138,S치즈머핀,42,124.32,2.898,4.788,17.388,1.134,84,1.0038,196.14,16.38,0.11928,0.12642,0.126,0,0,1,1,0,0,0,0,0,0,0,0,0,0,0,0,0,0,0,0,0,0,0,0,0,0,0,0,0,0,0,0,0,0,0,0,0,0,0,0,0,0
139,S치즈빵,42,157.08,3.36,9.198,15.624,0.42,14.7,0.756,175.14,14.56,0.0798,0.1092,0.042,0,0,1,1,0,0,0,0,0,0,0,0,0,0,0,0,0,0,0,0,0,0,0,0,0,0,0,0,0,0,0,0,0,0,0,0,0,0,0,0,0,0
140,S치즈케이크,42,139.02,2.4654,8.9544,12.1044,0.294,42,0.3276,100.8,56.03500001,0.01512,0.09282,0,627.2028,71.2614,1,1,0,0,0,0,0,0,0,0,0,0,0,0,0,0,0,0,0,0,0,0,0,0,0,0,0,0,0,0,0,0,0,0,0,0,0,0,0,0
141,S카스텔라,42,125.58,2.9022,1.5624,24.9732,1.974,12.18,0.3318,34.02,24.185,0.01344,0.08484,0,246.393,10.0506,1,1,0,0,0,0,0,0,0,0,0,0,0,0,0,0,0,0,0,0,0,0,0,0,0,0,0,0,0,0,0,0,0,0,0,0,0,0,0,0
142,S카카오올리브케익,57.4,188.58,4.38648,5.63556,28.60522,0.8988,34.888,0.54782,18.326,15.9845,0.052892,0.097902,0.13608,583.1637,42.13006,1,1,0,0,0,0,0,0,0,0,0,0,0,0,0,0,0,0,0,0,0,0,0,0,0,0,0,0,0,0,0,0,0,0,0,0,0,0,0,0
143,S케이크,42,136.08,1.218,3.822,25.872,1.554,13.86,0.8694,42.42,3.045,0.021,0.04158,0.21,0,0,1,1,0,0,0,0,0,0,0,0,0,0,0,0,0,0,0,0,0,0,0,0,0,0,0,0,0,0,0,0,0,0,0,0,0,0,0,0,0,0
144,S쿠키,42,197.82,2.7216,7.2114,30.5466,7.182,7.14,0.2688,273.84,0.42,0.05334,0.01764,0.0966,420.2856,19.0974,1,1,0,0,0,0,0,0,0,0,0,0,0,0,0,0,0,0,0,0,0,0,0,0,0,0,0,0,0,0,0,0,0,0,0,0,0,0,0,0
145,S(우유제외)크랜베리찹쌀케이크,42.7,122.332,3.37386,3.06537,19.86985,0.4872,8.274,0.57309,17.85,5.866,0.046928,0.036414,0.49,908.85256,5.17384,1,1,0,0,0,0,0,0,0,0,0,0,0,0,0,0,0,0,0,0,0,0,0,0,0,0,0,0,0,0,0,0,0,0,0,0,0,0,0,0
146,S크랜베리찹쌀케이크,42.7,121.912,3.26298,3.04185,19.93957,0.4872,16.338,0.51849,9.534,10.486,0.045332,0.046662,0.55636,915.05008,5.81224,1,1,0,0,0,0,0,0,0,0,0,0,0,0,0,0,0,0,0,0,0,0,0,0,0,0,0,0,0,0,0,0,0,0,0,0,0,0,0,0
147,S크로와상,84,376.32,6.636,22.512,36.876,1.512,17.64,0.504,394.8,4.62,0.0672,0.0252,0,2436,184.8,1,1,0,0,0,0,0,0,0,0,0,0,0,0,0,0,0,0,0,0,0,0,0,0,0,0,0,0,0,0,0,0,0,0,0,0,0,0,0,0
148,S크로와상샌드위치,98,258.72,6.3035,16.2351,21.84,1.806,67.06,1.0654,374.22,98.46666668,0.24108,0.1393,3.1388,2774.5529,418.6315,1,1,0,0,0,0,0,0,0,0,0,0,0,0,0,0,0,0,0,0,0,0,0,0,0,0,0,0,0,0,0,0,0,0,0,0,0,0,0,0
149,S크루통,21.1,103.822,1.28803,7.69288,7.00584,0.5447,4.78,0.10604,73.182,0.7085,0.023856,0.048023,0.125,650.6786,58.0483,1,1,0,0,0,0,0,0,0,0,0,0,0,0,0,0,0,0,0,0,0,0,0,0,0,0,0,0,0,0,0,0,0,0,0,0,0,0,0,0
150,S크림빵,42,115.5,2.52,3.234,19.11,0,16.8,0.378,67.2,7.909999999,0.0336,0.0378,0,0,0,1,1,0,0,0,0,0,0,0,0,0,0,0,0,0,0,0,0,0,0,0,0,0,0,0,0,0,0,0,0,0,0,0,0,0,0,0,0,0,0
151,S토스트,42,117.18,3.7842,2.0622,20.8656,1.554,10.92,0.252,216.72,0.595,0.07098,0.13692,0,228.9462,19.2108,1,1,0,0,0,0,0,0,0,0,0,0,0,0,0,0,0,0,0,0,0,0,0,0,0,0,0,0,0,0,0,0,0,0,0,0,0,0,0,0
152,S프렌치토스트,203,280.49,9.8791,13.4848,29.2117,1.554,177.52,0.5761,286.16,133.3091667,0.1113,0.4326,1.106,592.0761,45.4888,1,1,0,0,0,0,0,0,0,0,0,0,0,0,0,0,0,0,0,0,0,0,0,0,0,0,0,0,0,0,0,0,0,0,0,0,0,0,0,0
153,S피자빵,84,195.72,9.492,6.132,25.536,0,109.2,1.932,489.72,0,0.2268,0.1848,1.68,0,0,1,1,0,0,0,0,0,0,0,0,0,0,0,0,0,0,0,0,0,0,0,0,0,0,0,0,0,0,0,0,0,0,0,0,0,0,0,0,0,0
154,S핫도그,98,261.66,7.9282,10.339,34.2706,2.94,93.1,0.833,444.92,12.57666666,0.06664,0.1127,1.9404,1423.2246,110.0638,1,1,0,0,0,0,0,0,0,0,0,0,0,0,0,0,0,0,0,0,0,0,0,0,0,0,0,0,0,0,0,0,0,0,0,0,0,0,0,0
155,S핫케이크,103.6,323.05,7.48342,6.9979,54.65145,0,100.611,0.48307,535.836,25.83,0.0896,0.293265,0.1659,545.17029,241.86771,1,1,0,0,0,0,0,0,0,0,0,0,0,0,0,0,0,0,0,0,0,0,0,0,0,0,0,0,0,0,0,0,0,0,0,0,0,0,0,0
156,S호떡,47.8,195.265,5.57779,5.93525,31.59927,1.5678,9.133,0.46342,36.03,0.014416667,0.145327,0.10449,0.056,1500.00028,486.4847,1,1,0,0,0,0,0,0,0,0,0,0,0,0,0,0,0,0,0,0,0,0,0,0,0,0,0,0,0,0,0,0,0,0,0,0,0,0,0,0
157,S흑임자떡,56,114.8,1.96,0,26.768,0,4.48,0.728,126.56,0.653333334,0.028,0.0112,0,0,0,1,1,0,0,0,0,0,0,0,0,0,0,0,0,0,0,0,0,0,0,0,0,0,0,0,0,0,0,0,0,0,0,0,0,0,0,0,0,0,0
158,S(저당)씨리얼,56,220.64,3.808,1.5624,47.7848,1.848,6.16,5.0232,308.56,564.48,0.90496,1.90624,86.9512,546.3248,22.7136,1,1,0,0,0,0,0,0,0,0,0,0,0,0,0,0,0,0,0,0,0,0,0,0,0,0,0,0,0,0,0,0,0,0,0,0,0,0,0,0
159,S쌀씨리얼,56,218.4,3.724,0.9408,48.7144,1.064,145.04,10.5,350,676.48,1.91912,0.78232,95.1776,481.1744,25.6872,1,1,0,0,0,0,0,0,0,0,0,0,0,0,0,0,0,0,0,0,0,0,0,0,0,0,0,0,0,0,0,0,0,0,0,0,0,0,0,0
160,S씨리얼,56,211.68,2.8616,0.3304,49.308,1.4,1.68,5.0176,243.04,1361.36,2.83864,1.4896,112.7056,152.3312,10.2032,1,1,0,0,0,0,0,0,0,0,0,0,0,0,0,0,0,0,0,0,0,0,0,0,0,0,0,0,0,0,0,0,0,0,0,0,0,0,0,0
161,S옥수수씨리얼,56,211.68,2.8616,0.3304,49.308,1.4,1.68,5.0176,243.04,1361.36,2.83864,1.4896,112.7056,152.3312,10.2032,1,1,0,0,0,0,0,0,0,0,0,0,0,0,0,0,0,0,0,0,0,0,0,0,0,0,0,0,0,0,0,0,0,0,0,0,0,0,0,0
162,S단호박식혜,84,179.06,3.4468,0.7098,40.8842,4.956,13.3,1.5596,2.66,129.36,0.1575,0.19782,5.0946,271.3662,58.0188,1,0,1,0,0,0,0,0,0,0,0,0,0,0,0,0,0,0,0,0,0,0,0,0,0,0,0,0,0,0,0,0,0,0,0,0,0,0,0,0
163,S매실쥬스,7,12.67,0.014,0.0007,3.1458,0.021,0.35,0.0154,0.14,0,0.00196,0.00371,0.0399,0.0336,0,1,0,1,0,0,0,0,0,0,0,0,0,0,0,0,0,0,0,0,0,0,0,0,0,0,0,0,0,0,0,0,0,0,0,0,0,0,0,0,0
164,S미숫가루,24.5,97.125,3.0492,1.15115,19.4943,2.688,11.48,0.84245,1.295,0,0.00588,0.12012,0,553.6335,91.7007,1,0,1,0,0,0,0,0,0,0,0,0,0,0,0,0,0,0,0,0,0,0,0,0,0,0,0,0,0,0,0,0,0,0,0,0,0,0,0,0
165,S수정과,7,24.99,0,0.098,6.23,0,0,0.161,0.35,0,0.1043,0.0259,0,0,0,1,0,1,0,0,0,0,0,0,0,0,0,0,0,0,0,0,0,0,0,0,0,0,0,0,0,0,0,0,0,0,0,0,0,0,0,0,0,0,0
166,S오미자아이스크림,84,283.22,1.995,25.2567,13.4372,0,47.67,0.4361,19.53,287.7116667,0.0161,0.18788,1.19,611.8,85.4,1,0,1,0,0,0,0,0,0,0,0,0,0,0,0,0,0,0,0,0,0,0,0,0,0,0,0,0,0,0,0,0,0,0,0,0,0,0,0,0
167,S오미자차,7,18.13,0.007,0,4.522,0,1.19,0.357,0.56,0.011666667,0.0021,0.0147,0.77,0,0,1,0,1,0,0,0,0,0,0,0,0,0,0,0,0,0,0,0,0,0,0,0,0,0,0,0,0,0,0,0,0,0,0,0,0,0,0,0,0,0
168,S유자차,14,34.02,0.07,0,8.428,0,2.38,0.07,2.1,0.058333333,0.0084,0.0224,8.4,0,0,1,0,1,0,0,0,0,0,0,0,0,0,0,0,0,0,0,0,0,0,0,0,0,0,0,0,0,0,0,0,0,0,0,0,0,0,0,0,0,0
169,S코코아,28,118.44,2.7552,2.646,20.8964,1.428,136.64,2.0636,45.08,0.56,0,0.1526,0,17.0772,1.3524,1,0,1,0,0,0,0,0,0,0,0,0,0,0,0,0,0,0,0,0,0,0,0,0,0,0,0,0,0,0,0,0,0,0,0,0,0,0,0,0
170,S간장떡볶이,65.2,111.941,2.92224,0.64458,23.87813,0.6105,13.895,0.19065,303.542,2.326083333,0.007963,0.048418,2.18346,267.63092,25.32947,1,1,0,0,0,0,0,0,0,0,0,0,0,0,0,0,0,0,0,0,0,0,0,0,0,0,0,0,0,0,0,0,0,0,0,0,0,0,0,0
171,S간장비빔국수,66.5,205.807,4.82447,3.6547,36.7171,1.309,18.088,0.46522,708.785,32.20875,0.058401,0.090636,0.94038,1276.44846,182.86709,1,1,0,0,0,0,0,0,0,0,0,0,0,0,0,0,0,0,0,0,0,0,0,0,0,0,0,0,0,0,0,0,0,0,0,0,0,0,0,0
172,S간장소면무침,69.3,206.451,4.87431,3.6589,36.8515,1.3538,18.76,0.48818,708.785,32.85508334,0.060249,0.093268,1.03978,1277.76334,183.56681,1,1,0,0,0,0,0,0,0,0,0,0,0,0,0,0,0,0,0,0,0,0,0,0,0,0,0,0,0,0,0,0,0,0,0,0,0,0,0,0
173,S고로케,83,120.271,2.94612,4.92202,15.62856,1.8508,12.329,0.51794,139.603,41.801,0.046184,0.060616,7.09758,983.7604,482.35866,1,1,0,0,0,0,0,0,0,0,0,0,0,0,0,0,0,0,0,0,0,0,0,0,0,0,0,0,0,0,0,0,0,0,0,0,0,0,0,0
174,S군고구마,112,211.68,1.1312,0.1792,51.4752,5.264,19.04,0.6272,11.2,3.64,0.084,0.04144,7.2128,83.0256,12.2192,1,1,0,0,0,0,0,0,0,0,0,0,0,0,0,0,0,0,0,0,0,0,0,0,0,0,0,0,0,0,0,0,0,0,0,0,0,0,0,0
175,S군만두,74.2,184.24,6.56684,8.7997,19.4572,4.06,45.542,2.17714,182.742,7.291666669,0.3136,0.0497,0,1581.11408,525.51142,1,1,0,0,0,0,0,0,0,0,0,0,0,0,0,0,0,0,0,0,0,0,0,0,0,0,0,0,0,0,0,0,0,0,0,0,0,0,0,0
176,S궁중떡볶이,82.3,148.852,6.94172,5.0488,19.10784,0.8456,7.277,0.83402,240.145,0.46175,0.043524,0.124596,0.85694,899.74597,400.34356,1,1,0,0,0,0,0,0,0,0,0,0,0,0,0,0,0,0,0,0,0,0,0,0,0,0,0,0,0,0,0,0,0,0,0,0,0,0,0,0
177,S김가루주먹밥,41.3,156.772,3.07664,2.96429,28.79394,0.0028,10.906,0.87633,308.497,39.51733333,0.106155,0.07294,1.97589,1165.40291,14.95396,1,1,0,0,0,0,0,0,0,0,0,0,0,0,0,0,0,0,0,0,0,0,0,0,0,0,0,0,0,0,0,0,0,0,0,0,0,0,0,0
178,S김치말이국수,61.5,155.86,5.37744,2.00308,27.75658,0.9242,60.49,0.80966,651.211,36.023,0.06505,0.065364,2.04454,517.28422,173.62374,1,1,0,0,0,0,0,0,0,0,0,0,0,0,0,0,0,0,0,0,0,0,0,0,0,0,0,0,0,0,0,0,0,0,0,0,0,0,0,0
179,S김치전,52.1,110.04,2.45056,3.0576,17.094,0.525,24.788,0.35116,330.839,6.556666668,0.04242,0.20202,1.9621,665.79562,324.24448,1,1,0,0,0,0,0,0,0,0,0,0,0,0,0,0,0,0,0,0,0,0,0,0,0,0,0,0,0,0,0,0,0,0,0,0,0,0,0,0
180,S깻잎비빔국수,74.1,181.445,4.92655,1.42079,35.93011,1.717,30.635,0.51661,569.977,28.82866667,0.070205,0.087483,4.48226,652.34354,34.52992,1,1,0,0,0,0,0,0,0,0,0,0,0,0,0,0,0,0,0,0,0,0,0,0,0,0,0,0,0,0,0,0,0,0,0,0,0,0,0,0
181,S꼬마김밥(달걀제외),79.5,179.207,3.66296,4.45522,30.73798,0.6398,21.671,1.29566,238.03,137.424,0.128954,0.12866,12.58096,1454.17188,175.83874,1,1,0,0,0,0,0,0,0,0,0,0,0,0,0,0,0,0,0,0,0,0,0,0,0,0,0,0,0,0,0,0,0,0,0,0,0,0,0,0
182,S(우유제외)냉콩국+소면,182,199.92,10.9452,4.9364,26.8954,5.026,57.12,1.6982,143.5,9.17,0.10878,0.0987,3.6806,1234.674,180.719,1,1,0,0,0,0,0,0,0,0,0,0,0,0,0,0,0,0,0,0,0,0,0,0,0,0,0,0,0,0,0,0,0,0,0,0,0,0,0,0
183,S냉콩국+소면,182,196.42,10.0212,4.7404,27.4764,5.026,124.32,1.2432,74.2,47.67,0.09548,0.1841,4.2336,1286.32,186.039,1,1,0,0,0,0,0,0,0,0,0,0,0,0,0,0,0,0,0,0,0,0,0,0,0,0,0,0,0,0,0,0,0,0,0,0,0,0,0,0
184,S다진유부주먹밥,77.7,268.38,6.99538,12.13198,31.16841,0.4333,87.115,1.59019,328.986,16.62441667,0.095207,0.06153,0.93898,1993.32385,180.65117,1,1,0,0,0,0,0,0,0,0,0,0,0,0,0,0,0,0,0,0,0,0,0,0,0,0,0,0,0,0,0,0,0,0,0,0,0,0,0,0
185,S단호박전,66.1,126.98,2.55836,3.2746,21.5866,2.625,11.908,0.27836,265.879,128.45,0.02982,0.24234,5.0967,740.63962,358.25608,1,1,0,0,0,0,0,0,0,0,0,0,0,0,0,0,0,0,0,0,0,0,0,0,0,0,0,0,0,0,0,0,0,0,0,0,0,0,0,0
186,S단호박튀김,67.2,139.65,2.01684,4.6347,22.1949,2.562,20.202,0.34524,184.002,128.45,0.03948,0.07014,5.0946,994.85988,515.21652,1,1,0,0,0,0,0,0,0,0,0,0,0,0,0,0,0,0,0,0,0,0,0,0,0,0,0,0,0,0,0,0,0,0,0,0,0,0,0,0
187,S닭고기주먹밥,79.2,193.435,7.25252,4.55158,29.05918,0.5362,8.737,0.65244,250.583,54.891,0.128294,0.030264,1.84464,1487.4104,176.106,1,1,0,0,0,0,0,0,0,0,0,0,0,0,0,0,0,0,0,0,0,0,0,0,0,0,0,0,0,0,0,0,0,0,0,0,0,0,0,0
188,S도토리묵무침,105,40.838,1.0738,0.27062,8.99472,1.337,20.342,0.5999,169.876,49.96366667,0.02667,0.124964,3.36882,83.07824,8.28744,1,1,0,0,0,0,0,0,0,0,0,0,0,0,0,0,0,0,0,0,0,0,0,0,0,0,0,0,0,0,0,0,0,0,0,0,0,0,0,0
189,S들깨수제비,59.5,161.7,6.3287,1.41708,30.0622,2.3114,90.419,0.92904,167.209,7.608416667,0.076377,0.033565,1.55078,308.0476,540.09501,1,1,0,0,0,0,0,0,0,0,0,0,0,0,0,0,0,0,0,0,0,0,0,0,0,0,0,0,0,0,0,0,0,0,0,0,0,0,0,0
190,S떡국,48.8,99.936,3.31299,0.31854,20.93645,0.3171,63.861,0.45612,305.584,0.029666667,0.007796,0.011812,0.39102,52.95437,2.50292,1,1,0,0,0,0,0,0,0,0,0,0,0,0,0,0,0,0,0,0,0,0,0,0,0,0,0,0,0,0,0,0,0,0,0,0,0,0,0,0
191,S떡볶이,62.3,118.461,2.01467,1.63632,24.29994,0.9499,10.311,0.18865,212.485,8.472916666,0.018781,0.058779,1.7808,682.63517,15.38439,1,1,0,0,0,0,0,0,0,0,0,0,0,0,0,0,0,0,0,0,0,0,0,0,0,0,0,0,0,0,0,0,0,0,0,0,0,0,0,0
192,S레몬소스탕수육,112.2,185.746,12.93949,6.81886,17.14565,0.7257,21.807,0.62274,233.946,52.02683334,0.145926,0.218728,4.2393,1205.03501,491.95678,1,1,0,0,0,0,0,0,0,0,0,0,0,0,0,0,0,0,0,0,0,0,0,0,0,0,0,0,0,0,0,0,0,0,0,0,0,0,0,0
193,S(우유제외)로제스파게티,114.1,181.661,6.54762,5.43316,26.83346,1.5246,18.973,0.93028,337.218,9.960333333,0.077572,0.086236,6.5149,571.4541,43.1977,1,1,0,0,0,0,0,0,0,0,0,0,0,0,0,0,0,0,0,0,0,0,0,0,0,0,0,0,0,0,0,0,0,0,0,0,0,0,0,0
194,S로제스파게티,108.5,186.925,5.9753,6.33588,26.68814,1.5246,38.041,0.74688,307.23,31.637,0.071048,0.109308,6.66974,613.91498,48.8873,1,1,0,0,0,0,0,0,0,0,0,0,0,0,0,0,0,0,0,0,0,0,0,0,0,0,0,0,0,0,0,0,0,0,0,0,0,0,0,0
195,S메밀국수,61.5,132.355,4.10204,0.60688,27.23302,0.9044,28.006,0.45412,391.038,3.691416667,0.017832,0.079003,1.52593,249.25208,25.48838,1,1,0,0,0,0,0,0,0,0,0,0,0,0,0,0,0,0,0,0,0,0,0,0,0,0,0,0,0,0,0,0,0,0,0,0,0,0,0,0
196,S멸치주먹밥,72.2,202.605,8.44042,4.99048,29.10398,0.5362,94.697,0.72104,611.573,52.791,0.088744,0.032364,1.84464,1458.2526,181.1642,1,1,0,0,0,0,0,0,0,0,0,0,0,0,0,0,0,0,0,0,0,0,0,0,0,0,0,0,0,0,0,0,0,0,0,0,0,0,0,0
197,S물만두,70,145.6,6.566,4.606,19.453,4.06,45.5,2.17,182.7,7.291666669,0.3136,0.0497,0,751.604,50.05,1,1,0,0,0,0,0,0,0,0,0,0,0,0,0,0,0,0,0,0,0,0,0,0,0,0,0,0,0,0,0,0,0,0,0,0,0,0,0,0
198,S미니우동,60.3,89.899,3.02582,0.70422,17.19002,1.0674,40.239,0.43124,242.443,12.708,0.049242,0.078602,1.13924,226.3612,13.594,1,1,0,0,0,0,0,0,0,0,0,0,0,0,0,0,0,0,0,0,0,0,0,0,0,0,0,0,0,0,0,0,0,0,0,0,0,0,0,0
199,S미트볼스파게티,140,289.24,8.9152,11.0901,39.1181,2.016,22.26,1.379,179.83,20.48666667,0.09919,0.16891,12.3732,1447.2696,150.8857,1,1,0,0,0,0,0,0,0,0,0,0,0,0,0,0,0,0,0,0,0,0,0,0,0,0,0,0,0,0,0,0,0,0,0,0,0,0,0,0
200,S밥새우주먹밥,65.7,184.083,8.6339,2.81546,29.2885,0.2688,461.715,2.33546,598.33,26.74716667,0.104802,0.023488,9.5704,531.85438,162.18772,1,1,0,0,0,0,0,0,0,0,0,0,0,0,0,0,0,0,0,0,0,0,0,0,0,0,0,0,0,0,0,0,0,0,0,0,0,0,0,0
201,S(우유제외)버터감자구이,116.2,105.028,2.2596,3.08602,17.39612,3.024,10.92,0.6496,13.552,3.9305,0.0672,0.03066,11.7712,182.2695,22.0822,1,1,0,0,0,0,0,0,0,0,0,0,0,0,0,0,0,0,0,0,0,0,0,0,0,0,0,0,0,0,0,0,0,0,0,0,0,0,0,0
202,S버터감자구이,116.2,107.002,2.27598,3.49048,16.96562,3.024,10.752,0.65086,1.54,22.0045,0.0672,0.032172,11.7712,73.67598,9.4108,1,1,0,0,0,0,0,0,0,0,0,0,0,0,0,0,0,0,0,0,0,0,0,0,0,0,0,0,0,0,0,0,0,0,0,0,0,0,0,0
203,S볶음우동,126.8,167.36,6.97357,2.50212,29.36039,2.9883,19.965,0.51622,381.238,14.18366667,0.081926,0.126066,3.31674,683.83917,175.14084,1,1,0,0,0,0,0,0,0,0,0,0,0,0,0,0,0,0,0,0,0,0,0,0,0,0,0,0,0,0,0,0,0,0,0,0,0,0,0,0
204,S부추전,59.1,119.448,3.3411,3.57616,17.55236,0.7742,17.27,0.85012,276.729,30.05566667,0.053564,0.234864,1.38054,747.11476,326.33748,1,1,0,0,0,0,0,0,0,0,0,0,0,0,0,0,0,0,0,0,0,0,0,0,0,0,0,0,0,0,0,0,0,0,0,0,0,0,0,0
205,S비빔국수,64.4,175.264,4.78403,1.27267,34.6715,1.237,17.332,0.44759,570.5,4.460916667,0.062255,0.06968,1.54212,588.56544,20.23947,1,1,0,0,0,0,0,0,0,0,0,0,0,0,0,0,0,0,0,0,0,0,0,0,0,0,0,0,0,0,0,0,0,0,0,0,0,0,0,0
206,S삶은감자,112,86.24,2.3184,0.0896,19.4768,1.792,8.96,0.728,1.12,0.746666667,0.0448,0.02464,11.1104,42.0672,9.6992,1,1,0,0,0,0,0,0,0,0,0,0,0,0,0,0,0,0,0,0,0,0,0,0,0,0,0,0,0,0,0,0,0,0,0,0,0,0,0,0
207,S삶은고구마,126,212.94,1.3482,0.189,51.5592,5.292,21.42,0.5292,8.82,3.885,0.0756,0.0315,19.3536,89.3214,12.8772,1,1,0,0,0,0,0,0,0,0,0,0,0,0,0,0,0,0,0,0,0,0,0,0,0,0,0,0,0,0,0,0,0,0,0,0,0,0,0,0
208,S새우주먹밥,65.8,214.396,14.03052,3.61003,29.26274,0.2749,862.833,3.78199,873.927,32.3065,0.114959,0.039433,0.2114,628.64535,163.36114,1,1,0,0,0,0,0,0,0,0,0,0,0,0,0,0,0,0,0,0,0,0,0,0,0,0,0,0,0,0,0,0,0,0,0,0,0,0,0,0
209,S새우채소전,68.9,134.974,6.69032,3.68172,17.528,0.98,22.52,0.45028,297.575,41.72,0.03353,0.22897,1.0367,765.87812,327.60028,1,1,0,0,0,0,0,0,0,0,0,0,0,0,0,0,0,0,0,0,0,0,0,0,0,0,0,0,0,0,0,0,0,0,0,0,0,0,0,0
210,S새우크림소스볶음,124.7,167.024,9.28322,11.99608,4.6646,0.1582,100.563,1.10128,354.358,88.55225001,0.021502,0.149964,18.72094,472.33662,52.20005,1,1,0,0,0,0,0,0,0,0,0,0,0,0,0,0,0,0,0,0,0,0,0,0,0,0,0,0,0,0,0,0,0,0,0,0,0,0,0,0
211,S(우유제외)새우크림소스볶음,114.2,126.949,9.75642,7.42158,4.61,0.1582,39.803,1.45128,426.493,9.612666667,0.029342,0.069744,18.27854,292.06072,35.4207,1,1,0,0,0,0,0,0,0,0,0,0,0,0,0,0,0,0,0,0,0,0,0,0,0,0,0,0,0,0,0,0,0,0,0,0,0,0,0,0
212,S새우튀김,61.8,115.581,9.42112,5.09422,6.80576,0.2898,36.679,0.80384,106.149,9.531,0.024344,0.061106,2.14788,955.3551,479.94086,1,1,0,0,0,0,0,0,0,0,0,0,0,0,0,0,0,0,0,0,0,0,0,0,0,0,0,0,0,0,0,0,0,0,0,0,0,0,0,0
213,S소고기주먹밥,75,212.461,5.55026,7.471,29.05918,0.5362,8.737,0.9162,250.373,54.807,0.087176,0.060084,2.00088,1498.87052,177.17028,1,1,0,0,0,0,0,0,0,0,0,0,0,0,0,0,0,0,0,0,0,0,0,0,0,0,0,0,0,0,0,0,0,0,0,0,0,0,0,0
214,S수제감자피자,147.5,170.559,8.63026,7.8644,16.57888,2.667,153.097,0.76328,306.368,13.64933333,0.103108,0.146408,17.83754,881.11002,353.71728,1,1,0,0,0,0,0,0,0,0,0,0,0,0,0,0,0,0,0,0,0,0,0,0,0,0,0,0,0,0,0,0,0,0,0,0,0,0,0,0
215,S수제비,105,283.444,9.33338,0.88382,56.51254,2.667,75.362,0.9723,63.658,34.0865,0.130564,0.034552,2.03938,392.68376,28.7182,1,1,0,0,0,0,0,0,0,0,0,0,0,0,0,0,0,0,0,0,0,0,0,0,0,0,0,0,0,0,0,0,0,0,0,0,0,0,0,0
216,S시금치견과류주먹밥,56,176.967,3.82907,4.48006,29.59804,0.5157,20.957,0.98899,145.003,33.71816667,0.099706,0.094684,8.4,1245.36635,163.96482,1,1,0,0,0,0,0,0,0,0,0,0,0,0,0,0,0,0,0,0,0,0,0,0,0,0,0,0,0,0,0,0,0,0,0,0,0,0,0,0
217,S시금치스프레드식빵피자,133.5,248.427,11.11806,9.85072,28.93136,2.177,157.409,1.0206,542.73,60.85966667,0.139354,0.305448,31.62194,1123.58974,375.34966,1,1,0,0,0,0,0,0,0,0,0,0,0,0,0,0,0,0,0,0,0,0,0,0,0,0,0,0,0,0,0,0,0,0,0,0,0,0,0,0
218,S쌀국수,112,225.89,8.9782,4.6585,37.1644,0.714,20.02,0.9828,975.45,2.66,0.22729,0.09863,3.0457,63.483,5.8576,1,1,0,0,0,0,0,0,0,0,0,0,0,0,0,0,0,0,0,0,0,0,0,0,0,0,0,0,0,0,0,0,0,0,0,0,0,0,0,0
219,S쑥채소전,81.5,136.178,4.84526,4.1174,19.49178,2.2358,30.08,1.66198,122.435,112.5553333,0.070406,0.149982,1.88944,845.40176,354.86066,1,1,0,0,0,0,0,0,0,0,0,0,0,0,0,0,0,0,0,0,0,0,0,0,0,0,0,0,0,0,0,0,0,0,0,0,0,0,0,0
220,S(우유제외)알리오올리오스파게티,51.8,210.658,5.46273,5.71256,34.39261,1.5309,29.463,1.001,28.224,8.181833333,0.03626,0.057274,1.83302,591.07391,78.6156,1,1,0,0,0,0,0,0,0,0,0,0,0,0,0,0,0,0,0,0,0,0,0,0,0,0,0,0,0,0,0,0,0,0,0,0,0,0,0,0
221,S알리오올리오스파게티,50.4,198.226,6.24449,4.22338,33.93789,1.5309,51.947,1.01472,58.212,9.106999999,0.036988,0.066598,1.83302,557.08149,68.01648,1,1,0,0,0,0,0,0,0,0,0,0,0,0,0,0,0,0,0,0,0,0,0,0,0,0,0,0,0,0,0,0,0,0,0,0,0,0,0,0
222,S양념꼬치어묵,33.3,59.924,4.2722,1.13621,8.28192,0.4032,71.08,0.50583,445.041,9.272,0.007761,0.0341,0.59661,454.17239,52.11654,1,1,0,0,0,0,0,0,0,0,0,0,0,0,0,0,0,0,0,0,0,0,0,0,0,0,0,0,0,0,0,0,0,0,0,0,0,0,0,0
223,S양배추치즈전,94.3,163.688,7.45726,5.801,20.2721,1.848,94.928,0.79476,358.77,32.20583333,0.05868,0.35229,4.1139,944.56082,355.53558,1,1,0,0,0,0,0,0,0,0,0,0,0,0,0,0,0,0,0,0,0,0,0,0,0,0,0,0,0,0,0,0,0,0,0,0,0,0,0,0
224,S어묵탕,44.8,47.926,4.36887,1.12592,5.20836,0.2954,78.774,0.58973,454.153,19.99483333,0.012115,0.029256,1.75532,439.14864,57.078,1,1,0,0,0,0,0,0,0,0,0,0,0,0,0,0,0,0,0,0,0,0,0,0,0,0,0,0,0,0,0,0,0,0,0,0,0,0,0,0
225,S연근강정,60.3,126.599,1.43951,4.28594,20.15333,1.4593,12.384,0.34438,120.094,1.61,0.038744,0.074518,10.32328,875.33067,479.36602,1,1,0,0,0,0,0,0,0,0,0,0,0,0,0,0,0,0,0,0,0,0,0,0,0,0,0,0,0,0,0,0,0,0,0,0,0,0,0,0
226,S연근어묵,40.3,65.174,4.3863,1.14111,9.49152,0.6342,73.04,0.56183,446.511,9.272,0.013851,0.04278,2.58111,456.54749,52.53794,1,1,0,0,0,0,0,0,0,0,0,0,0,0,0,0,0,0,0,0,0,0,0,0,0,0,0,0,0,0,0,0,0,0,0,0,0,0,0,0
227,S연근전,52.1,124.04,2.51496,3.0212,20.7004,1.449,14.708,0.35116,271.759,0,0.04158,0.21994,7.9401,675.29602,325.93008,1,1,0,0,0,0,0,0,0,0,0,0,0,0,0,0,0,0,0,0,0,0,0,0,0,0,0,0,0,0,0,0,0,0,0,0,0,0,0,0
228,S연근튀김,53.2,136.71,1.97344,4.3813,21.3087,1.386,23.002,0.41804,189.882,0,0.05124,0.04774,7.938,929.51628,482.89052,1,1,0,0,0,0,0,0,0,0,0,0,0,0,0,0,0,0,0,0,0,0,0,0,0,0,0,0,0,0,0,0,0,0,0,0,0,0,0,0
229,S연두부,98,60.76,4.116,2.744,4.606,0,37.24,1.176,4.9,0,0.1372,0.0196,0,0,0,1,1,0,0,0,0,0,0,0,0,0,0,0,0,0,0,0,0,0,0,0,0,0,0,0,0,0,0,0,0,0,0,0,0,0,0,0,0,0,0
230,S영양주먹밥,74.9,157.22,2.71026,5.07157,24.94702,1.0668,10.829,0.66101,6.209,54.06566667,0.09478,0.072268,3.66702,1596.77154,260.52915,1,1,0,0,0,0,0,0,0,0,0,0,0,0,0,0,0,0,0,0,0,0,0,0,0,0,0,0,0,0,0,0,0,0,0,0,0,0,0,0
231,S오이비빔국수,58.1,164.993,4.78148,0.88291,32.72219,1.0319,12.111,0.42951,669.995,13.37266667,0.050969,0.088644,1.32986,428.98358,17.7445,1,1,0,0,0,0,0,0,0,0,0,0,0,0,0,0,0,0,0,0,0,0,0,0,0,0,0,0,0,0,0,0,0,0,0,0,0,0,0,0
232,S(우유제외)옥수수버터구이,74.2,122.388,4.6284,4.02122,18.28652,0,15.54,1.61,13.132,6.3805,0.056,0.04942,0,172.5591,20.0214,1,1,0,0,0,0,0,0,0,0,0,0,0,0,0,0,0,0,0,0,0,0,0,0,0,0,0,0,0,0,0,0,0,0,0,0,0,0,0,0
233,S옥수수버터구이,74.2,124.362,4.64478,4.42568,17.85602,0,15.372,1.61126,1.12,24.4545,0.056,0.050932,0,63.96558,7.35,1,1,0,0,0,0,0,0,0,0,0,0,0,0,0,0,0,0,0,0,0,0,0,0,0,0,0,0,0,0,0,0,0,0,0,0,0,0,0,0
234,S옥수수빵,84,269.64,6.216,8.568,41.244,2.016,63,1.6296,667.8,30.24,0.20916,0.23184,0.084,0,0,1,1,0,0,0,0,0,0,0,0,0,0,0,0,0,0,0,0,0,0,0,0,0,0,0,0,0,0,0,0,0,0,0,0,0,0,0,0,0,0
235,S옥수수전,80.1,181.72,5.85816,4.5374,28.6874,0.525,22.968,1.30316,284.639,20.86,0.13314,0.29708,0.0021,819.02422,327.63248,1,1,0,0,0,0,0,0,0,0,0,0,0,0,0,0,0,0,0,0,0,0,0,0,0,0,0,0,0,0,0,0,0,0,0,0,0,0,0,0
236,S온도토리묵국,162.4,95.928,2.49333,2.5676,15.64451,0.0259,78.463,1.2019,217.042,15.79491667,0.037961,0.065562,2.00291,875.74753,11.77379,1,1,0,0,0,0,0,0,0,0,0,0,0,0,0,0,0,0,0,0,0,0,0,0,0,0,0,0,0,0,0,0,0,0,0,0,0,0,0,0
237,S온도토리묵밥,169.4,96.908,2.57873,2.569,15.85801,0.0749,79.723,1.2159,217.252,16.15075,0.038101,0.067942,2.79041,876.32083,12.25049,1,1,0,0,0,0,0,0,0,0,0,0,0,0,0,0,0,0,0,0,0,0,0,0,0,0,0,0,0,0,0,0,0,0,0,0,0,0,0,0
238,S온메밀국수,61.8,132.904,4.19756,0.61567,27.39289,1.0094,28.027,0.46531,391.065,3.696666667,0.017934,0.083545,1.54924,256.62983,25.48838,1,1,0,0,0,0,0,0,0,0,0,0,0,0,0,0,0,0,0,0,0,0,0,0,0,0,0,0,0,0,0,0,0,0,0,0,0,0,0,0
239,S완자전,75.7,113.008,7.26488,5.61176,7.67858,0.847,17.624,0.77076,59.343,46.8755,0.149464,0.094542,1.6233,1134.87584,360.94408,1,1,0,0,0,0,0,0,0,0,0,0,0,0,0,0,0,0,0,0,0,0,0,0,0,0,0,0,0,0,0,0,0,0,0,0,0,0,0,0
240,S우동,88.3,151.009,5.15312,3.13672,24.41192,1.4664,62.989,0.78894,273.453,12.708,0.071222,0.081472,1.13924,322.2724,17.7898,1,1,0,0,0,0,0,0,0,0,0,0,0,0,0,0,0,0,0,0,0,0,0,0,0,0,0,0,0,0,0,0,0,0,0,0,0,0,0,0
241,S우엉주먹밥,77.5,161.6,3.13721,1.66641,32.34981,1.3833,16.529,0.69797,107.441,51.95608334,0.089674,0.063058,1.28942,333.95844,161.89891,1,1,0,0,0,0,0,0,0,0,0,0,0,0,0,0,0,0,0,0,0,0,0,0,0,0,0,0,0,0,0,0,0,0,0,0,0,0,0,0
242,S(우유제외)웨지감자구이,105.3,115.64,1.9838,5.1079,15.6226,2.646,10.34,0.569,122.491,6.550833333,0.0588,0.02716,10.2998,296.0951,35.1722,1,1,0,0,0,0,0,0,0,0,0,0,0,0,0,0,0,0,0,0,0,0,0,0,0,0,0,0,0,0,0,0,0,0,0,0,0,0,0,0
243,S웨지감자구이,105.3,118.93,2.0111,5.782,14.9051,2.646,10.06,0.5711,102.471,36.67416667,0.0588,0.02968,10.2998,115.1059,14.0532,1,1,0,0,0,0,0,0,0,0,0,0,0,0,0,0,0,0,0,0,0,0,0,0,0,0,0,0,0,0,0,0,0,0,0,0,0,0,0,0
244,S유부초밥,77.7,268.94,6.97298,12.13338,31.33011,0.5733,86.835,1.61119,328.846,17.42358333,0.095977,0.06195,1.65788,1993.59615,180.47197,1,1,0,0,0,0,0,0,0,0,0,0,0,0,0,0,0,0,0,0,0,0,0,0,0,0,0,0,0,0,0,0,0,0,0,0,0,0,0,0
245,S잔치국수,54.5,154.173,5.26453,1.9853,27.51935,1.0355,54.141,0.73077,625.71,43.52583334,0.056545,0.061626,1.38927,519.35419,174.70839,1,1,0,0,0,0,0,0,0,0,0,0,0,0,0,0,0,0,0,0,0,0,0,0,0,0,0,0,0,0,0,0,0,0,0,0,0,0,0,0
246,S주먹밥,44.7,146.911,2.85752,1.76036,28.56767,0.1272,7.597,0.60183,44.619,14.34641667,0.087428,0.046918,0.62165,614.97402,8.38792,1,1,0,0,0,0,0,0,0,0,0,0,0,0,0,0,0,0,0,0,0,0,0,0,0,0,0,0,0,0,0,0,0,0,0,0,0,0,0,0
247,S짜장떡볶이,98.7,180.579,5.15109,8.50696,20.85916,1.3342,14.371,0.70147,168.987,37.73583334,0.026019,0.121478,4.0432,728.2709,330.85374,1,1,0,0,0,0,0,0,0,0,0,0,0,0,0,0,0,0,0,0,0,0,0,0,0,0,0,0,0,0,0,0,0,0,0,0,0,0,0,0
248,S짜장면,133.1,211.201,9.56434,5.04564,30.3637,1.6982,20.133,0.63116,560.508,2.1635,0.134342,0.072124,1.69204,967.36038,339.25094,1,1,0,0,0,0,0,0,0,0,0,0,0,0,0,0,0,0,0,0,0,0,0,0,0,0,0,0,0,0,0,0,0,0,0,0,0,0,0,0
249,S찐감자,112,89.6,2.3632,0.1008,20.3504,1.792,11.2,0.5376,2.24,0.84,0.0392,0.01792,13.3952,50.1088,11.9504,1,1,0,0,0,0,0,0,0,0,0,0,0,0,0,0,0,0,0,0,0,0,0,0,0,0,0,0,0,0,0,0,0,0,0,0,0,0,0,0
250,S찐고구마,140,236.6,1.498,0.21,57.288,5.88,23.8,0.588,9.8,4.316666666,0.084,0.035,21.504,99.246,14.308,1,1,0,0,0,0,0,0,0,0,0,0,0,0,0,0,0,0,0,0,0,0,0,0,0,0,0,0,0,0,0,0,0,0,0,0,0,0,0,0
251,S찐만두,70,145.6,6.566,4.606,19.453,4.06,45.5,2.17,182.7,7.291666669,0.3136,0.0497,0,751.604,50.05,1,1,0,0,0,0,0,0,0,0,0,0,0,0,0,0,0,0,0,0,0,0,0,0,0,0,0,0,0,0,0,0,0,0,0,0,0,0,0,0
252,S찐밤,42,63.42,1.3776,0.21,14.0238,2.268,6.72,0.3528,0.42,1.015,0.03444,0.0273,6.7116,91.9338,25.494,1,1,0,0,0,0,0,0,0,0,0,0,0,0,0,0,0,0,0,0,0,0,0,0,0,0,0,0,0,0,0,0,0,0,0,0,0,0,0,0
253,S찐빵,84,178.92,5.0064,1.0836,37.2624,4.284,18.48,0.7812,132.72,0.35,0.0126,0.0378,0,296.1924,41.7732,1,1,0,0,0,0,0,0,0,0,0,0,0,0,0,0,0,0,0,0,0,0,0,0,0,0,0,0,0,0,0,0,0,0,0,0,0,0,0,0
254,S찐옥수수,70,92.4,4.62,0.98,17.78,0,14.7,1.61,0.7,2.45,0.056,0.049,0,0,0,1,1,0,0,0,0,0,0,0,0,0,0,0,0,0,0,0,0,0,0,0,0,0,0,0,0,0,0,0,0,0,0,0,0,0,0,0,0,0,0
255,S참나물유부초밥,65.1,226.66,5.20548,8.68,30.2806,0.2394,48.748,1.22472,242.585,25.13933333,0.08932,0.026852,0.28686,1447.9388,176.01234,1,1,0,0,0,0,0,0,0,0,0,0,0,0,0,0,0,0,0,0,0,0,0,0,0,0,0,0,0,0,0,0,0,0,0,0,0,0,0,0
256,S참치밥전,102.2,156.296,10.7814,5.91584,13.57622,0.3556,22.386,2.36502,206.85,58.968,0.038724,0.156086,0.5915,864.77006,327.1849,1,1,0,0,0,0,0,0,0,0,0,0,0,0,0,0,0,0,0,0,0,0,0,0,0,0,0,0,0,0,0,0,0,0,0,0,0,0,0,0
257,S참치주먹밥,72.8,197.176,10.49552,3.71503,28.48574,0.2749,14.433,2.74599,362.927,32.3065,0.089059,0.035233,0.2114,628.64535,163.36114,1,1,0,0,0,0,0,0,0,0,0,0,0,0,0,0,0,0,0,0,0,0,0,0,0,0,0,0,0,0,0,0,0,0,0,0,0,0,0,0
258,S참치채소전,85.4,113.89,9.4752,5.4285,6.02462,0.6244,21.084,2.28942,198.072,63.46433334,0.04081,0.12369,27.50958,818.33038,326.61272,1,1,0,0,0,0,0,0,0,0,0,0,0,0,0,0,0,0,0,0,0,0,0,0,0,0,0,0,0,0,0,0,0,0,0,0,0,0,0,0
259,S채소전,91,112.7,3.30554,3.94142,15.93228,1.9474,21.672,0.62272,22.47,54.88,0.051842,0.102018,8.09214,751.7433,332.5966,1,1,0,0,0,0,0,0,0,0,0,0,0,0,0,0,0,0,0,0,0,0,0,0,0,0,0,0,0,0,0,0,0,0,0,0,0,0,0,0
260,S채소주먹밥,65.1,150.808,2.9533,4.35771,24.7219,0.5908,16.016,0.85729,310.499,87.2445,0.097601,0.088788,3.67913,1452.36875,179.17018,1,1,0,0,0,0,0,0,0,0,0,0,0,0,0,0,0,0,0,0,0,0,0,0,0,0,0,0,0,0,0,0,0,0,0,0,0,0,0,0
261,S채소튀김,67.2,144.69,1.98394,4.4016,23.401,1.372,26.082,0.49014,187.012,37.70083334,0.04557,0.03297,2.9897,937.36608,485.65692,1,1,0,0,0,0,0,0,0,0,0,0,0,0,0,0,0,0,0,0,0,0,0,0,0,0,0,0,0,0,0,0,0,0,0,0,0,0,0,0
262,S충무김밥,37.4,132.111,2.7804,0.46257,28.38962,0,7.409,0.70805,256.143,26.36941667,0.0973,0.04851,1.302,124.86375,1.60221,1,1,0,0,0,0,0,0,0,0,0,0,0,0,0,0,0,0,0,0,0,0,0,0,0,0,0,0,0,0,0,0,0,0,0,0,0,0,0,0
263,S치즈꼬마김밥,74.6,208.625,6.27164,6.00267,31.24169,0.3781,114.64,0.83467,353.507,69.71058334,0.111505,0.089802,2.8126,914.16451,187.71243,1,1,0,0,0,0,0,0,0,0,0,0,0,0,0,0,0,0,0,0,0,0,0,0,0,0,0,0,0,0,0,0,0,0,0,0,0,0,0,0
264,S치즈주먹밥,72.9,193.456,5.08588,5.24003,29.92718,0.336,94.536,0.62773,370.311,44.55491667,0.09811,0.03732,11.9728,605.43791,182.94703,1,1,0,0,0,0,0,0,0,0,0,0,0,0,0,0,0,0,0,0,0,0,0,0,0,0,0,0,0,0,0,0,0,0,0,0,0,0,0,0
265,S칼국수,56.8,116.33,3.64332,0.40555,23.6017,0.9632,42.876,0.42123,445.001,2.878666667,0.022741,0.01667,0.99631,164.97439,15.19336,1,1,0,0,0,0,0,0,0,0,0,0,0,0,0,0,0,0,0,0,0,0,0,0,0,0,0,0,0,0,0,0,0,0,0,0,0,0,0,0
266,S크림떡볶이,109.7,185.434,4.9512,10.341,18.17628,0.6125,49.399,0.26782,314.67,47.43891667,0.052183,0.129048,9.97514,689.9165,56.7735,1,1,0,0,0,0,0,0,0,0,0,0,0,0,0,0,0,0,0,0,0,0,0,0,0,0,0,0,0,0,0,0,0,0,0,0,0,0,0,0
267,S크림소스스파게티,105.9,194.059,5.995,7.36266,26.06988,1.2598,57.873,0.55226,255.362,44.63316667,0.053666,0.121036,5.7814,569.84418,47.05926,1,1,0,0,0,0,0,0,0,0,0,0,0,0,0,0,0,0,0,0,0,0,0,0,0,0,0,0,0,0,0,0,0,0,0,0,0,0,0,0
268,S(우유제외)토마토스파게티,109.2,206.598,6.1782,3.68172,37.46022,1.946,20.72,1.0178,114.912,20.96383333,0.07861,0.08491,0.8232,489.6451,42.3024,1,1,0,0,0,0,0,0,0,0,0,0,0,0,0,0,0,0,0,0,0,0,0,0,0,0,0,0,0,0,0,0,0,0,0,0,0,0,0,0
269,S토마토스파게티,109.2,208.572,6.19458,4.08618,37.02972,1.946,20.552,1.01906,102.9,39.03783333,0.07861,0.086422,0.8232,381.05158,29.631,1,1,0,0,0,0,0,0,0,0,0,0,0,0,0,0,0,0,0,0,0,0,0,0,0,0,0,0,0,0,0,0,0,0,0,0,0,0,0,0
270,S톳채소튀김,91,177.562,4.39404,4.1293,29.65382,1.6086,54.824,0.99764,266.686,71.911,0.073402,0.112784,2.44384,843.0366,336.33712,1,1,0,0,0,0,0,0,0,0,0,0,0,0,0,0,0,0,0,0,0,0,0,0,0,0,0,0,0,0,0,0,0,0,0,0,0,0,0,0
271,S파래전,33.6,89.124,1.95216,2.98144,13.10316,0.714,13.104,0.6762,149.156,0,0.054376,0.167776,5.04168,643.82584,326.68244,1,1,0,0,0,0,0,0,0,0,0,0,0,0,0,0,0,0,0,0,0,0,0,0,0,0,0,0,0,0,0,0,0,0,0,0,0,0,0,0
272,S파프리카유부초밥,80.8,223.498,6.7069,6.9674,32.07808,0.4284,67.826,1.48598,243.127,27.398,0.096054,0.034944,7.27468,68.06344,36.20461,1,1,0,0,0,0,0,0,0,0,0,0,0,0,0,0,0,0,0,0,0,0,0,0,0,0,0,0,0,0,0,0,0,0,0,0,0,0,0,0
273,S해물볶음우동,126.8,166.8,6.64737,2.57912,29.38279,2.9883,14.645,0.41682,392.018,14.18366667,0.086126,0.124666,3.31674,671.43517,174.38484,1,1,0,0,0,0,0,0,0,0,0,0,0,0,0,0,0,0,0,0,0,0,0,0,0,0,0,0,0,0,0,0,0,0,0,0,0,0,0,0
274,S해물파전,88.2,103.32,7.59108,4.23794,8.08122,0.7896,47.712,1.9985,121.254,66.6155,0.03598,0.189868,3.97124,761.05302,332.45996,1,1,0,0,0,0,0,0,0,0,0,0,0,0,0,0,0,0,0,0,0,0,0,0,0,0,0,0,0,0,0,0,0,0,0,0,0,0,0,0
275,S후리가케주먹밥,63,166.25,2.90486,1.89252,33.08634,0.4382,13.146,0.58618,1334.284,20.58933333,0.104734,0.103138,2.04484,290.43952,159.70444,1,1,0,0,0,0,0,0,0,0,0,0,0,0,0,0,0,0,0,0,0,0,0,0,0,0,0,0,0,0,0,0,0,0,0,0,0,0,0,0
276,S거봉(100g),100,61,0.43,0.04,16.38,0.4,4,0.17,1,2.166666667,0.026,0.047,0.13,11.89,6.09,1,0,0,1,0,0,0,0,0,0,0,0,0,0,0,0,0,0,0,0,0,0,0,0,0,0,0,0,0,0,0,0,0,0,0,0,0,0,0,0
277,S귤(50g),50,19.5,0.35,0.05,4.95,0,6.5,0,5.5,0.208333334,0.065,0.02,22,0,0,1,0,0,1,0,0,0,0,0,0,0,0,0,0,0,0,0,0,0,0,0,0,0,0,0,0,0,0,0,0,0,0,0,0,0,0,0,0,0,0
278,S귤(80g),80,31.2,0.56,0.08,7.92,0,10.4,0,8.8,0.333333334,0.104,0.032,35.2,0,0,1,0,0,1,0,0,0,0,0,0,0,0,0,0,0,0,0,0,0,0,0,0,0,0,0,0,0,0,0,0,0,0,0,0,0,0,0,0,0,0
279,S단감(50g),50,25.5,0.205,0.02,6.83,3.2,3,0.075,0,3.375,0.0285,0.0255,6.975,0,5.105,1,0,0,1,0,0,0,0,0,0,0,0,0,0,0,0,0,0,0,0,0,0,0,0,0,0,0,0,0,0,0,0,0,0,0,0,0,0,0,0
280,S딸기(100g),100,36,0.8,0.2,8.9,0,7,0.4,13,0,0.03,0.02,71,0,0,1,0,0,1,0,0,0,0,0,0,0,0,0,0,0,0,0,0,0,0,0,0,0,0,0,0,0,0,0,0,0,0,0,0,0,0,0,0,0,0
281,S멜론(100g),100,40,1.5,0.04,9.64,2,7,0.34,13,2.416666667,0.032,0.033,2.02,5.27,10.67,1,0,0,1,0,0,0,0,0,0,0,0,0,0,0,0,0,0,0,0,0,0,0,0,0,0,0,0,0,0,0,0,0,0,0,0,0,0,0,0
282,S멜론(50g),50,20,0.75,0.02,4.82,1,3.5,0.17,6.5,1.208333334,0.016,0.0165,1.01,2.635,5.335,1,0,0,1,0,0,0,0,0,0,0,0,0,0,0,0,0,0,0,0,0,0,0,0,0,0,0,0,0,0,0,0,0,0,0,0,0,0,0,0
283,S멜론(75g),75,30,1.125,0.03,7.23,1.5,5.25,0.255,9.75,1.8125,0.024,0.02475,1.515,3.9525,8.0025,1,0,0,1,0,0,0,0,0,0,0,0,0,0,0,0,0,0,0,0,0,0,0,0,0,0,0,0,0,0,0,0,0,0,0,0,0,0,0,0
284,S바나나(100g),100,84,1.1,0.1,21.94,1.9,7,0.29,0,2.083333333,0.049,0.075,5.94,24.75,9.76,1,0,0,1,0,0,0,0,0,0,0,0,0,0,0,0,0,0,0,0,0,0,0,0,0,0,0,0,0,0,0,0,0,0,0,0,0,0,0,0
285,S바나나(50g),50,42,0.55,0.05,10.97,0.95,3.5,0.145,0,1.041666667,0.0245,0.0375,2.97,12.375,4.88,1,0,0,1,0,0,0,0,0,0,0,0,0,0,0,0,0,0,0,0,0,0,0,0,0,0,0,0,0,0,0,0,0,0,0,0,0,0,0,0
286,S방울토마토(35g),35,8.75,0.35,0.0455,2.107,0.735,3.5,0.1295,1.75,20.825,0.0077,0.03045,3.9795,21.644,2.4535,1,0,0,1,0,0,0,0,0,0,0,0,0,0,0,0,0,0,0,0,0,0,0,0,0,0,0,0,0,0,0,0,0,0,0,0,0,0,0,0
287,S방울토마토(70g),70,17.5,0.7,0.091,4.214,1.47,7,0.259,3.5,41.65,0.0154,0.0609,7.959,43.288,4.907,1,0,0,1,0,0,0,0,0,0,0,0,0,0,0,0,0,0,0,0,0,0,0,0,0,0,0,0,0,0,0,0,0,0,0,0,0,0,0,0
288,S배(100g),100,46,0.3,0.04,12.35,1.4,1,0.05,0,0,0.016,0.049,2.76,18.27,1.16,1,0,0,1,0,0,0,0,0,0,0,0,0,0,0,0,0,0,0,0,0,0,0,0,0,0,0,0,0,0,0,0,0,0,0,0,0,0,0,0
289,S배(50g),50,23,0.15,0.02,6.175,0.7,0.5,0.025,0,0,0.008,0.0245,1.38,9.135,0.58,1,0,0,1,0,0,0,0,0,0,0,0,0,0,0,0,0,0,0,0,0,0,0,0,0,0,0,0,0,0,0,0,0,0,0,0,0,0,0,0
290,S복숭아(60g),60,19.2,0.558,0.03,4.71,2.28,3.6,0.114,0,4.7,0.0168,0.0108,1.014,10.632,3.378,1,0,0,1,0,0,0,0,0,0,0,0,0,0,0,0,0,0,0,0,0,0,0,0,0,0,0,0,0,0,0,0,0,0,0,0,0,0,0,0
291,S복숭아(80g),80,25.6,0.744,0.04,6.28,3.04,4.8,0.152,0,6.266666666,0.0224,0.0144,1.352,14.176,4.504,1,0,0,1,0,0,0,0,0,0,0,0,0,0,0,0,0,0,0,0,0,0,0,0,0,0,0,0,0,0,0,0,0,0,0,0,0,0,0,0
292,S복숭아(백도)-60g,60,29.4,0.354,0.024,7.86,1.56,2.4,0.066,0,0.15,0.0132,0.0138,1.26,6.39,5.208,1,0,0,1,0,0,0,0,0,0,0,0,0,0,0,0,0,0,0,0,0,0,0,0,0,0,0,0,0,0,0,0,0,0,0,0,0,0,0,0
293,S복숭아(백도)-80g,80,39.2,0.472,0.032,10.48,2.08,3.2,0.088,0,0.2,0.0176,0.0184,1.68,8.52,6.944,1,0,0,1,0,0,0,0,0,0,0,0,0,0,0,0,0,0,0,0,0,0,0,0,0,0,0,0,0,0,0,0,0,0,0,0,0,0,0,0
294,S복숭아(천도)-60g,60,19.2,0.558,0.03,4.71,2.28,3.6,0.114,0,4.7,0.0168,0.0108,1.014,10.632,3.378,1,0,0,1,0,0,0,0,0,0,0,0,0,0,0,0,0,0,0,0,0,0,0,0,0,0,0,0,0,0,0,0,0,0,0,0,0,0,0,0
295,S복숭아(천도)-80g,80,25.6,0.744,0.04,6.28,3.04,4.8,0.152,0,6.266666666,0.0224,0.0144,1.352,14.176,4.504,1,0,0,1,0,0,0,0,0,0,0,0,0,0,0,0,0,0,0,0,0,0,0,0,0,0,0,0,0,0,0,0,0,0,0,0,0,0,0,0
296,S복숭아(황도)-60g,60,29.4,0.24,0.024,7.818,2.58,3,0.054,1.2,5.25,0.0108,0.0132,1.002,6.45,3.756,1,0,0,1,0,0,0,0,0,0,0,0,0,0,0,0,0,0,0,0,0,0,0,0,0,0,0,0,0,0,0,0,0,0,0,0,0,0,0,0
297,S복숭아(황도)-80g,80,39.2,0.32,0.032,10.424,3.44,4,0.072,1.6,7,0.0144,0.0176,1.336,8.6,5.008,1,0,0,1,0,0,0,0,0,0,0,0,0,0,0,0,0,0,0,0,0,0,0,0,0,0,0,0,0,0,0,0,0,0,0,0,0,0,0,0
298,S블루베리(50g),50,24,0.275,0.045,6.285,1.5,4.5,0.115,0,1.083333334,0.0085,0.0655,0,16.125,8.25,1,0,0,1,0,0,0,0,0,0,0,0,0,0,0,0,0,0,0,0,0,0,0,0,0,0,0,0,0,0,0,0,0,0,0,0,0,0,0,0
299,S사과(100g),100,53,0.2,0.03,14.36,2.7,4,0.1,0,2.083333333,0,0.019,1.41,14.92,1.09,1,0,0,1,0,0,0,0,0,0,0,0,0,0,0,0,0,0,0,0,0,0,0,0,0,0,0,0,0,0,0,0,0,0,0,0,0,0,0,0
300,S사과(35g),35,18.55,0.07,0.0105,5.026,0.945,1.4,0.035,0,0.729166667,0,0.00665,0.4935,5.222,0.3815,1,0,0,1,0,0,0,0,0,0,0,0,0,0,0,0,0,0,0,0,0,0,0,0,0,0,0,0,0,0,0,0,0,0,0,0,0,0,0,0
301,S사과(50g),50,26.5,0.1,0.015,7.18,1.35,2,0.05,0,1.041666667,0,0.0095,0.705,7.46,0.545,1,0,0,1,0,0,0,0,0,0,0,0,0,0,0,0,0,0,0,0,0,0,0,0,0,0,0,0,0,0,0,0,0,0,0,0,0,0,0,0
302,S사과(75g),75,39.75,0.15,0.0225,10.77,2.025,3,0.075,0,1.5625,0,0.01425,1.0575,11.19,0.8175,1,0,0,1,0,0,0,0,0,0,0,0,0,0,0,0,0,0,0,0,0,0,0,0,0,0,0,0,0,0,0,0,0,0,0,0,0,0,0,0
303,S수박(100g),100,31,0.79,0.05,7.83,0.2,6,0.18,0,71.08333333,0.024,0.03,0,13.86,2.93,1,0,0,1,0,0,0,0,0,0,0,0,0,0,0,0,0,0,0,0,0,0,0,0,0,0,0,0,0,0,0,0,0,0,0,0,0,0,0,0
304,S오렌지(100g),100,44,0.9,0.1,11.2,0,33,0.2,1,7.5,0.11,0.02,43,0,0,1,0,0,1,0,0,0,0,0,0,0,0,0,0,0,0,0,0,0,0,0,0,0,0,0,0,0,0,0,0,0,0,0,0,0,0,0,0,0,0
305,S오렌지(50g),50,22,0.45,0.05,5.6,0,16.5,0.1,0.5,3.75,0.055,0.01,21.5,0,0,1,0,0,1,0,0,0,0,0,0,0,0,0,0,0,0,0,0,0,0,0,0,0,0,0,0,0,0,0,0,0,0,0,0,0,0,0,0,0,0
306,S자두(50g),50,13,0.25,0.3,2.65,0,1.5,0.1,0.5,0,0.02,0.015,2.5,0,0,1,0,0,1,0,0,0,0,0,0,0,0,0,0,0,0,0,0,0,0,0,0,0,0,0,0,0,0,0,0,0,0,0,0,0,0,0,0,0,0
307,S참외(100g),100,47,1.57,0.29,11.01,1.7,6,0.26,2,0.5,0.006,0.08,1.99,167.43,9.08,1,0,0,1,0,0,0,0,0,0,0,0,0,0,0,0,0,0,0,0,0,0,0,0,0,0,0,0,0,0,0,0,0,0,0,0,0,0,0,0
308,S참외(50g),50,23.5,0.785,0.145,5.505,0.85,3,0.13,1,0.25,0.003,0.04,0.995,83.715,4.54,1,0,0,1,0,0,0,0,0,0,0,0,0,0,0,0,0,0,0,0,0,0,0,0,0,0,0,0,0,0,0,0,0,0,0,0,0,0,0,0
309,S청포도(100g),100,48,0.3,0.2,12.6,0,5,0.3,2,0.916666667,0.06,0.01,2,0,0,1,0,0,1,0,0,0,0,0,0,0,0,0,0,0,0,0,0,0,0,0,0,0,0,0,0,0,0,0,0,0,0,0,0,0,0,0,0,0,0
310,S키위(100g),100,64,0.8,1,14.8,0,30,1,2,2.083333333,0.13,0.03,72,0,0,1,0,0,1,0,0,0,0,0,0,0,0,0,0,0,0,0,0,0,0,0,0,0,0,0,0,0,0,0,0,0,0,0,0,0,0,0,0,0,0
311,S키위(50g),50,32,0.4,0.5,7.4,0,15,0.5,1,1.041666667,0.065,0.015,36,0,0,1,0,0,1,0,0,0,0,0,0,0,0,0,0,0,0,0,0,0,0,0,0,0,0,0,0,0,0,0,0,0,0,0,0,0,0,0,0,0,0
312,S토마토(100g),100,19,1.03,0.18,4.26,2.6,9,0.19,2,31.66666667,0.013,0.037,14.16,91.46,6.61,1,0,0,1,0,0,0,0,0,0,0,0,0,0,0,0,0,0,0,0,0,0,0,0,0,0,0,0,0,0,0,0,0,0,0,0,0,0,0,0
313,S토마토(200g),200,38,2.06,0.36,8.52,5.2,18,0.38,4,63.33333334,0.026,0.074,28.32,182.92,13.22,1,0,0,1,0,0,0,0,0,0,0,0,0,0,0,0,0,0,0,0,0,0,0,0,0,0,0,0,0,0,0,0,0,0,0,0,0,0,0,0
314,S파인애플(50g),50,26.5,0.23,0.02,7.16,1.25,8,0.045,0,2.583333334,0.026,0.0435,22.715,3.69,3.715,1,0,0,1,0,0,0,0,0,0,0,0,0,0,0,0,0,0,0,0,0,0,0,0,0,0,0,0,0,0,0,0,0,0,0,0,0,0,0,0
315,S포도(100g),100,60,0.66,0.04,15.1,1.1,3,0.11,2,3.25,0.063,0.051,0.12,10.83,5.34,1,0,0,1,0,0,0,0,0,0,0,0,0,0,0,0,0,0,0,0,0,0,0,0,0,0,0,0,0,0,0,0,0,0,0,0,0,0,0,0
316,S고구마쉐이크,190,175.5,4.847,4.723,28.202,2.1,166.7,0.28,53.9,78.54166667,0.0594,0.2393,8.786,138.737,15.75,1,0,1,0,0,0,0,0,0,0,0,0,0,0,0,0,0,0,0,0,0,0,0,0,0,0,0,0,0,0,0,0,0,0,0,0,0,0,0,0
317,S(우유제외)고구마쉐이크,190,182.5,6.695,5.115,27.04,2.1,32.3,1.19,192.5,1.541666667,0.086,0.0685,7.68,35.445,5.11,1,0,1,0,0,0,0,0,0,0,0,0,0,0,0,0,0,0,0,0,0,0,0,0,0,0,0,0,0,0,0,0,0,0,0,0,0,0,0,0
318,S떠먹는요구르트(100ml),100,70,5.18,3.84,3.36,1,141,0.03,46,59,0.021,0.145,1.32,78,12.77,1,0,1,0,0,0,0,0,0,0,0,0,0,0,0,0,0,0,0,0,0,0,0,0,0,0,0,0,0,0,0,0,0,0,0,0,0,0,0,0
319,S바나나쉐이크,250,181.5,5.72,5.08,30.235,1.9,176.5,0.365,54,84.58333333,0.0805,0.318,7.125,135.42,21.16,1,0,1,0,0,0,0,0,0,0,0,0,0,0,0,0,0,0,0,0,0,0,0,0,0,0,0,0,0,0,0,0,0,0,0,0,0,0,0,0
320,S(우유제외)바나나쉐이크,250,189,7.7,5.5,28.99,1.9,32.5,1.34,202.5,2.083333333,0.109,0.135,5.94,24.75,9.76,1,0,1,0,0,0,0,0,0,0,0,0,0,0,0,0,0,0,0,0,0,0,0,0,0,0,0,0,0,0,0,0,0,0,0,0,0,0,0,0
321,S복숭아호두스무디,185,138.6,4.3255,6.9515,16.406,2.415,120.25,0.2625,36.15,55.30833333,0.04095,0.1945,2.47,2154.785,587.6135,1,0,1,0,0,0,0,0,0,0,0,0,0,0,0,0,0,0,0,0,0,0,0,0,0,0,0,0,0,0,0,0,0,0,0,0,0,0,0,0
322,S(우유제외)복숭아호두스무디,185,143.6,5.6455,7.2315,15.576,2.415,24.25,0.9125,135.15,0.308333333,0.05995,0.0725,1.68,2081.005,580.0135,1,0,1,0,0,0,0,0,0,0,0,0,0,0,0,0,0,0,0,0,0,0,0,0,0,0,0,0,0,0,0,0,0,0,0,0,0,0,0,0
323,S블루베리바나나쉐이크,230,213,5.617,10.633,27.028,3.61,130.7,0.611,36.3,57.76666667,0.0653,0.3138,4.354,4252.95,1169.495,1,0,1,0,0,0,0,0,0,0,0,0,0,0,0,0,0,0,0,0,0,0,0,0,0,0,0,0,0,0,0,0,0,0,0,0,0,0,0,0
324,S(우유제외)블루베리바나나쉐이크,230,225,5.937,10.463,30.258,5.01,136.7,1.081,65.3,2.766666667,0.0673,0.1698,3.904,5698.69,1314.585,1,0,1,0,0,0,0,0,0,0,0,0,0,0,0,0,0,0,0,0,0,0,0,0,0,0,0,0,0,0,0,0,0,0,0,0,0,0,0,0
325,S수제딸기우유,250,148,6.56,6.74,15.51,0,229.5,0.3,78.5,110,0.057,0.334,37.08,147.56,15.2,1,0,1,0,0,0,0,0,0,0,0,0,0,0,0,0,0,0,0,0,0,0,0,0,0,0,0,0,0,0,0,0,0,0,0,0,0,0,0,0
326,S(우유제외)수제딸기두유,250,158,9.2,7.3,13.85,0,37.5,1.6,276.5,0,0.095,0.09,35.5,0,0,1,0,1,0,0,0,0,0,0,0,0,0,0,0,0,0,0,0,0,0,0,0,0,0,0,0,0,0,0,0,0,0,0,0,0,0,0,0,0,0
327,S수제바나나우유,150,107,3.63,3.37,16.5,0.95,116.5,0.195,36,56.04166667,0.0455,0.1995,3.76,86.155,12.48,1,0,1,0,0,0,0,0,0,0,0,0,0,0,0,0,0,0,0,0,0,0,0,0,0,0,0,0,0,0,0,0,0,0,0,0,0,0,0,0
328,S(우유제외)수제바나나두유,150,112,4.95,3.65,15.67,0.95,20.5,0.845,135,1.041666667,0.0645,0.0775,2.97,12.375,4.88,1,0,1,0,0,0,0,0,0,0,0,0,0,0,0,0,0,0,0,0,0,0,0,0,0,0,0,0,0,0,0,0,0,0,0,0,0,0,0,0
329,S수제블루베리바나나우유,190,120.3,4.895,5.017,14.26,1.09,172.9,0.173,54,83.35833333,0.0415,0.2898,1.779,122.82,17.326,1,0,1,0,0,0,0,0,0,0,0,0,0,0,0,0,0,0,0,0,0,0,0,0,0,0,0,0,0,0,0,0,0,0,0,0,0,0,0,0
330,S(우유제외)수제블루베리바나나우유,190,151.8,5.09,5.692,20.77,2.44,37.9,0.728,115.5,0.858333333,0.1015,0.0753,0.819,2275.575,272.206,1,0,1,0,0,0,0,0,0,0,0,0,0,0,0,0,0,0,0,0,0,0,0,0,0,0,0,0,0,0,0,0,0,0,0,0,0,0,0,0
331,S수제블루베리우유,275,166,6.5725,6.7075,20.4875,2.25,232.75,0.2725,72,111.625,0.05475,0.42225,1.58,171.7475,27.575,1,0,1,0,0,0,0,0,0,0,0,0,0,0,0,0,0,0,0,0,0,0,0,0,0,0,0,0,0,0,0,0,0,0,0,0,0,0,0,0
332,S(우유제외)수제블루베리우유,275,190,7.2125,6.3675,26.9475,5.05,244.75,1.2125,130,1.625,0.05875,0.13425,0.68,3063.2275,317.755,1,0,1,0,0,0,0,0,0,0,0,0,0,0,0,0,0,0,0,0,0,0,0,0,0,0,0,0,0,0,0,0,0,0,0,0,0,0,0,0
333,S요구르트,80,52,1.032,0.016,12.184,0.48,36,0.016,13.6,0,0.012,0.0512,0.368,0.536,0,1,0,1,0,0,0,0,0,0,0,0,0,0,0,0,0,0,0,0,0,0,0,0,0,0,0,0,0,0,0,0,0,0,0,0,0,0,0,0,0
334,S우유(100ml),100,65,3.08,3.32,5.53,0,113,0.05,36,55,0.021,0.162,0.79,73.78,7.6,1,0,1,0,0,0,0,0,0,0,0,0,0,0,0,0,0,0,0,0,0,0,0,0,0,0,0,0,0,0,0,0,0,0,0,0,0,0,0,0
335,S우유(150ml),150,97.5,4.62,4.98,8.295,0,169.5,0.075,54,82.5,0.0315,0.243,1.185,110.67,11.4,1,0,1,0,0,0,0,0,0,0,0,0,0,0,0,0,0,0,0,0,0,0,0,0,0,0,0,0,0,0,0,0,0,0,0,0,0,0,0,0
336,S우유(200ml),200,130,6.16,6.64,11.06,0,226,0.1,72,110,0.042,0.324,1.58,147.56,15.2,1,0,1,0,0,0,0,0,0,0,0,0,0,0,0,0,0,0,0,0,0,0,0,0,0,0,0,0,0,0,0,0,0,0,0,0,0,0,0,0
337,S고칼슘우유(100ml),100,63,2.98,2.77,6.53,0,205,1.19,37,171,0.163,0.134,0.46,64.38,6.19,1,0,1,0,0,0,0,0,0,0,0,0,0,0,0,0,0,0,0,0,0,0,0,0,0,0,0,0,0,0,0,0,0,0,0,0,0,0,0,0
338,S고칼슘우유(150ml),150,94.5,4.47,4.155,9.795,0,307.5,1.785,55.5,256.5,0.2445,0.201,0.69,96.57,9.285,1,0,1,0,0,0,0,0,0,0,0,0,0,0,0,0,0,0,0,0,0,0,0,0,0,0,0,0,0,0,0,0,0,0,0,0,0,0,0,0
339,S고칼슘우유(200ml),200,126,5.96,5.54,13.06,0,410,2.38,74,342,0.326,0.268,0.92,128.76,12.38,1,0,1,0,0,0,0,0,0,0,0,0,0,0,0,0,0,0,0,0,0,0,0,0,0,0,0,0,0,0,0,0,0,0,0,0,0,0,0,0
340,S우유미숫가루,167.5,166.875,6.798,5.80225,22.2195,1.92,177.7,0.67675,54.925,82.5,0.0357,0.3288,1.185,506.1225,76.9005,1,0,1,0,0,0,0,0,0,0,0,0,0,0,0,0,0,0,0,0,0,0,0,0,0,0,0,0,0,0,0,0,0,0,0,0,0,0,0,0
341,S(우유제외)두유미숫가루,167.5,174.375,8.778,6.22225,20.9745,1.92,33.7,1.65175,203.425,0,0.0642,0.1458,0,395.4525,65.5005,1,0,1,0,0,0,0,0,0,0,0,0,0,0,0,0,0,0,0,0,0,0,0,0,0,0,0,0,0,0,0,0,0,0,0,0,0,0,0,0
342,S고칼슘두유(190ml),190,130.91,6.042,5.035,0,0,201.4,0.7144,285,0,0.323,0.323,20.9,0,0,1,0,1,0,0,0,0,0,0,0,0,0,0,0,0,0,0,0,0,0,0,0,0,0,0,0,0,0,0,0,0,0,0,0,0,0,0,0,0,0
343,S토마토쉐이크,168,74.64,1.8332,0.2121,17.7205,3.232,32.87,0.2387,10.87,34.83333334,0.02537,0.10399,15.9212,101.9199,7.385,1,0,1,0,0,0,0,0,0,0,0,0,0,0,0,0,0,0,0,0,0,0,0,0,0,0,0,0,0,0,0,0,0,0,0,0,0,0,0,0
344,S호두두부쉐이크,130,144.55,7.0855,8.108,11.318,1.495,120.25,0.787,29.4,44.10833333,0.03195,0.245,0.632,3085.825,734.1775,1,0,1,0,0,0,0,0,0,0,0,0,0,0,0,0,0,0,0,0,0,0,0,0,0,0,0,0,0,0,0,0,0,0,0,0,0,0,0,0
345,S(우유제외)호두두부쉐이크,130,148.55,8.1415,8.332,10.654,1.495,43.45,1.307,108.6,0.108333333,0.04715,0.1474,0,3026.801,728.0975,1,0,1,0,0,0,0,0,0,0,0,0,0,0,0,0,0,0,0,0,0,0,0,0,0,0,0,0,0,0,0,0,0,0,0,0,0,0,0,0
346,S호두우유,205,163.55,6.96,10.06,11.585,0,229.95,0.265,74.35,110.0958333,0.0515,0.3385,1.58,147.56,15.2,1,0,1,0,0,0,0,0,0,0,0,0,0,0,0,0,0,0,0,0,0,0,0,0,0,0,0,0,0,0,0,0,0,0,0,0,0,0,0,0
347,S(우유제외)호두두유,205,173.55,9.6,10.62,9.925,0,37.95,1.565,272.35,0.095833333,0.0895,0.0945,0,0,0,1,0,1,0,0,0,0,0,0,0,0,0,0,0,0,0,0,0,0,0,0,0,0,0,0,0,0,0,0,0,0,0,0,0,0,0,0,0,0,0
348,S검은깨두유(100ml),100,77,3.4,3.15,8.76,1.4,119,0.52,65,0,0.023,0.018,0.34,1519.52,152.69,1,0,1,0,0,0,0,0,0,0,0,0,0,0,0,0,0,0,0,0,0,0,0,0,0,0,0,0,0,0,0,0,0,0,0,0,0,0,0,0
349,S검은깨두유(150ml),150,115.5,5.1,4.725,13.14,2.1,178.5,0.78,97.5,0,0.0345,0.027,0.51,2279.28,229.035,1,0,1,0,0,0,0,0,0,0,0,0,0,0,0,0,0,0,0,0,0,0,0,0,0,0,0,0,0,0,0,0,0,0,0,0,0,0,0,0
350,S검은깨두유(200ml),200,154,6.8,6.3,17.52,2.8,238,1.04,130,0,0.046,0.036,0.68,3039.04,305.38,1,0,1,0,0,0,0,0,0,0,0,0,0,0,0,0,0,0,0,0,0,0,0,0,0,0,0,0,0,0,0,0,0,0,0,0,0,0,0,0
351,S검은콩두유(100ml),100,86,3.21,3.77,9.87,0.9,23,0.42,77,0,0.061,0.019,0.15,1508.95,177.52,1,0,1,0,0,0,0,0,0,0,0,0,0,0,0,0,0,0,0,0,0,0,0,0,0,0,0,0,0,0,0,0,0,0,0,0,0,0,0,0
352,S검은콩두유(150ml),150,129,4.815,5.655,14.805,1.35,34.5,0.63,115.5,0,0.0915,0.0285,0.225,2263.425,266.28,1,0,1,0,0,0,0,0,0,0,0,0,0,0,0,0,0,0,0,0,0,0,0,0,0,0,0,0,0,0,0,0,0,0,0,0,0,0,0,0
353,S검은콩두유(200ml),200,172,6.42,7.54,19.74,1.8,46,0.84,154,0,0.122,0.038,0.3,3017.9,355.04,1,0,1,0,0,0,0,0,0,0,0,0,0,0,0,0,0,0,0,0,0,0,0,0,0,0,0,0,0,0,0,0,0,0,0,0,0,0,0,0
354,S두유(100ml),100,70,4.4,3.6,4.7,0,17,0.7,135,0,0.04,0.04,0,0,0,1,0,1,0,0,0,0,0,0,0,0,0,0,0,0,0,0,0,0,0,0,0,0,0,0,0,0,0,0,0,0,0,0,0,0,0,0,0,0,0
355,S두유(150ml),150,105,6.6,5.4,7.05,0,25.5,1.05,202.5,0,0.06,0.06,0,0,0,1,0,1,0,0,0,0,0,0,0,0,0,0,0,0,0,0,0,0,0,0,0,0,0,0,0,0,0,0,0,0,0,0,0,0,0,0,0,0,0
356,S두유(200ml),200,140,8.8,7.2,9.4,0,34,1.4,270,0,0.08,0.08,0,0,0,1,0,1,0,0,0,0,0,0,0,0,0,0,0,0,0,0,0,0,0,0,0,0,0,0,0,0,0,0,0,0,0,0,0,0,0,0,0,0,0
357,S베지밀,200,140,8.8,7.2,9.4,0,34,1.4,270,0,0.08,0.08,0,0,0,1,0,1,0,0,0,0,0,0,0,0,0,0,0,0,0,0,0,0,0,0,0,0,0,0,0,0,0,0,0,0,0,0,0,0,0,0,0,0,0
358,S콩두유,200,114,9.68,5.14,7.48,2.2,54,1.24,310,0,0.022,0.078,0.04,2747.72,475.7,1,0,1,0,0,0,0,0,0,0,0,0,0,0,0,0,0,0,0,0,0,0,0,0,0,0,0,0,0,0,0,0,0,0,0,0,0,0,0,0
359,S삶은달걀(30g),30,42.9,4.182,2.391,0.657,0,15.6,0.531,42,16.925,0.0219,0.1665,0,347.937,9.456,1,1,0,0,0,0,0,0,0,0,0,0,0,0,0,0,0,0,0,0,0,0,0,0,0,0,0,0,0,0,0,0,0,0,0,0,0,0,0,0
360,S삶은달걀(50g),50,71.5,6.97,3.985,1.095,0,26,0.885,70,28.20833334,0.0365,0.2775,0,579.895,15.76,1,1,0,0,0,0,0,0,0,0,0,0,0,0,0,0,0,0,0,0,0,0,0,0,0,0,0,0,0,0,0,0,0,0,0,0,0,0,0,0
361,S개피떡(40g),40,82.8,1.72,0.32,18.24,0,6.8,0.48,62,0,0.02,0.016,0,0,0,1,1,0,0,0,0,0,0,0,0,0,0,0,0,0,0,0,0,0,0,0,0,0,0,0,0,0,0,0,0,0,0,0,0,0,0,0,0,0,0
362,S무지개떡(40g),40,91.6,1.4,0.12,21.2,0.08,4,0.56,110.8,0.433333333,0.016,0.016,0,0,0,1,1,0,0,0,0,0,0,0,0,0,0,0,0,0,0,0,0,0,0,0,0,0,0,0,0,0,0,0,0,0,0,0,0,0,0,0,0,0,0
363,S바람떡(40g),40,82.8,1.72,0.32,18.24,0,6.8,0.48,62,0,0.02,0.016,0,0,0,1,1,0,0,0,0,0,0,0,0,0,0,0,0,0,0,0,0,0,0,0,0,0,0,0,0,0,0,0,0,0,0,0,0,0,0,0,0,0,0
364,S밤설기(40g),40,91.2,1.44,0.16,21,0.24,2.8,0.56,115.6,0,0.012,0,0.4,0,0,1,1,0,0,0,0,0,0,0,0,0,0,0,0,0,0,0,0,0,0,0,0,0,0,0,0,0,0,0,0,0,0,0,0,0,0,0,0,0,0
365,S백설기(80g),80,182.4,2.88,0.32,42,0.48,5.6,1.12,231.2,0,0.024,0,0.8,0,0,1,1,0,0,0,0,0,0,0,0,0,0,0,0,0,0,0,0,0,0,0,0,0,0,0,0,0,0,0,0,0,0,0,0,0,0,0,0,0,0
366,S보리떡(40g),40,125.6,10.64,1.92,23.4,0,171.6,2.56,112.8,43.66666668,2.304,1.584,18.8,0,0,1,1,0,0,0,0,0,0,0,0,0,0,0,0,0,0,0,0,0,0,0,0,0,0,0,0,0,0,0,0,0,0,0,0,0,0,0,0,0,0
367,S송편(40g),40,89.6,2.36,1.096,17.604,0.44,12.4,0.284,69.2,0,0.0104,0.0144,0,501.404,72.712,1,1,0,0,0,0,0,0,0,0,0,0,0,0,0,0,0,0,0,0,0,0,0,0,0,0,0,0,0,0,0,0,0,0,0,0,0,0,0,0
368,S수리취떡(40g),40,82.4,1.8,0.32,18.08,0,9.6,0.72,62.8,0.366666667,0.02,0.016,0,0,0,1,1,0,0,0,0,0,0,0,0,0,0,0,0,0,0,0,0,0,0,0,0,0,0,0,0,0,0,0,0,0,0,0,0,0,0,0,0,0,0
369,S쑥떡(40g),44,87.48,1.612,0.2112,19.8976,0.636,8.36,0.3936,88.12,13.84333333,0.00472,0.01992,0.2628,71.1716,10.052,1,1,0,0,0,0,0,0,0,0,0,0,0,0,0,0,0,0,0,0,0,0,0,0,0,0,0,0,0,0,0,0,0,0,0,0,0,0,0,0
370,S쑥설기(40g),40,82.4,1.8,0.32,18.08,0,9.6,0.72,62.8,0.366666667,0.02,0.016,0,0,0,1,1,0,0,0,0,0,0,0,0,0,0,0,0,0,0,0,0,0,0,0,0,0,0,0,0,0,0,0,0,0,0,0,0,0,0,0,0,0,0
371,S절편(40g),40,86,1.476,0.196,19.616,0.4,4,0.068,88,0,0.0036,0.0048,0,68.068,2.496,1,1,0,0,0,0,0,0,0,0,0,0,0,0,0,0,0,0,0,0,0,0,0,0,0,0,0,0,0,0,0,0,0,0,0,0,0,0,0,0
372,S증편(40g),40,79.2,1.196,0.228,18.092,0.64,3.2,0.028,115.6,0,0,0.0124,0,89.692,4.56,1,1,0,0,0,0,0,0,0,0,0,0,0,0,0,0,0,0,0,0,0,0,0,0,0,0,0,0,0,0,0,0,0,0,0,0,0,0,0,0
373,S크로와상(30g),30,134.4,2.37,8.04,13.17,0.54,6.3,0.18,141,1.65,0.024,0.009,0,870,66,1,1,0,0,0,0,0,0,0,0,0,0,0,0,0,0,0,0,0,0,0,0,0,0,0,0,0,0,0,0,0,0,0,0,0,0,0,0,0,0
374,S둥글레차,100,1,0,0.01,0.27,0,1,0.02,0,0,0,0.035,0.52,0.36,0,1,0,1,0,0,0,0,0,0,0,0,0,0,0,0,0,0,0,0,0,0,0,0,0,0,0,0,0,0,0,0,0,0,0,0,0,0,0,0,0
375,S레몬주스,100,38,0,0,9.56,0,0,0,1,0,0,0,3.46,0.43,0,1,0,1,0,0,0,0,0,0,0,0,0,0,0,0,0,0,0,0,0,0,0,0,0,0,0,0,0,0,0,0,0,0,0,0,0,0,0,0,0
376,S망고주스,100,28,0.04,0.01,7.71,0,4,0.02,9,10.75,0,0.003,13.77,0.81,1.32,1,0,1,0,0,0,0,0,0,0,0,0,0,0,0,0,0,0,0,0,0,0,0,0,0,0,0,0,0,0,0,0,0,0,0,0,0,0,0,0
377,S매실주스,100,55,0.1,0.2,13.1,0,1,0.3,5,6.5,0.01,0.06,4,0,0,1,0,1,0,0,0,0,0,0,0,0,0,0,0,0,0,0,0,0,0,0,0,0,0,0,0,0,0,0,0,0,0,0,0,0,0,0,0,0,0
378,S매실차,100,55,0.1,0.2,13.1,0,1,0.3,5,6.5,0.01,0.06,4,0,0,1,0,1,0,0,0,0,0,0,0,0,0,0,0,0,0,0,0,0,0,0,0,0,0,0,0,0,0,0,0,0,0,0,0,0,0,0,0,0,0
379,S보리차,100,0,0,0,0.07,0,2,0,1,0,0,0,0,0.31,0,1,0,1,0,0,0,0,0,0,0,0,0,0,0,0,0,0,0,0,0,0,0,0,0,0,0,0,0,0,0,0,0,0,0,0,0,0,0,0,0
380,S식혜,100,32,0.06,0,7.91,1,3,0.02,2,0,0,0.004,0,0.34,0,1,0,1,0,0,0,0,0,0,0,0,0,0,0,0,0,0,0,0,0,0,0,0,0,0,0,0,0,0,0,0,0,0,0,0,0,0,0,0,0
381,S쌀음료,100,54,0.2,0.8,11.4,0,6,0,6,0.083333333,0.01,0,13,0,0,1,0,1,0,0,0,0,0,0,0,0,0,0,0,0,0,0,0,0,0,0,0,0,0,0,0,0,0,0,0,0,0,0,0,0,0,0,0,0,0
382,S오렌지주스,100,34,0.5,0.04,8.94,1.8,32,0.07,1,0.5,0.044,0.019,44.12,9.53,4.06,1,0,1,0,0,0,0,0,0,0,0,0,0,0,0,0,0,0,0,0,0,0,0,0,0,0,0,0,0,0,0,0,0,0,0,0,0,0,0,0
383,S고칼슘오렌지주스,100,48,0.7,0.1,12.4,0,94,0.4,2,4.583333333,0.07,0.04,42,0,0,1,0,1,0,0,0,0,0,0,0,0,0,0,0,0,0,0,0,0,0,0,0,0,0,0,0,0,0,0,0,0,0,0,0,0,0,0,0,0,0
384,S오렌지주스(무가당),100,39,0.66,0.05,10.04,2.3,12,0.08,2,1,0.062,0.013,58.76,12.04,4.77,1,0,1,0,0,0,0,0,0,0,0,0,0,0,0,0,0,0,0,0,0,0,0,0,0,0,0,0,0,0,0,0,0,0,0,0,0,0,0,0
385,S토마토주스,100,41,0.4,0.02,10.92,1.3,4,0.11,27,7.5,0,0.015,11.32,10.39,0,1,0,1,0,0,0,0,0,0,0,0,0,0,0,0,0,0,0,0,0,0,0,0,0,0,0,0,0,0,0,0,0,0,0,0,0,0,0,0,0
386,S포도주스,100,51,0.23,0.01,14.03,0,15,0.24,8,1,0.005,0.287,0,1.53,0.54,1,0,1,0,0,0,0,0,0,0,0,0,0,0,0,0,0,0,0,0,0,0,0,0,0,0,0,0,0,0,0,0,0,0,0,0,0,0,0,0
387,S찐고구마(80g),80,135.2,0.856,0.12,32.736,3.36,13.6,0.336,5.6,2.466666666,0.048,0.02,12.288,56.712,8.176,1,1,0,0,0,0,0,0,0,0,0,0,0,0,0,0,0,0,0,0,0,0,0,0,0,0,0,0,0,0,0,0,0,0,0,0,0,0,0,0
388,S치즈,10,29.8,1.876,2.13,0.617,0,62.6,0.009,92.8,7.966666667,0.0059,0.017,0.007,21.826,14.358,1,1,0,0,0,0,0,0,0,0,0,0,0,0,0,0,0,0,0,0,0,0,0,0,0,0,0,0,0,0,0,0,0,0,0,0,0,0,0,0
389,(소고기제외)당면양배추국,64.9,70.587,2.55368,2.29414,10.43546,1.4328,87.309,0.8828,108.456,1.14325,0.023395,0.025166,8.80073,885.55512,25.52011,0,0,0,0,0,0,0,0,0,1,0,0,0,0,0,0,0,0,0,0,0,0,0,0,0,0,0,0,0,0,0,0,0,0,0,0,0,0,0,0
390,(저염)닭곰탕,68.3,113.684,12.10527,6.68924,0.51745,0.0903,7.765,0.62728,142.431,32.4805,0.129708,0.1384,0.23212,2.37993,1.04958,0,0,0,0,0,0,0,0,0,1,0,0,0,0,0,0,0,0,0,0,0,0,0,0,0,0,0,0,0,0,0,0,0,0,0,0,0,0,0,0
391,가자미미역국,42.4,77.416,8.6029,4.28642,2.01006,1.4968,61.866,0.55096,421.93,24.47316667,0.06326,0.098362,0.71308,1178.96888,36.44578,0,0,0,0,0,0,0,0,0,1,0,0,0,0,0,0,0,0,0,0,0,0,0,0,0,0,0,0,0,0,0,0,0,0,0,0,0,0,0,0
392,가지냉국,47.3,15.169,0.6177,0.14911,3.28345,0.9249,10.86,0.16297,134.85,2.95375,0.012217,0.070674,1.8141,56.41527,2.06713,0,0,0,0,0,0,0,0,0,1,0,0,0,0,0,0,0,0,0,0,0,0,0,0,0,0,0,0,0,0,0,0,0,0,0,0,0,0,0,0
393,갈비탕,70.9,87.835,13.01672,3.2957,0.70378,0.1392,6.535,1.64926,172.55,2.133166666,0.036016,0.10589,1.18466,105.05792,4.87816,0,0,0,0,0,0,0,0,0,1,0,0,0,0,0,0,0,0,0,0,0,0,0,0,0,0,0,0,0,0,0,0,0,0,0,0,0,0,0,0
394,갈비탕+당면,82,130.554,14.7001,4.32317,7.07652,0.189,18.376,2.20917,99.362,21.1405,0.041137,0.170418,0.44499,256.56323,7.52458,0,0,0,0,0,0,0,0,0,1,0,0,0,0,0,0,0,0,0,0,0,0,0,0,0,0,0,0,0,0,0,0,0,0,0,0,0,0,0,0
395,갈은북어국,45.2,55.881,6.75206,2.45056,1.3748,0.3122,34.138,0.48352,188.19,1.154416666,0.033362,0.03353,2.1021,283.06635,1305.78819,0,0,0,0,0,0,0,0,0,1,0,0,0,0,0,0,0,0,0,0,0,0,0,0,0,0,0,0,0,0,0,0,0,0,0,0,0,0,0,0
396,감자고추장찌개,90,92.76,4.03736,4.44756,9.45568,1.8244,9.884,0.44484,101.764,12.95,0.14404,0.046632,5.77744,809.76536,336.9884,0,0,0,0,0,0,0,0,0,1,0,0,0,0,0,0,0,0,0,0,0,0,0,0,0,0,0,0,0,0,0,0,0,0,0,0,0,0,0,0
397,감자국,42.1,34.024,2.49889,0.17869,5.87417,0.9959,67.397,0.61549,125.988,0.982333333,0.028321,0.020618,3.93865,5.70128,1.90204,0,0,0,0,0,0,0,0,0,1,0,0,0,0,0,0,0,0,0,0,0,0,0,0,0,0,0,0,0,0,0,0,0,0,0,0,0,0,0,0
398,감자다시마국,39.5,49.929,2.44897,2.27732,5.25841,0.8359,72.978,0.66886,147.958,1.66075,0.026821,0.025216,3.40237,879.91453,13.33857,0,0,0,0,0,0,0,0,0,1,0,0,0,0,0,0,0,0,0,0,0,0,0,0,0,0,0,0,0,0,0,0,0,0,0,0,0,0,0,0
399,감자달걀국,62.4,59.001,4.98566,1.71967,5.70442,0.9226,74.481,0.92827,135.036,29.266,0.041513,0.115012,3.49469,236.09705,6.92244,0,0,0,0,0,0,0,0,0,1,0,0,0,0,0,0,0,0,0,0,0,0,0,0,0,0,0,0,0,0,0,0,0,0,0,0,0,0,0,0
400,감자된장국,59.2,39.076,2.98394,0.33928,6.2806,1.241,68.24,0.87212,271.16,3.808,0.06217,0.039786,3.93664,8.65616,7.96544,0,0,0,0,0,0,0,0,0,1,0,0,0,0,0,0,0,0,0,0,0,0,0,0,0,0,0,0,0,0,0,0,0,0,0,0,0,0,0,0
401,감자된장찌개,59.2,39.076,2.98394,0.33928,6.2806,1.241,68.24,0.87212,271.16,3.808,0.06217,0.039786,3.93664,8.65616,7.96544,0,0,0,0,0,0,0,0,0,1,0,0,0,0,0,0,0,0,0,0,0,0,0,0,0,0,0,0,0,0,0,0,0,0,0,0,0,0,0,0
402,감자맑은된장국,51.1,36.827,2.16559,0.25354,6.69655,1.1319,37.562,0.71134,240.716,0.658,0.059724,0.029764,4.27252,6.61787,1.69008,0,0,0,0,0,0,0,0,0,1,0,0,0,0,0,0,0,0,0,0,0,0,0,0,0,0,0,0,0,0,0,0,0,0,0,0,0,0,0,0
403,감자미역국,42.3,54.647,3.19839,2.46478,6.45891,2.3311,109.644,0.83686,421.028,22.63625,0.023741,0.023158,3.15037,893.48389,34.83039,0,0,0,0,0,0,0,0,0,1,0,0,0,0,0,0,0,0,0,0,0,0,0,0,0,0,0,0,0,0,0,0,0,0,0,0,0,0,0,0
404,감자부추국,58.8,38.584,3.05802,0.3682,6.0284,0.9198,70.028,1.31264,271.572,1.673,0.078778,0.038682,4.1538,6.24624,1.84044,0,0,0,0,0,0,0,0,0,1,0,0,0,0,0,0,0,0,0,0,0,0,0,0,0,0,0,0,0,0,0,0,0,0,0,0,0,0,0,0
405,감자수제비국,110.3,180.264,8.61028,0.75586,33.44306,2.1714,109.976,3.38138,218.934,22.19816667,0.093786,0.081312,4.66354,202.36552,17.5581,0,0,0,0,0,0,0,0,0,1,0,0,0,0,0,0,0,0,0,0,0,0,0,0,0,0,0,0,0,0,0,0,0,0,0,0,0,0,0,0
406,감자수제비국(조개x),89.3,164.934,6.15328,0.54586,32.68706,2.1714,76.166,0.88238,218.934,22.19816667,0.087486,0.035112,4.03354,202.36552,17.5581,0,0,0,0,0,0,0,0,0,1,0,0,0,0,0,0,0,0,0,0,0,0,0,0,0,0,0,0,0,0,0,0,0,0,0,0,0,0,0,0
407,감자애호박국,57.4,33.699,2.57545,0.19044,5.70255,1.3083,65.667,0.60216,195.947,5.888,0.031828,0.03371,3.87002,9.35879,11.3106,0,0,0,0,0,0,0,0,0,1,0,0,0,0,0,0,0,0,0,0,0,0,0,0,0,0,0,0,0,0,0,0,0,0,0,0,0,0,0,0
408,감자양파국,45.9,29.269,2.33644,0.16995,4.79492,0.94,63.683,0.51169,104.784,0.035,0.024237,0.014194,3.51223,7.00129,1.14632,0,0,0,0,0,0,0,0,0,1,0,0,0,0,0,0,0,0,0,0,0,0,0,0,0,0,0,0,0,0,0,0,0,0,0,0,0,0,0,0
409,감자옹심이국,62,138.609,2.23025,0.18346,32.01246,0.5564,67.925,0.55887,124.069,2.2505,0.018413,0.02979,1.92456,6.3484,4.1125,0,0,0,0,0,0,0,0,0,1,0,0,0,0,0,0,0,0,0,0,0,0,0,0,0,0,0,0,0,0,0,0,0,0,0,0,0,0,0,0
410,감자채국,51.8,40.194,2.94672,0.329,6.51,1.1088,66.738,0.87724,271.222,0.658,0.060578,0.029372,4.1895,6.85314,1.96924,0,0,0,0,0,0,0,0,0,1,0,0,0,0,0,0,0,0,0,0,0,0,0,0,0,0,0,0,0,0,0,0,0,0,0,0,0,0,0,0
411,감자채맑은국,49,35.83,2.55725,0.17843,6.25947,1.1215,66.339,0.61223,116.902,0.85,0.030347,0.02059,4.31997,7.03574,1.96924,0,0,0,0,0,0,0,0,0,1,0,0,0,0,0,0,0,0,0,0,0,0,0,0,0,0,0,0,0,0,0,0,0,0,0,0,0,0,0,0
412,감자탕,114.5,111.071,8.71596,2.96022,12.89217,2.8048,13.934,0.81192,113.135,26.19866667,0.251828,0.180752,7.07166,436.45731,30.40373,0,0,0,0,0,0,0,0,0,1,0,0,0,0,0,0,0,0,0,0,0,0,0,0,0,0,0,0,0,0,0,0,0,0,0,0,0,0,0,0
413,감자호박국,53.6,30.907,2.54119,0.19396,5.19994,1.164,69.969,0.60353,116.565,5.714333333,0.029543,0.044266,3.38,8.65056,10.87226,0,0,0,0,0,0,0,0,0,1,0,0,0,0,0,0,0,0,0,0,0,0,0,0,0,0,0,0,0,0,0,0,0,0,0,0,0,0,0,0
414,강된장,142.8,102.004,8.83022,2.9792,10.6512,3.1598,106.568,1.86984,272.692,3.819666667,0.097468,0.173782,5.0365,1346.29054,225.20064,0,0,0,0,0,0,0,0,0,1,0,0,0,0,0,0,0,0,0,0,0,0,0,0,0,0,0,0,0,0,0,0,0,0,0,0,0,0,0,0
415,건새우감자국,57,57.174,5.45071,0.60306,7.45515,1.1887,237.765,1.6105,453.025,0.646333333,0.074302,0.03776,4.54918,6.41673,2.03084,0,0,0,0,0,0,0,0,0,1,0,0,0,0,0,0,0,0,0,0,0,0,0,0,0,0,0,0,0,0,0,0,0,0,0,0,0,0,0,0
416,건새우근대국,57,36.594,5.35411,0.67026,2.49915,1.1887,254.565,1.5895,525.265,107.2563333,0.088582,0.07178,2.15098,17.81133,37.43264,0,0,0,0,0,0,0,0,0,1,0,0,0,0,0,0,0,0,0,0,0,0,0,0,0,0,0,0,0,0,0,0,0,0,0,0,0,0,0,0
417,건새우근대장국,54.2,30.021,3.74593,0.53292,3.11067,1.2027,200.896,1.28563,503.327,109.3079167,0.089541,0.072081,2.22728,20.78794,37.14928,0,0,0,0,0,0,0,0,0,1,0,0,0,0,0,0,0,0,0,0,0,0,0,0,0,0,0,0,0,0,0,0,0,0,0,0,0,0,0,0
418,건새우된장국,50,41.984,5.68451,0.69476,3.79555,1.6297,327.435,1.5664,465.555,114.3963333,0.108952,0.19722,14.55848,14.85033,60.78604,0,0,0,0,0,0,0,0,0,1,0,0,0,0,0,0,0,0,0,0,0,0,0,0,0,0,0,0,0,0,0,0,0,0,0,0,0,0,0,0
419,건새우맑은국,45.1,56.271,7.42961,2.02546,1.69905,1.0697,252.416,1.5629,208.396,0.646333333,0.023062,0.07339,0.13498,837.80183,136.90754,0,0,0,0,0,0,0,0,0,1,0,0,0,0,0,0,0,0,0,0,0,0,0,0,0,0,0,0,0,0,0,0,0,0,0,0,0,0,0,0
420,건새우무국,57.7,36.104,4.92291,0.63176,2.84915,0.3067,248.601,1.4866,476.825,1.122333333,0.075422,0.03839,3.34378,13.13253,5.37824,0,0,0,0,0,0,0,0,0,1,0,0,0,0,0,0,0,0,0,0,0,0,0,0,0,0,0,0,0,0,0,0,0,0,0,0,0,0,0,0
421,건새우부추국,43.7,35.964,5.16231,0.67796,2.58595,0.0547,246.781,2.363,475.145,3.012333333,0.095442,0.05197,1.66098,2.77533,1.25804,0,0,0,0,0,0,0,0,0,1,0,0,0,0,0,0,0,0,0,0,0,0,0,0,0,0,0,0,0,0,0,0,0,0,0,0,0,0,0,0
422,건새우시금치국,43.7,35.964,5.16231,0.67796,2.58595,0.0547,246.781,2.363,475.145,3.012333333,0.095442,0.05197,1.66098,2.77533,1.25804,0,0,0,0,0,0,0,0,0,1,0,0,0,0,0,0,0,0,0,0,0,0,0,0,0,0,0,0,0,0,0,0,0,0,0,0,0,0,0,0
423,건새우아욱국,57.7,45.344,5.95191,0.72416,4.64675,1.9447,351.081,1.6504,489.845,137.4823333,0.122462,0.23453,17.56918,17.26533,72.69164,0,0,0,0,0,0,0,0,0,1,0,0,0,0,0,0,0,0,0,0,0,0,0,0,0,0,0,0,0,0,0,0,0,0,0,0,0,0,0,0
424,건새우아욱토장국,58.1,46.164,5.96655,0.72968,4.85379,1.9655,351.181,1.65428,499.789,138.6473333,0.124578,0.235414,17.56918,20.07665,73.04868,0,0,0,0,0,0,0,0,0,1,0,0,0,0,0,0,0,0,0,0,0,0,0,0,0,0,0,0,0,0,0,0,0,0,0,0,0,0,0,0
425,건새우콩나물국,43.7,39.884,5.95751,0.97476,2.50195,0.5027,252.381,1.5986,474.585,1.122333333,0.082562,0.05337,0.76498,189.43733,33.47484,0,0,0,0,0,0,0,0,0,1,0,0,0,0,0,0,0,0,0,0,0,0,0,0,0,0,0,0,0,0,0,0,0,0,0,0,0,0,0,0
426,건홍합다시마맑은국,21.7,65.049,9.68921,1.60056,2.82115,0.0547,100.732,2.8797,308.694,11.87666667,0.028242,0.08564,1.50698,2.77533,1.25804,0,0,0,0,0,0,0,0,0,1,0,0,0,0,0,0,0,0,0,0,0,0,0,0,0,0,0,0,0,0,0,0,0,0,0,0,0,0,0,0
427,건홍합맑은국,34.7,66.049,9.70341,1.60216,2.83955,0.1387,96.872,2.8419,278.534,11.44333333,0.034302,0.08408,2.35458,6.22773,2.63144,0,0,0,0,0,0,0,0,0,1,0,0,0,0,0,0,0,0,0,0,0,0,0,0,0,0,0,0,0,0,0,0,0,0,0,0,0,0,0,0
428,고추장찌개,120.8,121.726,7.75716,6.39118,8.41072,2.677,36.344,0.99154,102.058,14.52966667,0.14852,0.12205,3.95268,1811.55216,502.47078,0,0,0,0,0,0,0,0,0,1,0,0,0,0,0,0,0,0,0,0,0,0,0,0,0,0,0,0,0,0,0,0,0,0,0,0,0,0,0,0
429,곤약어묵국,77,76.608,6.71636,1.8214,8.7423,0.6888,119.168,0.78148,337.54,9.892166667,0.017598,0.032312,1.5526,729.08472,85.7843,0,0,0,0,0,0,0,0,0,1,0,0,0,0,0,0,0,0,0,0,0,0,0,0,0,0,0,0,0,0,0,0,0,0,0,0,0,0,0,0
430,곰국,52.2,88.074,10.67654,4.6543,0.1344,0.0448,3.282,1.27606,165.538,3.026333333,0.019908,0.098532,0.3976,103.11098,4.61412,0,0,0,0,0,0,0,0,0,1,0,0,0,0,0,0,0,0,0,0,0,0,0,0,0,0,0,0,0,0,0,0,0,0,0,0,0,0,0,0
431,곰취된장국,31.1,22.741,2.90145,0.44031,2.12745,0.9045,91.311,1.04196,306.025,67.57975,0.0436,0.091702,1.78383,18.92741,63.64841,0,0,0,0,0,0,0,0,0,1,0,0,0,0,0,0,0,0,0,0,0,0,0,0,0,0,0,0,0,0,0,0,0,0,0,0,0,0,0,0
432,곰취마른새우국,35.3,35.593,5.23245,0.68811,2.29965,0.9045,262.167,1.69716,453.025,67.57975,0.0499,0.095902,1.78383,18.92741,63.64841,0,0,0,0,0,0,0,0,0,1,0,0,0,0,0,0,0,0,0,0,0,0,0,0,0,0,0,0,0,0,0,0,0,0,0,0,0,0,0,0
433,굴국,35,25.44,3.84039,0.45723,1.3442,0.0804,57.048,1.38778,211.539,5.496166667,0.042164,0.057762,1.59654,3.16956,1.46832,0,0,0,0,0,0,0,0,0,1,0,0,0,0,0,0,0,0,0,0,0,0,0,0,0,0,0,0,0,0,0,0,0,0,0,0,0,0,0,0
434,굴달걀국,61.6,63.198,7.29867,2.51873,2.2318,0.058,71.272,1.8803,248.219,43.253,0.06308,0.187766,1.54684,308.96932,7.89446,0,0,0,0,0,0,0,0,0,1,0,0,0,0,0,0,0,0,0,0,0,0,0,0,0,0,0,0,0,0,0,0,0,0,0,0,0,0,0,0
435,굴두부국,72.8,66.649,5.30192,3.73687,2.66594,0.9092,34.235,1.58903,167.215,4.592583334,0.054092,0.106034,2.47504,1545.75277,121.10847,0,0,0,0,0,0,0,0,0,1,0,0,0,0,0,0,0,0,0,0,0,0,0,0,0,0,0,0,0,0,0,0,0,0,0,0,0,0,0,0
436,굴미역국,35.8,50.398,3.38802,3.3279,3.04766,1.51,59.938,1.40124,406.398,26.19983334,0.037132,0.058866,1.46052,1179.2018,36.44578,0,0,0,0,0,0,0,0,0,1,0,0,0,0,0,0,0,0,0,0,0,0,0,0,0,0,0,0,0,0,0,0,0,0,0,0,0,0,0,0
437,근대국,38.1,20.263,2.69621,0.36856,1.76275,0.8107,76.282,0.8111,319.108,71.71966666,0.063802,0.05022,1.47898,12.79933,25.37444,0,0,0,0,0,0,0,0,0,1,0,0,0,0,0,0,0,0,0,0,0,0,0,0,0,0,0,0,0,0,0,0,0,0,0,0,0,0,0,0
438,근대된장국,38.1,20.263,2.69621,0.36856,1.76275,0.8107,76.282,0.8111,319.108,71.71966666,0.063802,0.05022,1.47898,12.79933,25.37444,0,0,0,0,0,0,0,0,0,1,0,0,0,0,0,0,0,0,0,0,0,0,0,0,0,0,0,0,0,0,0,0,0,0,0,0,0,0,0,0
439,근대맑은국,38.8,21.033,2.74801,0.37626,2.07915,0.8107,81.238,0.8552,340.808,72.05566666,0.065342,0.05337,1.60498,12.79933,25.37444,0,0,0,0,0,0,0,0,0,1,0,0,0,0,0,0,0,0,0,0,0,0,0,0,0,0,0,0,0,0,0,0,0,0,0,0,0,0,0,0
440,근대장국수,66.8,56.502,3.76791,0.52886,8.95455,1.2307,78.809,0.9385,373.085,71.71966666,0.069122,0.05246,1.50138,81.70173,29.02564,0,0,0,0,0,0,0,0,0,1,0,0,0,0,0,0,0,0,0,0,0,0,0,0,0,0,0,0,0,0,0,0,0,0,0,0,0,0,0,0
441,근대토장국,53.9,25.332,3.08955,0.43568,2.85039,1.2095,88.765,0.98228,409.909,108.7573333,0.085938,0.071614,2.27698,20.62265,37.78968,0,0,0,0,0,0,0,0,0,1,0,0,0,0,0,0,0,0,0,0,0,0,0,0,0,0,0,0,0,0,0,0,0,0,0,0,0,0,0,0
442,김국,8.3,26.735,2.7325,1.60213,1.34827,0.0188,96.477,0.92892,134.366,53.02558333,0.038139,0.089247,2.74522,583.83542,8.05574,0,0,0,0,0,0,0,0,0,1,0,0,0,0,0,0,0,0,0,0,0,0,0,0,0,0,0,0,0,0,0,0,0,0,0,0,0,0,0,0
443,김치국,40.6,15.484,1.4371,0.14098,2.2071,0.21,48.986,0.44408,95.718,7.214666668,0.03283,0.025606,2.63704,3.99098,1.04608,0,0,0,0,0,0,0,0,0,1,0,0,0,0,0,0,0,0,0,0,0,0,0,0,0,0,0,0,0,0,0,0,0,0,0,0,0,0,0,0
444,김치두부국,56.4,42.412,4.72114,1.4905,2.516,0.9982,90.234,0.96012,106.41,4.4515,0.031022,0.068118,1.6127,672.49728,110.1947,0,0,0,0,0,0,0,0,0,1,0,0,0,0,0,0,0,0,0,0,0,0,0,0,0,0,0,0,0,0,0,0,0,0,0,0,0,0,0,0
445,김치두부찌개,56,41.972,4.69154,1.4861,2.3352,0.9982,87.402,0.93492,94.01,4.2595,0.030142,0.066318,1.5407,672.49728,110.1947,0,0,0,0,0,0,0,0,0,1,0,0,0,0,0,0,0,0,0,0,0,0,0,0,0,0,0,0,0,0,0,0,0,0,0,0,0,0,0,0
446,김치맑은국,54.6,41.65,4.66662,1.484,2.268,0.9758,87.066,0.92344,94.01,3.936333334,0.029218,0.065002,1.491,671.83984,109.84484,0,0,0,0,0,0,0,0,0,1,0,0,0,0,0,0,0,0,0,0,0,0,0,0,0,0,0,0,0,0,0,0,0,0,0,0,0,0,0,0
447,김치양파국,33.6,16.38,2.03952,0.1904,1.6856,0.2828,70.196,0.50624,93.94,3.948,0.022708,0.015652,1.9026,5.03664,1.39244,0,0,0,0,0,0,0,0,0,1,0,0,0,0,0,0,0,0,0,0,0,0,0,0,0,0,0,0,0,0,0,0,0,0,0,0,0,0,0,0
448,김치어묵국,40.6,47.67,4.30892,1.1277,5.0953,0.1078,78.386,0.59164,240.31,9.437166667,0.017808,0.019362,1.0794,435.22584,50.94194,0,0,0,0,0,0,0,0,0,1,0,0,0,0,0,0,0,0,0,0,0,0,0,0,0,0,0,0,0,0,0,0,0,0,0,0,0,0,0,0
449,김치유부맑은국,47.6,94.5,6.25702,6.6976,2.037,0.1638,131.096,1.45824,97.3,3.936333334,0.030758,0.019082,1.491,3.81864,1.32524,0,0,0,0,0,0,0,0,0,1,0,0,0,0,0,0,0,0,0,0,0,0,0,0,0,0,0,0,0,0,0,0,0,0,0,0,0,0,0,0
450,김치찌개,40.6,18.41,2.1826,0.21462,1.91912,0.1554,78.085,0.59983,169.106,7.053083334,0.032851,0.024654,2.46904,3.49783,1.15031,0,0,0,0,0,0,0,0,0,1,0,0,0,0,0,0,0,0,0,0,0,0,0,0,0,0,0,0,0,0,0,0,0,0,0,0,0,0,0,0
451,김치콩나물국,45.1,22.22,2.95393,0.47025,2.14259,0.5001,79.498,0.62692,121.262,3.368083334,0.04249,0.033732,1.75081,143.66563,25.31291,0,0,0,0,0,0,0,0,0,1,0,0,0,0,0,0,0,0,0,0,0,0,0,0,0,0,0,0,0,0,0,0,0,0,0,0,0,0,0,0
452,깻잎국,31.1,23.693,2.88871,0.38536,2.55655,0.9717,105.052,0.9441,271.018,88.91633334,0.085992,0.09187,0.92878,13.72473,35.62944,0,0,0,0,0,0,0,0,0,1,0,0,0,0,0,0,0,0,0,0,0,0,0,0,0,0,0,0,0,0,0,0,0,0,0,0,0,0,0,0
453,깻잎된장찌개,56,48.79,4.81558,1.3272,4.5108,1.54,98.336,1.19168,271.082,45.70416667,0.07609,0.09905,1.8802,509.46966,102.42022,0,0,0,0,0,0,0,0,0,1,0,0,0,0,0,0,0,0,0,0,0,0,0,0,0,0,0,0,0,0,0,0,0,0,0,0,0,0,0,0
454,꼬막된장찌개,78.1,50.626,8.59038,0.41558,2.9514,0.2736,86.538,4.3605,262.27,22.5225,0.058236,0.15649,2.72634,3.96924,0.76342,0,0,0,0,0,0,0,0,0,1,0,0,0,0,0,0,0,0,0,0,0,0,0,0,0,0,0,0,0,0,0,0,0,0,0,0,0,0,0,0
455,꼬치어묵국,71.5,55.333,4.56468,1.15057,7.18422,0.812,84.813,0.63385,280.216,71.301,0.028367,0.031768,2.69179,453.91059,54.5251,0,0,0,0,0,0,0,0,0,1,0,0,0,0,0,0,0,0,0,0,0,0,0,0,0,0,0,0,0,0,0,0,0,0,0,0,0,0,0,0
456,꽃게된장국,95.6,72.844,11.7506,1.53446,2.47498,0.9134,90.346,1.0838,443.92,3.166333333,0.067616,0.130926,0.49516,510.4653,88.50142,0,0,0,0,0,0,0,0,0,1,0,0,0,0,0,0,0,0,0,0,0,0,0,0,0,0,0,0,0,0,0,0,0,0,0,0,0,0,0,0
457,꽃게탕,117.7,64.803,10.20839,0.68186,4.4627,1.2021,85.755,0.89399,445.743,10.02075,0.085333,0.123805,3.27136,75.68715,13.33243,0,0,0,0,0,0,0,0,0,1,0,0,0,0,0,0,0,0,0,0,0,0,0,0,0,0,0,0,0,0,0,0,0,0,0,0,0,0,0,0
458,낙지연포탕,96.3,49.66,9.36542,0.44288,1.9749,0.5256,87.378,1.31004,352.808,6.358333333,0.039336,0.02776,2.43304,17.35352,7.89978,0,0,0,0,0,0,0,0,0,1,0,0,0,0,0,0,0,0,0,0,0,0,0,0,0,0,0,0,0,0,0,0,0,0,0,0,0,0,0,0
459,냉이국,44.4,28.614,3.60061,0.38116,3.56035,1.9097,129.545,5.2477,237.481,28.03383333,0.056662,0.12904,8.63648,18.16133,40.50004,0,0,0,0,0,0,0,0,0,1,0,0,0,0,0,0,0,0,0,0,0,0,0,0,0,0,0,0,0,0,0,0,0,0,0,0,0,0,0,0
460,냉이된장국,44.4,28.614,3.60061,0.38116,3.56035,1.9097,129.545,5.2477,237.481,28.03383333,0.056662,0.12904,8.63648,18.16133,40.50004,0,0,0,0,0,0,0,0,0,1,0,0,0,0,0,0,0,0,0,0,0,0,0,0,0,0,0,0,0,0,0,0,0,0,0,0,0,0,0,0
461,냉이콩나물된장국,43,27.242,3.66179,0.60796,2.59855,1.1103,98.759,2.59652,236.641,11.38316667,0.064978,0.078794,3.86388,148.26879,40.76758,0,0,0,0,0,0,0,0,0,1,0,0,0,0,0,0,0,0,0,0,0,0,0,0,0,0,0,0,0,0,0,0,0,0,0,0,0,0,0,0
462,냉콩나물국,35.9,13.299,1.66729,0.47966,1.54555,0.5699,19.068,0.25646,110.447,0.319,0.040914,0.031928,0.71958,233.50219,40.271,0,0,0,0,0,0,0,0,0,1,0,0,0,0,0,0,0,0,0,0,0,0,0,0,0,0,0,0,0,0,0,0,0,0,0,0,0,0,0,0
463,느타리배추국,64.4,22.764,3.02386,0.30485,3.1094,0.9506,70.973,0.8981,240.345,0.613083333,0.121296,0.066584,3.41845,11.91302,1.15031,0,0,0,0,0,0,0,0,0,1,0,0,0,0,0,0,0,0,0,0,0,0,0,0,0,0,0,0,0,0,0,0,0,0,0,0,0,0,0,0
464,느타리버섯국,49.3,19.062,2.86532,0.1909,3.06916,1.505,62.66,0.65296,137.862,0.802,0.061364,0.099168,0.7855,17.85714,1.32524,0,0,0,0,0,0,0,0,0,1,0,0,0,0,0,0,0,0,0,0,0,0,0,0,0,0,0,0,0,0,0,0,0,0,0,0,0,0,0,0
465,느타리버섯두부맑은국,73.1,59.743,6.80101,2.27396,3.67935,2.0707,89.442,1.4481,271.298,0.646333333,0.082422,0.13632,0.26728,1013.23023,164.03744,0,0,0,0,0,0,0,0,0,1,0,0,0,0,0,0,0,0,0,0,0,0,0,0,0,0,0,0,0,0,0,0,0,0,0,0,0,0,0,0
466,느타리버섯맑은국,42.3,17.172,2.79882,0.1881,2.60156,1.386,61.61,0.63896,137.652,0.790333333,0.058914,0.098398,0.3739,16.63914,1.25804,0,0,0,0,0,0,0,0,0,1,0,0,0,0,0,0,0,0,0,0,0,0,0,0,0,0,0,0,0,0,0,0,0,0,0,0,0,0,0,0
467,늙은호박국,40.6,20.51,2.07942,0.1764,3.0156,0.5558,63.826,0.49224,61.25,9.804666668,0.015218,0.022162,0.8946,7.50624,6.55564,0,0,0,0,0,0,0,0,0,1,0,0,0,0,0,0,0,0,0,0,0,0,0,0,0,0,0,0,0,0,0,0,0,0,0,0,0,0,0,0
468,다슬기된장국,44.5,18.958,2.27428,0.32108,1.9518,0.7356,96.289,0.7926,255.921,35.89249999,0.061246,0.05219,6.52034,3.49044,12.57102,0,0,0,0,0,0,0,0,0,1,0,0,0,0,0,0,0,0,0,0,0,0,0,0,0,0,0,0,0,0,0,0,0,0,0,0,0,0,0,0
469,다슬기된장국(올갱이국),44.5,18.958,2.27428,0.32108,1.9518,0.7356,96.289,0.7926,255.921,35.89249999,0.061246,0.05219,6.52034,3.49044,12.57102,0,0,0,0,0,0,0,0,0,1,0,0,0,0,0,0,0,0,0,0,0,0,0,0,0,0,0,0,0,0,0,0,0,0,0,0,0,0,0,0
470,다슬기아욱국,42.7,30.782,3.8726,0.48258,3.2914,1.2732,152.432,0.89606,290.33,91.144,0.084292,0.155614,11.64024,11.17868,48.18072,0,0,0,0,0,0,0,0,0,1,0,0,0,0,0,0,0,0,0,0,0,0,0,0,0,0,0,0,0,0,0,0,0,0,0,0,0,0,0,0
471,다시마감자국,60.5,63.999,2.87107,2.28572,8.42521,1.4029,74.868,0.79066,148.168,1.66075,0.039421,0.030886,5.60947,881.73523,13.72497,0,0,0,0,0,0,0,0,0,1,0,0,0,0,0,0,0,0,0,0,0,0,0,0,0,0,0,0,0,0,0,0,0,0,0,0,0,0,0,0
472,다시마무채국,44.4,40.64,2.04395,3.00021,1.62667,0.1835,80.657,0.89447,116.038,9.884,0.022607,0.032916,3.65927,374.22508,1740.13322,0,0,0,0,0,0,0,0,0,1,0,0,0,0,0,0,0,0,0,0,0,0,0,0,0,0,0,0,0,0,0,0,0,0,0,0,0,0,0,0
473,다시마새우젓국,38.1,15.223,1.48213,0.06364,2.74611,0.2451,54.68,1.01102,12.942,11.501,0.011162,0.026532,3.14554,3.43837,0.80724,0,0,0,0,0,0,0,0,0,1,0,0,0,0,0,0,0,0,0,0,0,0,0,0,0,0,0,0,0,0,0,0,0,0,0,0,0,0,0,0
474,다시마양파국,41.6,17.4,2.11115,0.19363,2.32387,0.4145,76.877,0.74803,115.072,9.711333333,0.017567,0.02908,3.35267,6.43724,1.45964,0,0,0,0,0,0,0,0,0,1,0,0,0,0,0,0,0,0,0,0,0,0,0,0,0,0,0,0,0,0,0,0,0,0,0,0,0,0,0,0
475,다시마채국,27.6,12.57,1.98865,0.19923,1.21507,0.0575,80.937,0.87403,119.692,14.19133333,0.012317,0.03587,3.09787,2.78324,1.25804,0,0,0,0,0,0,0,0,0,1,0,0,0,0,0,0,0,0,0,0,0,0,0,0,0,0,0,0,0,0,0,0,0,0,0,0,0,0,0,0
476,다진소고기콩나물국,65.9,80.385,5.46787,5.75705,2.2062,0.8407,19.335,0.72244,55.675,7.981083333,0.045918,0.099599,1.59061,868.82236,47.40771,0,0,0,0,0,0,0,0,0,1,0,0,0,0,0,0,0,0,0,0,0,0,0,0,0,0,0,0,0,0,0,0,0,0,0,0,0,0,0,0
477,단배추된장국,45.1,20.123,2.62481,0.34056,1.81735,0.9297,129.062,0.7957,289.568,44.16299999,0.061632,0.05813,7.77898,5.22183,16.18554,0,0,0,0,0,0,0,0,0,1,0,0,0,0,0,0,0,0,0,0,0,0,0,0,0,0,0,0,0,0,0,0,0,0,0,0,0,0,0,0
478,단호박김치국,58.8,31.584,2.34612,0.37128,5.31496,1.6352,73.136,0.60144,93.856,89.57666666,0.030128,0.053424,5.13436,54.44544,24.03996,0,0,0,0,0,0,0,0,0,1,0,0,0,0,0,0,0,0,0,0,0,0,0,0,0,0,0,0,0,0,0,0,0,0,0,0,0,0,0,0
479,단호박된장국,105.3,79.539,5.81317,1.84626,10.63245,3.3769,88,1.34674,271.578,107.065,0.072594,0.122278,7.31138,736.10835,137.94172,0,0,0,0,0,0,0,0,0,1,0,0,0,0,0,0,0,0,0,0,0,0,0,0,0,0,0,0,0,0,0,0,0,0,0,0,0,0,0,0
480,단호박맑은국,69.3,50.631,3.27026,0.40677,9.68982,2.4976,66.703,0.63637,104.636,107.7113333,0.037583,0.095522,6.85139,75.56675,29.73544,0,0,0,0,0,0,0,0,0,1,0,0,0,0,0,0,0,0,0,0,0,0,0,0,0,0,0,0,0,0,0,0,0,0,0,0,0,0,0,0
481,단호박무국,73.1,36.013,2.40039,0.40706,6.52373,2.1127,69.849,0.55049,105.538,107.6150833,0.032365,0.061154,6.57848,71.95192,31.59373,0,0,0,0,0,0,0,0,0,1,0,0,0,0,0,0,0,0,0,0,0,0,0,0,0,0,0,0,0,0,0,0,0,0,0,0,0,0,0,0
482,단호박새우젓국,49.4,29.29,1.63756,0.21216,5.88356,1.6484,40.744,0.70944,0.344,86.29833332,0.01464,0.043048,4.2018,53.3926,23.48164,0,0,0,0,0,0,0,0,0,1,0,0,0,0,0,0,0,0,0,0,0,0,0,0,0,0,0,0,0,0,0,0,0,0,0,0,0,0,0,0
483,단호박수제비국,87.5,141.225,5.34086,0.59535,27.92608,2.639,71.183,0.77077,106.302,97.06666666,0.071953,0.052374,5.05855,201.71375,28.76076,0,0,0,0,0,0,0,0,0,1,0,0,0,0,0,0,0,0,0,0,0,0,0,0,0,0,0,0,0,0,0,0,0,0,0,0,0,0,0,0
484,달걀국,59.7,70.083,7.08114,3.26126,2.48766,0.2484,83.129,1.16822,250.838,57.796,0.04247,0.205248,0.8054,464.46816,11.52956,0,0,0,0,0,0,0,0,0,1,0,0,0,0,0,0,0,0,0,0,0,0,0,0,0,0,0,0,0,0,0,0,0,0,0,0,0,0,0,0
485,달걀떡국,66,130.29,3.92582,0.89995,26.52174,0.4192,39.897,0.43812,314.818,11.91975,0.013924,0.05115,0.12199,158.72972,5.29991,0,0,0,0,0,0,0,0,0,1,0,0,0,0,0,0,0,0,0,0,0,0,0,0,0,0,0,0,0,0,0,0,0,0,0,0,0,0,0,0
486,달걀쑥국,59.9,49.527,5.19748,1.78933,3.30238,1.4902,94.805,2.48065,132.42,101.9025,0.032315,0.187948,2.20799,250.92707,46.11656,0,0,0,0,0,0,0,0,0,1,0,0,0,0,0,0,0,0,0,0,0,0,0,0,0,0,0,0,0,0,0,0,0,0,0,0,0,0,0,0
487,달걀파국,49.8,67.258,6.99263,3.25876,1.78005,0.0771,81.777,1.15648,250.5,58.1005,0.039356,0.205056,0.18468,463.11857,11.7719,0,0,0,0,0,0,0,0,0,1,0,0,0,0,0,0,0,0,0,0,0,0,0,0,0,0,0,0,0,0,0,0,0,0,0,0,0,0,0,0
488,달래된장국,61.6,30.716,3.25955,0.44884,4.11215,1.5113,93.877,2.44636,309.043,48.41783333,0.075558,0.06874,0.23212,36.75539,32.8258,0,0,0,0,0,0,0,0,0,1,0,0,0,0,0,0,0,0,0,0,0,0,0,0,0,0,0,0,0,0,0,0,0,0,0,0,0,0,0,0
489,달래두부된장국,82.6,51.086,5.27975,1.42114,4.89965,2.1203,107.317,2.76976,309.253,48.41783333,0.082278,0.10633,0.23212,537.77129,114.2155,0,0,0,0,0,0,0,0,0,1,0,0,0,0,0,0,0,0,0,0,0,0,0,0,0,0,0,0,0,0,0,0,0,0,0,0,0,0,0,0
490,달래맑은국,62.7,45.233,5.03677,1.5148,3.07434,1.6776,94.691,1.79817,115.893,27.75966667,0.032517,0.098896,0.0994,689.53024,127.61644,0,0,0,0,0,0,0,0,0,1,0,0,0,0,0,0,0,0,0,0,0,0,0,0,0,0,0,0,0,0,0,0,0,0,0,0,0,0,0,0
491,닭가슴살미역국,35.3,56.425,7.33175,2.56628,2.03491,1.5079,48.772,0.37514,372.308,24.46675,0.057649,0.02369,0.05847,934.95581,34.68409,0,0,0,0,0,0,0,0,0,1,0,0,0,0,0,0,0,0,0,0,0,0,0,0,0,0,0,0,0,0,0,0,0,0,0,0,0,0,0,0
492,닭개장,66.9,49.723,8.75726,0.62145,2.25,0.9876,27.703,0.64623,63.414,26.82516667,0.085753,0.121672,1.37093,79.85981,7.84056,0,0,0,0,0,0,0,0,0,1,0,0,0,0,0,0,0,0,0,0,0,0,0,0,0,0,0,0,0,0,0,0,0,0,0,0,0,0,0,0
493,닭고기곰탕,68.8,113.852,12.10915,6.68984,0.55673,0.1007,7.877,0.63128,176.044,32.48683333,0.129708,0.138608,0.23812,2.61765,1.09682,0,0,0,0,0,0,0,0,0,1,0,0,0,0,0,0,0,0,0,0,0,0,0,0,0,0,0,0,0,0,0,0,0,0,0,0,0,0,0,0
494,닭고기무국,54.9,56.201,6.94927,2.50692,1.06961,0.1835,9.656,0.4093,60.738,13.89558333,0.071047,0.07017,1.69927,880.72233,13.97529,0,0,0,0,0,0,0,0,0,1,0,0,0,0,0,0,0,0,0,0,0,0,0,0,0,0,0,0,0,0,0,0,0,0,0,0,0,0,0,0
495,닭고기채소찌개,69.3,70.217,7.48608,2.62423,4.05902,1.1438,11.375,0.56651,84.84,22.47175,0.08162,0.122472,2.75716,954.10399,18.36625,0,0,0,0,0,0,0,0,0,1,0,0,0,0,0,0,0,0,0,0,0,0,0,0,0,0,0,0,0,0,0,0,0,0,0,0,0,0,0,0
496,닭곰탕,68.4,113.684,12.10527,6.68924,0.51745,0.0903,7.805,0.62748,176.028,32.4805,0.129708,0.1384,0.23212,2.37993,1.04958,0,0,0,0,0,0,0,0,0,1,0,0,0,0,0,0,0,0,0,0,0,0,0,0,0,0,0,0,0,0,0,0,0,0,0,0,0,0,0,0
497,닭다리백숙,53.6,69.384,8.4637,3.23274,1.22836,0.231,5.802,0.327,169.85,12.7365,0.074326,0.039858,0.72814,501.48756,28.7763,0,0,0,0,0,0,0,0,0,1,0,0,0,0,0,0,0,0,0,0,0,0,0,0,0,0,0,0,0,0,0,0,0,0,0,0,0,0,0,0
498,닭살당면국,73.3,92.623,8.96512,2.6615,8.1767,0.7188,74.751,1.19668,122.988,13.89375,0.099975,0.092562,1.79191,883.4421,12.78739,0,0,0,0,0,0,0,0,0,1,0,0,0,0,0,0,0,0,0,0,0,0,0,0,0,0,0,0,0,0,0,0,0,0,0,0,0,0,0,0
499,닭살된장국,61.2,72.854,14.06043,1.02656,1.06555,0.0771,68.855,1.26218,334.025,23.9995,0.141726,0.126436,0.18468,3.43277,1.6079,0,0,0,0,0,0,0,0,0,1,0,0,0,0,0,0,0,0,0,0,0,0,0,0,0,0,0,0,0,0,0,0,0,0,0,0,0,0,0,0
500,닭살미역국,35.3,58.665,7.62015,2.68668,2.06291,1.5079,50.732,0.60474,375.948,34.82675,0.056809,0.06737,0.05847,887.79821,32.70729,0,0,0,0,0,0,0,0,0,1,0,0,0,0,0,0,0,0,0,0,0,0,0,0,0,0,0,0,0,0,0,0,0,0,0,0,0,0,0,0
501,닭살버섯맑은국,54.9,56.831,7.37977,2.50482,1.62401,0.8555,4.826,0.5101,59.688,13.82558333,0.090157,0.10692,0.29017,883.96683,11.91519,0,0,0,0,0,0,0,0,0,1,0,0,0,0,0,0,0,0,0,0,0,0,0,0,0,0,0,0,0,0,0,0,0,0,0,0,0,0,0,0
502,닭살숙주국,54.9,55.781,7.18027,2.49852,0.85541,0.4145,7.556,0.4177,60.318,13.91308333,0.073357,0.07794,1.67827,877.42743,13.81989,0,0,0,0,0,0,0,0,0,1,0,0,0,0,0,0,0,0,0,0,0,0,0,0,0,0,0,0,0,0,0,0,0,0,0,0,0,0,0,0
503,닭살시금치국,59.1,48.613,8.10581,0.74656,2.54535,0.0547,76.072,1.6217,297.968,77.62300001,0.113082,0.15928,16.93498,2.77533,1.25804,0,0,0,0,0,0,0,0,0,1,0,0,0,0,0,0,0,0,0,0,0,0,0,0,0,0,0,0,0,0,0,0,0,0,0,0,0,0,0,0
504,닭살양파국,64.1,56.415,10.3891,0.65785,1.86472,0.4402,66.651,0.80933,124.874,17.4545,0.084409,0.085972,1.45423,7.15291,1.8095,0,0,0,0,0,0,0,0,0,1,0,0,0,0,0,0,0,0,0,0,0,0,0,0,0,0,0,0,0,0,0,0,0,0,0,0,0,0,0,0
505,당근황태국,41,67.762,8.77224,2.51677,2.06142,0.674,50.201,0.42468,99.191,64.876,0.020863,0.04694,1.22624,888.84484,12.95378,0,0,0,0,0,0,0,0,0,1,0,0,0,0,0,0,0,0,0,0,0,0,0,0,0,0,0,0,0,0,0,0,0,0,0,0,0,0,0,0
506,대구살맑은국,97.4,74.898,14.29678,0.89682,1.66787,0.6055,52.641,0.62559,66.31,20.67583333,0.092417,0.137762,2.12241,339.9858,58.4724,0,0,0,0,0,0,0,0,0,1,0,0,0,0,0,0,0,0,0,0,0,0,0,0,0,0,0,0,0,0,0,0,0,0,0,0,0,0,0,0
507,대구지리,97.4,74.898,14.29678,0.89682,1.66787,0.6055,52.641,0.62559,66.31,20.67583333,0.092417,0.137762,2.12241,339.9858,58.4724,0,0,0,0,0,0,0,0,0,1,0,0,0,0,0,0,0,0,0,0,0,0,0,0,0,0,0,0,0,0,0,0,0,0,0,0,0,0,0,0
508,대구탕,107.2,77.544,14.38988,0.90074,2.32251,0.7721,54.111,0.64519,66.604,20.69216667,0.095847,0.13884,2.69865,341.691,58.56648,0,0,0,0,0,0,0,0,0,1,0,0,0,0,0,0,0,0,0,0,0,0,0,0,0,0,0,0,0,0,0,0,0,0,0,0,0,0,0,0
509,대파감자국,38.8,33.346,2.70783,0.29996,5.02895,0.8331,64.851,0.78758,236.011,0.9695,0.049886,0.026616,3.12748,5.86037,2.1231,0,0,0,0,0,0,0,0,0,1,0,0,0,0,0,0,0,0,0,0,0,0,0,0,0,0,0,0,0,0,0,0,0,0,0,0,0,0,0,0
510,대파된장찌개,71,49.208,4.69639,1.28682,4.88517,1.5317,81.231,1.0911,236.389,4.7845,0.057614,0.074734,2.55516,510.86039,90.13592,0,0,0,0,0,0,0,0,0,1,0,0,0,0,0,0,0,0,0,0,0,0,0,0,0,0,0,0,0,0,0,0,0,0,0,0,0,0,0,0
511,대파무채국,38.2,39.382,1.91184,2.98018,1.1424,0.2352,68.172,0.57956,197.444,1.2005,0.022652,0.014644,2.2043,376.42612,1741.16978,0,0,0,0,0,0,0,0,0,1,0,0,0,0,0,0,0,0,0,0,0,0,0,0,0,0,0,0,0,0,0,0,0,0,0,0,0,0,0,0
512,대합국,31.2,21.759,3.35621,0.28623,1.36381,0.058,48.159,3.36541,144.725,2.657,0.011107,0.066882,1.85536,0.80664,0.99708,0,0,0,0,0,0,0,0,0,1,0,0,0,0,0,0,0,0,0,0,0,0,0,0,0,0,0,0,0,0,0,0,0,0,0,0,0,0,0,0
513,대합미역국,42.7,58.065,4.97406,3.34145,3.21594,1.498,104.279,4.47153,359.814,21.67316667,0.010955,0.085232,1.07289,1178.97227,36.44578,0,0,0,0,0,0,0,0,0,1,0,0,0,0,0,0,0,0,0,0,0,0,0,0,0,0,0,0,0,0,0,0,0,0,0,0,0,0,0,0
514,대합전복미역국,56.7,73.045,7.53606,3.39745,4.13994,1.498,95.459,3.47753,359.814,21.67316667,0.079555,0.124432,1.21289,1178.97227,36.44578,0,0,0,0,0,0,0,0,0,1,0,0,0,0,0,0,0,0,0,0,0,0,0,0,0,0,0,0,0,0,0,0,0,0,0,0,0,0,0,0
515,도토리묵냉국,175.7,108.843,5.09712,2.8147,15.62596,0.126,167.566,1.66544,300.958,12.36433333,0.040537,0.0777,3.26529,879.50072,14.07371,0,0,0,0,0,0,0,0,0,1,0,0,0,0,0,0,0,0,0,0,0,0,0,0,0,0,0,0,0,0,0,0,0,0,0,0,0,0,0,0
516,동태맑은국,69.7,39.865,7.85561,0.31794,1.06505,0.3423,60.206,0.37712,264.112,19.21616667,0.057568,0.04592,1.98772,9.29621,8.57654,0,0,0,0,0,0,0,0,0,1,0,0,0,0,0,0,0,0,0,0,0,0,0,0,0,0,0,0,0,0,0,0,0,0,0,0,0,0,0,0
517,동태살국,62.7,39.655,7.83391,0.30814,1.06225,0.3773,58.036,0.36592,263.482,19.18116667,0.051758,0.04375,1.37172,7.06181,7.27034,0,0,0,0,0,0,0,0,0,1,0,0,0,0,0,0,0,0,0,0,0,0,0,0,0,0,0,0,0,0,0,0,0,0,0,0,0,0,0,0
518,동태살무국,76.7,37.695,6.85321,0.29204,1.76085,0.5033,59.506,0.38972,250.042,18.62116667,0.057148,0.04326,2.91312,12.24041,9.33044,0,0,0,0,0,0,0,0,0,1,0,0,0,0,0,0,0,0,0,0,0,0,0,0,0,0,0,0,0,0,0,0,0,0,0,0,0,0,0,0
519,동태살쑥갓국,70.1,40.305,7.88521,0.32234,1.24585,0.3423,63.038,0.40232,276.512,19.40816667,0.058448,0.04772,2.05972,9.29621,8.57654,0,0,0,0,0,0,0,0,0,1,0,0,0,0,0,0,0,0,0,0,0,0,0,0,0,0,0,0,0,0,0,0,0,0,0,0,0,0,0,0
520,동태살애호박국,76,41.034,7.9121,0.3234,1.3629,0.5852,60.64,0.39098,263.678,22.34283333,0.057932,0.053718,1.8263,9.3394,14.01484,0,0,0,0,0,0,0,0,0,1,0,0,0,0,0,0,0,0,0,0,0,0,0,0,0,0,0,0,0,0,0,0,0,0,0,0,0,0,0,0
521,동태찌개,84,62.454,8.09977,0.84224,6.37581,3.1423,37.863,0.57043,203.518,64.21741666,0.092841,0.201887,2.4451,380.11246,34.1831,0,0,0,0,0,0,0,0,0,1,0,0,0,0,0,0,0,0,0,0,0,0,0,0,0,0,0,0,0,0,0,0,0,0,0,0,0,0,0,0
522,돼지고기고추장찌개,121.5,122.496,7.80896,6.39888,8.72712,2.677,41.3,1.03564,123.758,14.86566667,0.15006,0.1252,4.07868,1811.55216,502.47078,0,0,0,0,0,0,0,0,0,1,0,0,0,0,0,0,0,0,0,0,0,0,0,0,0,0,0,0,0,0,0,0,0,0,0,0,0,0,0,0
523,돼지고기김치국,64.5,55.603,8.4004,1.49581,1.65948,0.0832,78.583,0.83173,181.848,8.369833334,0.275299,0.110682,2.25223,299.40551,10.46698,0,0,0,0,0,0,0,0,0,1,0,0,0,0,0,0,0,0,0,0,0,0,0,0,0,0,0,0,0,0,0,0,0,0,0,0,0,0,0,0
524,돼지고기김치찌개,70.5,57.611,8.47158,1.50091,2.24068,0.1798,82.129,0.85945,194.458,8.250333334,0.277705,0.111936,2.68613,299.96607,10.18432,0,0,0,0,0,0,0,0,0,1,0,0,0,0,0,0,0,0,0,0,0,0,0,0,0,0,0,0,0,0,0,0,0,0,0,0,0,0,0,0
525,돼지고기된장찌개,66.8,60.086,5.99923,2.20452,4.09767,0.9227,68.799,0.8769,244.411,5.9605,0.16211,0.0526,2.74332,283.43585,20.51798,0,0,0,0,0,0,0,0,0,1,0,0,0,0,0,0,0,0,0,0,0,0,0,0,0,0,0,0,0,0,0,0,0,0,0,0,0,0,0,0
526,돼지고기양파찌개,71.4,68.194,11.33839,1.49121,1.90967,0.4501,64.085,0.75439,123.9,2.2645,0.379323,0.13846,1.59901,201.46,11.8937,0,0,0,0,0,0,0,0,0,1,0,0,0,0,0,0,0,0,0,0,0,0,0,0,0,0,0,0,0,0,0,0,0,0,0,0,0,0,0,0
527,돼지사골국,45.1,82.404,8.83064,4.9168,0.1344,0.0448,12.272,0.28676,132.991,2.606333333,0.190848,0.043232,0.413,457.30048,26.33932,0,0,0,0,0,0,0,0,0,1,0,0,0,0,0,0,0,0,0,0,0,0,0,0,0,0,0,0,0,0,0,0,0,0,0,0,0,0,0,0
528,된장찌개,33.2,25.961,2.59457,0.33482,3.42539,0.6035,70.206,0.79752,292.48,3.502333333,0.049998,0.035114,1.78642,5.48797,6.36412,0,0,0,0,0,0,0,0,0,1,0,0,0,0,0,0,0,0,0,0,0,0,0,0,0,0,0,0,0,0,0,0,0,0,0,0,0,0,0,0
529,두부감자국,92.4,79.744,6.69529,2.12121,8.41547,2.4451,90.335,1.27519,104.79,0.9695,0.046053,0.09751,4.66921,1009.3468,165.1601,0,0,0,0,0,0,0,0,0,1,0,0,0,0,0,0,0,0,0,0,0,0,0,0,0,0,0,0,0,0,0,0,0,0,0,0,0,0,0,0
530,두부곤약탕국,79.1,94.129,6.65504,6.59743,2.02748,1.4868,38.479,0.89103,55.51,2.532833333,0.011305,0.12978,0.24619,1309.51961,119.18018,0,0,0,0,0,0,0,0,0,1,0,0,0,0,0,0,0,0,0,0,0,0,0,0,0,0,0,0,0,0,0,0,0,0,0,0,0,0,0,0
531,두부김치국,68.9,60.88,6.6561,2.45582,2.80862,1.4574,101.559,1.24733,146.206,3.907083334,0.034141,0.104544,1.13144,1171.31693,190.99241,0,0,0,0,0,0,0,0,0,1,0,0,0,0,0,0,0,0,0,0,0,0,0,0,0,0,0,0,0,0,0,0,0,0,0,0,0,0,0,0
532,두부김치찌개,75.6,62.44,6.7004,2.45532,3.14062,1.5764,100.485,1.24243,137.116,3.77475,0.035931,0.103964,1.48904,1172.53493,191.05961,0,0,0,0,0,0,0,0,0,1,0,0,0,0,0,0,0,0,0,0,0,0,0,0,0,0,0,0,0,0,0,0,0,0,0,0,0,0,0,0
533,두부달걀국,69.3,78.925,8.38796,3.64889,2.52854,1.2516,98.427,1.44361,131.866,30.611,0.034475,0.182896,0.40621,1234.43621,169.61812,0,0,0,0,0,0,0,0,0,1,0,0,0,0,0,0,0,0,0,0,0,0,0,0,0,0,0,0,0,0,0,0,0,0,0,0,0,0,0,0
534,두부대합탕국,90.6,69.27,8.38735,2.33073,3.36967,1.4015,124.827,3.55363,105.622,0.716333333,0.038147,0.13436,2.32927,1009.99364,166.09754,0,0,0,0,0,0,0,0,0,1,0,0,0,0,0,0,0,0,0,0,0,0,0,0,0,0,0,0,0,0,0,0,0,0,0,0,0,0,0,0
535,두부된장국,89.2,80.281,7.98177,2.92762,5.52539,2.2275,106.046,1.65992,293.04,3.502333333,0.067918,0.135354,1.78642,1341.53037,223.40332,0,0,0,0,0,0,0,0,0,1,0,0,0,0,0,0,0,0,0,0,0,0,0,0,0,0,0,0,0,0,0,0,0,0,0,0,0,0,0,0
536,두부된장찌개,89.2,80.281,7.98177,2.92762,5.52539,2.2275,106.046,1.65992,293.04,3.502333333,0.067918,0.135354,1.78642,1341.53037,223.40332,0,0,0,0,0,0,0,0,0,1,0,0,0,0,0,0,0,0,0,0,0,0,0,0,0,0,0,0,0,0,0,0,0,0,0,0,0,0,0,0
537,두부맑은국,76.4,57.472,6.06674,2.12638,3.4953,1.92,91.038,1.08292,197.676,35.98466667,0.02948,0.098306,1.20524,1014.07176,170.78264,0,0,0,0,0,0,0,0,0,1,0,0,0,0,0,0,0,0,0,0,0,0,0,0,0,0,0,0,0,0,0,0,0,0,0,0,0,0,0,0
538,두부맑은된장국,86.1,75.44,7.55649,2.77233,5.08195,2.2319,102.875,1.36801,150.826,3.502333333,0.036713,0.125104,1.82239,1341.5428,223.40332,0,0,0,0,0,0,0,0,0,1,0,0,0,0,0,0,0,0,0,0,0,0,0,0,0,0,0,0,0,0,0,0,0,0,0,0,0,0,0,0
539,두부미소장국,63,62.762,5.92746,2.84998,3.136,2.0664,40.838,0.99708,194.432,2.051,0.025606,0.115192,0.38332,1468.09236,237.39884,0,0,0,0,0,0,0,0,0,1,0,0,0,0,0,0,0,0,0,0,0,0,0,0,0,0,0,0,0,0,0,0,0,0,0,0,0,0,0,0
540,두부미역국,49.7,73.255,4.91946,4.93605,3.53094,2.716,74.809,0.95333,360.234,21.67316667,0.013895,0.083412,0.02289,2181.00407,199.22518,0,0,0,0,0,0,0,0,0,1,0,0,0,0,0,0,0,0,0,0,0,0,0,0,0,0,0,0,0,0,0,0,0,0,0,0,0,0,0,0
541,두부미역장국,46.5,54.787,6.36799,2.13172,3.85575,2.5201,130.868,1.43494,587.488,21.6475,0.046834,0.08424,0.03558,850.05631,157.69964,0,0,0,0,0,0,0,0,0,1,0,0,0,0,0,0,0,0,0,0,0,0,0,0,0,0,0,0,0,0,0,0,0,0,0,0,0,0,0,0
542,두부새우젓국,52.1,55.711,6.44401,2.11436,2.43615,1.2727,107.04,1.3515,61.466,0.646333333,0.019002,0.08172,0.13498,1004.80713,164.03744,0,0,0,0,0,0,0,0,0,1,0,0,0,0,0,0,0,0,0,0,0,0,0,0,0,0,0,0,0,0,0,0,0,0,0,0,0,0,0,0
543,두부애호박국,73.1,60.583,6.46291,2.27606,3.49875,1.7347,92.592,1.3578,271.088,5.371333333,0.058902,0.11196,0.78808,1008.07263,173.22494,0,0,0,0,0,0,0,0,0,1,0,0,0,0,0,0,0,0,0,0,0,0,0,0,0,0,0,0,0,0,0,0,0,0,0,0,0,0,0,0
544,두부장국,73.1,66.883,6.59451,2.26906,4.89035,1.8047,91.752,1.4068,271.228,2.221333333,0.061982,0.10454,1.82408,1007.10943,167.35754,0,0,0,0,0,0,0,0,0,1,0,0,0,0,0,0,0,0,0,0,0,0,0,0,0,0,0,0,0,0,0,0,0,0,0,0,0,0,0,0
545,두부전골,99.8,94.726,9.14688,4.77672,4.96418,2.3148,102.561,1.64079,162.31,11.50741667,0.044341,0.167536,1.62244,1071.78795,180.69667,0,0,0,0,0,0,0,0,0,1,0,0,0,0,0,0,0,0,0,0,0,0,0,0,0,0,0,0,0,0,0,0,0,0,0,0,0,0,0,0
546,두부젓국찌개,52.1,55.711,6.44401,2.11436,2.43615,1.2727,107.04,1.3515,61.466,0.646333333,0.019002,0.08172,0.13498,1004.80713,164.03744,0,0,0,0,0,0,0,0,0,1,0,0,0,0,0,0,0,0,0,0,0,0,0,0,0,0,0,0,0,0,0,0,0,0,0,0,0,0,0,0
547,두부찌개,89.2,80.281,7.98177,2.92762,5.52539,2.2275,106.046,1.65992,293.04,3.502333333,0.067918,0.135354,1.78642,1341.53037,223.40332,0,0,0,0,0,0,0,0,0,1,0,0,0,0,0,0,0,0,0,0,0,0,0,0,0,0,0,0,0,0,0,0,0,0,0,0,0,0,0,0
548,두부콩나물국,55.6,49.04,5.77425,1.96813,2.17757,1.2965,88.427,1.00283,104.432,0.716333333,0.033177,0.08312,0.40987,931.14074,153.01594,0,0,0,0,0,0,0,0,0,1,0,0,0,0,0,0,0,0,0,0,0,0,0,0,0,0,0,0,0,0,0,0,0,0,0,0,0,0,0,0
549,두부탕국,70.3,60.38,5.93049,2.81968,2.61437,1.4015,91.024,1.05582,105.629,0.716333333,0.031847,0.08816,1.69927,1148.24532,245.34111,0,0,0,0,0,0,0,0,0,1,0,0,0,0,0,0,0,0,0,0,0,0,0,0,0,0,0,0,0,0,0,0,0,0,0,0,0,0,0,0
550,들깨감자국,57.1,43.325,2.7745,0.17905,7.81612,1.4062,64.061,0.66653,104.434,0.9695,0.036459,0.023392,5.36933,7.74721,2.5095,0,0,0,0,0,0,0,0,0,1,0,0,0,0,0,0,0,0,0,0,0,0,0,0,0,0,0,0,0,0,0,0,0,0,0,0,0,0,0,0
551,들깨두부국,70.3,84.453,7.40637,3.93534,5.06367,2.5397,107.544,1.69128,271.2,2.336833333,0.072608,0.134528,1.08838,1223.75677,1206.83248,0,0,0,0,0,0,0,0,0,1,0,0,0,0,0,0,0,0,0,0,0,0,0,0,0,0,0,0,0,0,0,0,0,0,0,0,0,0,0,0
552,들깨무국,54.3,57.829,2.96938,3.95457,2.96918,1.2256,86.132,0.80254,106.842,0.7595,0.045279,0.050356,3.22768,1104.17044,1056.02252,0,0,0,0,0,0,0,0,0,1,0,0,0,0,0,0,0,0,0,0,0,0,0,0,0,0,0,0,0,0,0,0,0,0,0,0,0,0,0,0
553,들깨무채국,54.3,57.829,2.96938,3.95457,2.96918,1.2256,86.132,0.80254,106.842,0.7595,0.045279,0.050356,3.22768,1104.17044,1056.02252,0,0,0,0,0,0,0,0,0,1,0,0,0,0,0,0,0,0,0,0,0,0,0,0,0,0,0,0,0,0,0,0,0,0,0,0,0,0,0,0
554,들깨미역국,14.6,57.511,3.53559,4.11966,3.39943,2.4319,124.662,0.984,430.09,21.92625,0.019655,0.044878,0.11247,1106.33821,1072.86935,0,0,0,0,0,0,0,0,0,1,0,0,0,0,0,0,0,0,0,0,0,0,0,0,0,0,0,0,0,0,0,0,0,0,0,0,0,0,0,0
555,들깨버섯국,53.9,53.186,3.81528,3.00846,5.28507,2.3443,73.437,1.16011,90.23,0.515666667,0.061985,0.147658,0.15561,388.70608,1744.5211,0,0,0,0,0,0,0,0,0,1,0,0,0,0,0,0,0,0,0,0,0,0,0,0,0,0,0,0,0,0,0,0,0,0,0,0,0,0,0,0
556,들깨부추양파국,43.1,40.539,3.1189,1.87263,3.43104,1.297,82.135,1.19097,105.036,1.1655,0.048863,0.051602,2.00513,222.43483,1040.36366,0,0,0,0,0,0,0,0,0,1,0,0,0,0,0,0,0,0,0,0,0,0,0,0,0,0,0,0,0,0,0,0,0,0,0,0,0,0,0,0
557,들깨수제비국,51.5,139.117,5.29256,1.85723,24.1759,1.5622,72.852,0.79116,104.584,0.547666667,0.064825,0.031442,1.56912,541.14858,460.19126,0,0,0,0,0,0,0,0,0,1,0,0,0,0,0,0,0,0,0,0,0,0,0,0,0,0,0,0,0,0,0,0,0,0,0,0,0,0,0,0
558,들깨순두부백탕,152.2,101.204,11.26505,4.47049,4.83561,2.5425,107.845,1.74063,110.438,34.90783334,0.355485,0.09824,1.27675,1207.56136,1881.89414,0,0,0,0,0,0,0,0,0,1,0,0,0,0,0,0,0,0,0,0,0,0,0,0,0,0,0,0,0,0,0,0,0,0,0,0,0,0,0,0
559,들깨우거지국,42.3,50.587,2.54403,2.99496,4.32615,2.5537,55.828,1.06212,210.748,15.6905,0.061282,0.07269,0.54658,370.01227,1756.91782,0,0,0,0,0,0,0,0,0,1,0,0,0,0,0,0,0,0,0,0,0,0,0,0,0,0,0,0,0,0,0,0,0,0,0,0,0,0,0,0
560,들깨채소국,45.1,37.875,3.98967,1.37978,2.91005,0.9983,113.291,0.97084,299.851,0.840583333,0.097437,0.069869,3.72864,268.02311,545.56467,0,0,0,0,0,0,0,0,0,1,0,0,0,0,0,0,0,0,0,0,0,0,0,0,0,0,0,0,0,0,0,0,0,0,0,0,0,0,0,0
561,들깨탕,33.2,50.986,3.00729,1.83723,6.00783,1.4855,77.857,0.76539,104.712,2.6355,0.029971,0.0498,1.58391,221.51448,1045.3009,0,0,0,0,0,0,0,0,0,1,0,0,0,0,0,0,0,0,0,0,0,0,0,0,0,0,0,0,0,0,0,0,0,0,0,0,0,0,0,0
562,들깨표고국,31.4,35.758,3.11533,1.88927,2.77515,0.9799,76.905,0.82035,80.522,0.761833333,0.037383,0.087588,0.14479,220.03296,1040.86178,0,0,0,0,0,0,0,0,0,1,0,0,0,0,0,0,0,0,0,0,0,0,0,0,0,0,0,0,0,0,0,0,0,0,0,0,0,0,0,0
563,떡국,65.3,129.541,4.02186,0.80867,26.7561,0.4192,41.444,0.53612,322.042,23.14075,0.021232,0.065234,0.77299,143.40686,4.96111,0,0,0,0,0,0,0,0,0,1,0,0,0,0,0,0,0,0,0,0,0,0,0,0,0,0,0,0,0,0,0,0,0,0,0,0,0,0,0,0
564,떡국떡미역국,52.5,124.873,4.14715,2.60316,22.63751,1.8151,110.348,0.7021,530.376,21.66675,0.007581,0.018214,0.10591,940.57789,35.21021,0,0,0,0,0,0,0,0,0,1,0,0,0,0,0,0,0,0,0,0,0,0,0,0,0,0,0,0,0,0,0,0,0,0,0,0,0,0,0,0
565,떡만두국,178,312.878,18.72396,7.36627,40.47064,2.7474,113.698,2.08375,298.578,39.79725,0.296794,0.302212,1.83104,2501.49315,202.27137,0,0,0,0,0,0,0,0,0,1,0,0,0,0,0,0,0,0,0,0,0,0,0,0,0,0,0,0,0,0,0,0,0,0,0,0,0,0,0,0
566,떡만두국(가공만두),84.2,166.228,6.71686,4.10189,25.54468,3.2794,41.297,1.8454,337.274,15.55741667,0.247234,0.07663,0.12199,674.68292,41.22909,0,0,0,0,0,0,0,0,0,1,0,0,0,0,0,0,0,0,0,0,0,0,0,0,0,0,0,0,0,0,0,0,0,0,0,0,0,0,0,0
567,만두국,120.5,205.833,14.33476,5.02645,23.88372,1.7844,92.481,1.51191,167.18,29.93666667,0.271555,0.228546,1.80541,1568.06139,111.73232,0,0,0,0,0,0,0,0,0,1,0,0,0,0,0,0,0,0,0,0,0,0,0,0,0,0,0,0,0,0,0,0,0,0,0,0,0,0,0,0
568,만두국(가공만두),75.6,117.614,6.80169,3.88675,13.71881,2.8259,67.375,1.78045,289.002,55.9265,0.208915,0.111468,0.82439,612.95206,34.66722,0,0,0,0,0,0,0,0,0,1,0,0,0,0,0,0,0,0,0,0,0,0,0,0,0,0,0,0,0,0,0,0,0,0,0,0,0,0,0,0
569,"만두국(달걀제외,가공만두)",61.6,98.574,5.06009,2.85495,13.24141,2.8259,60.095,1.52845,270.662,36.8865,0.197995,0.045808,0.82439,459.72346,31.27922,0,0,0,0,0,0,0,0,0,1,0,0,0,0,0,0,0,0,0,0,0,0,0,0,0,0,0,0,0,0,0,0,0,0,0,0,0,0,0,0
570,만두닭개장,167.7,223.415,18.86616,4.65371,24.96852,2.3228,41.643,1.45739,108.442,30.02183333,0.336799,0.252502,2.96715,1544.18919,126.23338,0,0,0,0,0,0,0,0,0,1,0,0,0,0,0,0,0,0,0,0,0,0,0,0,0,0,0,0,0,0,0,0,0,0,0,0,0,0,0,0
571,만두순두부찌개,256.9,277.113,25.18776,9.13991,21.92745,2.8131,122.974,2.7849,225.953,51.57191667,0.614655,0.388362,3.18936,2828.69738,242.33797,0,0,0,0,0,0,0,0,0,1,0,0,0,0,0,0,0,0,0,0,0,0,0,0,0,0,0,0,0,0,0,0,0,0,0,0,0,0,0,0
572,맑은가쓰오부시장국,24.9,7.101,0.96975,0.09188,0.62728,0.1087,34.188,0.28125,55.872,1.584916667,0.01083,0.008727,1.32817,5.05068,2.55136,0,0,0,0,0,0,0,0,0,1,0,0,0,0,0,0,0,0,0,0,0,0,0,0,0,0,0,0,0,0,0,0,0,0,0,0,0,0,0,0
573,맑은김치어묵국,38.2,47.302,4.2846,1.12214,5.03994,0.1094,76.678,0.57,258.326,8.7815,0.015548,0.018842,0.89648,435.23036,50.94194,0,0,0,0,0,0,0,0,0,1,0,0,0,0,0,0,0,0,0,0,0,0,0,0,0,0,0,0,0,0,0,0,0,0,0,0,0,0,0,0
574,맑은꽃게탕,81.2,53.627,9.74421,0.52374,2.32715,0.4081,82.18,0.74774,395.752,3.5385,0.055776,0.094192,1.08682,12.16131,6.391,0,0,0,0,0,0,0,0,0,1,0,0,0,0,0,0,0,0,0,0,0,0,0,0,0,0,0,0,0,0,0,0,0,0,0,0,0,0,0,0
575,맑은닭개장,72.5,78.395,8.47838,3.93931,1.8573,0.5788,13.255,0.62033,72.92,28.94266667,0.078669,0.126418,1.78253,668.28345,322.2149,0,0,0,0,0,0,0,0,0,1,0,0,0,0,0,0,0,0,0,0,0,0,0,0,0,0,0,0,0,0,0,0,0,0,0,0,0,0,0,0
576,맑은동태찌개,77.1,41.949,7.27888,0.33695,2.38603,0.8804,32.964,0.27456,166.965,25.97725,0.06375,0.072089,2.43529,67.28891,12.32359,0,0,0,0,0,0,0,0,0,1,0,0,0,0,0,0,0,0,0,0,0,0,0,0,0,0,0,0,0,0,0,0,0,0,0,0,0,0,0,0
577,맑은미역국,7.7,15.295,2.53974,0.35553,1.95202,1.498,105.189,0.60081,420.406,21.6475,0.003815,0.009352,0.02289,14.86303,22.05014,0,0,0,0,0,0,0,0,0,1,0,0,0,0,0,0,0,0,0,0,0,0,0,0,0,0,0,0,0,0,0,0,0,0,0,0,0,0,0,0
578,맑은바지락탕,52.2,28.294,4.43254,0.3423,1.7248,0.1288,28.552,0.98696,269.278,0.693,0.024108,0.110572,1.827,5.51978,3.03562,0,0,0,0,0,0,0,0,0,1,0,0,0,0,0,0,0,0,0,0,0,0,0,0,0,0,0,0,0,0,0,0,0,0,0,0,0,0,0,0
579,맑은배추국,51.1,16.315,2.20971,0.16108,1.81399,0.2213,70.94,0.5641,200.978,0.8085,0.078992,0.018118,4.21122,4.48053,1.35212,0,0,0,0,0,0,0,0,0,1,0,0,0,0,0,0,0,0,0,0,0,0,0,0,0,0,0,0,0,0,0,0,0,0,0,0,0,0,0,0
580,맑은순두부국,107.1,62.307,8.44116,2.14389,2.22796,0.5782,79.583,1.14527,125.37,21.27766667,0.220073,0.09548,0.91623,680.19385,97.24162,0,0,0,0,0,0,0,0,0,1,0,0,0,0,0,0,0,0,0,0,0,0,0,0,0,0,0,0,0,0,0,0,0,0,0,0,0,0,0,0
581,맑은애호박국,46.9,17.332,1.41141,0.12061,3.19557,0.9653,41.657,0.33019,97.16,37.58416667,0.020895,0.032648,1.96931,13.22874,10.50392,0,0,0,0,0,0,0,0,0,1,0,0,0,0,0,0,0,0,0,0,0,0,0,0,0,0,0,0,0,0,0,0,0,0,0,0,0,0,0,0
582,맑은양배추국,55.6,26.36,2.61886,0.19636,4.21093,1.3833,81.385,0.51241,98.447,1.177166666,0.022985,0.034078,9.71938,10.39483,16.14424,0,0,0,0,0,0,0,0,0,1,0,0,0,0,0,0,0,0,0,0,0,0,0,0,0,0,0,0,0,0,0,0,0,0,0,0,0,0,0,0
583,맑은오징어무국,63.8,48.204,8.94934,0.6974,1.10508,0.2358,38.02,0.30592,249.294,0.690666667,0.033232,0.016504,1.27776,6.66536,2.17546,0,0,0,0,0,0,0,0,0,1,0,0,0,0,0,0,0,0,0,0,0,0,0,0,0,0,0,0,0,0,0,0,0,0,0,0,0,0,0,0
584,맑은육개장,72.2,93.76,7.08174,6.5396,1.5332,0.6404,7.822,0.81384,154.836,6.675666667,0.021332,0.107588,2.49338,106.50944,8.70366,0,0,0,0,0,0,0,0,0,1,0,0,0,0,0,0,0,0,0,0,0,0,0,0,0,0,0,0,0,0,0,0,0,0,0,0,0,0,0,0
585,맑은장국,14.7,2.051,0.14714,0.00987,0.41552,0.0798,5.327,0.21483,42.896,5.1275,0.002555,0.01232,0.98119,3.17751,2.996,0,0,0,0,0,0,0,0,0,1,0,0,0,0,0,0,0,0,0,0,0,0,0,0,0,0,0,0,0,0,0,0,0,0,0,0,0,0,0,0
586,맑은짬뽕국,69.4,82,6.56472,4.9702,2.43914,0.5508,15.634,1.59714,144.686,41.5485,0.131288,0.100238,2.29094,835.4361,332.45562,0,0,0,0,0,0,0,0,0,1,0,0,0,0,0,0,0,0,0,0,0,0,0,0,0,0,0,0,0,0,0,0,0,0,0,0,0,0,0,0
587,매생이국,17.5,26.159,0.61845,2.5529,1.45481,0.9359,13.846,2.60582,57.806,0.01925,0.001281,0.009632,0.10591,878.21377,33.95147,0,0,0,0,0,0,0,0,0,1,0,0,0,0,0,0,0,0,0,0,0,0,0,0,0,0,0,0,0,0,0,0,0,0,0,0,0,0,0,0
588,매생이두부국,45.2,52.95,3.29096,3.84894,2.42486,1.738,31.742,3.03456,58.08,0.01925,0.009887,0.058924,0.07033,1546.06028,142.47107,0,0,0,0,0,0,0,0,0,1,0,0,0,0,0,0,0,0,0,0,0,0,0,0,0,0,0,0,0,0,0,0,0,0,0,0,0,0,0,0
589,매생이떡국,59.2,115.25,2.15556,2.70794,21.87086,1.22,18.022,2.66216,167.42,0.01925,0.003867,0.014264,0.07033,929.30008,35.89607,0,0,0,0,0,0,0,0,0,1,0,0,0,0,0,0,0,0,0,0,0,0,0,0,0,0,0,0,0,0,0,0,0,0,0,0,0,0,0,0
590,매생이수제비국,62.7,123.162,5.14328,0.73721,23.63376,1.8256,75.553,2.1719,172.713,34.25908334,0.057636,0.025224,0.96285,165.35022,27.98621,0,0,0,0,0,0,0,0,0,1,0,0,0,0,0,0,0,0,0,0,0,0,0,0,0,0,0,0,0,0,0,0,0,0,0,0,0,0,0,0
591,매생이홍합국,52.2,54.49,5.42736,2.97254,2.45986,0.926,28.872,4.73836,57.8,10.51925,0.007927,0.124304,1.47033,878.03908,33.95147,0,0,0,0,0,0,0,0,0,1,0,0,0,0,0,0,0,0,0,0,0,0,0,0,0,0,0,0,0,0,0,0,0,0,0,0,0,0,0,0
592,매콤북어국,18.3,53.503,6.67441,2.48247,0.73548,0.3443,28.171,0.393,186.903,5.283833333,0.021983,0.044735,0.19654,912.78204,14.78442,0,0,0,0,0,0,0,0,0,1,0,0,0,0,0,0,0,0,0,0,0,0,0,0,0,0,0,0,0,0,0,0,0,0,0,0,0,0,0,0
593,매콤애호박국,64.1,23.737,2.40049,0.23976,3.51023,1.4249,68.372,0.52724,195.696,14.4605,0.029264,0.056462,2.12018,33.14487,24.55224,0,0,0,0,0,0,0,0,0,1,0,0,0,0,0,0,0,0,0,0,0,0,0,0,0,0,0,0,0,0,0,0,0,0,0,0,0,0,0,0
594,매콤어묵국,58.2,53.226,4.51491,1.19117,6.62436,0.6419,82.006,0.62888,277.087,11.24275,0.026176,0.038201,2.26899,478.81834,55.93847,0,0,0,0,0,0,0,0,0,1,0,0,0,0,0,0,0,0,0,0,0,0,0,0,0,0,0,0,0,0,0,0,0,0,0,0,0,0,0,0
595,매콤육개장,57.3,82.948,6.62169,5.63319,1.33091,0.538,46.412,0.89163,80.755,8.057166667,0.018606,0.105863,1.90638,224.51277,10.50472,0,0,0,0,0,0,0,0,0,1,0,0,0,0,0,0,0,0,0,0,0,0,0,0,0,0,0,0,0,0,0,0,0,0,0,0,0,0,0,0
596,매콤콩나물국,47.9,26.297,3.74952,0.75201,2.15033,0.8334,79.4,0.6579,104.409,2.373916667,0.054726,0.050535,0.91161,298.00767,50.31311,0,0,0,0,0,0,0,0,0,1,0,0,0,0,0,0,0,0,0,0,0,0,0,0,0,0,0,0,0,0,0,0,0,0,0,0,0,0,0,0
597,머위들깨국,41.3,38.157,3.26732,1.85927,2.71208,1.7052,98.805,0.93275,104.692,51.59816667,0.026019,0.058338,1.21513,227.58659,1057.54376,0,0,0,0,0,0,0,0,0,1,0,0,0,0,0,0,0,0,0,0,0,0,0,0,0,0,0,0,0,0,0,0,0,0,0,0,0,0,0,0
598,멸치장국,18.2,14.294,2.61562,0.2394,0.336,0.112,89.516,0.60032,91.56,1.615833333,0.00966,0.0112,0.2485,5.21584,2.58678,0,0,0,0,0,0,0,0,0,1,0,0,0,0,0,0,0,0,0,0,0,0,0,0,0,0,0,0,0,0,0,0,0,0,0,0,0,0,0,0
599,모듬버섯국,58.1,20.909,2.81421,0.22036,3.47158,1.1046,64.673,0.71995,163.975,0.7035,0.059857,0.104902,1.71738,24.62222,8.73852,0,0,0,0,0,0,0,0,0,1,0,0,0,0,0,0,0,0,0,0,0,0,0,0,0,0,0,0,0,0,0,0,0,0,0,0,0,0,0,0
600,모듬버섯된장국,58.1,25.025,3.34131,0.39935,3.39297,1.1095,83.279,0.98112,312.193,12.68108333,0.08421,0.119112,2.79769,22.64983,5.33001,0,0,0,0,0,0,0,0,0,1,0,0,0,0,0,0,0,0,0,0,0,0,0,0,0,0,0,0,0,0,0,0,0,0,0,0,0,0,0,0
601,모듬버섯찌개,58.1,20.895,2.19933,0.26894,4.30402,1.5848,36.295,0.62797,133.693,9.288999999,0.065415,0.13972,1.55274,96.55324,13.47122,0,0,0,0,0,0,0,0,0,1,0,0,0,0,0,0,0,0,0,0,0,0,0,0,0,0,0,0,0,0,0,0,0,0,0,0,0,0,0,0
602,모듬어묵국,48.4,48.36,4.42606,1.13145,5.2911,0.427,81.362,0.60701,265.57,26.71366667,0.015321,0.02521,1.91051,442.25727,60.47734,0,0,0,0,0,0,0,0,0,1,0,0,0,0,0,0,0,0,0,0,0,0,0,0,0,0,0,0,0,0,0,0,0,0,0,0,0,0,0,0
603,모듬어묵장국,52.2,48.492,4.2825,1.11514,5.48514,0.3124,73.864,0.5364,233.392,6.217166667,0.016178,0.015832,1.55168,439.90076,52.38254,0,0,0,0,0,0,0,0,0,1,0,0,0,0,0,0,0,0,0,0,0,0,0,0,0,0,0,0,0,0,0,0,0,0,0,0,0,0,0,0
604,모듬어묵탕,53.9,53.599,5.20506,1.19861,5.63472,0.4144,106.897,0.72499,288.386,14.86916667,0.019271,0.021938,1.99829,442.23963,56.18634,0,0,0,0,0,0,0,0,0,1,0,0,0,0,0,0,0,0,0,0,0,0,0,0,0,0,0,0,0,0,0,0,0,0,0,0,0,0,0,0
605,모시조개국,45.2,32.564,5.97184,0.2562,1.3104,0.0448,23.512,1.03176,134.388,4.426333333,0.022848,0.111832,0.9394,1.31488,0.69972,0,0,0,0,0,0,0,0,0,1,0,0,0,0,0,0,0,0,0,0,0,0,0,0,0,0,0,0,0,0,0,0,0,0,0,0,0,0,0,0
606,모시조개탕,59.2,43.204,7.94584,0.3402,1.7024,0.0448,31.072,1.36776,134.388,5.686333333,0.029848,0.148232,1.2194,1.31488,0.69972,0,0,0,0,0,0,0,0,0,1,0,0,0,0,0,0,0,0,0,0,0,0,0,0,0,0,0,0,0,0,0,0,0,0,0,0,0,0,0,0
607,목살김치국,80.2,89.638,8.28678,4.93546,2.56978,0.822,88.844,1.01688,145.08,7.050166667,0.173538,0.07746,2.39392,1123.81882,255.94366,0,0,0,0,0,0,0,0,0,1,0,0,0,0,0,0,0,0,0,0,0,0,0,0,0,0,0,0,0,0,0,0,0,0,0,0,0,0,0,0
608,목살찌개,80.5,90.007,8.30787,4.93582,2.64973,0.8319,88.868,1.01934,145.086,7.050166667,0.173892,0.078288,2.4295,1123.99351,255.94366,0,0,0,0,0,0,0,0,0,1,0,0,0,0,0,0,0,0,0,0,0,0,0,0,0,0,0,0,0,0,0,0,0,0,0,0,0,0,0,0
609,무국,53.2,37.191,2.12709,2.2967,2.23741,0.3451,75.194,0.54124,128.506,1.46475,0.033733,0.02443,3.46381,888.07705,16.94357,0,0,0,0,0,0,0,0,0,1,0,0,0,0,0,0,0,0,0,0,0,0,0,0,0,0,0,0,0,0,0,0,0,0,0,0,0,0,0,0
610,무된장국,61.6,24.15,2.56858,0.35532,2.91172,0.5894,73.108,0.75978,272.972,2.979666666,0.063952,0.035112,3.38478,13.97354,9.04624,0,0,0,0,0,0,0,0,0,1,0,0,0,0,0,0,0,0,0,0,0,0,0,0,0,0,0,0,0,0,0,0,0,0,0,0,0,0,0,0
611,무들깨국,55,58.599,3.02118,3.96227,3.28558,1.2256,91.088,0.84664,128.542,1.0955,0.046819,0.053506,3.35368,1104.17044,1056.02252,0,0,0,0,0,0,0,0,0,1,0,0,0,0,0,0,0,0,0,0,0,0,0,0,0,0,0,0,0,0,0,0,0,0,0,0,0,0,0,0
612,무맑은국,48.3,15.769,1.99621,0.19496,1.62555,0.3067,68.98,0.4451,197.954,0.786333333,0.030342,0.01536,3.21778,13.13253,5.37824,0,0,0,0,0,0,0,0,0,1,0,0,0,0,0,0,0,0,0,0,0,0,0,0,0,0,0,0,0,0,0,0,0,0,0,0,0,0,0,0
613,무채국,52.5,36.421,2.07529,2.289,1.92101,0.3451,70.238,0.49714,106.806,1.12875,0.032193,0.02128,3.33781,888.07705,16.94357,0,0,0,0,0,0,0,0,0,1,0,0,0,0,0,0,0,0,0,0,0,0,0,0,0,0,0,0,0,0,0,0,0,0,0,0,0,0,0,0
614,무채된장국,45.1,20.473,2.41831,0.34406,2.02035,0.2647,70.612,0.7257,272.768,0.763,0.058132,0.02733,2.70398,11.40633,4.69154,0,0,0,0,0,0,0,0,0,1,0,0,0,0,0,0,0,0,0,0,0,0,0,0,0,0,0,0,0,0,0,0,0,0,0,0,0,0,0,0
615,무채양파국,45.9,18.349,2.04664,0.18045,2.33372,0.499,66.623,0.42769,105.834,0.105,0.024027,0.012934,2.84653,10.35919,2.82002,0,0,0,0,0,0,0,0,0,1,0,0,0,0,0,0,0,0,0,0,0,0,0,0,0,0,0,0,0,0,0,0,0,0,0,0,0,0,0,0
616,묵국,191.1,84.007,3.02221,0.53751,17.19941,0.5097,86.673,1.23983,224.954,50.63925,0.050043,0.09522,4.95101,11.10246,2.5725,0,0,0,0,0,0,0,0,0,1,0,0,0,0,0,0,0,0,0,0,0,0,0,0,0,0,0,0,0,0,0,0,0,0,0,0,0,0,0,0
617,물만두국(가공만두),75.6,117.614,6.80169,3.88675,13.71881,2.8259,67.375,1.78045,289.002,55.9265,0.208915,0.111468,0.82439,612.95206,34.66722,0,0,0,0,0,0,0,0,0,1,0,0,0,0,0,0,0,0,0,0,0,0,0,0,0,0,0,0,0,0,0,0,0,0,0,0,0,0,0,0
618,"물만두국(달걀제외,가공만두)",67.3,87.273,5.11367,3.03545,10.17941,2.6747,85.842,3.57515,367.028,5.199166666,0.319513,0.06637,0.55279,3.68942,1.6079,0,0,0,0,0,0,0,0,0,1,0,0,0,0,0,0,0,0,0,0,0,0,0,0,0,0,0,0,0,0,0,0,0,0,0,0,0,0,0,0
619,미니게살된장우동,128.1,140.294,6.69935,0.96915,25.22996,1.246,118.888,0.91224,555.03,0.716333333,0.096264,0.078568,1.6408,263.221,14.36736,0,0,0,0,0,0,0,0,0,1,0,0,0,0,0,0,0,0,0,0,0,0,0,0,0,0,0,0,0,0,0,0,0,0,0,0,0,0,0,0
620,미니김치우동,95.9,119.406,4.89174,0.8596,21.96698,1.1032,89.747,0.63329,302.141,3.763083334,0.070259,0.044772,1.05455,257.71368,12.13233,0,0,0,0,0,0,0,0,0,1,0,0,0,0,0,0,0,0,0,0,0,0,0,0,0,0,0,0,0,0,0,0,0,0,0,0,0,0,0,0
621,미니들깨칼국수,99.1,235.301,8.67346,3.51341,40.94196,3.1852,127.561,1.43121,342.662,0.8575,0.065913,0.06934,2.69961,626.93411,1750.54194,0,0,0,0,0,0,0,0,0,1,0,0,0,0,0,0,0,0,0,0,0,0,0,0,0,0,0,0,0,0,0,0,0,0,0,0,0,0,0,0
622,미니맛살우동,87.5,121.534,5.19715,0.83545,22.25272,1.1312,87.584,0.58366,392.28,0.646333333,0.05978,0.074494,0.0994,258.0424,12.30726,0,0,0,0,0,0,0,0,0,1,0,0,0,0,0,0,0,0,0,0,0,0,0,0,0,0,0,0,0,0,0,0,0,0,0,0,0,0,0,0
623,미니메밀국수,89.1,96.332,3.34335,0.51296,19.48185,1.3143,27.253,0.40682,193.047,4.147416667,0.017399,0.060365,1.44621,195.02205,22.70738,0,0,0,0,0,0,0,0,0,1,0,0,0,0,0,0,0,0,0,0,0,0,0,0,0,0,0,0,0,0,0,0,0,0,0,0,0,0,0,0
624,미니새우튀김우동,95.2,165.137,7.62671,4.28288,22.40252,1.3076,80.759,1.47777,222.453,15.01033333,0.067431,0.055398,0.5362,877.1329,335.11086,0,0,0,0,0,0,0,0,0,1,0,0,0,0,0,0,0,0,0,0,0,0,0,0,0,0,0,0,0,0,0,0,0,0,0,0,0,0,0,0
625,미니어묵우동,84.7,125.09,5.01795,1.44725,22.02452,1.1732,57.82,0.52486,357.084,4.321333333,0.05474,0.057834,0.0994,546.4592,45.42986,0,0,0,0,0,0,0,0,0,1,0,0,0,0,0,0,0,0,0,0,0,0,0,0,0,0,0,0,0,0,0,0,0,0,0,0,0,0,0,0
626,미니우동,72.6,86.332,2.97812,0.36028,17.13116,1.216,45.699,0.43431,159.82,27.59875,0.048501,0.044104,1.74676,124.73839,16.66539,0,0,0,0,0,0,0,0,0,1,0,0,0,0,0,0,0,0,0,0,0,0,0,0,0,0,0,0,0,0,0,0,0,0,0,0,0,0,0,0
627,미니유부우동,82.9,161.81,6.25732,5.98886,19.51573,1.1243,85.361,1.09607,146.383,0.646333333,0.061835,0.023648,0.13498,257.89565,12.16768,0,0,0,0,0,0,0,0,0,1,0,0,0,0,0,0,0,0,0,0,0,0,0,0,0,0,0,0,0,0,0,0,0,0,0,0,0,0,0,0
628,미니칼국수,86.2,184.594,5.70265,0.6383,37.57678,1.4532,66.648,0.65209,550.757,3.851666667,0.035005,0.023292,1.50885,263.28043,22.56646,0,0,0,0,0,0,0,0,0,1,0,0,0,0,0,0,0,0,0,0,0,0,0,0,0,0,0,0,0,0,0,0,0,0,0,0,0,0,0,0
629,미니해물칼국수,111.6,216.228,11.47211,1.12183,37.81387,1.4617,87.629,2.03267,340.752,3.15,0.042249,0.071108,1.64957,262.73566,23.11232,0,0,0,0,0,0,0,0,0,1,0,0,0,0,0,0,0,0,0,0,0,0,0,0,0,0,0,0,0,0,0,0,0,0,0,0,0,0,0,0
630,미소국,27.6,27.872,2.49958,1.18763,1.75057,0.9927,17.965,0.45046,161.776,2.051,0.013619,0.051564,0.4189,611.44353,98.5558,0,0,0,0,0,0,0,0,0,1,0,0,0,0,0,0,0,0,0,0,0,0,0,0,0,0,0,0,0,0,0,0,0,0,0,0,0,0,0,0
631,미소된장국,7,7.942,0.50898,0.21973,1.14387,0.3837,7.357,0.15226,173.966,2.243,0.007779,0.015774,0.4909,110.42763,17.1661,0,0,0,0,0,0,0,0,0,1,0,0,0,0,0,0,0,0,0,0,0,0,0,0,0,0,0,0,0,0,0,0,0,0,0,0,0,0,0,0
632,미소장국,6.6,7.502,0.47938,0.21533,0.96307,0.3837,4.525,0.12706,161.566,2.051,0.006899,0.013974,0.4189,110.42763,17.1661,0,0,0,0,0,0,0,0,0,1,0,0,0,0,0,0,0,0,0,0,0,0,0,0,0,0,0,0,0,0,0,0,0,0,0,0,0,0,0,0
633,미역국,9.8,34.552,2.53974,2.44692,1.95496,1.498,106.092,0.63756,420.742,21.66675,0.003815,0.010822,0.02289,888.90928,33.26561,0,0,0,0,0,0,0,0,0,1,0,0,0,0,0,0,0,0,0,0,0,0,0,0,0,0,0,0,0,0,0,0,0,0,0,0,0,0,0,0
634,미역냉국,33.9,12.012,0.91574,0.14427,3.09176,1.2782,37.059,0.26541,312.625,16.53633333,0.003395,0.016954,2.96576,12.6224,16.42438,0,0,0,0,0,0,0,0,0,1,0,0,0,0,0,0,0,0,0,0,0,0,0,0,0,0,0,0,0,0,0,0,0,0,0,0,0,0,0,0
635,미역된장국,12.9,20.361,2.96067,0.48847,2.53905,1.5387,108.405,0.86416,552.201,22.13225,0.0317,0.021324,0.11013,16.01597,22.57493,0,0,0,0,0,0,0,0,0,1,0,0,0,0,0,0,0,0,0,0,0,0,0,0,0,0,0,0,0,0,0,0,0,0,0,0,0,0,0,0
636,미역만두국,44.1,99.701,7.707,3.82529,9.86958,3.1668,212.359,2.03119,585.27,25.22333334,0.136143,0.037464,0.12229,901.44565,51.08432,0,0,0,0,0,0,0,0,0,1,0,0,0,0,0,0,0,0,0,0,0,0,0,0,0,0,0,0,0,0,0,0,0,0,0,0,0,0,0,0
637,미역미소장국,11.9,19.761,2.68765,0.50281,2.10532,1.3706,94.017,0.63868,433.58,16.48266667,0.009905,0.019054,0.38332,120.58494,32.0523,0,0,0,0,0,0,0,0,0,1,0,0,0,0,0,0,0,0,0,0,0,0,0,0,0,0,0,0,0,0,0,0,0,0,0,0,0,0,0,0
638,미역북어국,19.3,61.371,8.21602,2.6966,2.06156,1.5112,102.407,0.7527,442.31,21.66675,0.018357,0.033486,0.07033,888.49932,32.98645,0,0,0,0,0,0,0,0,0,1,0,0,0,0,0,0,0,0,0,0,0,0,0,0,0,0,0,0,0,0,0,0,0,0,0,0,0,0,0,0
639,미역오이냉국,29.1,15.001,0.95538,0.27735,3.49835,1.2147,38.692,0.27497,346.04,16.52791667,0.002557,0.030242,2.6016,66.03481,16.87171,0,0,0,0,0,0,0,0,0,1,0,0,0,0,0,0,0,0,0,0,0,0,0,0,0,0,0,0,0,0,0,0,0,0,0,0,0,0,0,0
640,미역장국,11.9,18.011,2.6663,0.42126,1.86592,1.0276,94.367,0.83328,446.705,16.48266667,0.0308,0.021224,0.38332,11.59984,16.0846,0,0,0,0,0,0,0,0,0,1,0,0,0,0,0,0,0,0,0,0,0,0,0,0,0,0,0,0,0,0,0,0,0,0,0,0,0,0,0,0
641,미역참치국,49.4,80.348,11.78518,3.0508,2.18756,1.5112,53.96,1.05356,378.19,26.70675,0.089127,0.080246,0.49033,887.85644,32.70729,0,0,0,0,0,0,0,0,0,1,0,0,0,0,0,0,0,0,0,0,0,0,0,0,0,0,0,0,0,0,0,0,0,0,0,0,0,0,0,0
642,바지락국,54.7,46.504,6.96884,0.96214,2.29796,0.2512,116.784,1.5109,369.79,0.171,0.025072,0.113894,1.62464,171.83506,4.07066,0,0,0,0,0,0,0,0,0,1,0,0,0,0,0,0,0,0,0,0,0,0,0,0,0,0,0,0,0,0,0,0,0,0,0,0,0,0,0,0
643,바지락된장국,45.9,40.259,6.44656,0.61438,1.9532,0.0804,86.839,1.564,369.783,0.9695,0.047204,0.124332,0.89654,4.2435,2.5704,0,0,0,0,0,0,0,0,0,1,0,0,0,0,0,0,0,0,0,0,0,0,0,0,0,0,0,0,0,0,0,0,0,0,0,0,0,0,0,0
644,바지락맑은국,42.4,31.678,5.26336,0.42028,1.5631,0.0132,57.42,1.29922,308.413,0.49925,0.024652,0.112914,1.04644,1.6283,1.24166,0,0,0,0,0,0,0,0,0,1,0,0,0,0,0,0,0,0,0,0,0,0,0,0,0,0,0,0,0,0,0,0,0,0,0,0,0,0,0,0
645,바지락미역국,42.7,52.256,5.21893,2.62389,3.27839,1.5183,74.321,1.25639,594.558,21.81075,0.015486,0.113994,0.83702,888.77572,33.66979,0,0,0,0,0,0,0,0,0,1,0,0,0,0,0,0,0,0,0,0,0,0,0,0,0,0,0,0,0,0,0,0,0,0,0,0,0,0,0,0
646,바지락부추국,49.8,29.122,4.57462,0.36798,1.8006,0.0132,28.612,1.41808,268.866,1.015,0.036872,0.117304,1.44744,0.98542,0.9625,0,0,0,0,0,0,0,0,0,1,0,0,0,0,0,0,0,0,0,0,0,0,0,0,0,0,0,0,0,0,0,0,0,0,0,0,0,0,0,0
647,바지락살근대된장국,62.6,28.845,3.76371,0.43086,2.91355,0.9773,40.568,1.10034,372.308,89.50083332,0.076038,0.119534,2.31128,13.81363,31.07286,0,0,0,0,0,0,0,0,0,1,0,0,0,0,0,0,0,0,0,0,0,0,0,0,0,0,0,0,0,0,0,0,0,0,0,0,0,0,0,0
648,바지락살맑은국,42.4,31.678,5.26336,0.42028,1.5631,0.0132,57.42,1.29922,308.413,0.49925,0.024652,0.112914,1.04644,1.6283,1.24166,0,0,0,0,0,0,0,0,0,1,0,0,0,0,0,0,0,0,0,0,0,0,0,0,0,0,0,0,0,0,0,0,0,0,0,0,0,0,0,0
649,바지락살무국,67.6,35.114,5.3792,0.43168,2.3018,0.226,60.876,1.18628,166.258,0.739666666,0.03452,0.116156,2.90204,9.84798,4.68818,0,0,0,0,0,0,0,0,0,1,0,0,0,0,0,0,0,0,0,0,0,0,0,0,0,0,0,0,0,0,0,0,0,0,0,0,0,0,0,0
650,바지락살순두부국,124.7,59.768,8.96117,1.27063,3.2664,0.744,74.112,1.3933,264.246,0.693,0.22044,0.087526,2.21324,529.39862,91.40376,0,0,0,0,0,0,0,0,0,1,0,0,0,0,0,0,0,0,0,0,0,0,0,0,0,0,0,0,0,0,0,0,0,0,0,0,0,0,0,0
651,바지락파래국,62.4,29.696,4.7394,0.36,2.10328,0.4108,35.318,1.55668,286.114,0.679,0.062702,0.130394,6.60616,5.30498,6.5156,0,0,0,0,0,0,0,0,0,1,0,0,0,0,0,0,0,0,0,0,0,0,0,0,0,0,0,0,0,0,0,0,0,0,0,0,0,0,0,0
652,방아잎된장국,63.3,53.499,5.84467,1.71256,4.09445,2.1379,143.02,1.48604,271.368,132.3991667,0.116134,0.174918,1.02048,685.29675,160.60142,0,0,0,0,0,0,0,0,0,1,0,0,0,0,0,0,0,0,0,0,0,0,0,0,0,0,0,0,0,0,0,0,0,0,0,0,0,0,0,0
653,배추국,66.2,23.064,2.81182,0.3194,2.7358,0.1638,80.63,0.94444,290.622,1.054166667,0.138458,0.036422,5.483,3.81864,1.32524,0,0,0,0,0,0,0,0,0,1,0,0,0,0,0,0,0,0,0,0,0,0,0,0,0,0,0,0,0,0,0,0,0,0,0,0,0,0,0,0
654,배추당면국,69.3,42.511,2.34766,0.16457,8.25622,0.2856,81.403,0.95487,112.056,0.862166667,0.106113,0.023212,5.43809,4.74495,1.54504,0,0,0,0,0,0,0,0,0,1,0,0,0,0,0,0,0,0,0,0,0,0,0,0,0,0,0,0,0,0,0,0,0,0,0,0,0,0,0,0
655,배추된장국,59.1,21.103,2.73681,0.31256,2.16735,0.0547,76.772,0.9077,278.018,0.8505,0.135482,0.03468,5.03498,2.77533,1.25804,0,0,0,0,0,0,0,0,0,1,0,0,0,0,0,0,0,0,0,0,0,0,0,0,0,0,0,0,0,0,0,0,0,0,0,0,0,0,0,0
656,배추들깨국,69.3,40.467,3.32122,1.82987,3.45968,1.1382,91.385,0.95725,111.622,0.982333333,0.121919,0.055398,5.59853,221.56799,1040.95586,0,0,0,0,0,0,0,0,0,1,0,0,0,0,0,0,0,0,0,0,0,0,0,0,0,0,0,0,0,0,0,0,0,0,0,0,0,0,0,0
657,배추맑은국,55.7,15.841,2.29873,0.15764,1.64395,0.0679,73.562,0.61778,202.792,0.8505,0.104034,0.022344,5.08242,3.00825,1.25804,0,0,0,0,0,0,0,0,0,1,0,0,0,0,0,0,0,0,0,0,0,0,0,0,0,0,0,0,0,0,0,0,0,0,0,0,0,0,0,0
658,백짬뽕국,119.1,108.039,13.72837,3.8686,4.69425,0.6047,149.087,1.84848,536.33,51.03883334,0.072934,0.163064,16.74542,559.89153,322.27958,0,0,0,0,0,0,0,0,0,1,0,0,0,0,0,0,0,0,0,0,0,0,0,0,0,0,0,0,0,0,0,0,0,0,0,0,0,0,0,0
659,버섯개장,78.1,62.939,4.4307,3.75731,3.426,1.2228,47.114,0.81486,102.712,30.20033333,0.062107,0.15411,2.36416,1119.23178,19.51404,0,0,0,0,0,0,0,0,0,1,0,0,0,0,0,0,0,0,0,0,0,0,0,0,0,0,0,0,0,0,0,0,0,0,0,0,0,0,0,0
660,버섯달걀탕,62.4,53.216,5.83644,2.2822,3.29132,1.052,75.792,1.21396,232.676,40.131,0.047512,0.19114,0.43076,342.01492,23.30552,0,0,0,0,0,0,0,0,0,1,0,0,0,0,0,0,0,0,0,0,0,0,0,0,0,0,0,0,0,0,0,0,0,0,0,0,0,0,0,0
661,버섯당면국,58.2,43.878,2.66054,0.2291,9.43074,1.3796,68.358,0.99682,197.06,0.662666667,0.04621,0.077194,0.81548,27.45816,8.95832,0,0,0,0,0,0,0,0,0,1,0,0,0,0,0,0,0,0,0,0,0,0,0,0,0,0,0,0,0,0,0,0,0,0,0,0,0,0,0,0
662,버섯된장국,31.2,19.294,2.7514,0.33088,2.1842,0.8112,62.598,0.80716,271.356,0.018666667,0.067812,0.059904,0.48774,9.94178,0.55832,0,0,0,0,0,0,0,0,0,1,0,0,0,0,0,0,0,0,0,0,0,0,0,0,0,0,0,0,0,0,0,0,0,0,0,0,0,0,0,0
663,버섯들깨국,31.8,36.09,3.27301,1.84311,2.82199,1.7795,75.729,0.83371,104.194,0.761833333,0.052343,0.081608,0.29017,228.46058,1040.86178,0,0,0,0,0,0,0,0,0,1,0,0,0,0,0,0,0,0,0,0,0,0,0,0,0,0,0,0,0,0,0,0,0,0,0,0,0,0,0,0
664,버섯들깨탕,35.4,54.304,3.91372,3.25616,3.78938,2.3556,86.926,1.0623,129.26,0.213916667,0.061317,0.102994,0.52371,496.90836,1734.83343,0,0,0,0,0,0,0,0,0,1,0,0,0,0,0,0,0,0,0,0,0,0,0,0,0,0,0,0,0,0,0,0,0,0,0,0,0,0,0,0
665,버섯맑은국,29.4,14.896,2.34913,0.17871,1.84667,0.8239,59.717,0.53095,104.874,0.028,0.036981,0.049882,0.70021,10.12438,0.55832,0,0,0,0,0,0,0,0,0,1,0,0,0,0,0,0,0,0,0,0,0,0,0,0,0,0,0,0,0,0,0,0,0,0,0,0,0,0,0,0
666,버섯무국,34.7,14.961,2.21184,0.18255,1.72332,0.632,62.563,0.49349,105.4,0.065333333,0.034107,0.037714,1.49413,10.59439,1.93172,0,0,0,0,0,0,0,0,0,1,0,0,0,0,0,0,0,0,0,0,0,0,0,0,0,0,0,0,0,0,0,0,0,0,0,0,0,0,0,0
667,버섯부추국,34.7,15.941,2.37564,0.21195,1.82692,0.548,63.263,0.94429,104.98,1.033666667,0.048247,0.045974,1.16653,7.14199,0.55832,0,0,0,0,0,0,0,0,0,1,0,0,0,0,0,0,0,0,0,0,0,0,0,0,0,0,0,0,0,0,0,0,0,0,0,0,0,0,0,0
668,버섯샤브샤브,85.8,104.736,7.0732,7.57308,3.07292,0.9946,74.19,1.2679,166.916,12.38883333,0.059776,0.165184,3.52392,161.81952,17.38436,0,0,0,0,0,0,0,0,0,1,0,0,0,0,0,0,0,0,0,0,0,0,0,0,0,0,0,0,0,0,0,0,0,0,0,0,0,0,0,0
669,버섯소고기국,66.9,78.507,6.1135,5.26595,2.86992,1.0898,3.861,0.77657,59.634,4.018,0.023565,0.137296,0.84173,110.11171,12.39812,0,0,0,0,0,0,0,0,0,1,0,0,0,0,0,0,0,0,0,0,0,0,0,0,0,0,0,0,0,0,0,0,0,0,0,0,0,0,0,0
670,버섯육개장,110.3,142.963,9.3244,10.38169,3.25744,1.2942,16.083,1.17837,82.104,25.73783333,0.057627,0.205462,3.07319,819.23201,329.47376,0,0,0,0,0,0,0,0,0,1,0,0,0,0,0,0,0,0,0,0,0,0,0,0,0,0,0,0,0,0,0,0,0,0,0,0,0,0,0,0
671,버섯찌개,39,17.896,2.39867,0.2269,2.5578,0.8249,62.114,0.57753,197.019,1.896083333,0.036093,0.057179,1.17388,24.49523,1.73213,0,0,0,0,0,0,0,0,0,1,0,0,0,0,0,0,0,0,0,0,0,0,0,0,0,0,0,0,0,0,0,0,0,0,0,0,0,0,0,0
672,버섯채소전골,105.4,94.194,8.46326,5.51424,4.70532,1.353,68.415,1.53999,126.554,27.36708334,0.075673,0.209676,7.31652,106.62823,13.46821,0,0,0,0,0,0,0,0,0,1,0,0,0,0,0,0,0,0,0,0,0,0,0,0,0,0,0,0,0,0,0,0,0,0,0,0,0,0,0,0
673,볼어묵국,57.5,39.443,4.28748,0.35747,5.04712,0.315,116.943,0.64925,296.526,1.435166666,0.029487,0.043038,2.26899,9.66259,3.7352,0,0,0,0,0,0,0,0,0,1,0,0,0,0,0,0,0,0,0,0,0,0,0,0,0,0,0,0,0,0,0,0,0,0,0,0,0,0,0,0
674,봄동된장국,79.5,52.005,5.73438,1.67943,3.895,1.9928,122.742,1.45438,291.95,32.89475,0.066258,0.106258,9.89959,676.94784,148.23851,0,0,0,0,0,0,0,0,0,1,0,0,0,0,0,0,0,0,0,0,0,0,0,0,0,0,0,0,0,0,0,0,0,0,0,0,0,0,0,0
675,부대찌개,74.2,92.582,6.87225,4.45088,6.35194,0.924,19.754,0.61439,465.71,18.879,0.102263,0.125314,15.62638,668.47998,46.79948,0,0,0,0,0,0,0,0,0,1,0,0,0,0,0,0,0,0,0,0,0,0,0,0,0,0,0,0,0,0,0,0,0,0,0,0,0,0,0,0
676,부추달걀국,69.4,71.57,7.34543,3.31756,2.58365,0.0771,87.265,1.82288,251.088,59.5215,0.070716,0.220736,1.16468,463.11857,11.7719,0,0,0,0,0,0,0,0,0,1,0,0,0,0,0,0,0,0,0,0,0,0,0,0,0,0,0,0,0,0,0,0,0,0,0,0,0,0,0,0
677,부추된장국,17.2,16.501,2.23396,0.34431,1.34899,0.2934,68.352,0.72525,174.121,1.824,0.031684,0.034403,0.89588,81.38498,13.87547,0,0,0,0,0,0,0,0,0,1,0,0,0,0,0,0,0,0,0,0,0,0,0,0,0,0,0,0,0,0,0,0,0,0,0,0,0,0,0,0
678,부추들깨국,20.7,37.991,3.13472,2.00569,2.26151,1.2174,79.818,1.00623,152.463,1.6035,0.04497,0.063131,0.76988,298.63922,1053.47921,0,0,0,0,0,0,0,0,0,1,0,0,0,0,0,0,0,0,0,0,0,0,0,0,0,0,0,0,0,0,0,0,0,0,0,0,0,0,0,0
679,부추맑은국,37.2,16.575,2.30075,0.24594,1.58235,0.0903,68.661,1.36266,197.107,3.709,0.052088,0.03279,1.78612,3.66569,1.6079,0,0,0,0,0,0,0,0,0,1,0,0,0,0,0,0,0,0,0,0,0,0,0,0,0,0,0,0,0,0,0,0,0,0,0,0,0,0,0,0
680,부추미소장국,21,19.39,2.4045,0.44786,1.49128,0.4116,65.366,0.87976,255.332,1.015,0.032606,0.025116,0.7,132.06788,19.71956,0,0,0,0,0,0,0,0,0,1,0,0,0,0,0,0,0,0,0,0,0,0,0,0,0,0,0,0,0,0,0,0,0,0,0,0,0,0,0,0
681,부추바지락국,50.2,29.562,4.60422,0.37238,1.9814,0.0132,31.444,1.44328,281.266,1.207,0.037752,0.119104,1.51944,0.98542,0.9625,0,0,0,0,0,0,0,0,0,1,0,0,0,0,0,0,0,0,0,0,0,0,0,0,0,0,0,0,0,0,0,0,0,0,0,0,0,0,0,0
682,부추새우맑은국,81.3,59.378,11.71971,0.57614,1.39385,0.0231,50.275,2.19104,387.741,1.46,0.033136,0.069912,2.08502,0.40761,0,0,0,0,0,0,0,0,0,0,1,0,0,0,0,0,0,0,0,0,0,0,0,0,0,0,0,0,0,0,0,0,0,0,0,0,0,0,0,0,0
683,부추재첩국,44.1,38.81,5.35946,0.76278,2.4236,0.0132,94.694,7.76352,268.029,1.82,0.044852,0.081744,1.09744,0.8758,0.27916,0,0,0,0,0,0,0,0,0,1,0,0,0,0,0,0,0,0,0,0,0,0,0,0,0,0,0,0,0,0,0,0,0,0,0,0,0,0,0,0
684,북어국,17.6,51.27,6.58138,2.42367,0.31114,0.0804,27.618,0.35877,186.812,0.98875,0.018994,0.029622,0.19654,876.25149,12.26505,0,0,0,0,0,0,0,0,0,1,0,0,0,0,0,0,0,0,0,0,0,0,0,0,0,0,0,0,0,0,0,0,0,0,0,0,0,0,0,0
685,북어김치국,44.1,73.577,8.49198,3.48096,1.34946,0.0476,43.477,0.70854,146.132,22.98391667,0.041573,0.103292,1.10229,1028.59764,15.30319,0,0,0,0,0,0,0,0,0,1,0,0,0,0,0,0,0,0,0,0,0,0,0,0,0,0,0,0,0,0,0,0,0,0,0,0,0,0,0,0
686,북어달걀국,41.4,71.668,8.36862,3.46345,1.09766,0.1252,37.138,0.61945,205.824,19.74291667,0.035598,0.096318,0.96892,1031.58457,16.40191,0,0,0,0,0,0,0,0,0,1,0,0,0,0,0,0,0,0,0,0,0,0,0,0,0,0,0,0,0,0,0,0,0,0,0,0,0,0,0,0
687,북어무국,27.4,52.628,6.62702,2.43165,0.62026,0.1252,29.858,0.36745,187.484,0.702916667,0.024678,0.030658,0.96892,878.35597,13.01391,0,0,0,0,0,0,0,0,0,1,0,0,0,0,0,0,0,0,0,0,0,0,0,0,0,0,0,0,0,0,0,0,0,0,0,0,0,0,0,0
688,북어미역국,17.9,57.143,7.38568,2.6203,2.06156,1.5112,73.175,0.58106,411.79,21.66675,0.016677,0.031946,0.07033,887.85644,32.70729,0,0,0,0,0,0,0,0,0,1,0,0,0,0,0,0,0,0,0,0,0,0,0,0,0,0,0,0,0,0,0,0,0,0,0,0,0,0,0,0
689,북어채국,23.2,52.838,6.62296,2.42437,0.71154,0.177,28.332,0.36129,187.022,0.67725,0.02052,0.029076,0.55844,876.81205,11.98239,0,0,0,0,0,0,0,0,0,1,0,0,0,0,0,0,0,0,0,0,0,0,0,0,0,0,0,0,0,0,0,0,0,0,0,0,0,0,0,0
690,북어채무국,27.8,53.068,6.65662,2.43605,0.80106,0.1252,32.69,0.39265,199.884,0.894916667,0.025558,0.032458,1.04092,878.35597,13.01391,0,0,0,0,0,0,0,0,0,1,0,0,0,0,0,0,0,0,0,0,0,0,0,0,0,0,0,0,0,0,0,0,0,0,0,0,0,0,0,0
691,사골당면국,121.5,148.53,10.86788,8.51995,6.3796,0.1526,11.265,2.29202,167.197,5.53575,0.012276,0.105094,0.46935,118.97536,7.11179,0,0,0,0,0,0,0,0,0,1,0,0,0,0,0,0,0,0,0,0,0,0,0,0,0,0,0,0,0,0,0,0,0,0,0,0,0,0,0,0
692,사골떡국,143.1,207.256,8.06568,2.03945,39.4163,0.3276,87.004,6.73082,267.797,12.0715,0.047656,0.094374,1.17355,52.24716,2.46939,0,0,0,0,0,0,0,0,0,1,0,0,0,0,0,0,0,0,0,0,0,0,0,0,0,0,0,0,0,0,0,0,0,0,0,0,0,0,0,0
693,사골파국,100.4,116.543,6.21138,1.85115,18.6648,0.0336,80.704,6.59782,156.371,3.56475,0.039186,0.063574,0.07455,0.98616,0.52479,0,0,0,0,0,0,0,0,0,1,0,0,0,0,0,0,0,0,0,0,0,0,0,0,0,0,0,0,0,0,0,0,0,0,0,0,0,0,0,0
694,삼계탕,63.8,118.932,10.92922,5.95398,5.2425,0.6782,8.522,0.56058,171.496,28.245,0.122272,0.175754,1.36274,3.00702,1.4315,0,0,0,0,0,0,0,0,0,1,0,0,0,0,0,0,0,0,0,0,0,0,0,0,0,0,0,0,0,0,0,0,0,0,0,0,0,0,0,0
695,새송이버섯국,44.4,18.576,2.71595,0.20595,2.96171,1.0361,61.337,0.49603,105.916,0.662666667,0.020087,0.082448,0.73411,30.29884,1.35212,0,0,0,0,0,0,0,0,0,1,0,0,0,0,0,0,0,0,0,0,0,0,0,0,0,0,0,0,0,0,0,0,0,0,0,0,0,0,0,0
696,새송이버섯된장국,31.2,19.924,2.8375,0.34768,2.4047,0.6222,63.018,0.74836,272.406,0.018666667,0.044292,0.073344,0.35544,20.87648,0.55832,0,0,0,0,0,0,0,0,0,1,0,0,0,0,0,0,0,0,0,0,0,0,0,0,0,0,0,0,0,0,0,0,0,0,0,0,0,0,0,0
697,새알떡국,69.2,123.149,7.31061,0.96846,20.94905,0.3487,67.12,0.5541,289.167,10.30633333,0.030762,0.07283,0.13498,130.65063,4.89664,0,0,0,0,0,0,0,0,0,1,0,0,0,0,0,0,0,0,0,0,0,0,0,0,0,0,0,0,0,0,0,0,0,0,0,0,0,0,0,0
698,새알미역국,45.5,114.723,5.96925,5.12806,12.38951,1.6681,108.948,0.9415,483.266,23.34675,0.007371,0.049784,0.23611,953.97099,36.36031,0,0,0,0,0,0,0,0,0,1,0,0,0,0,0,0,0,0,0,0,0,0,0,0,0,0,0,0,0,0,0,0,0,0,0,0,0,0,0,0
699,새우달걀국,49,58.76,9.24999,1.71303,0.9536,0.0804,65.728,2.22778,164.919,20.0095,0.022284,0.089822,0.19654,156.39816,4.85632,0,0,0,0,0,0,0,0,0,1,0,0,0,0,0,0,0,0,0,0,0,0,0,0,0,0,0,0,0,0,0,0,0,0,0,0,0,0,0,0
700,새우두부탕국,90.6,73.68,10.15135,2.30973,2.63467,1.4015,107.187,1.60063,162.322,0.716333333,0.031847,0.10706,1.90927,1009.99364,166.09754,0,0,0,0,0,0,0,0,0,1,0,0,0,0,0,0,0,0,0,0,0,0,0,0,0,0,0,0,0,0,0,0,0,0,0,0,0,0,0,0
701,새우맑은국,61.1,54.445,11.37018,0.51488,0.4305,0.0804,44.601,1.51402,285.642,0.9805,0.003354,0.055672,0.75654,2.20524,1.04958,0,0,0,0,0,0,0,0,0,1,0,0,0,0,0,0,0,0,0,0,0,0,0,0,0,0,0,0,0,0,0,0,0,0,0,0,0,0,0,0
702,새우살두부국,49,47.7,8.32319,1.02143,0.8612,0.4864,75.528,1.23938,222.319,0.9695,0.010244,0.057622,0.47654,337.18016,55.72812,0,0,0,0,0,0,0,0,0,1,0,0,0,0,0,0,0,0,0,0,0,0,0,0,0,0,0,0,0,0,0,0,0,0,0,0,0,0,0,0
703,새우살무국,51.8,42.24,7.61423,0.69635,1.04068,0.1812,62.312,2.00602,147.587,1.0255,0.021276,0.02769,1.42966,7.31244,3.1164,0,0,0,0,0,0,0,0,0,1,0,0,0,0,0,0,0,0,0,0,0,0,0,0,0,0,0,0,0,0,0,0,0,0,0,0,0,0,0,0
704,새우살미역국,38.5,72.802,8.70182,3.70446,2.11182,1.5084,119.838,2.33236,478.757,21.67316667,0.009432,0.027186,0.04744,1180.48304,37.0041,0,0,0,0,0,0,0,0,0,1,0,0,0,0,0,0,0,0,0,0,0,0,0,0,0,0,0,0,0,0,0,0,0,0,0,0,0,0,0,0
705,새우살부추국,50.2,36.912,7.34472,0.36188,0.8964,0.0132,33.894,1.41528,241.716,1.207,0.023752,0.045604,1.16944,0.23292,0,0,0,0,0,0,0,0,0,0,1,0,0,0,0,0,0,0,0,0,0,0,0,0,0,0,0,0,0,0,0,0,0,0,0,0,0,0,0,0,0
706,새우살시금치국,58.5,53.237,8.93814,0.95178,2.194,0.058,83.843,2.84052,247.073,50.97633334,0.06308,0.106216,12.74684,2.83356,1.25804,0,0,0,0,0,0,0,0,0,1,0,0,0,0,0,0,0,0,0,0,0,0,0,0,0,0,0,0,0,0,0,0,0,0,0,0,0,0,0,0
707,새우살애호박국,58.5,53.237,8.93814,0.95178,2.194,0.058,83.843,2.84052,247.073,50.97633334,0.06308,0.106216,12.74684,2.83356,1.25804,0,0,0,0,0,0,0,0,0,1,0,0,0,0,0,0,0,0,0,0,0,0,0,0,0,0,0,0,0,0,0,0,0,0,0,0,0,0,0,0
708,새우젓국찌개,40.3,14.681,1.378,0.10758,2.3634,0.758,38.686,0.33018,30.948,5.394666667,0.01688,0.023616,1.62314,7.89218,10.30078,0,0,0,0,0,0,0,0,0,1,0,0,0,0,0,0,0,0,0,0,0,0,0,0,0,0,0,0,0,0,0,0,0,0,0,0,0,0,0,0
709,설렁탕,97.1,115.231,8.00614,8.29924,1.79208,0.175,27.139,0.13804,184.064,4.279833333,0.069466,0.12034,1.28912,3.27768,0.16534,0,0,0,0,0,0,0,0,0,1,0,0,0,0,0,0,0,0,0,0,0,0,0,0,0,0,0,0,0,0,0,0,0,0,0,0,0,0,0,0
710,설렁탕+소면,111.1,167.031,9.45654,8.47704,12.27248,0.455,29.799,0.25284,362.424,4.279833333,0.085566,0.1314,1.33672,97.56488,5.19274,0,0,0,0,0,0,0,0,0,1,0,0,0,0,0,0,0,0,0,0,0,0,0,0,0,0,0,0,0,0,0,0,0,0,0,0,0,0,0,0
711,소갈비탕,63.7,109.291,6.49005,7.01764,4.68328,0.2478,12.803,1.09235,54.817,6.596333333,0.026201,0.11508,1.89952,141.14422,9.4598,0,0,0,0,0,0,0,0,0,1,0,0,0,0,0,0,0,0,0,0,0,0,0,0,0,0,0,0,0,0,0,0,0,0,0,0,0,0,0,0
712,소고기감자국,84.4,100.48,6.50886,5.38488,6.4962,1.171,11.176,1.06224,225.94,4.041333333,0.06091,0.095646,4.58484,85.6766,5.66132,0,0,0,0,0,0,0,0,0,1,0,0,0,0,0,0,0,0,0,0,0,0,0,0,0,0,0,0,0,0,0,0,0,0,0,0,0,0,0,0
713,소고기국,59,126.524,7.95516,9.92099,0.78652,0.072,6.78,0.92637,159.18,5.130916667,0.010984,0.109432,1.61936,993.76665,18.54405,0,0,0,0,0,0,0,0,0,1,0,0,0,0,0,0,0,0,0,0,0,0,0,0,0,0,0,0,0,0,0,0,0,0,0,0,0,0,0,0
714,소고기깻잎국,63.4,89.21,6.99536,5.50528,3.3602,1.654,88.386,1.39264,225.31,180.523,0.12888,0.228016,1.17164,99.0578,73.55292,0,0,0,0,0,0,0,0,0,1,0,0,0,0,0,0,0,0,0,0,0,0,0,0,0,0,0,0,0,0,0,0,0,0,0,0,0,0,0,0
715,소고기당면국,73.3,129.583,7.44752,7.4747,8.1487,0.7188,73.071,1.42628,122.148,4.09375,0.046495,0.102362,2.05231,961.4893,17.03219,0,0,0,0,0,0,0,0,0,1,0,0,0,0,0,0,0,0,0,0,0,0,0,0,0,0,0,0,0,0,0,0,0,0,0,0,0,0,0,0
716,소고기된장국,73.2,124.21,10.23132,8.13532,2.09656,0.4626,67.946,1.52354,294.064,8.230833333,0.049458,0.13339,1.46816,123.7909,12.35668,0,0,0,0,0,0,0,0,0,1,0,0,0,0,0,0,0,0,0,0,0,0,0,0,0,0,0,0,0,0,0,0,0,0,0,0,0,0,0,0
717,소고기떡국,87.6,157.417,8.6688,1.5325,26.89846,0.4104,74.223,0.71857,303.738,21.024,0.038355,0.11379,0.32152,220.44355,6.93427,0,0,0,0,0,0,0,0,0,1,0,0,0,0,0,0,0,0,0,0,0,0,0,0,0,0,0,0,0,0,0,0,0,0,0,0,0,0,0,0
718,소고기무국,77.2,113.602,6.86008,8.63677,1.78584,0.3674,11.624,0.83117,155.918,5.30475,0.025474,0.099142,2.98884,981.93329,20.38505,0,0,0,0,0,0,0,0,0,1,0,0,0,0,0,0,0,0,0,0,0,0,0,0,0,0,0,0,0,0,0,0,0,0,0,0,0,0,0,0
719,소고기미역국,35.4,95.748,6.10958,7.5,2.06156,1.5112,49.06,0.83516,375.11,25.02675,0.003447,0.077446,0.33073,965.90364,36.95209,0,0,0,0,0,0,0,0,0,1,0,0,0,0,0,0,0,0,0,0,0,0,0,0,0,0,0,0,0,0,0,0,0,0,0,0,0,0,0,0
720,소고기배추국,76.6,81.058,6.11333,5.34206,2.15195,0.1737,16.131,0.99702,195.551,4.163833333,0.103772,0.09453,4.30698,80.75477,5.01172,0,0,0,0,0,0,0,0,0,1,0,0,0,0,0,0,0,0,0,0,0,0,0,0,0,0,0,0,0,0,0,0,0,0,0,0,0,0,0,0
721,소고기버섯국,66.6,78.486,6.06226,5.24908,2.6567,0.905,4.784,0.67244,151.476,4.029666667,0.01772,0.128476,1.23044,101.3888,5.07892,0,0,0,0,0,0,0,0,0,1,0,0,0,0,0,0,0,0,0,0,0,0,0,0,0,0,0,0,0,0,0,0,0,0,0,0,0,0,0,0
722,소고기버섯들깨국,70.8,98.856,7.07572,6.93776,3.58392,1.78,19.526,1.11232,150.748,4.121833333,0.062366,0.177574,0.53954,305.27234,1044.54826,0,0,0,0,0,0,0,0,0,1,0,0,0,0,0,0,0,0,0,0,0,0,0,0,0,0,0,0,0,0,0,0,0,0,0,0,0,0,0,0
723,소고기버섯찌개,69,84.704,6.27464,5.58877,3.5511,1.5998,5.859,0.75852,59.172,6.207333333,0.033825,0.129594,1.39438,254.9397,8.11072,0,0,0,0,0,0,0,0,0,1,0,0,0,0,0,0,0,0,0,0,0,0,0,0,0,0,0,0,0,0,0,0,0,0,0,0,0,0,0,0
724,소고기봄동국,66.6,78.346,5.98736,5.26938,1.914,1.003,37.614,0.86914,167.296,31.01466667,0.02164,0.102786,8.55524,84.9465,37.14102,0,0,0,0,0,0,0,0,0,1,0,0,0,0,0,0,0,0,0,0,0,0,0,0,0,0,0,0,0,0,0,0,0,0,0,0,0,0,0,0
725,소고기부추국,50.2,90.462,6.81272,6.55338,0.8614,0.0132,8.694,1.17728,166.466,5.407,0.026902,0.099854,1.14494,97.79192,5.306,0,0,0,0,0,0,0,0,0,1,0,0,0,0,0,0,0,0,0,0,0,0,0,0,0,0,0,0,0,0,0,0,0,0,0,0,0,0,0,0
726,매콤소고기숙주국,68.3,84.079,6.00493,5.98338,1.60404,0.9197,7.655,0.68865,59.907,8.453666666,0.032784,0.110269,2.96413,410.62171,14.37688,0,0,0,0,0,0,0,0,0,1,0,0,0,0,0,0,0,0,0,0,0,0,0,0,0,0,0,0,0,0,0,0,0,0,0,0,0,0,0,0
727,소고기숙주국,66.8,80.19,6.65569,5.30083,1.38867,0.6301,35.829,0.80011,90.152,3.8115,0.027983,0.091324,2.80737,83.25972,7.48062,0,0,0,0,0,0,0,0,0,1,0,0,0,0,0,0,0,0,0,0,0,0,0,0,0,0,0,0,0,0,0,0,0,0,0,0,0,0,0,0
728,소고기순두부찌개,102.2,89.187,7.77149,5.19378,2.98822,1.0083,73.874,1.17043,140.082,12.05491667,0.142229,0.122479,1.85554,417.47145,69.64571,0,0,0,0,0,0,0,0,0,1,0,0,0,0,0,0,0,0,0,0,0,0,0,0,0,0,0,0,0,0,0,0,0,0,0,0,0,0,0,0
729,소고기양배추국,76.6,88.408,6.31633,5.37006,3.97895,1.1187,21.731,0.91652,193.101,4.397166666,0.046022,0.09558,7.65298,86.19727,15.64472,0,0,0,0,0,0,0,0,0,1,0,0,0,0,0,0,0,0,0,0,0,0,0,0,0,0,0,0,0,0,0,0,0,0,0,0,0,0,0,0
730,소고기양파국,64.1,102.615,8.4921,6.67435,1.82972,0.4402,64.551,1.09633,123.824,5.2045,0.017559,0.098222,1.77973,104.71191,7.1155,0,0,0,0,0,0,0,0,0,1,0,0,0,0,0,0,0,0,0,0,0,0,0,0,0,0,0,0,0,0,0,0,0,0,0,0,0,0,0,0
731,소고기얼갈이국,80.2,91.828,7.87036,5.5477,2.48632,1.0478,119.018,1.3211,301.4,40.38999999,0.063766,0.125354,7.13942,84.26498,21.09982,0,0,0,0,0,0,0,0,0,1,0,0,0,0,0,0,0,0,0,0,0,0,0,0,0,0,0,0,0,0,0,0,0,0,0,0,0,0,0,0
732,소고기우거지국,59.2,56.436,4.2536,3.3672,2.481,1.458,43.796,0.9543,220.27,27.39566667,0.035752,0.061486,0.30308,57.06662,42.3766,0,0,0,0,0,0,0,0,0,1,0,0,0,0,0,0,0,0,0,0,0,0,0,0,0,0,0,0,0,0,0,0,0,0,0,0,0,0,0,0
733,소고기콩나물국,68.3,88.083,7.15447,5.80348,2.53546,1.1514,20.185,0.87821,49.421,12.7715,0.050991,0.14368,1.03724,385.9836,50.25426,0,0,0,0,0,0,0,0,0,1,0,0,0,0,0,0,0,0,0,0,0,0,0,0,0,0,0,0,0,0,0,0,0,0,0,0,0,0,0,0
734,소고기탕국,69.1,82.237,5.62622,5.63931,2.24908,0.4472,12.521,0.67465,72.448,4.6185,0.024389,0.083712,2.91643,254.35995,9.62516,0,0,0,0,0,0,0,0,0,1,0,0,0,0,0,0,0,0,0,0,0,0,0,0,0,0,0,0,0,0,0,0,0,0,0,0,0,0,0,0
735,소고기두부탕국,85.1,121.886,8.77091,8.40979,2.32336,0.9148,66.322,1.23458,106.1,4.10725,0.029375,0.120916,2.38313,1462.02598,100.09573,0,0,0,0,0,0,0,0,0,1,0,0,0,0,0,0,0,0,0,0,0,0,0,0,0,0,0,0,0,0,0,0,0,0,0,0,0,0,0,0
736,소고기팽이버섯국,66.9,78.367,5.9889,5.27435,2.93852,1.1878,3.861,0.86757,59.074,4.018,0.028745,0.126656,0.84173,113.59211,19.78452,0,0,0,0,0,0,0,0,0,1,0,0,0,0,0,0,0,0,0,0,0,0,0,0,0,0,0,0,0,0,0,0,0,0,0,0,0,0,0,0
737,수제비국,72.5,124.618,5.0016,0.47541,24.06846,1.6828,71.017,0.67656,165.153,55.15175,0.0643,0.031678,1.71899,168.89236,17.80611,0,0,0,0,0,0,0,0,0,1,0,0,0,0,0,0,0,0,0,0,0,0,0,0,0,0,0,0,0,0,0,0,0,0,0,0,0,0,0,0
738,수제비아욱국,108.2,196.016,7.83284,0.83838,38.1376,3.103,147.83,1.24102,281.8,93.233,0.16661,0.177126,13.85774,245.07766,66.63594,0,0,0,0,0,0,0,0,0,1,0,0,0,0,0,0,0,0,0,0,0,0,0,0,0,0,0,0,0,0,0,0,0,0,0,0,0,0,0,0
739,숙주당면국,55.7,42.933,2.39258,0.18815,8.18712,0.9918,72.545,0.79435,107.444,32.95133334,0.030775,0.030196,2.82413,13.30087,4.63764,0,0,0,0,0,0,0,0,0,1,0,0,0,0,0,0,0,0,0,0,0,0,0,0,0,0,0,0,0,0,0,0,0,0,0,0,0,0,0,0
740,숙주맑은국,34.4,13.232,2.22304,0.17128,0.8962,0.534,62.968,0.43192,196.556,0.763,0.02528,0.023056,2.17404,5.34516,3.79764,0,0,0,0,0,0,0,0,0,1,0,0,0,0,0,0,0,0,0,0,0,0,0,0,0,0,0,0,0,0,0,0,0,0,0,0,0,0,0,0
741,숙주미소장국,42.4,13.484,1.17388,0.27516,1.9616,1.0506,9.58,0.21496,195.28,2.196833333,0.032658,0.036356,2.96476,135.42238,23.53414,0,0,0,0,0,0,0,0,0,1,0,0,0,0,0,0,0,0,0,0,0,0,0,0,0,0,0,0,0,0,0,0,0,0,0,0,0,0,0,0
742,순두부국,122.9,51.389,7.00544,1.13455,3.68262,1.262,77.123,0.94779,108.984,36.93666667,0.219607,0.045064,2.16963,535.82049,99.93942,0,0,0,0,0,0,0,0,0,1,0,0,0,0,0,0,0,0,0,0,0,0,0,0,0,0,0,0,0,0,0,0,0,0,0,0,0,0,0,0
743,순두부낙지연포탕,125,58.8,10.41852,0.938,2.3576,0.7448,81.976,1.40794,399.688,0.716333333,0.154658,0.032312,1.9502,330.75364,60.20644,0,0,0,0,0,0,0,0,0,1,0,0,0,0,0,0,0,0,0,0,0,0,0,0,0,0,0,0,0,0,0,0,0,0,0,0,0,0,0,0
744,순두부백탕,146.2,79.329,11.27821,2.70656,2.39975,0.6287,85.46,1.4333,185.077,19.70966667,0.337222,0.09838,0.95818,992.94073,147.88284,0,0,0,0,0,0,0,0,0,1,0,0,0,0,0,0,0,0,0,0,0,0,0,0,0,0,0,0,0,0,0,0,0,0,0,0,0,0,0,0
745,순두부애호박국,110.7,44.928,6.48457,1.09213,2.6308,1.003,60.462,0.8529,183.186,6.958,0.21533,0.044616,1.42924,529.64712,102.87466,0,0,0,0,0,0,0,0,0,1,0,0,0,0,0,0,0,0,0,0,0,0,0,0,0,0,0,0,0,0,0,0,0,0,0,0,0,0,0,0
746,순두부찌개,141.7,102.653,11.29587,2.26674,10.06222,1.6041,86.792,1.5714,152.779,22.95683333,0.256732,0.199579,4.35218,711.97598,98.33892,0,0,0,0,0,0,0,0,0,1,0,0,0,0,0,0,0,0,0,0,0,0,0,0,0,0,0,0,0,0,0,0,0,0,0,0,0,0,0,0
747,순한고추장찌개,89.6,75.628,4.69154,3.69397,6.195,1.715,71.54,0.8246,131.712,73.15525,0.039284,0.069279,4.00855,641.20084,21.81046,0,0,0,0,0,0,0,0,0,1,0,0,0,0,0,0,0,0,0,0,0,0,0,0,0,0,0,0,0,0,0,0,0,0,0,0,0,0,0,0
748,순한김치국,41.3,18.691,2.20499,0.216,1.98179,0.1753,78.214,0.60746,150.728,7.214666668,0.033472,0.02527,2.51966,3.99785,1.32524,0,0,0,0,0,0,0,0,0,1,0,0,0,0,0,0,0,0,0,0,0,0,0,0,0,0,0,0,0,0,0,0,0,0,0,0,0,0,0,0
749,순한김치두부국,62,38.692,4.2041,1.18794,2.68934,0.7744,91.63,0.9284,150.932,7.214666668,0.039838,0.062032,2.48408,504.83906,82.71494,0,0,0,0,0,0,0,0,0,1,0,0,0,0,0,0,0,0,0,0,0,0,0,0,0,0,0,0,0,0,0,0,0,0,0,0,0,0,0,0
750,순한백짬뽕국,119.1,108.039,13.72837,3.8686,4.69425,0.6047,149.087,1.84848,536.33,51.03883334,0.072934,0.163064,16.74542,559.89153,322.27958,0,0,0,0,0,0,0,0,0,1,0,0,0,0,0,0,0,0,0,0,0,0,0,0,0,0,0,0,0,0,0,0,0,0,0,0,0,0,0,0
751,순한육개장,89.3,94.453,6.38104,6.36845,2.7974,0.8112,17.665,0.83439,74.95,23.40566667,0.040967,0.143834,3.54051,805.14591,18.24816,0,0,0,0,0,0,0,0,0,1,0,0,0,0,0,0,0,0,0,0,0,0,0,0,0,0,0,0,0,0,0,0,0,0,0,0,0,0,0,0
752,시금치국,52.2,28.786,3.35634,0.49048,3.4386,0.177,77.62,1.58752,289.78,84.54133334,0.08205,0.140026,21.55844,4.05156,1.32524,0,0,0,0,0,0,0,0,0,1,0,0,0,0,0,0,0,0,0,0,0,0,0,0,0,0,0,0,0,0,0,0,0,0,0,0,0,0,0,0
753,시금치된장국,52.1,29.083,3.49981,0.52256,3.36435,0.0547,79.362,1.7547,293.348,101.3063333,0.087882,0.16278,25.33498,2.77533,1.25804,0,0,0,0,0,0,0,0,0,1,0,0,0,0,0,0,0,0,0,0,0,0,0,0,0,0,0,0,0,0,0,0,0,0,0,0,0,0,0,0
754,시금치맑은국,48.4,23.452,3.04064,0.36728,2.761,0.058,76.128,1.46232,218.116,101.3063333,0.05608,0.149616,25.34684,2.83356,1.25804,0,0,0,0,0,0,0,0,0,1,0,0,0,0,0,0,0,0,0,0,0,0,0,0,0,0,0,0,0,0,0,0,0,0,0,0,0,0,0,0
755,시금치북어국,45.6,49.324,6.29592,1.83014,2.20856,0.0132,35.206,1.16538,195.184,83.89616668,0.055072,0.139564,21.04744,582.93042,7.47698,0,0,0,0,0,0,0,0,0,1,0,0,0,0,0,0,0,0,0,0,0,0,0,0,0,0,0,0,0,0,0,0,0,0,0,0,0,0,0,0
756,시락국,45.2,20.246,2.63184,0.34068,1.844,0.933,129.07,0.79652,289.57,44.16299999,0.06175,0.058406,7.79084,5.28006,16.18554,0,0,0,0,0,0,0,0,0,1,0,0,0,0,0,0,0,0,0,0,0,0,0,0,0,0,0,0,0,0,0,0,0,0,0,0,0,0,0,0
757,시래기국,45.2,23.396,2.75784,0.40718,2.509,1.563,100.37,1.17452,302.52,52.76716668,0.0663,0.036356,0.14684,10.21506,52.57504,0,0,0,0,0,0,0,0,0,1,0,0,0,0,0,0,0,0,0,0,0,0,0,0,0,0,0,0,0,0,0,0,0,0,0,0,0,0,0,0
758,시래기된장국,52.1,24.883,2.90341,0.41336,2.77635,1.7347,109.182,1.0365,272.348,30.32633333,0.037482,0.02376,0.13498,13.20393,48.21404,0,0,0,0,0,0,0,0,0,1,0,0,0,0,0,0,0,0,0,0,0,0,0,0,0,0,0,0,0,0,0,0,0,0,0,0,0,0,0,0
759,시래기들깨국,49.4,45.656,3.7104,2.07626,3.73792,2.487,116.792,1.4996,302.562,52.88266668,0.081126,0.068234,0.14684,227.4693,1092.17878,0,0,0,0,0,0,0,0,0,1,0,0,0,0,0,0,0,0,0,0,0,0,0,0,0,0,0,0,0,0,0,0,0,0,0,0,0,0,0,0
760,실파김국,9.4,12.598,2.32087,0.18271,0.94095,0.0589,66.209,0.70477,122.058,29.3265,0.022229,0.053412,1.93545,3.37012,2.35592,0,0,0,0,0,0,0,0,0,1,0,0,0,0,0,0,0,0,0,0,0,0,0,0,0,0,0,0,0,0,0,0,0,0,0,0,0,0,0,0
761,실파달걀국,36.1,48.491,5.2707,2.22263,1.3582,0.0622,76.227,0.96319,140.624,41.1565,0.027387,0.143708,0.64531,309.88555,9.13192,0,0,0,0,0,0,0,0,0,1,0,0,0,0,0,0,0,0,0,0,0,0,0,0,0,0,0,0,0,0,0,0,0,0,0,0,0,0,0,0
762,실파맑은국,28.8,15.5,1.96096,0.16736,1.68748,0.4164,64.83,0.50066,196.066,3.1115,0.012442,0.012668,1.85722,7.07444,2.55752,0,0,0,0,0,0,0,0,0,1,0,0,0,0,0,0,0,0,0,0,0,0,0,0,0,0,0,0,0,0,0,0,0,0,0,0,0,0,0,0
763,실파무채국,42.8,15.08,1.98196,0.19046,1.46068,0.2694,69.73,0.52166,197.536,3.193166667,0.025742,0.017708,3.19142,12.05144,5.78942,0,0,0,0,0,0,0,0,0,1,0,0,0,0,0,0,0,0,0,0,0,0,0,0,0,0,0,0,0,0,0,0,0,0,0,0,0,0,0,0
764,실파미소장국,11.9,13.031,0.9217,0.35119,1.72823,0.3991,11.2,0.43436,348.651,3.2685,0.034799,0.029032,0.68256,111.06155,17.7653,0,0,0,0,0,0,0,0,0,1,0,0,0,0,0,0,0,0,0,0,0,0,0,0,0,0,0,0,0,0,0,0,0,0,0,0,0,0,0,0
765,실파장국,11.6,1.214,0.08754,0.00592,0.24592,0.0478,3.248,0.14006,24.512,3.0765,0.00152,0.007334,0.58806,1.90628,1.7976,0,0,0,0,0,0,0,0,0,1,0,0,0,0,0,0,0,0,0,0,0,0,0,0,0,0,0,0,0,0,0,0,0,0,0,0,0,0,0,0
766,실파콩나물국,41.4,22.136,3.36124,0.633,1.55532,0.604,77.472,0.65606,195.786,2.226,0.044572,0.03805,1.06076,236.11402,42.02772,0,0,0,0,0,0,0,0,0,1,0,0,0,0,0,0,0,0,0,0,0,0,0,0,0,0,0,0,0,0,0,0,0,0,0,0,0,0,0,0
767,쑥갓된장국,37.4,16.154,1.98557,0.30976,1.60735,0.7267,59.377,0.76126,315.685,58.32633333,0.049242,0.04532,3.04698,13.41645,24.47648,0,0,0,0,0,0,0,0,0,1,0,0,0,0,0,0,0,0,0,0,0,0,0,0,0,0,0,0,0,0,0,0,0,0,0,0,0,0,0,0
768,쑥갓맑은국,24.8,12.556,2.11311,0.18873,0.69217,0.5167,77.745,0.51297,134.392,43.26,0.010259,0.024418,2.24247,9.93136,18.18152,0,0,0,0,0,0,0,0,0,1,0,0,0,0,0,0,0,0,0,0,0,0,0,0,0,0,0,0,0,0,0,0,0,0,0,0,0,0,0,0
769,쑥갓어묵국,53.6,50.633,4.45464,1.13049,6.05772,0.4276,82.653,0.60073,279.574,15.20516667,0.019603,0.024652,2.17173,441.82967,55.90718,0,0,0,0,0,0,0,0,0,1,0,0,0,0,0,0,0,0,0,0,0,0,0,0,0,0,0,0,0,0,0,0,0,0,0,0,0,0,0,0
770,쑥갓어묵탕,53.6,50.633,4.45464,1.13049,6.05772,0.4276,82.653,0.60073,279.574,15.20516667,0.019603,0.024652,2.17173,441.82967,55.90718,0,0,0,0,0,0,0,0,0,1,0,0,0,0,0,0,0,0,0,0,0,0,0,0,0,0,0,0,0,0,0,0,0,0,0,0,0,0,0,0
771,쑥국,38.2,25.706,3.15684,0.41908,2.8422,1.71,93.09,2.94272,271.51,97.54966666,0.04544,0.126096,1.98644,24.55876,54.15004,0,0,0,0,0,0,0,0,0,1,0,0,0,0,0,0,0,0,0,0,0,0,0,0,0,0,0,0,0,0,0,0,0,0,0,0,0,0,0,0
772,쑥된장국,38.2,25.706,3.15684,0.41908,2.8422,1.71,93.09,2.94272,271.51,97.54966666,0.04544,0.126096,1.98644,24.55876,54.15004,0,0,0,0,0,0,0,0,0,1,0,0,0,0,0,0,0,0,0,0,0,0,0,0,0,0,0,0,0,0,0,0,0,0,0,0,0,0,0,0
773,쑥완자탕,91.3,125.319,12.30523,6.04502,5.08924,1.3265,115.474,1.36771,157.461,29.57083333,0.048565,0.208373,1.11179,586.18814,94.09655,0,0,0,0,0,0,0,0,0,1,0,0,0,0,0,0,0,0,0,0,0,0,0,0,0,0,0,0,0,0,0,0,0,0,0,0,0,0,0,0
774,아욱국,35,16.758,1.37844,0.2464,2.9036,1.3048,78.834,0.47656,219.982,91.64633333,0.081648,0.152712,11.6382,10.97488,48.32212,0,0,0,0,0,0,0,0,0,1,0,0,0,0,0,0,0,0,0,0,0,0,0,0,0,0,0,0,0,0,0,0,0,0,0,0,0,0,0,0
775,아욱된장국,53.5,31.085,3.51633,0.44486,4.12035,1.9671,175.038,0.91358,286.208,137.4695,0.110226,0.226256,17.49288,17.92277,73.0415,0,0,0,0,0,0,0,0,0,1,0,0,0,0,0,0,0,0,0,0,0,0,0,0,0,0,0,0,0,0,0,0,0,0,0,0,0,0,0,0
776,아욱맑은국,48.8,25.572,3.06184,0.29188,3.6306,1.948,174.3,0.63492,223.376,137.3383333,0.07838,0.213576,17.52704,17.32356,72.69164,0,0,0,0,0,0,0,0,0,1,0,0,0,0,0,0,0,0,0,0,0,0,0,0,0,0,0,0,0,0,0,0,0,0,0,0,0,0,0,0
777,아욱우렁된장국,61.3,37.312,4.44855,0.63965,3.72644,0.877,394.468,2.14094,253.044,46.48583333,0.158574,0.18386,6.54218,9.06188,25.09444,0,0,0,0,0,0,0,0,0,1,0,0,0,0,0,0,0,0,0,0,0,0,0,0,0,0,0,0,0,0,0,0,0,0,0,0,0,0,0,0
778,아욱장국,52.2,31.838,3.39428,0.4104,4.59444,2.0208,173.926,0.8185,251.14,141.2238333,0.106186,0.22383,17.45504,27.16318,73.94128,0,0,0,0,0,0,0,0,0,1,0,0,0,0,0,0,0,0,0,0,0,0,0,0,0,0,0,0,0,0,0,0,0,0,0,0,0,0,0,0
779,아욱토장국,53.9,33.312,3.63555,0.48188,4.68159,1.9655,180.325,0.99908,352.789,138.6473333,0.118278,0.231214,17.56918,20.07665,73.04868,0,0,0,0,0,0,0,0,0,1,0,0,0,0,0,0,0,0,0,0,0,0,0,0,0,0,0,0,0,0,0,0,0,0,0,0,0,0,0,0
780,안매운김치국,35.7,17.123,2.16341,0.2153,1.58139,0.0787,77.5,0.60494,150.518,7.526166667,0.031946,0.025816,2.15776,3.43729,1.6079,0,0,0,0,0,0,0,0,0,1,0,0,0,0,0,0,0,0,0,0,0,0,0,0,0,0,0,0,0,0,0,0,0,0,0,0,0,0,0,0
781,안매운김치찌개,42.7,19.013,2.22991,0.2181,2.04899,0.1977,78.55,0.61894,150.728,7.537833334,0.034396,0.026586,2.56936,4.65529,1.6751,0,0,0,0,0,0,0,0,0,1,0,0,0,0,0,0,0,0,0,0,0,0,0,0,0,0,0,0,0,0,0,0,0,0,0,0,0,0,0,0
782,안매운닭개장,65.5,45.257,8.5712,0.50385,1.40132,0.4598,26.597,0.57777,63.232,18.235,0.079775,0.091446,1.37093,6.79871,2.80182,0,0,0,0,0,0,0,0,0,1,0,0,0,0,0,0,0,0,0,0,0,0,0,0,0,0,0,0,0,0,0,0,0,0,0,0,0,0,0,0
783,안매운돼지고기김치찌개,71.1,57.001,8.43878,1.49813,2.02048,0.189,79.601,0.84245,182.05,8.381500001,0.277277,0.110348,2.61639,300.39059,10.53418,0,0,0,0,0,0,0,0,0,1,0,0,0,0,0,0,0,0,0,0,0,0,0,0,0,0,0,0,0,0,0,0,0,0,0,0,0,0,0,0
784,안매운부대찌개,95.6,109.81,9.30224,4.94738,6.99004,0.9343,85.934,1.13536,635.674,13.20325,0.12253,0.128641,18.46726,683.96851,50.97579,0,0,0,0,0,0,0,0,0,1,0,0,0,0,0,0,0,0,0,0,0,0,0,0,0,0,0,0,0,0,0,0,0,0,0,0,0,0,0,0
785,안매운순두부찌개,107.4,62.676,8.46225,2.14425,2.30791,0.5881,79.607,1.14773,125.376,21.27766667,0.220427,0.096308,0.95181,680.36854,97.24162,0,0,0,0,0,0,0,0,0,1,0,0,0,0,0,0,0,0,0,0,0,0,0,0,0,0,0,0,0,0,0,0,0,0,0,0,0,0,0,0
786,안매운육개장,89.3,98.317,6.86992,6.58853,3.04268,0.7944,23.545,0.90999,74.446,23.41966667,0.048359,0.14837,2.62659,915.63615,36.05448,0,0,0,0,0,0,0,0,0,1,0,0,0,0,0,0,0,0,0,0,0,0,0,0,0,0,0,0,0,0,0,0,0,0,0,0,0,0,0,0
787,안매운참치김치찌개,64.5,68.203,10.3016,1.95781,1.74348,0.0832,83.623,2.85333,392.968,7.529833334,0.037859,0.044042,2.17943,169.98391,3.74418,0,0,0,0,0,0,0,0,0,1,0,0,0,0,0,0,0,0,0,0,0,0,0,0,0,0,0,0,0,0,0,0,0,0,0,0,0,0,0,0
788,안매운참치찌개,58.2,76.862,10.23592,2.93198,1.9257,0.2116,78.656,2.79418,354.894,4.141166667,0.02865,0.039486,1.74212,587.33588,8.80222,0,0,0,0,0,0,0,0,0,1,0,0,0,0,0,0,0,0,0,0,0,0,0,0,0,0,0,0,0,0,0,0,0,0,0,0,0,0,0,0
789,안매운콩비지찌개,76.2,61.269,6.50701,1.25616,5.74435,0.0547,96.38,1.5565,202.857,4.344666667,0.169082,0.06926,1.15138,67.48613,4.61944,0,0,0,0,0,0,0,0,0,1,0,0,0,0,0,0,0,0,0,0,0,0,0,0,0,0,0,0,0,0,0,0,0,0,0,0,0,0,0,0
790,애탕국,54.6,87.081,9.57888,1.99101,6.97894,0.7308,106.953,1.34841,169.916,34.94233333,0.053013,0.133944,0.62275,467.94623,40.36118,0,0,0,0,0,0,0,0,0,1,0,0,0,0,0,0,0,0,0,0,0,0,0,0,0,0,0,0,0,0,0,0,0,0,0,0,0,0,0,0
791,애호박국,63.7,22.461,2.34733,0.20616,3.26775,1.2741,68.056,0.50768,195.644,12.00616667,0.027556,0.047826,2.12018,12.27027,23.1126,0,0,0,0,0,0,0,0,0,1,0,0,0,0,0,0,0,0,0,0,0,0,0,0,0,0,0,0,0,0,0,0,0,0,0,0,0,0,0,0
792,애호박된장국,59.9,27.085,2.80684,0.38268,3.4946,1.136,70.487,0.82522,305.607,11.67133333,0.06154,0.061696,1.67074,10.45306,22.69554,0,0,0,0,0,0,0,0,0,1,0,0,0,0,0,0,0,0,0,0,0,0,0,0,0,0,0,0,0,0,0,0,0,0,0,0,0,0,0,0
793,애호박두부된장국,84.4,56.142,5.4303,1.64198,5.1088,1.9032,86.748,1.20686,271.23,7.886666667,0.064662,0.098404,2.28324,676.80728,124.58642,0,0,0,0,0,0,0,0,0,1,0,0,0,0,0,0,0,0,0,0,0,0,0,0,0,0,0,0,0,0,0,0,0,0,0,0,0,0,0,0
794,애호박두부젓국,83.7,35.849,2.82756,1.0271,4.30954,1.9116,26.464,0.53794,0.512,11.68766667,0.03109,0.081604,2.24698,511.8884,103.621,0,0,0,0,0,0,0,0,0,1,0,0,0,0,0,0,0,0,0,0,0,0,0,0,0,0,0,0,0,0,0,0,0,0,0,0,0,0,0,0
795,애호박두부젓국찌개,85.1,37.389,2.93116,1.0425,4.94234,1.9116,36.376,0.62614,43.912,12.35966667,0.03417,0.087904,2.49898,511.8884,103.621,0,0,0,0,0,0,0,0,0,1,0,0,0,0,0,0,0,0,0,0,0,0,0,0,0,0,0,0,0,0,0,0,0,0,0,0,0,0,0,0
796,애호박맑은국,63.8,22.584,2.35436,0.20628,3.2944,1.2774,68.064,0.5085,195.646,12.00616667,0.027674,0.048102,2.13204,12.3285,23.1126,0,0,0,0,0,0,0,0,0,1,0,0,0,0,0,0,0,0,0,0,0,0,0,0,0,0,0,0,0,0,0,0,0,0,0,0,0,0,0,0
797,애호박새우젓국,62.6,15.356,0.80033,0.05468,3.49539,1.2993,13.016,0.21372,0.3,11.68766667,0.024252,0.043738,2.23512,10.81427,22.2313,0,0,0,0,0,0,0,0,0,1,0,0,0,0,0,0,0,0,0,0,0,0,0,0,0,0,0,0,0,0,0,0,0,0,0,0,0,0,0,0
798,애호박새우젓국찌개,63,19.024,0.80033,0.45304,3.49595,1.2993,13.188,0.22072,0.364,11.69133333,0.024252,0.044018,2.23512,177.29927,24.36758,0,0,0,0,0,0,0,0,0,1,0,0,0,0,0,0,0,0,0,0,0,0,0,0,0,0,0,0,0,0,0,0,0,0,0,0,0,0,0,0
799,애호박양파국,64.2,23.724,2.36716,0.20368,3.6908,1.2074,70.896,0.5295,208.466,9.0715,0.028134,0.040242,2.59184,12.5875,17.122,0,0,0,0,0,0,0,0,0,1,0,0,0,0,0,0,0,0,0,0,0,0,0,0,0,0,0,0,0,0,0,0,0,0,0,0,0,0,0,0
800,애호박젓국,43,12.276,0.67923,0.05118,3.04879,0.8373,19.778,0.25362,43.7,7.634666667,0.019352,0.033238,1.83402,7.54877,13.0438,0,0,0,0,0,0,0,0,0,1,0,0,0,0,0,0,0,0,0,0,0,0,0,0,0,0,0,0,0,0,0,0,0,0,0,0,0,0,0,0
801,애호박젓국찌개,64.1,17.019,0.91096,0.0702,4.15484,1.3026,22.936,0.30274,43.702,12.35966667,0.02745,0.050314,2.49898,10.8725,22.2313,0,0,0,0,0,0,0,0,0,1,0,0,0,0,0,0,0,0,0,0,0,0,0,0,0,0,0,0,0,0,0,0,0,0,0,0,0,0,0,0
802,양배추된장국,61.3,32.797,3.13066,0.37988,4.924,1.4034,85.523,0.8563,309.527,1.500333333,0.060994,0.039982,9.78094,11.1105,16.4941,0,0,0,0,0,0,0,0,0,1,0,0,0,0,0,0,0,0,0,0,0,0,0,0,0,0,0,0,0,0,0,0,0,0,0,0,0,0,0,0
803,양배추맑은국,55.7,26.131,2.58293,0.19684,4.20175,1.3909,81.402,0.50508,199.362,1.177166666,0.023184,0.023814,9.76682,10.62775,16.14424,0,0,0,0,0,0,0,0,0,1,0,0,0,0,0,0,0,0,0,0,0,0,0,0,0,0,0,0,0,0,0,0,0,0,0,0,0,0,0,0
804,양배추백짬뽕국,100.2,87.95,7.01132,4.73374,4.29638,1.0352,42.738,2.8948,144.644,40.66533334,0.127494,0.1154,5.2637,795.56872,336.12264,0,0,0,0,0,0,0,0,0,1,0,0,0,0,0,0,0,0,0,0,0,0,0,0,0,0,0,0,0,0,0,0,0,0,0,0,0,0,0,0
805,양송이된장국,32.6,18.818,2.97736,0.35468,1.7173,0.4164,63.326,0.8598,271.93,0.9695,0.050494,0.110402,0.19654,30.1736,1.6079,0,0,0,0,0,0,0,0,0,1,0,0,0,0,0,0,0,0,0,0,0,0,0,0,0,0,0,0,0,0,0,0,0,0,0,0,0,0,0,0
806,양지곰국,47.4,85.206,8.82386,5.13978,0.34748,0.0908,3.372,1.03562,160.032,3.915833333,0.015214,0.09367,0.49864,98.64186,5.35562,0,0,0,0,0,0,0,0,0,1,0,0,0,0,0,0,0,0,0,0,0,0,0,0,0,0,0,0,0,0,0,0,0,0,0,0,0,0,0,0
807,양파당면국,62.7,54.343,2.38908,0.18815,11.04592,1.2508,73.315,0.85595,107.094,32.86966667,0.026925,0.020046,3.50313,15.65707,2.55724,0,0,0,0,0,0,0,0,0,1,0,0,0,0,0,0,0,0,0,0,0,0,0,0,0,0,0,0,0,0,0,0,0,0,0,0,0,0,0,0
808,양파오징어국,75.3,48.575,7.86574,0.60535,2.77822,0.7538,39.813,0.33781,145.524,32.86966667,0.034345,0.021726,2.02753,13.58199,1.94068,0,0,0,0,0,0,0,0,0,1,0,0,0,0,0,0,0,0,0,0,0,0,0,0,0,0,0,0,0,0,0,0,0,0,0,0,0,0,0,0
809,양파채국,31.6,16.508,1.9548,0.16428,1.977,0.4892,62.856,0.40336,196.276,0.046666667,0.013632,0.007264,1.69384,6.39068,0.82712,0,0,0,0,0,0,0,0,0,1,0,0,0,0,0,0,0,0,0,0,0,0,0,0,0,0,0,0,0,0,0,0,0,0,0,0,0,0,0,0
810,어린이부대찌개,96.6,112.658,9.40625,5.01032,7.56966,1.2138,86.562,1.1725,643.223,18.37208333,0.127106,0.144417,18.46726,722.60755,53.76294,0,0,0,0,0,0,0,0,0,1,0,0,0,0,0,0,0,0,0,0,0,0,0,0,0,0,0,0,0,0,0,0,0,0,0,0,0,0,0,0
811,어묵감자국,56.1,64.443,4.75948,1.11585,9.10782,0.8798,74.957,0.67185,263.414,6.350833333,0.023815,0.023456,3.18453,437.89427,51.45714,0,0,0,0,0,0,0,0,0,1,0,0,0,0,0,0,0,0,0,0,0,0,0,0,0,0,0,0,0,0,0,0,0,0,0,0,0,0,0,0
812,어묵국,57.5,50.993,4.42188,1.13237,6.20002,0.378,81.453,0.59465,276.996,6.947666666,0.023187,0.023088,2.26899,442.28779,53.4191,0,0,0,0,0,0,0,0,0,1,0,0,0,0,0,0,0,0,0,0,0,0,0,0,0,0,0,0,0,0,0,0,0,0,0,0,0,0,0,0
813,어묵국수,132.7,141.493,6.94468,1.46355,24.31932,1.7128,81.505,0.75305,301.204,38.4055,0.021885,0.022916,2.28793,619.42247,62.13074,0,0,0,0,0,0,0,0,0,1,0,0,0,0,0,0,0,0,0,0,0,0,0,0,0,0,0,0,0,0,0,0,0,0,0,0,0,0,0,0
814,어묵맑은국,69.4,52.642,4.45044,1.13098,6.4619,0.527,78.158,0.56212,344.326,6.2755,0.0271,0.019486,3.02524,444.79956,53.82314,0,0,0,0,0,0,0,0,0,1,0,0,0,0,0,0,0,0,0,0,0,0,0,0,0,0,0,0,0,0,0,0,0,0,0,0,0,0,0,0
815,어묵무국,63.4,50.577,4.39528,1.13315,5.91002,0.3338,78.376,0.56405,253.359,6.727,0.026995,0.022356,2.83673,444.09767,54.37544,0,0,0,0,0,0,0,0,0,1,0,0,0,0,0,0,0,0,0,0,0,0,0,0,0,0,0,0,0,0,0,0,0,0,0,0,0,0,0,0
816,어묵탕,55,55.267,4.78224,1.31809,6.45672,0.457,104.591,1.17473,293.308,15.84683333,0.020023,0.027452,2.17173,441.82967,55.90718,0,0,0,0,0,0,0,0,0,1,0,0,0,0,0,0,0,0,0,0,0,0,0,0,0,0,0,0,0,0,0,0,0,0,0,0,0,0,0,0
817,어탕국수,111.3,128.387,12.72908,1.40602,15.32062,1.4742,368.417,2.6929,578.921,9.3695,0.114016,0.072016,3.51484,204.37494,15.57206,0,0,0,0,0,0,0,0,0,1,0,0,0,0,0,0,0,0,0,0,0,0,0,0,0,0,0,0,0,0,0,0,0,0,0,0,0,0,0,0
818,얼갈이된장국,61.2,23.364,2.89823,0.37976,2.37875,1.3021,156.565,0.90938,332.065,61.89283332,0.077536,0.076946,10.88628,6.85787,22.5064,0,0,0,0,0,0,0,0,0,1,0,0,0,0,0,0,0,0,0,0,0,0,0,0,0,0,0,0,0,0,0,0,0,0,0,0,0,0,0,0
819,얼갈이들깨국,48.7,55.743,4.0919,3.09238,3.6528,2.4282,155.201,1.26636,254.703,43.70916666,0.079292,0.106664,7.69144,366.05558,1748.15872,0,0,0,0,0,0,0,0,0,1,0,0,0,0,0,0,0,0,0,0,0,0,0,0,0,0,0,0,0,0,0,0,0,0,0,0,0,0,0,0
820,얼갈이맑은국,47.7,16.221,2.21968,0.18703,1.648,1.0408,126.71,0.51158,214.546,44.01308332,0.031818,0.045078,8.17759,6.16934,16.07781,0,0,0,0,0,0,0,0,0,1,0,0,0,0,0,0,0,0,0,0,0,0,0,0,0,0,0,0,0,0,0,0,0,0,0,0,0,0,0,0
821,얼갈이배추국,68.2,25.254,2.96473,0.38256,2.84635,1.4211,157.615,0.92338,332.275,61.90449998,0.079986,0.077716,11.29788,8.07587,22.5736,0,0,0,0,0,0,0,0,0,1,0,0,0,0,0,0,0,0,0,0,0,0,0,0,0,0,0,0,0,0,0,0,0,0,0,0,0,0,0,0
822,연두부달걀탕,124,88.524,7.5604,3.68682,5.89756,0.6572,101.468,1.65006,228.35,63.60433334,0.129804,0.132564,1.23926,241.71696,11.27462,0,0,0,0,0,0,0,0,0,1,0,0,0,0,0,0,0,0,0,0,0,0,0,0,0,0,0,0,0,0,0,0,0,0,0,0,0,0,0,0
823,연두부된장찌개,124.3,75.231,5.73158,2.30005,7.97264,1.0534,94.882,1.64688,274.604,5.226083333,0.154948,0.055256,2.82273,8.68934,10.62229,0,0,0,0,0,0,0,0,0,1,0,0,0,0,0,0,0,0,0,0,0,0,0,0,0,0,0,0,0,0,0,0,0,0,0,0,0,0,0,0
824,연두부맑은국,104.4,60.132,4.96634,2.14178,5.2103,0.702,90.758,1.27612,200.756,35.98466667,0.11404,0.037126,1.20524,12.03996,8.00324,0,0,0,0,0,0,0,0,0,1,0,0,0,0,0,0,0,0,0,0,0,0,0,0,0,0,0,0,0,0,0,0,0,0,0,0,0,0,0,0
825,연두부부추국,104.4,60.132,5.06854,2.17118,5.0647,0.394,92.578,1.71992,201.176,33.84966667,0.13112,0.037126,1.46984,9.86296,1.87824,0,0,0,0,0,0,0,0,0,1,0,0,0,0,0,0,0,0,0,0,0,0,0,0,0,0,0,0,0,0,0,0,0,0,0,0,0,0,0,0
826,연두부새우젓국,96.3,56.597,4.57343,2.09397,4.79716,0.4402,77.872,1.22324,284.761,2.867666667,0.109994,0.028964,1.02786,5.74122,5.50004,0,0,0,0,0,0,0,0,0,1,0,0,0,0,0,0,0,0,0,0,0,0,0,0,0,0,0,0,0,0,0,0,0,0,0,0,0,0,0,0
827,연두부새우탕,135.5,87.411,9.70744,2.56829,6.11946,0.9106,102.547,2.55849,110.118,48.867,0.122181,0.054262,1.72429,15.59043,8.29164,0,0,0,0,0,0,0,0,0,1,0,0,0,0,0,0,0,0,0,0,0,0,0,0,0,0,0,0,0,0,0,0,0,0,0,0,0,0,0,0
828,연두부청경채새우탕,141.8,85.668,9.85108,2.57592,5.54994,0.8532,118.297,2.60105,112.834,48.05558334,0.130917,0.056768,4.95976,12.31135,14.82761,0,0,0,0,0,0,0,0,0,1,0,0,0,0,0,0,0,0,0,0,0,0,0,0,0,0,0,0,0,0,0,0,0,0,0,0,0,0,0,0
829,연두부탕,135.5,78.829,6.19498,2.92697,6.83206,0.7524,101.805,1.61825,110.748,35.98933334,0.154675,0.045064,1.39277,12.53507,8.03012,0,0,0,0,0,0,0,0,0,1,0,0,0,0,0,0,0,0,0,0,0,0,0,0,0,0,0,0,0,0,0,0,0,0,0,0,0,0,0,0
830,열무된장국,61.3,23.487,3.32666,0.44358,2.0183,0.7174,139.913,1.557,329.127,111.1378333,0.065404,0.070852,3.74904,12.2032,56.4634,0,0,0,0,0,0,0,0,0,1,0,0,0,0,0,0,0,0,0,0,0,0,0,0,0,0,0,0,0,0,0,0,0,0,0,0,0,0,0,0
831,열무맑은국,40.7,14.331,2.45418,0.22973,0.9039,0.5018,113.76,0.95958,212.236,79.17641665,0.020618,0.039758,2.65949,8.72784,40.26561,0,0,0,0,0,0,0,0,0,1,0,0,0,0,0,0,0,0,0,0,0,0,0,0,0,0,0,0,0,0,0,0,0,0,0,0,0,0,0,0
832,오이냉국,49.8,16.27,1.1337,0.14622,4.07336,1.3194,39.91,0.2978,346.664,17.59216667,0.001942,0.028586,4.9641,13.36156,17.78728,0,0,0,0,0,0,0,0,0,1,0,0,0,0,0,0,0,0,0,0,0,0,0,0,0,0,0,0,0,0,0,0,0,0,0,0,0,0,0,0
833,오이미역냉국,27.7,14.707,0.93116,0.27539,3.43899,1.1993,37.684,0.23787,346.04,15.50241667,0.002137,0.028184,2.40994,65.40089,16.27251,0,0,0,0,0,0,0,0,0,1,0,0,0,0,0,0,0,0,0,0,0,0,0,0,0,0,0,0,0,0,0,0,0,0,0,0,0,0,0,0
834,오징어감자국,99.8,75.805,10.13031,0.75102,6.85166,1.3894,55.619,0.60283,174.518,32.83933334,0.053315,0.031344,4.63587,13.91113,2.57754,0,0,0,0,0,0,0,0,0,1,0,0,0,0,0,0,0,0,0,0,0,0,0,0,0,0,0,0,0,0,0,0,0,0,0,0,0,0,0,0
835,오징어국,59.2,49.119,9.34402,0.73521,0.78463,0.1491,51.946,0.39168,264.35,1.002166666,0.0329,0.018648,0.95144,6.60093,2.5977,0,0,0,0,0,0,0,0,0,1,0,0,0,0,0,0,0,0,0,0,0,0,0,0,0,0,0,0,0,0,0,0,0,0,0,0,0,0,0,0
836,매콤오징어국,59.2,49.707,9.3628,0.76005,0.88654,0.2523,52.159,0.40389,264.383,2.842916666,0.033827,0.024297,0.91586,22.08219,3.67743,0,0,0,0,0,0,0,0,0,1,0,0,0,0,0,0,0,0,0,0,0,0,0,0,0,0,0,0,0,0,0,0,0,0,0,0,0,0,0,0
837,오징어맑은국,56.8,42.408,8.07742,0.6204,0.70468,0.1392,8.074,0.13176,218.564,1.002166666,0.030026,0.01551,0.91586,5.46192,2.17896,0,0,0,0,0,0,0,0,0,1,0,0,0,0,0,0,0,0,0,0,0,0,0,0,0,0,0,0,0,0,0,0,0,0,0,0,0,0,0,0
838,오징어무국,75.7,45.375,7.80084,0.61745,2.00492,0.3478,44.255,0.35181,157.364,0.943333333,0.041805,0.022756,2.70853,11.02139,3.93288,0,0,0,0,0,0,0,0,0,1,0,0,0,0,0,0,0,0,0,0,0,0,0,0,0,0,0,0,0,0,0,0,0,0,0,0,0,0,0,0
839,오징어숙주국,106.4,74.557,9.95463,0.67914,7.686,1.4924,57.911,0.61439,161.994,32.95483334,0.072625,0.09128,5.47561,26.54519,4.74474,0,0,0,0,0,0,0,0,0,1,0,0,0,0,0,0,0,0,0,0,0,0,0,0,0,0,0,0,0,0,0,0,0,0,0,0,0,0,0,0
840,오징어찌개,78.1,52.712,8.42742,0.71168,3.09224,1.0317,58.916,0.46556,161.701,37.27325,0.041016,0.040899,3.59357,51.20776,8.36353,0,0,0,0,0,0,0,0,0,1,0,0,0,0,0,0,0,0,0,0,0,0,0,0,0,0,0,0,0,0,0,0,0,0,0,0,0,0,0,0
841,온도토리묵국,164.5,107.275,4.96048,2.81246,15.28436,0.0476,165.55,1.64304,300.622,11.795,0.040313,0.073892,2.00529,878.58344,13.31099,0,0,0,0,0,0,0,0,0,1,0,0,0,0,0,0,0,0,0,0,0,0,0,0,0,0,0,0,0,0,0,0,0,0,0,0,0,0,0,0
842,온청포묵국,164.5,96.075,4.82048,2.53246,13.60436,0.0476,164.15,1.64304,247.422,11.795,0.026313,0.045892,2.00529,878.58344,13.31099,0,0,0,0,0,0,0,0,0,1,0,0,0,0,0,0,0,0,0,0,0,0,0,0,0,0,0,0,0,0,0,0,0,0,0,0,0,0,0,0
843,올갱이국,43.1,18.636,2.24936,0.31898,1.8846,0.7132,95.953,0.78112,255.921,35.56933332,0.060322,0.050874,6.47064,2.833,12.22116,0,0,0,0,0,0,0,0,0,1,0,0,0,0,0,0,0,0,0,0,0,0,0,0,0,0,0,0,0,0,0,0,0,0,0,0,0,0,0,0
844,올갱이된장국,42.4,18.552,2.24166,0.31758,1.8552,0.7132,95.232,0.76432,255.396,35.11783332,0.060112,0.049964,6.37264,2.833,12.22116,0,0,0,0,0,0,0,0,0,1,0,0,0,0,0,0,0,0,0,0,0,0,0,0,0,0,0,0,0,0,0,0,0,0,0,0,0,0,0,0
845,완자탕,28.8,33.969,4.23222,0.99255,1.72879,0.2619,6.246,0.18216,137.646,4.921166667,0.02631,0.056731,0.212,323.87965,23.33333,0,0,0,0,0,0,0,0,0,1,0,0,0,0,0,0,0,0,0,0,0,0,0,0,0,0,0,0,0,0,0,0,0,0,0,0,0,0,0,0
846,왕만두국,106.8,157.53,11.61634,5.79354,13.46036,1.4496,94.336,1.49372,147.302,39.81541667,0.170999,0.230774,1.84245,1815.68264,110.72215,0,0,0,0,0,0,0,0,0,1,0,0,0,0,0,0,0,0,0,0,0,0,0,0,0,0,0,0,0,0,0,0,0,0,0,0,0,0,0,0
847,우거지국,45.2,23.396,2.79284,0.39668,2.481,1.458,101.42,0.97502,272.07,25.37966667,0.0376,0.023406,0.14684,11.52406,40.38804,0,0,0,0,0,0,0,0,0,1,0,0,0,0,0,0,0,0,0,0,0,0,0,0,0,0,0,0,0,0,0,0,0,0,0,0,0,0,0,0
848,우거지된장,52.5,25.336,2.89064,0.42938,2.9722,1.864,110.054,1.29562,318.19,63.33533335,0.0727,0.040926,0.20084,11.69136,62.83844,0,0,0,0,0,0,0,0,0,1,0,0,0,0,0,0,0,0,0,0,0,0,0,0,0,0,0,0,0,0,0,0,0,0,0,0,0,0,0,0
849,우거지된장국,53.5,25.205,2.92833,0.41546,2.84355,1.7571,109.518,1.04798,272.348,30.6495,0.038406,0.025076,0.18468,13.86137,48.5639,0,0,0,0,0,0,0,0,0,1,0,0,0,0,0,0,0,0,0,0,0,0,0,0,0,0,0,0,0,0,0,0,0,0,0,0,0,0,0,0
850,우거지들깨국,38.2,57.276,4.14524,3.14488,3.8852,2.438,113.25,1.39222,271.58,15.67883333,0.06231,0.075276,0.14684,370.13826,1757.40894,0,0,0,0,0,0,0,0,0,1,0,0,0,0,0,0,0,0,0,0,0,0,0,0,0,0,0,0,0,0,0,0,0,0,0,0,0,0,0,0
851,우거지맑은국,49.4,15.47,1.0507,0.11004,3.1857,1.8634,47.788,0.432,136.152,30.32633333,0.006804,0.018004,0.59752,14.18914,47.65572,0,0,0,0,0,0,0,0,0,1,0,0,0,0,0,0,0,0,0,0,0,0,0,0,0,0,0,0,0,0,0,0,0,0,0,0,0,0,0,0
852,우동국물,10.9,8.277,1.22495,0.08704,0.82011,0.0763,32.276,0.286,99.88,4.065333333,0.008422,0.050198,1.02082,2.77669,0.96586,0,0,0,0,0,0,0,0,0,1,0,0,0,0,0,0,0,0,0,0,0,0,0,0,0,0,0,0,0,0,0,0,0,0,0,0,0,0,0,0
853,우동면국,86.8,158.13,6.11142,4.18502,22.9369,1.127,55.622,0.72338,406.014,2.5725,0.057918,0.084938,0,457.65496,34.37462,0,0,0,0,0,0,0,0,0,1,0,0,0,0,0,0,0,0,0,0,0,0,0,0,0,0,0,0,0,0,0,0,0,0,0,0,0,0,0,0
854,우렁이된장국,57.1,34.288,4.19375,0.62565,3.05864,0.247,359.832,2.39434,248.158,1.696333333,0.150314,0.12338,1.26278,4.23188,1.28324,0,0,0,0,0,0,0,0,0,1,0,0,0,0,0,0,0,0,0,0,0,0,0,0,0,0,0,0,0,0,0,0,0,0,0,0,0,0,0,0
855,우렁이된장찌개,47.3,32.132,4.01735,0.59625,2.65684,0.247,357.088,2.06114,247.864,0.985833333,0.134634,0.11554,0.77278,4.23188,1.28324,0,0,0,0,0,0,0,0,0,1,0,0,0,0,0,0,0,0,0,0,0,0,0,0,0,0,0,0,0,0,0,0,0,0,0,0,0,0,0,0
856,우렁이두부된장국,79.5,51.788,6.0127,1.30948,4.2156,1.08,388.014,2.43998,284.67,7.282333333,0.14778,0.164526,1.14364,340.55528,67.48868,0,0,0,0,0,0,0,0,0,1,0,0,0,0,0,0,0,0,0,0,0,0,0,0,0,0,0,0,0,0,0,0,0,0,0,0,0,0,0,0
857,유부김치국,41,68.022,4.8754,4.53884,1.67224,0.0464,113.96,1.179,136.652,5.563833334,0.031368,0.022272,1.58248,2.60516,1.25804,0,0,0,0,0,0,0,0,0,1,0,0,0,0,0,0,0,0,0,0,0,0,0,0,0,0,0,0,0,0,0,0,0,0,0,0,0,0,0,0
858,유부대파국,22,63.712,4.63857,4.49933,0.94627,0.0799,100.943,1.02551,106.322,0.9695,0.013941,0.012686,0.20757,3.44068,1.6079,0,0,0,0,0,0,0,0,0,1,0,0,0,0,0,0,0,0,0,0,0,0,0,0,0,0,0,0,0,0,0,0,0,0,0,0,0,0,0,0
859,유부된장국,73.2,90.316,5.74894,4.67228,6.4542,1.101,109.96,1.48532,274.1,0.693,0.067,0.031806,4.00034,9.52626,1.91324,0,0,0,0,0,0,0,0,0,1,0,0,0,0,0,0,0,0,0,0,0,0,0,0,0,0,0,0,0,0,0,0,0,0,0,0,0,0,0,0
860,유부맑은국,41.4,68.602,4.79414,4.50568,2.1898,0.415,103.778,1.05632,198.446,0.681333333,0.02003,0.011926,1.38164,6.48756,1.45964,0,0,0,0,0,0,0,0,0,1,0,0,0,0,0,0,0,0,0,0,0,0,0,0,0,0,0,0,0,0,0,0,0,0,0,0,0,0,0,0
861,유부배추국,69,75.532,5.53894,4.6566,3.01664,0.2246,115.49,1.50212,278.594,0.8085,0.11803,0.034634,4.22308,4.53876,1.35212,0,0,0,0,0,0,0,0,0,1,0,0,0,0,0,0,0,0,0,0,0,0,0,0,0,0,0,0,0,0,0,0,0,0,0,0,0,0,0,0
862,유부새우젓국,41.3,67.405,4.49097,4.46963,2.2976,0.415,92.622,1.0263,149.589,0.681333333,0.01919,0.011156,1.38164,6.16612,1.32006,0,0,0,0,0,0,0,0,0,1,0,0,0,0,0,0,0,0,0,0,0,0,0,0,0,0,0,0,0,0,0,0,0,0,0,0,0,0,0,0
863,유부실파국,25.6,57.171,3.37517,4.3829,0.90572,0.0608,56.907,0.78539,60.544,0.646333333,0.010615,0.009336,0.16973,1.87715,0.8393,0,0,0,0,0,0,0,0,0,1,0,0,0,0,0,0,0,0,0,0,0,0,0,0,0,0,0,0,0,0,0,0,0,0,0,0,0,0,0,0
864,유부쑥갓맑은국,44.2,67.678,4.95794,4.525,1.77064,0.5606,114.838,1.14452,218.41,29.50266667,0.02017,0.023014,2.17908,10.18076,13.10092,0,0,0,0,0,0,0,0,0,1,0,0,0,0,0,0,0,0,0,0,0,0,0,0,0,0,0,0,0,0,0,0,0,0,0,0,0,0,0,0
865,유부양파국,58.5,77.177,5.31564,4.64078,3.65,0.653,108.553,1.32852,239.163,0.704666667,0.05153,0.024666,2.20484,8.92356,1.59404,0,0,0,0,0,0,0,0,0,1,0,0,0,0,0,0,0,0,0,0,0,0,0,0,0,0,0,0,0,0,0,0,0,0,0,0,0,0,0,0
866,유부장국,23.4,67.548,4.97471,4.62638,1.26967,0.0407,104.639,1.30894,238.111,2.051,0.038154,0.022024,0.4189,2.72829,1.75672,0,0,0,0,0,0,0,0,0,1,0,0,0,0,0,0,0,0,0,0,0,0,0,0,0,0,0,0,0,0,0,0,0,0,0,0,0,0,0,0
867,유부팽이국,58.5,74.727,5.75314,4.70378,3.951,1.318,104.003,1.61902,238.813,0.646333333,0.06553,0.085216,0.14684,43.79756,19.72404,0,0,0,0,0,0,0,0,0,1,0,0,0,0,0,0,0,0,0,0,0,0,0,0,0,0,0,0,0,0,0,0,0,0,0,0,0,0,0,0
868,유채된장국,52.8,29.202,3.80851,0.46866,3.20895,1.3987,145.449,1.2787,311.065,97.73633335,0.055402,0.12218,18.74098,15.56433,72.18764,0,0,0,0,0,0,0,0,0,1,0,0,0,0,0,0,0,0,0,0,0,0,0,0,0,0,0,0,0,0,0,0,0,0,0,0,0,0,0,0
869,육개장,102.9,129.185,7.9128,9.19051,3.6386,1.3972,19.061,1.02347,78.946,32.8405,0.050043,0.191562,3.86225,868.17185,334.22634,0,0,0,0,0,0,0,0,0,1,0,0,0,0,0,0,0,0,0,0,0,0,0,0,0,0,0,0,0,0,0,0,0,0,0,0,0,0,0,0
870,으깬두부된장국,90,61.042,5.56414,1.6403,6.23384,1.9956,87.42,1.25782,271.594,5.399333333,0.06882,0.092804,3.25918,678.25726,119.38402,0,0,0,0,0,0,0,0,0,1,0,0,0,0,0,0,0,0,0,0,0,0,0,0,0,0,0,0,0,0,0,0,0,0,0,0,0,0,0,0
871,잘게썬오징어무국,62,48.295,8.98714,0.70615,1.21372,0.1448,42.879,0.34411,179.544,1.029,0.035255,0.021796,1.32333,6.49099,2.52028,0,0,0,0,0,0,0,0,0,1,0,0,0,0,0,0,0,0,0,0,0,0,0,0,0,0,0,0,0,0,0,0,0,0,0,0,0,0,0,0
872,재첩국,48.3,39.734,5.43506,0.77538,2.5958,0.0132,95.87,7.90632,268.155,2.1245,0.051572,0.085104,1.30744,0.8758,0.27916,0,0,0,0,0,0,0,0,0,1,0,0,0,0,0,0,0,0,0,0,0,0,0,0,0,0,0,0,0,0,0,0,0,0,0,0,0,0,0,0
873,조갯살된장국,73.2,50.416,7.50846,0.6848,3.31764,0.2246,44.776,1.84064,424.404,0.662666667,0.06007,0.186254,1.84308,4.457,2.3338,0,0,0,0,0,0,0,0,0,1,0,0,0,0,0,0,0,0,0,0,0,0,0,0,0,0,0,0,0,0,0,0,0,0,0,0,0,0,0,0
874,조갯살된장찌개,71,44.168,5.25289,0.50982,4.76967,0.9227,82.491,1.3305,316.609,4.7845,0.059294,0.100144,2.97516,10.29599,9.32372,0,0,0,0,0,0,0,0,0,1,0,0,0,0,0,0,0,0,0,0,0,0,0,0,0,0,0,0,0,0,0,0,0,0,0,0,0,0,0,0
875,조갯살맑은국,73.5,44.116,7.03736,0.53808,2.5034,0.142,43.244,1.55284,316.119,0.693,0.03298,0.174676,2.29444,6.2042,3.61312,0,0,0,0,0,0,0,0,0,1,0,0,0,0,0,0,0,0,0,0,0,0,0,0,0,0,0,0,0,0,0,0,0,0,0,0,0,0,0,0
876,조갯살미역국,64.1,73.887,7.77838,3.51273,3.85454,1.5112,87.161,1.81061,574.302,21.67316667,0.023327,0.177336,1.19033,1180.40919,37.98578,0,0,0,0,0,0,0,0,0,1,0,0,0,0,0,0,0,0,0,0,0,0,0,0,0,0,0,0,0,0,0,0,0,0,0,0,0,0,0,0
877,조갯살부추국,70.8,36.36,5.28176,0.47088,2.6826,0.142,74.84,5.43104,135.572,1.505,0.0411,0.108036,2.99444,5.0002,2.07312,0,0,0,0,0,0,0,0,0,1,0,0,0,0,0,0,0,0,0,0,0,0,0,0,0,0,0,0,0,0,0,0,0,0,0,0,0,0,0,0
878,조갯살부추맑은국,84.8,46.58,7.23896,0.57168,2.9626,0.142,46.42,1.93384,350.052,1.505,0.0509,0.183636,2.85444,6.2042,3.61312,0,0,0,0,0,0,0,0,0,1,0,0,0,0,0,0,0,0,0,0,0,0,0,0,0,0,0,0,0,0,0,0,0,0,0,0,0,0,0,0
879,조갯살순두부맑은국,104,53.62,8.32272,1.1165,2.5956,0.5698,85.546,1.36384,278.728,0.681333333,0.178878,0.083342,1.7542,423.95654,73.58834,0,0,0,0,0,0,0,0,0,1,0,0,0,0,0,0,0,0,0,0,0,0,0,0,0,0,0,0,0,0,0,0,0,0,0,0,0,0,0,0
880,조갯살시래기국,80.2,40.826,5.42274,0.61508,3.6514,1.647,118.29,1.76252,383.79,52.81383334,0.08296,0.102296,1.59444,14.11896,54.52594,0,0,0,0,0,0,0,0,0,1,0,0,0,0,0,0,0,0,0,0,0,0,0,0,0,0,0,0,0,0,0,0,0,0,0,0,0,0,0,0
881,조갯살아욱국,74.6,60.776,9.15962,0.90628,4.3066,1.5882,262.644,2.10538,482.42,113.75,0.111842,0.277044,15.03094,16.12432,61.6938,0,0,0,0,0,0,0,0,0,1,0,0,0,0,0,0,0,0,0,0,0,0,0,0,0,0,0,0,0,0,0,0,0,0,0,0,0,0,0,0
882,조갯살연두부장국,106.1,62.953,6.77248,1.68342,5.11552,0.5914,98.487,1.75076,319.145,3.845333333,0.114012,0.103752,2.2978,9.58394,9.016,0,0,0,0,0,0,0,0,0,1,0,0,0,0,0,0,0,0,0,0,0,0,0,0,0,0,0,0,0,0,0,0,0,0,0,0,0,0,0,0
883,조랭이떡국,57.6,118.866,2.88086,0.28087,26.2353,0.4192,35.529,0.28692,303.814,0.49575,0.007372,0.011754,0.12199,66.79256,3.26711,0,0,0,0,0,0,0,0,0,1,0,0,0,0,0,0,0,0,0,0,0,0,0,0,0,0,0,0,0,0,0,0,0,0,0,0,0,0,0,0
884,조랭이떡미역국,49.7,116.417,2.48647,2.45056,22.63751,1.8151,51.884,0.35882,469.336,21.66675,0.004221,0.015134,0.10591,939.29213,34.65189,0,0,0,0,0,0,0,0,0,1,0,0,0,0,0,0,0,0,0,0,0,0,0,0,0,0,0,0,0,0,0,0,0,0,0,0,0,0,0,0
885,쪽파무채국,42.7,14.957,1.97493,0.19034,1.43403,0.2661,69.722,0.52084,197.534,3.193166667,0.025624,0.017432,3.17956,11.99321,5.78942,0,0,0,0,0,0,0,0,0,1,0,0,0,0,0,0,0,0,0,0,0,0,0,0,0,0,0,0,0,0,0,0,0,0,0,0,0,0,0,0
886,차돌박이된장국,73.2,185.95,9.33672,15.42232,2.09656,0.4626,68.786,1.31774,298.684,6.970833333,0.063738,0.07795,1.32116,264.2599,16.59448,0,0,0,0,0,0,0,0,0,1,0,0,0,0,0,0,0,0,0,0,0,0,0,0,0,0,0,0,0,0,0,0,0,0,0,0,0,0,0,0
887,차돌박이된장찌개,71.7,163.847,8.30041,12.90402,3.34615,0.6567,68.162,1.23922,294.16,5.371333333,0.063718,0.068462,2.14958,220.15571,13.95772,0,0,0,0,0,0,0,0,0,1,0,0,0,0,0,0,0,0,0,0,0,0,0,0,0,0,0,0,0,0,0,0,0,0,0,0,0,0,0,0
888,차돌버섯찌개,71.1,108.061,6.59699,7.97544,3.82906,1.6351,66.315,1.29107,285.097,8.729583333,0.086803,0.124367,0.62424,195.15807,21.35595,0,0,0,0,0,0,0,0,0,1,0,0,0,0,0,0,0,0,0,0,0,0,0,0,0,0,0,0,0,0,0,0,0,0,0,0,0,0,0,0
889,차돌순두부백탕,94.6,79.76,6.81574,4.77406,2.5454,0.884,71.662,0.90078,204.928,6.402666667,0.141816,0.047052,1.6881,390.15014,67.07134,0,0,0,0,0,0,0,0,0,1,0,0,0,0,0,0,0,0,0,0,0,0,0,0,0,0,0,0,0,0,0,0,0,0,0,0,0,0,0,0
890,차돌얼갈이국,73.2,105.436,6.14234,7.89158,2.4768,1.031,119.34,1.10032,299.86,38.93633332,0.07106,0.080876,7.01314,135.86716,21.63224,0,0,0,0,0,0,0,0,0,1,0,0,0,0,0,0,0,0,0,0,0,0,0,0,0,0,0,0,0,0,0,0,0,0,0,0,0,0,0,0
891,참나물된장국,52.2,23.746,2.86844,0.39248,2.5888,1.15,86.51,1.24312,278.23,57.55633333,0.03886,0.060576,1.74704,28.36956,23.65244,0,0,0,0,0,0,0,0,0,1,0,0,0,0,0,0,0,0,0,0,0,0,0,0,0,0,0,0,0,0,0,0,0,0,0,0,0,0,0,0
892,참외미역냉국,48.7,32.265,1.32185,0.48434,7.38535,1.7207,38.746,0.36108,346.242,14.64166667,0.005124,0.046132,0.87138,79.55021,18.14148,0,0,0,0,0,0,0,0,0,1,0,0,0,0,0,0,0,0,0,0,0,0,0,0,0,0,0,0,0,0,0,0,0,0,0,0,0,0,0,0
893,참치김치국,63.7,76.679,10.25849,2.95146,1.60015,0.0563,83.646,2.85796,374.742,7.215833334,0.036622,0.04228,2.10806,585.47735,8.73502,0,0,0,0,0,0,0,0,0,1,0,0,0,0,0,0,0,0,0,0,0,0,0,0,0,0,0,0,0,0,0,0,0,0,0,0,0,0,0,0
894,참치김치찌개,64.8,78.172,10.30432,2.94158,2.0529,0.2116,80.304,2.82498,358.734,5.588333334,0.03407,0.041886,2.16012,587.33588,8.80222,0,0,0,0,0,0,0,0,0,1,0,0,0,0,0,0,0,0,0,0,0,0,0,0,0,0,0,0,0,0,0,0,0,0,0,0,0,0,0,0
895,참치두부찌개,92.4,110.278,12.91066,4.93346,2.78166,0.9786,98.476,3.25752,377.482,5.594750001,0.041573,0.089502,2.00389,1545.894,121.06031,0,0,0,0,0,0,0,0,0,1,0,0,0,0,0,0,0,0,0,0,0,0,0,0,0,0,0,0,0,0,0,0,0,0,0,0,0,0,0,0
896,참치무국,69,69.974,9.3454,2.75134,1.40846,0.2288,13.444,0.74472,60.32,4.958916666,0.092795,0.072616,2.57493,882.50676,14.66199,0,0,0,0,0,0,0,0,0,1,0,0,0,0,0,0,0,0,0,0,0,0,0,0,0,0,0,0,0,0,0,0,0,0,0,0,0,0,0,0
897,참치미역국,34,62.323,9.41631,2.28262,2.02488,1.5084,67.407,2.59755,555.85,21.65391667,0.006912,0.023406,0.04744,305.47247,25.36989,0,0,0,0,0,0,0,0,0,1,0,0,0,0,0,0,0,0,0,0,0,0,0,0,0,0,0,0,0,0,0,0,0,0,0,0,0,0,0,0
898,참치배추국,76.7,73.173,12.29968,1.83735,1.40972,0.0608,76.815,3.34585,389.194,0.792166667,0.083135,0.040346,3.66973,2.84147,1.25804,0,0,0,0,0,0,0,0,0,1,0,0,0,0,0,0,0,0,0,0,0,0,0,0,0,0,0,0,0,0,0,0,0,0,0,0,0,0,0,0
899,참치추어탕,91,65.128,10.34495,0.92372,3.93379,0.8211,22.617,1.23403,248.164,15.96058333,0.192129,0.122171,4.65836,82.06604,6.80722,0,0,0,0,0,0,0,0,0,1,0,0,0,0,0,0,0,0,0,0,0,0,0,0,0,0,0,0,0,0,0,0,0,0,0,0,0,0,0,0
900,찹쌀옹심이국,93.5,210.891,3.15474,0.25339,48.32806,0.8266,67.057,0.79239,115.858,50.41866667,0.037341,0.042922,1.11879,15.43153,11.71114,0,0,0,0,0,0,0,0,0,1,0,0,0,0,0,0,0,0,0,0,0,0,0,0,0,0,0,0,0,0,0,0,0,0,0,0,0,0,0,0
901,채소닭고기국,69.3,57.365,8.92759,1.22654,2.62815,0.7077,19.852,0.54278,323.351,49.79041667,0.086289,0.094164,3.79491,302.79375,9.93111,0,0,0,0,0,0,0,0,0,1,0,0,0,0,0,0,0,0,0,0,0,0,0,0,0,0,0,0,0,0,0,0,0,0,0,0,0,0,0,0
902,청경채된장국,59.9,21.205,2.97344,0.38268,1.7796,0.646,105.767,0.89872,313.937,31.39383333,0.07624,0.043566,9.21674,5.73926,21.87724,0,0,0,0,0,0,0,0,0,1,0,0,0,0,0,0,0,0,0,0,0,0,0,0,0,0,0,0,0,0,0,0,0,0,0,0,0,0,0,0
903,청경채맑은국,56.8,14.814,2.45446,0.20348,1.1118,0.6684,102.294,0.568,203.766,31.717,0.039924,0.029202,9.26644,6.3967,22.2271,0,0,0,0,0,0,0,0,0,1,0,0,0,0,0,0,0,0,0,0,0,0,0,0,0,0,0,0,0,0,0,0,0,0,0,0,0,0,0,0
904,청국장국,34.3,23.128,2.52238,0.21042,2.89142,0.5684,66.99,0.62958,108.409,3.189666667,0.022932,0.030422,1.55148,5.94944,5.74154,0,0,0,0,0,0,0,0,0,1,0,0,0,0,0,0,0,0,0,0,0,0,0,0,0,0,0,0,0,0,0,0,0,0,0,0,0,0,0,0
905,청국장찌개,24.8,17.841,2.38121,0.20896,1.66405,0.3627,65.964,0.5871,108.135,4.123,0.018232,0.03195,0.57038,4.95233,7.38304,0,0,0,0,0,0,0,0,0,1,0,0,0,0,0,0,0,0,0,0,0,0,0,0,0,0,0,0,0,0,0,0,0,0,0,0,0,0,0,0
906,추어탕,91,53.578,6.94995,1.27372,3.89879,0.8211,274.967,3.40403,262.514,77.91058333,0.153629,0.290171,5.00836,82.06604,6.80722,0,0,0,0,0,0,0,0,0,1,0,0,0,0,0,0,0,0,0,0,0,0,0,0,0,0,0,0,0,0,0,0,0,0,0,0,0,0,0,0
907,콩가루냉이된장국,48,45.712,5.08394,1.23318,4.8386,1.913,136.084,5.63632,202.714,28.03383333,0.05692,0.152276,8.64834,18.21956,40.50004,0,0,0,0,0,0,0,0,0,1,0,0,0,0,0,0,0,0,0,0,0,0,0,0,0,0,0,0,0,0,0,0,0,0,0,0,0,0,0,0
908,콩가루무채국,57.8,63.422,3.86804,3.97256,3.4288,0.31,80.294,1.22856,203.82,0.924,0.0572,0.051532,3.22964,379.454,1742.19332,0,0,0,0,0,0,0,0,0,1,0,0,0,0,0,0,0,0,0,0,0,0,0,0,0,0,0,0,0,0,0,0,0,0,0,0,0,0,0,0
909,콩가루얼갈이배추국,54.3,33.784,3.3373,1.10368,3.5016,1.108,124.058,1.03438,214.824,53.20233332,0.06126,0.088366,9.44564,5.12648,18.89188,0,0,0,0,0,0,0,0,0,1,0,0,0,0,0,0,0,0,0,0,0,0,0,0,0,0,0,0,0,0,0,0,0,0,0,0,0,0,0,0
910,콩가루배추국,55,36.402,4.06544,1.13868,3.1516,0.058,80.714,1.21232,207.264,0.821333333,0.11642,0.053576,4.34684,2.83356,1.25804,0,0,0,0,0,0,0,0,0,1,0,0,0,0,0,0,0,0,0,0,0,0,0,0,0,0,0,0,0,0,0,0,0,0,0,0,0,0,0,0
911,콩가루봄동국,55,41.022,4.45184,1.21008,4.0252,1.192,110.954,1.36772,221.964,33.05633333,0.05258,0.077516,9.92444,9.25536,39.89384,0,0,0,0,0,0,0,0,0,1,0,0,0,0,0,0,0,0,0,0,0,0,0,0,0,0,0,0,0,0,0,0,0,0,0,0,0,0,0,0
912,콩가루시금치국,55,45.222,4.90544,1.34868,4.5376,0.058,85.334,2.09432,223.644,101.3063333,0.08282,0.183776,25.34684,2.83356,1.25804,0,0,0,0,0,0,0,0,0,1,0,0,0,0,0,0,0,0,0,0,0,0,0,0,0,0,0,0,0,0,0,0,0,0,0,0,0,0,0,0
913,콩가루시래기국,55,41.022,4.26704,1.25208,3.9832,1.864,113.894,1.61552,239.184,63.19133335,0.06686,0.060296,0.14684,11.69136,62.83844,0,0,0,0,0,0,0,0,0,1,0,0,0,0,0,0,0,0,0,0,0,0,0,0,0,0,0,0,0,0,0,0,0,0,0,0,0,0,0,0
914,콩가루쑥국,49.7,38.171,3.34201,1.14184,4.91995,2.5011,55.202,4.05734,141.19,145.355,0.039326,0.194852,2.84242,32.99541,79.338,0,0,0,0,0,0,0,0,0,1,0,0,0,0,0,0,0,0,0,0,0,0,0,0,0,0,0,0,0,0,0,0,0,0,0,0,0,0,0,0
915,콩가루열무된장국,45.2,35.618,4.2816,1.20798,2.5797,0.4682,122.462,1.57436,217.764,78.69166666,0.045972,0.071944,2.58494,7.74168,39.74082,0,0,0,0,0,0,0,0,0,1,0,0,0,0,0,0,0,0,0,0,0,0,0,0,0,0,0,0,0,0,0,0,0,0,0,0,0,0,0,0
916,콩나물국,55.8,27.672,4.04184,0.82808,2.2838,0.842,85.68,0.72382,208.326,1.083333333,0.06242,0.050266,1.10084,329.49206,57.63744,0,0,0,0,0,0,0,0,0,1,0,0,0,0,0,0,0,0,0,0,0,0,0,0,0,0,0,0,0,0,0,0,0,0,0,0,0,0,0,0
917,콩나물김치국,48.2,22.279,3.00001,0.48476,1.93635,0.3907,82.8,0.678,210.767,5.668833334,0.048402,0.03699,1.98298,142.77183,25.42064,0,0,0,0,0,0,0,0,0,1,0,0,0,0,0,0,0,0,0,0,0,0,0,0,0,0,0,0,0,0,0,0,0,0,0,0,0,0,0,0
918,콩나물냉국,55,26.74,3.98412,0.8232,1.9964,0.8288,82.816,0.69534,195.918,0.891333333,0.061068,0.047362,0.9814,329.25914,57.63744,0,0,0,0,0,0,0,0,0,1,0,0,0,0,0,0,0,0,0,0,0,0,0,0,0,0,0,0,0,0,0,0,0,0,0,0,0,0,0,0
919,콩나물된장국,54.9,29.349,3.66837,0.70498,2.87967,0.8373,78.522,0.88684,271.158,3.003,0.075576,0.05239,1.35536,192.17923,37.82954,0,0,0,0,0,0,0,0,0,1,0,0,0,0,0,0,0,0,0,0,0,0,0,0,0,0,0,0,0,0,0,0,0,0,0,0,0,0,0,0
920,콩나물맑은국,48.4,24.712,3.68744,0.72848,1.837,0.73,79.488,0.65172,195.856,0.856333333,0.05356,0.042516,0.90284,282.82656,49.58324,0,0,0,0,0,0,0,0,0,1,0,0,0,0,0,0,0,0,0,0,0,0,0,0,0,0,0,0,0,0,0,0,0,0,0,0,0,0,0,0
921,콩나물무국,47,21.45,3.10112,0.54858,1.7082,0.5676,75.652,0.57164,196.556,0.509833333,0.044936,0.03224,1.62874,192.29052,34.49838,0,0,0,0,0,0,0,0,0,1,0,0,0,0,0,0,0,0,0,0,0,0,0,0,0,0,0,0,0,0,0,0,0,0,0,0,0,0,0,0
922,콩나물북어국,49.4,52.671,7.12998,2.07277,1.6114,0.4668,92.644,0.8137,240.674,0.84925,0.048578,0.044566,1.58159,329.08536,895.02665,0,0,0,0,0,0,0,0,0,1,0,0,0,0,0,0,0,0,0,0,0,0,0,0,0,0,0,0,0,0,0,0,0,0,0,0,0,0,0,0
923,콩나물어묵국,62.4,54.322,5.20364,1.39838,5.8543,0.541,82.918,0.64962,343.276,6.3105,0.03788,0.032856,1.55244,578.90766,76.47794,0,0,0,0,0,0,0,0,0,1,0,0,0,0,0,0,0,0,0,0,0,0,0,0,0,0,0,0,0,0,0,0,0,0,0,0,0,0,0,0
924,콩나물어묵탕,69.4,56.212,5.27014,1.40118,6.3219,0.66,83.968,0.66362,343.486,6.322166667,0.04033,0.033626,1.96404,580.12566,76.54514,0,0,0,0,0,0,0,0,0,1,0,0,0,0,0,0,0,0,0,0,0,0,0,0,0,0,0,0,0,0,0,0,0,0,0,0,0,0,0,0
925,콩나물육개장,159.6,176.904,12.6791,11.9861,5.0932,1.6338,44.8,1.67552,57.848,46.70633333,0.091868,0.279832,3.8045,1251.215,381.2172,0,0,0,0,0,0,0,0,0,1,0,0,0,0,0,0,0,0,0,0,0,0,0,0,0,0,0,0,0,0,0,0,0,0,0,0,0,0,0,0
926,콩비지맑은국,65,48.375,3.53971,0.89608,6.60199,0.2213,93.09,1.5159,164.581,0.662666667,0.043292,0.022318,0.71122,4.48053,1.35212,0,0,0,0,0,0,0,0,0,1,0,0,0,0,0,0,0,0,0,0,0,0,0,0,0,0,0,0,0,0,0,0,0,0,0,0,0,0,0,0
927,콩비지찌개,76.5,62.226,6.54688,1.28136,5.92621,0.1678,96.617,1.57117,202.896,6.185416667,0.170363,0.075737,1.15138,83.14208,5.69917,0,0,0,0,0,0,0,0,0,1,0,0,0,0,0,0,0,0,0,0,0,0,0,0,0,0,0,0,0,0,0,0,0,0,0,0,0,0,0,0
928,탕국,69,107.704,6.8079,7.96494,1.82566,0.6698,16.384,0.85672,59.83,4.083916667,0.020485,0.104606,1.86933,1292.33016,71.86039,0,0,0,0,0,0,0,0,0,1,0,0,0,0,0,0,0,0,0,0,0,0,0,0,0,0,0,0,0,0,0,0,0,0,0,0,0,0,0,0
929,토란국,68.3,100.725,5.8314,6.64621,4.14378,0.7328,8.383,0.73877,59.788,4.240833333,0.030565,0.082906,1.71183,679.96141,15.414,0,0,0,0,0,0,0,0,0,1,0,0,0,0,0,0,0,0,0,0,0,0,0,0,0,0,0,0,0,0,0,0,0,0,0,0,0,0,0,0
930,토마토감자국,88.6,43.864,2.5316,0.3173,8.29464,2.0796,41.108,0.78098,241.494,11.746,0.0649,0.042194,9.35758,38.94138,4.03046,0,0,0,0,0,0,0,0,0,1,0,0,0,0,0,0,0,0,0,0,0,0,0,0,0,0,0,0,0,0,0,0,0,0,0,0,0,0,0,0
931,팥죽,78.7,272.958,13.7186,0.82894,51.85684,10.024,37.171,3.19792,103.08,0.035,0.35133,0.149296,2.5592,173.852,80.7912,0,0,0,0,0,0,0,0,0,1,0,0,0,0,0,0,0,0,0,0,0,0,0,0,0,0,0,0,0,0,0,0,0,0,0,0,0,0,0,0
932,팽이미소국,21.8,15.744,1.6876,0.36374,2.16348,0.9512,33.274,0.40068,224.98,0.581166667,0.020542,0.041076,0.15314,148.70096,27.17666,0,0,0,0,0,0,0,0,0,1,0,0,0,0,0,0,0,0,0,0,0,0,0,0,0,0,0,0,0,0,0,0,0,0,0,0,0,0,0,0
933,팽이버섯달걀국,69.4,54.616,5.99044,2.2976,3.81912,1.304,75.932,1.28606,232.816,40.131,0.052762,0.20402,0.43076,350.20772,26.99872,0,0,0,0,0,0,0,0,0,1,0,0,0,0,0,0,0,0,0,0,0,0,0,0,0,0,0,0,0,0,0,0,0,0,0,0,0,0,0,0
934,팽이버섯달걀탕,61,49.534,4.92,2.19358,3.2468,0.933,46.126,0.93298,202.226,38.738,0.04404,0.176006,0.55844,334.44428,18.90168,0,0,0,0,0,0,0,0,0,1,0,0,0,0,0,0,0,0,0,0,0,0,0,0,0,0,0,0,0,0,0,0,0,0,0,0,0,0,0,0
935,팽이버섯된장국,32.6,19.868,2.69176,0.36098,2.5216,0.8364,63.326,0.8913,271.09,0.9695,0.054274,0.060212,0.19654,28.0694,12.6875,0,0,0,0,0,0,0,0,0,1,0,0,0,0,0,0,0,0,0,0,0,0,0,0,0,0,0,0,0,0,0,0,0,0,0,0,0,0,0,0
936,팽이버섯맑은국,29,14.572,2.24457,0.20553,1.98367,0.8359,60.063,0.59781,104.362,0.9695,0.022691,0.048526,0.20757,28.01908,12.6875,0,0,0,0,0,0,0,0,0,1,0,0,0,0,0,0,0,0,0,0,0,0,0,0,0,0,0,0,0,0,0,0,0,0,0,0,0,0,0,0
937,팽이버섯미역된장국,23.5,20.631,2.88951,0.44071,2.70885,1.2648,85.467,0.91286,429.185,10.82375,0.046252,0.045505,0.04744,24.68896,18.69063,0,0,0,0,0,0,0,0,0,1,0,0,0,0,0,0,0,0,0,0,0,0,0,0,0,0,0,0,0,0,0,0,0,0,0,0,0,0,0,0
938,팽이장국,31.5,6.944,0.90587,0.08491,1.56352,0.6818,20.132,0.47236,15.596,5.1275,0.01554,0.041972,0.9583,23.15376,11.99926,0,0,0,0,0,0,0,0,0,1,0,0,0,0,0,0,0,0,0,0,0,0,0,0,0,0,0,0,0,0,0,0,0,0,0,0,0,0,0,0
939,표고버섯된장국,31.2,20.974,3.121,0.38128,2.6105,1.0422,63.018,0.74626,271.566,0.018666667,0.036312,0.060324,0.54864,56.05778,0.55832,0,0,0,0,0,0,0,0,0,1,0,0,0,0,0,0,0,0,0,0,0,0,0,0,0,0,0,0,0,0,0,0,0,0,0,0,0,0,0,0
940,표고버섯무국,49.5,18.291,2.80126,0.24297,2.64502,1.2026,65.013,0.48547,508.78,0.716333333,0.018053,0.053732,1.85689,62.32625,3.31814,0,0,0,0,0,0,0,0,0,1,0,0,0,0,0,0,0,0,0,0,0,0,0,0,0,0,0,0,0,0,0,0,0,0,0,0,0,0,0,0
941,표고버섯탕,48.7,20.671,3.35706,0.27167,3.53122,1.8816,61.193,0.51187,239.234,0.658,0.008113,0.077812,0.85589,94.72505,1.32524,0,0,0,0,0,0,0,0,0,1,0,0,0,0,0,0,0,0,0,0,0,0,0,0,0,0,0,0,0,0,0,0,0,0,0,0,0,0,0,0
942,해물짬뽕국,119.5,109.315,13.78153,3.9022,4.93673,0.7555,149.403,1.86804,536.382,53.49316667,0.074642,0.1717,16.74542,580.76613,323.71922,0,0,0,0,0,0,0,0,0,1,0,0,0,0,0,0,0,0,0,0,0,0,0,0,0,0,0,0,0,0,0,0,0,0,0,0,0,0,0,0
943,해물탕,80,58.116,9.47706,0.81758,3.28732,0.5949,76.576,1.69882,234.085,22.73375,0.051656,0.093651,2.53079,98.59914,20.55743,0,0,0,0,0,0,0,0,0,1,0,0,0,0,0,0,0,0,0,0,0,0,0,0,0,0,0,0,0,0,0,0,0,0,0,0,0,0,0,0
944,호박감자수제비국,109.9,150.066,6.76753,0.58247,28.44422,2.3464,80.199,2.39071,91.056,37.39808334,0.083461,0.073304,4.78394,167.39009,20.84523,0,0,0,0,0,0,0,0,0,1,0,0,0,0,0,0,0,0,0,0,0,0,0,0,0,0,0,0,0,0,0,0,0,0,0,0,0,0,0,0
945,호박고지들깨탕,24.1,73.687,4.60763,1.38076,12.56179,0.6623,93.131,1.13149,105.734,16.40858333,0.048507,0.05512,3.72332,153.21436,694.04601,0,0,0,0,0,0,0,0,0,1,0,0,0,0,0,0,0,0,0,0,0,0,0,0,0,0,0,0,0,0,0,0,0,0,0,0,0,0,0,0
946,호박국,48.7,19.499,2.20221,0.19586,2.66175,0.9437,68.452,0.4892,208.044,8.725,0.022192,0.03711,1.70708,9.43583,16.63774,0,0,0,0,0,0,0,0,0,1,0,0,0,0,0,0,0,0,0,0,0,0,0,0,0,0,0,0,0,0,0,0,0,0,0,0,0,0,0,0
947,호박맑은국,48.3,19.059,2.17261,0.19146,2.48095,0.9437,65.62,0.464,195.644,8.533,0.021312,0.03531,1.63508,9.43583,16.63774,0,0,0,0,0,0,0,0,0,1,0,0,0,0,0,0,0,0,0,0,0,0,0,0,0,0,0,0,0,0,0,0,0,0,0,0,0,0,0,0
948,호박양파국,55.3,20.949,2.23911,0.19426,2.94855,1.0627,66.67,0.478,195.854,8.544666667,0.023762,0.03608,2.04668,10.65383,16.70494,0,0,0,0,0,0,0,0,0,1,0,0,0,0,0,0,0,0,0,0,0,0,0,0,0,0,0,0,0,0,0,0,0,0,0,0,0,0,0,0
949,호박잎된장국,64.7,38.435,3.91855,0.4345,5.65391,2.0539,145.764,1.45328,270.976,120.7663333,0.115336,0.240676,4.54414,15.22049,74.94746,0,0,0,0,0,0,0,0,0,1,0,0,0,0,0,0,0,0,0,0,0,0,0,0,0,0,0,0,0,0,0,0,0,0,0,0,0,0,0,0
950,호박칼제비국,120.8,221.895,9.00009,0.87422,42.42426,2.1314,93.041,3.20347,205.262,35.98466667,0.073895,0.078272,3.01131,288.47199,25.17508,0,0,0,0,0,0,0,0,0,1,0,0,0,0,0,0,0,0,0,0,0,0,0,0,0,0,0,0,0,0,0,0,0,0,0,0,0,0,0,0
951,홍합국,62.3,46.009,7.61581,0.67376,1.98675,0.1387,80.6,2.9567,196.274,13.293,0.022222,0.14808,2.84258,6.22773,2.63144,0,0,0,0,0,0,0,0,0,1,0,0,0,0,0,0,0,0,0,0,0,0,0,0,0,0,0,0,0,0,0,0,0,0,0,0,0,0,0,0
952,홍합무국,59.9,37.676,5.96216,0.52128,2.0134,0.142,22.264,2.61484,236.027,13.293,0.01898,0.145276,2.85444,5.0002,2.07312,0,0,0,0,0,0,0,0,0,1,0,0,0,0,0,0,0,0,0,0,0,0,0,0,0,0,0,0,0,0,0,0,0,0,0,0,0,0,0,0
953,홍합미역국,64.1,78.927,8.63518,3.66393,3.79854,1.5112,72.041,3.72581,359.822,38.47316667,0.012127,0.194136,2.31033,1179.20519,36.44578,0,0,0,0,0,0,0,0,0,1,0,0,0,0,0,0,0,0,0,0,0,0,0,0,0,0,0,0,0,0,0,0,0,0,0,0,0,0,0,0
954,홍합살맑은국,76.4,49.576,7.9118,0.6918,2.54148,0.1588,28.808,3.47328,135.404,17.50233333,0.023432,0.192064,3.61996,5.69068,2.3478,0,0,0,0,0,0,0,0,0,1,0,0,0,0,0,0,0,0,0,0,0,0,0,0,0,0,0,0,0,0,0,0,0,0,0,0,0,0,0,0
955,홍합살미역국,61.9,53.95,8.67847,0.87907,4.01017,1.5211,72.985,3.69817,368.68,38.5915,0.013141,0.194354,2.39991,13.98488,21.49182,0,0,0,0,0,0,0,0,0,1,0,0,0,0,0,0,0,0,0,0,0,0,0,0,0,0,0,0,0,0,0,0,0,0,0,0,0,0,0,0
956,홍합탕,66.5,47.143,7.65571,0.67544,2.26731,0.2101,81.23,2.9651,196.4,13.3,0.023692,0.148542,3.08954,6.95853,2.67176,0,0,0,0,0,0,0,0,0,1,0,0,0,0,0,0,0,0,0,0,0,0,0,0,0,0,0,0,0,0,0,0,0,0,0,0,0,0,0,0
957,황태달걀국,61,84.877,10.47646,3.55536,2.07864,0.3506,59.594,0.75392,206.937,19.87591667,0.03851,0.106636,2.26448,436.35763,1308.85321,0,0,0,0,0,0,0,0,0,1,0,0,0,0,0,0,0,0,0,0,0,0,0,0,0,0,0,0,0,0,0,0,0,0,0,0,0,0,0,0
958,황태국,47.7,72.277,8.73486,3.22258,1.60124,0.3506,52.839,0.53958,188.681,0.870333333,0.02759,0.04141,2.26448,374.69484,1739.66898,0,0,0,0,0,0,0,0,0,1,0,0,0,0,0,0,0,0,0,0,0,0,0,0,0,0,0,0,0,0,0,0,0,0,0,0,0,0,0,0
959,황태김치국,51.1,68.32,8.91198,2.55143,1.87992,0.2086,62.069,0.63637,144.893,5.702083334,0.037233,0.051254,2.51769,278.96442,1304.06493,0,0,0,0,0,0,0,0,0,1,0,0,0,0,0,0,0,0,0,0,0,0,0,0,0,0,0,0,0,0,0,0,0,0,0,0,0,0,0,0
960,황태미역국,18.6,72.592,9.33868,3.39093,2.06254,1.5112,91.536,0.61431,412.217,21.67316667,0.010377,0.039786,0.07033,1179.20519,36.44578,0,0,0,0,0,0,0,0,0,1,0,0,0,0,0,0,0,0,0,0,0,0,0,0,0,0,0,0,0,0,0,0,0,0,0,0,0,0,0,0
961,황태애호박국,58.2,69.141,8.91966,2.53504,2.383,0.835,52.874,0.53552,187.673,7.084583333,0.02899,0.060128,1.94304,283.54343,1316.31493,0,0,0,0,0,0,0,0,0,1,0,0,0,0,0,0,0,0,0,0,0,0,0,0,0,0,0,0,0,0,0,0,0,0,0,0,0,0,0,0
962,황태채맑은국,33,63.401,8.6377,2.51236,1.03788,0.2358,49.318,0.47616,187.841,0.793916667,0.020002,0.038316,1.27776,279.87991,1304.33961,0,0,0,0,0,0,0,0,0,1,0,0,0,0,0,0,0,0,0,0,0,0,0,0,0,0,0,0,0,0,0,0,0,0,0,0,0,0,0,0
963,황태콩나물국,68.7,82.84,9.694,3.75108,2.50032,0.6194,58.383,0.81356,195.996,19.94358333,0.053952,0.116044,1.8204,573.59221,1331.91709,0,0,0,0,0,0,0,0,0,1,0,0,0,0,0,0,0,0,0,0,0,0,0,0,0,0,0,0,0,0,0,0,0,0,0,0,0,0,0,0
964,갓김치,28,10.36,0.9128,0.112,1.9796,0.84,28.84,0.2324,201.6,28.30333332,0.03024,0.0952,0.462,49.4536,21.2436,0,0,0,0,0,0,0,0,0,0,0,0,1,0,0,0,0,0,0,0,0,0,0,0,0,0,0,0,0,0,0,0,0,0,0,0,0,0,0,0
965,깍두기,28,10.64,0.4004,0.0532,2.1112,1.204,11.48,0.0924,140.28,4.503333332,0.01372,0.01764,0.2296,27.9776,5.2556,0,0,0,0,0,0,0,0,0,0,0,0,1,0,0,0,0,0,0,0,0,0,0,0,0,0,0,0,0,0,0,0,0,0,0,0,0,0,0,0
966,깻잎김치,21,15.96,0.987,0.357,2.184,0,34.86,0.84,352.59,76.5975,0.0189,0.0315,0,0,0,0,0,0,0,0,0,0,0,0,0,0,0,1,0,0,0,0,0,0,0,0,0,0,0,0,0,0,0,0,0,0,0,0,0,0,0,0,0,0,0
967,나박김치,28,1.96,0.0952,0.0196,0.3556,0.336,3.36,0.028,117.88,4.223333332,0.0126,0.0084,0.98,8.5596,4.2224,0,0,0,0,0,0,0,0,0,0,0,0,1,0,0,0,0,0,0,0,0,0,0,0,0,0,0,0,0,0,0,0,0,0,0,0,0,0,0,0
968,단무지,35,4.2,0.126,0.0175,0.847,0.735,7.35,0.056,222.95,0,0.00455,0.00525,6.447,2.324,4.613,0,0,0,0,0,0,0,0,0,0,0,0,1,0,0,0,0,0,0,0,0,0,0,0,0,0,0,0,0,0,0,0,0,0,0,0,0,0,0,0
969,단무지무침,36.4,13.566,0.25704,0.88356,1.15595,0.9281,10.529,0.10698,223.12,2.464,0.007293,0.023172,6.447,368.9405,10.30566,0,0,0,0,0,0,0,0,0,0,0,0,1,0,0,0,0,0,0,0,0,0,0,0,0,0,0,0,0,0,0,0,0,0,0,0,0,0,0,0
970,단배추물김치,28,4.48,0.3682,0.021,0.7966,0.42,31.08,0.0826,76.58,21.81666666,0.01358,0.021,3.6008,5.8212,6.9986,0,0,0,0,0,0,0,0,0,0,0,0,1,0,0,0,0,0,0,0,0,0,0,0,0,0,0,0,0,0,0,0,0,0,0,0,0,0,0,0
971,동치미,28,2.24,0.0924,0.0028,0.4956,0.14,2.8,0.0196,149.24,0.373333333,0.0056,0.00364,0.6496,0.9996,0.5656,0,0,0,0,0,0,0,0,0,0,0,0,1,0,0,0,0,0,0,0,0,0,0,0,0,0,0,0,0,0,0,0,0,0,0,0,0,0,0,0
972,배추김치,28,7,0.392,0.056,1.232,0,17.92,0.224,64.96,6.556666668,0.0252,0.0168,1.96,0,0,0,0,0,0,0,0,0,0,0,0,0,0,1,0,0,0,0,0,0,0,0,0,0,0,0,0,0,0,0,0,0,0,0,0,0,0,0,0,0,0
973,백김치,28,4.48,0.266,0.0196,0.84,0.532,9.8,0.0672,110.6,0.56,0.00448,0.0112,4.4744,5.0008,4.6284,0,0,0,0,0,0,0,0,0,0,0,0,1,0,0,0,0,0,0,0,0,0,0,0,0,0,0,0,0,0,0,0,0,0,0,0,0,0,0,0
974,비트초절이,28,18.2,0.224,0.0224,4.5584,0.224,3.08,0.1148,41.72,0.676666667,0.0028,0.01344,0.644,0,0,0,0,0,0,0,0,0,0,0,0,0,0,1,0,0,0,0,0,0,0,0,0,0,0,0,0,0,0,0,0,0,0,0,0,0,0,0,0,0,0
975,석박지,28,10.64,0.4004,0.0532,2.1112,1.204,11.48,0.0924,140.28,4.503333332,0.01372,0.01764,0.2296,27.9776,5.2556,0,0,0,0,0,0,0,0,0,0,0,0,1,0,0,0,0,0,0,0,0,0,0,0,0,0,0,0,0,0,0,0,0,0,0,0,0,0,0,0
976,얼갈이배추김치,28,8.4,0.5264,0.1624,1.2236,0.924,35,0.1092,162.68,32.10666668,0.00448,0.01092,1.5008,72.0356,19.936,0,0,0,0,0,0,0,0,0,0,0,0,1,0,0,0,0,0,0,0,0,0,0,0,0,0,0,0,0,0,0,0,0,0,0,0,0,0,0,0
977,열무김치,28,8.96,0.672,0.0812,1.3972,0.896,37.52,0.1904,142.8,20.48666667,0.00784,0.04956,0.448,31.346,18.7572,0,0,0,0,0,0,0,0,0,0,0,0,1,0,0,0,0,0,0,0,0,0,0,0,0,0,0,0,0,0,0,0,0,0,0,0,0,0,0,0
978,열무물김치,28,5.04,0.3948,0.0196,0.8148,0.14,8.96,0.0588,138.04,8.82,0.00784,0.01148,1.0864,9.6852,2.0552,0,0,0,0,0,0,0,0,0,0,0,0,1,0,0,0,0,0,0,0,0,0,0,0,0,0,0,0,0,0,0,0,0,0,0,0,0,0,0,0
979,오이피클,35,31.85,0.133,0.042,8.7745,0.735,17.85,0.0875,364,4.1125,0.0056,0.0035,0,8.6345,11.69,0,0,0,0,0,0,0,0,0,0,0,0,1,0,0,0,0,0,0,0,0,0,0,0,0,0,0,0,0,0,0,0,0,0,0,0,0,0,0,0
980,오이소박이김치,35,12.95,0.616,0.1295,2.331,1.085,10.15,0.1995,105.7,19.62916667,0.02695,0.03465,0.3115,69.5345,13.2755,0,0,0,0,0,0,0,0,0,0,0,0,1,0,0,0,0,0,0,0,0,0,0,0,0,0,0,0,0,0,0,0,0,0,0,0,0,0,0,0
981,총각김치,28,11.48,0.5656,0.056,2.2092,0.868,11.76,0.1876,193.76,6.206666668,0.00364,0.02128,0.462,22.0696,10.6148,0,0,0,0,0,0,0,0,0,0,0,0,1,0,0,0,0,0,0,0,0,0,0,0,0,0,0,0,0,0,0,0,0,0,0,0,0,0,0,0
982,콜라비나박김치,28,4.06,0.21,0.0168,0.9002,0.504,7.56,0.0518,59.92,2.251666666,0.1204,0.0091,0.49,5.3802,4.9728,0,0,0,0,0,0,0,0,0,0,0,0,1,0,0,0,0,0,0,0,0,0,0,0,0,0,0,0,0,0,0,0,0,0,0,0,0,0,0,0
983,파김치,28,13.72,0.7,0.1624,2.3828,1.288,16.8,0.2044,183.4,30.07666668,0.01428,0.03192,0.6216,89.3816,19.1996,0,0,0,0,0,0,0,0,0,0,0,0,1,0,0,0,0,0,0,0,0,0,0,0,0,0,0,0,0,0,0,0,0,0,0,0,0,0,0,0
984,파프리카피클,36.7,11.466,0.29414,0.04382,2.86685,0.5075,2.444,0.11876,100.805,7.072916667,0.005355,0.039333,35.41125,18.15359,9.5445,0,0,0,0,0,0,0,0,0,0,0,0,1,0,0,0,0,0,0,0,0,0,0,0,0,0,0,0,0,0,0,0,0,0,0,0,0,0,0,0
985,너비아니샐러드,131.6,226.674,10.63608,15.16564,11.41826,1.351,34.048,1.70814,169.204,27.041,0.071932,0.30779,3.67304,1221.26984,401.2239,0,0,0,0,0,0,0,0,0,0,1,0,0,0,0,0,0,0,0,0,0,0,0,0,0,0,0,0,0,0,0,0,0,0,0,0,0,0,0,0
986,닭가슴살부추무침,74,61.513,10.72984,0.96976,2.16798,0.0546,13.253,1.28642,188.587,21.32291667,0.122127,0.118184,2.05471,125.7027,1.60221,0,0,0,0,0,0,0,0,0,0,1,0,0,0,0,0,0,0,0,0,0,0,0,0,0,0,0,0,0,0,0,0,0,0,0,0,0,0,0,0
987,닭가슴살사과무침,74.2,119.518,11.36912,5.71872,5.85382,0.714,9.058,0.59794,43.974,20.5625,0.092666,0.112756,0.9583,2371.10608,246.65116,0,0,0,0,0,0,0,0,0,0,1,0,0,0,0,0,0,0,0,0,0,0,0,0,0,0,0,0,0,0,0,0,0,0,0,0,0,0,0,0
988,닭고기냉채,91,75.138,10.8458,0.83188,6.03484,1.2586,31.85,0.72254,46.438,99.25066667,0.118664,0.164262,15.7661,99.54084,27.72938,0,0,0,0,0,0,0,0,0,0,1,0,0,0,0,0,0,0,0,0,0,0,0,0,0,0,0,0,0,0,0,0,0,0,0,0,0,0,0,0
989,들깨오이무침,54.9,34.223,1.65956,1.97905,3.2095,1.3482,25.511,0.45115,68.522,2.264916667,0.018662,0.069874,5.1366,346.77579,1044.13335,0,0,0,0,0,0,0,0,0,0,1,0,0,0,0,0,0,0,0,0,0,0,0,0,0,0,0,0,0,0,0,0,0,0,0,0,0,0,0,0
990,떡탕평채,88.2,105.924,4.81866,4.74705,11.07162,0.3192,18.774,0.91917,209.496,37.51941667,0.0294,0.183288,2.41822,517.69515,12.96645,0,0,0,0,0,0,0,0,0,0,1,0,0,0,0,0,0,0,0,0,0,0,0,0,0,0,0,0,0,0,0,0,0,0,0,0,0,0,0,0
991,브로콜리오징어무침,102.2,90.664,9.1336,2.13794,9.34654,1.253,20.104,0.42224,224.042,49.29866667,0.03325,0.078932,8.3237,641.5395,26.27408,0,0,0,0,0,0,0,0,0,0,1,0,0,0,0,0,0,0,0,0,0,0,0,0,0,0,0,0,0,0,0,0,0,0,0,0,0,0,0,0
992,비빔만두,133.7,208.509,13.75164,8.93767,17.36742,1.8116,33.026,1.18888,175.196,64.96875,0.360346,0.243474,2.61345,2664.08758,436.79643,0,0,0,0,0,0,0,0,0,0,1,0,0,0,0,0,0,0,0,0,0,0,0,0,0,0,0,0,0,0,0,0,0,0,0,0,0,0,0,0
993,새우살들깨무침,47.9,65.933,9.52266,2.34585,1.5029,0.9352,49.241,1.44515,180.452,0.11825,0.015372,0.092624,0.42,342.11799,1041.20595,0,0,0,0,0,0,0,0,0,0,1,0,0,0,0,0,0,0,0,0,0,0,0,0,0,0,0,0,0,0,0,0,0,0,0,0,0,0,0,0
994,새우살채소깨무침,81.3,63.861,9.4801,1.72485,2.5774,1.1634,71.121,1.38257,182.688,33.89491667,0.048944,0.082278,2.2064,603.84361,7.42851,0,0,0,0,0,0,0,0,0,0,1,0,0,0,0,0,0,0,0,0,0,0,0,0,0,0,0,0,0,0,0,0,0,0,0,0,0,0,0,0
995,소고기김무침,49.2,138.456,7.84986,11.53226,1.52444,0.1026,17.282,1.49485,93.293,64.07233333,0.04509,0.251334,3.07498,381.60307,13.62306,0,0,0,0,0,0,0,0,0,0,1,0,0,0,0,0,0,0,0,0,0,0,0,0,0,0,0,0,0,0,0,0,0,0,0,0,0,0,0,0
996,오색묵무침,93.8,135.744,7.05054,9.94084,4.62196,0.3682,26.6,1.29724,182.854,85.9985,0.036232,0.282268,4.53572,1503.89204,28.14406,0,0,0,0,0,0,0,0,0,0,1,0,0,0,0,0,0,0,0,0,0,0,0,0,0,0,0,0,0,0,0,0,0,0,0,0,0,0,0,0
997,오징어무침,91,84.532,8.56366,2.11204,8.10096,0.847,13.678,0.24724,260.33,53.65616667,0.06391,0.053732,2.9855,641.50226,15.94348,0,0,0,0,0,0,0,0,0,0,1,0,0,0,0,0,0,0,0,0,0,0,0,0,0,0,0,0,0,0,0,0,0,0,0,0,0,0,0,0
998,탕평채무침,106.4,107.632,4.82958,7.10731,6.26423,0.4991,27.475,1.08927,243.138,37.93125,0.036421,0.232638,3.71252,1502.77295,25.84589,0,0,0,0,0,0,0,0,0,0,1,0,0,0,0,0,0,0,0,0,0,0,0,0,0,0,0,0,0,0,0,0,0,0,0,0,0,0,0,0
999,훈제오리냉채,81.2,110.222,6.46142,6.87638,5.74392,1.099,24.542,0.75306,46.55,74.109,0.049602,0.065338,15.77016,1221.95556,77.88354,0,0,0,0,0,0,0,0,0,0,1,0,0,0,0,0,0,0,0,0,0,0,0,0,0,0,0,0,0,0,0,0,0,0,0,0,0,0,0,0
1000,훈제오리무침,88.2,125.776,6.84026,8.24404,6.56824,1.7248,32.046,0.84756,97.93,88.53716667,0.068978,0.085036,5.13156,1813.07126,88.14806,0,0,0,0,0,0,0,0,0,0,1,0,0,0,0,0,0,0,0,0,0,0,0,0,0,0,0,0,0,0,0,0,0,0,0,0,0,0,0,0
1001,(고춧가루제외)노각무침,54.6,10.894,0.77169,0.36237,1.51578,0.8038,10.429,0.11994,174.09,0.488583333,0.003905,0.019944,0.60349,148.44049,4.54271,0,0,0,0,0,0,0,0,0,0,0,1,0,0,0,0,0,0,0,0,0,0,0,0,0,0,0,0,0,0,0,0,0,0,0,0,0,0,0,0
1002,(고춧가루제외)도토리묵무침,88.1,37.651,0.77879,0.57942,7.49949,0.6408,18.567,0.50427,168.726,27.49325,0.019305,0.097339,1.92129,185.3427,4.15038,0,0,0,0,0,0,0,0,0,0,0,1,0,0,0,0,0,0,0,0,0,0,0,0,0,0,0,0,0,0,0,0,0,0,0,0,0,0,0,0
1003,(고춧가루제외)부추사과무침,71.4,60.536,0.9142,2.88946,8.372,0.5446,12.628,1.10124,136.444,21.56583333,0.053886,0.095088,2.19674,1173.3449,16.26016,0,0,0,0,0,0,0,0,0,0,0,1,0,0,0,0,0,0,0,0,0,0,0,0,0,0,0,0,0,0,0,0,0,0,0,0,0,0,0,0
1004,(고춧가루제외)상추겉절이,59.5,23.051,0.83314,0.15043,5.13632,1.967,47.95,0.8505,151.62,42.95141667,0.056798,0.215978,0.07455,1.00352,0.52479,0,0,0,0,0,0,0,0,0,0,0,1,0,0,0,0,0,0,0,0,0,0,0,0,0,0,0,0,0,0,0,0,0,0,0,0,0,0,0,0
1005,(고춧가루제외)오이무침,52.5,12.861,0.74901,0.35432,2.07158,0.3782,10.415,0.11742,173.11,2.494666667,0.003499,0.02875,5.63964,147.21423,5.11062,0,0,0,0,0,0,0,0,0,0,0,1,0,0,0,0,0,0,0,0,0,0,0,0,0,0,0,0,0,0,0,0,0,0,0,0,0,0,0,0
1006,가지구이무침,52.9,22.755,0.80522,1.11403,2.73726,1.316,8.495,0.19647,134.11,5.501416667,0.020272,0.122178,3.12592,371.56281,50.36845,0,0,0,0,0,0,0,0,0,0,0,1,0,0,0,0,0,0,0,0,0,0,0,0,0,0,0,0,0,0,0,0,0,0,0,0,0,0,0,0
1007,가지나물,55.9,27.513,0.9452,1.54759,2.83596,1.4207,13.24,0.27482,134.16,3.677666667,0.020261,0.139033,0.32307,638.21622,8.89031,0,0,0,0,0,0,0,0,0,0,0,1,0,0,0,0,0,0,0,0,0,0,0,0,0,0,0,0,0,0,0,0,0,0,0,0,0,0,0,0
1008,가지나물무침,52.8,16.184,0.81898,0.45966,2.64164,1.4465,11.32,0.19347,67.035,3.066083333,0.020436,0.115915,0.08528,185.30768,2.82651,0,0,0,0,0,0,0,0,0,0,0,1,0,0,0,0,0,0,0,0,0,0,0,0,0,0,0,0,0,0,0,0,0,0,0,0,0,0,0,0
1009,가지들깨나물,58.7,42.353,1.58024,2.66031,3.65524,2.0367,24.188,0.49154,134.188,3.754666667,0.030145,0.160285,0.32307,783.05238,701.95947,0,0,0,0,0,0,0,0,0,0,0,1,0,0,0,0,0,0,0,0,0,0,0,0,0,0,0,0,0,0,0,0,0,0,0,0,0,0,0,0
1010,가지무침,52.7,15.165,0.71609,0.45238,2.50178,1.4116,11.206,0.17283,42.956,2.614083333,0.02038,0.093708,0.13302,180.42566,2.64153,0,0,0,0,0,0,0,0,0,0,0,1,0,0,0,0,0,0,0,0,0,0,0,0,0,0,0,0,0,0,0,0,0,0,0,0,0,0,0,0
1011,가지양념무침,53,16.122,0.75596,0.47758,2.68364,1.5247,11.443,0.1875,42.995,4.454833333,0.021661,0.100185,0.13302,196.08161,3.72126,0,0,0,0,0,0,0,0,0,0,0,1,0,0,0,0,0,0,0,0,0,0,0,0,0,0,0,0,0,0,0,0,0,0,0,0,0,0,0,0
1012,감자건포도샐러드,58.8,104.496,1.10432,5.37054,13.95142,1.603,13.286,0.40222,36.946,33.23016667,0.032648,0.12593,3.91244,2761.32948,409.7086,0,0,0,0,0,0,0,0,0,0,0,1,0,0,0,0,0,0,0,0,0,0,0,0,0,0,0,0,0,0,0,0,0,0,0,0,0,0,0,0
1013,감자샐러드,63,77.35,1.0164,5.3214,6.6472,1.26,8.75,0.2891,34.72,33.90916667,0.02548,0.02191,5.4649,2755.8895,409.3292,0,0,0,0,0,0,0,0,0,0,0,1,0,0,0,0,0,0,0,0,0,0,0,0,0,0,0,0,0,0,0,0,0,0,0,0,0,0,0,0
1014,감자채요거트샐러드,70,63.42,1.8949,0.5943,13.3819,1.778,29.19,0.3892,8.82,8.283333333,0.03766,0.11123,5.3508,19.873,3.6414,0,0,0,0,0,0,0,0,0,0,0,1,0,0,0,0,0,0,0,0,0,0,0,0,0,0,0,0,0,0,0,0,0,0,0,0,0,0,0,0
1015,(우유제외)감자채마요샐러드,63,103.39,1.2404,5.3522,13.3616,1.638,10.85,0.4235,34.72,1.044166666,0.03633,0.09429,5.166,2754.85,409.0324,0,0,0,0,0,0,0,0,0,0,0,1,0,0,0,0,0,0,0,0,0,0,0,0,0,0,0,0,0,0,0,0,0,0,0,0,0,0,0,0
1016,건파래무침,22.4,18.847,2.49585,0.23816,5.25037,0.0715,70.036,1.76416,43.505,0.032666667,0.047531,0.05689,1.75779,2.60796,0.96138,0,0,0,0,0,0,0,0,0,0,0,1,0,0,0,0,0,0,0,0,0,0,0,0,0,0,0,0,0,0,0,0,0,0,0,0,0,0,0,0
1017,겨울초된장무침,57.4,60.074,2.6831,4.27938,3.80072,2.1952,131.6,1.0689,146.566,113.393,0.054908,0.137312,21.707,1735.57986,103.0932,0,0,0,0,0,0,0,0,0,0,0,1,0,0,0,0,0,0,0,0,0,0,0,0,0,0,0,0,0,0,0,0,0,0,0,0,0,0,0,0
1018,견과류고구마범벅,89.6,265.3,6.97102,16.9435,22.26672,2.4948,160.664,0.784,240.268,19.208,0.071722,0.136626,3.5035,5432.39774,925.60706,0,0,0,0,0,0,0,0,0,0,0,1,0,0,0,0,0,0,0,0,0,0,0,0,0,0,0,0,0,0,0,0,0,0,0,0,0,0,0,0
1019,견과류시금치무침,57.3,47.465,2.62406,3.00639,3.97163,0.3951,29.872,1.46131,70.152,118.1391667,0.066156,0.206322,29.52229,595.60129,3.58758,0,0,0,0,0,0,0,0,0,0,0,1,0,0,0,0,0,0,0,0,0,0,0,0,0,0,0,0,0,0,0,0,0,0,0,0,0,0,0,0
1020,고구마범벅,84,198.59,4.5759,9.8301,22.5722,1.512,141.26,0.3094,231.14,19.24416667,0.0504,0.05418,4.0019,2815.4644,440.405,0,0,0,0,0,0,0,0,0,0,0,1,0,0,0,0,0,0,0,0,0,0,0,0,0,0,0,0,0,0,0,0,0,0,0,0,0,0,0,0
1021,고구마샐러드,72.8,165.116,0.89502,5.40904,29.00772,1.953,16.856,0.43162,38.906,2.546833333,0.045458,0.12726,4.00974,2776.21638,411.586,0,0,0,0,0,0,0,0,0,0,0,1,0,0,0,0,0,0,0,0,0,0,0,0,0,0,0,0,0,0,0,0,0,0,0,0,0,0,0,0
1022,고구마샐러드(마요네즈),77,139.51,0.7539,5.3746,22.1424,1.715,10.71,0.3374,36.26,5.343333334,0.04011,0.03255,18.1517,2776.8895,414.071,0,0,0,0,0,0,0,0,0,0,0,1,0,0,0,0,0,0,0,0,0,0,0,0,0,0,0,0,0,0,0,0,0,0,0,0,0,0,0,0
1023,고구마순나물,55.3,35.889,0.48545,2.80952,2.016,1.1144,47.299,0.29127,33.999,3.6435,0.012383,0.023324,1.21632,556.20516,318.17268,0,0,0,0,0,0,0,0,0,0,0,1,0,0,0,0,0,0,0,0,0,0,0,0,0,0,0,0,0,0,0,0,0,0,0,0,0,0,0,0
1024,고구마순된장무침,54.2,15.848,0.70837,0.40458,2.33487,1.1215,47.762,0.40083,125.319,2.08,0.03201,0.018852,0.94313,127.9552,2.127,0,0,0,0,0,0,0,0,0,0,0,1,0,0,0,0,0,0,0,0,0,0,0,0,0,0,0,0,0,0,0,0,0,0,0,0,0,0,0,0
1025,고구마순들깨나물,56.6,35.264,1.40947,1.98123,3.30751,2.0483,62.306,0.55224,43.482,2.1955,0.028291,0.04476,0.96602,345.21735,1041.73074,0,0,0,0,0,0,0,0,0,0,0,1,0,0,0,0,0,0,0,0,0,0,0,0,0,0,0,0,0,0,0,0,0,0,0,0,0,0,0,0
1026,고구마스틱,49,75.46,0.4949,0.0539,18.2231,1.323,7.35,0.2205,3.43,1.306666667,0.03185,0.01323,3.4888,20.7662,2.6901,0,0,0,0,0,0,0,0,0,0,0,1,0,0,0,0,0,0,0,0,0,0,0,0,0,0,0,0,0,0,0,0,0,0,0,0,0,0,0,0
1027,고사리나물,57,47.206,2.2704,3.44128,2.77271,2.1099,29.928,0.67796,33.879,12.7435,0.017063,0.164866,1.37433,1403.0988,22.00604,0,0,0,0,0,0,0,0,0,0,0,1,0,0,0,0,0,0,0,0,0,0,0,0,0,0,0,0,0,0,0,0,0,0,0,0,0,0,0,0
1028,고사리들깨나물,57,61.108,2.51549,4.67623,3.27611,2.6379,24.773,0.83586,33.977,12.35358333,0.021524,0.121132,1.2642,1457.26469,1060.53573,0,0,0,0,0,0,0,0,0,0,0,1,0,0,0,0,0,0,0,0,0,0,0,0,0,0,0,0,0,0,0,0,0,0,0,0,0,0,0,0
1029,고사리들깨볶음,56.7,59.437,2.43761,4.5409,3.21062,2.5956,22.211,0.81669,33.971,12.35033333,0.020489,0.112336,1.2642,1402.87154,1060.0212,0,0,0,0,0,0,0,0,0,0,0,1,0,0,0,0,0,0,0,0,0,0,0,0,0,0,0,0,0,0,0,0,0,0,0,0,0,0,0,0
1030,고춧잎나물,52.5,26.791,2.59477,0.50426,4.48182,1.4324,182.468,2.16415,44.912,212.9444167,0.06281,0.165754,11.90772,175.94006,37.99991,0,0,0,0,0,0,0,0,0,0,0,1,0,0,0,0,0,0,0,0,0,0,0,0,0,0,0,0,0,0,0,0,0,0,0,0,0,0,0,0
1031,고춧잎된장무침,54.6,51.562,2.7951,3.04892,4.58402,1.372,184.282,2.3765,142.156,212.4815,0.08155,0.1687,11.7747,1197.1715,50.65536,0,0,0,0,0,0,0,0,0,0,0,1,0,0,0,0,0,0,0,0,0,0,0,0,0,0,0,0,0,0,0,0,0,0,0,0,0,0,0,0
1032,곤드레나물,52.5,20.421,1.81077,1.02366,1.93382,0.0604,133.468,1.03225,42.952,142.54775,0.19658,0.091764,5.99342,179.73266,48.47611,0,0,0,0,0,0,0,0,0,0,0,1,0,0,0,0,0,0,0,0,0,0,0,0,0,0,0,0,0,0,0,0,0,0,0,0,0,0,0,0
1033,곤약김치무침,37.8,30.576,0.45087,2.81358,1.50276,0.693,26.11,0.28511,53.291,15.15966667,0.012873,0.063756,1.16466,1166.28652,15.55316,0,0,0,0,0,0,0,0,0,0,0,1,0,0,0,0,0,0,0,0,0,0,0,0,0,0,0,0,0,0,0,0,0,0,0,0,0,0,0,0
1034,과일땅콩샐러드,63,75.152,1.84128,4.48588,8.03166,1.239,21.154,0.26852,17.374,5.891666667,0.040264,0.042028,19.81,1827.00098,166.2409,0,0,0,0,0,0,0,0,0,0,0,1,0,0,0,0,0,0,0,0,0,0,0,0,0,0,0,0,0,0,0,0,0,0,0,0,0,0,0,0
1035,(우유제외)과일땅콩샐러드(마요네즈),60.2,100.114,1.5211,7.39438,8.06652,1.169,12.124,0.28952,33.558,2.374166666,0.03976,0.033894,19.7176,3469.07918,409.65428,0,0,0,0,0,0,0,0,0,0,0,1,0,0,0,0,0,0,0,0,0,0,0,0,0,0,0,0,0,0,0,0,0,0,0,0,0,0,0,0
1036,과일샐러드,70,107.87,0.6405,5.4117,15.5302,1.141,8.33,0.2366,48.65,1.61,0.0196,0.11193,1.8249,2777.5867,411.5916,0,0,0,0,0,0,0,0,0,0,0,1,0,0,0,0,0,0,0,0,0,0,0,0,0,0,0,0,0,0,0,0,0,0,0,0,0,0,0,0
1037,과일샐러드(요거트드레싱),91,74.06,2.2498,1.449,14.049,1.323,55.37,0.1715,32.41,20.9475,0.0196,0.15225,1.6485,56.8036,7.5971,0,0,0,0,0,0,0,0,0,0,0,1,0,0,0,0,0,0,0,0,0,0,0,0,0,0,0,0,0,0,0,0,0,0,0,0,0,0,0,0
1038,그린샐러드,56,61.95,1.0059,5.3578,3.0702,0.952,13.02,0.2814,33.39,9.181666667,0.01092,0.05222,21.8652,2760.6642,424.9994,0,0,0,0,0,0,0,0,0,0,0,1,0,0,0,0,0,0,0,0,0,0,0,0,0,0,0,0,0,0,0,0,0,0,0,0,0,0,0,0
1039,근대나물,52.7,14.773,1.07155,0.5354,1.95788,1.4039,28.412,0.35364,118.311,125.9225833,0.048352,0.077209,2.67507,197.92447,45.21924,0,0,0,0,0,0,0,0,0,0,0,1,0,0,0,0,0,0,0,0,0,0,0,0,0,0,0,0,0,0,0,0,0,0,0,0,0,0,0,0
1040,근대나물된장무침,56,38.626,1.20722,2.99208,2.09048,1.3384,28.49,0.5418,224.966,125.4295,0.06776,0.065898,2.54366,1183.57092,57.75686,0,0,0,0,0,0,0,0,0,0,0,1,0,0,0,0,0,0,0,0,0,0,0,0,0,0,0,0,0,0,0,0,0,0,0,0,0,0,0,0
1041,근대나물무침,64.4,44.926,1.54952,1.73166,6.69676,2.4318,29.736,0.5446,219.338,143.6225,0.060368,0.180572,2.73532,747.6469,60.95656,0,0,0,0,0,0,0,0,0,0,0,1,0,0,0,0,0,0,0,0,0,0,0,0,0,0,0,0,0,0,0,0,0,0,0,0,0,0,0,0
1042,김가루부추무침,58.8,43.218,1.61294,2.93314,3.54466,0.3892,21,1.63884,155.358,63.0525,0.079772,0.125958,4.05832,1173.69224,16.77256,0,0,0,0,0,0,0,0,0,0,0,1,0,0,0,0,0,0,0,0,0,0,0,0,0,0,0,0,0,0,0,0,0,0,0,0,0,0,0,0
1043,김무침,6.5,10.475,1.24319,0.48528,1.49378,0.0886,12.466,0.53823,79.188,52.99075,0.03683,0.096438,2.73702,180.42566,2.64153,0,0,0,0,0,0,0,0,0,0,0,1,0,0,0,0,0,0,0,0,0,0,0,0,0,0,0,0,0,0,0,0,0,0,0,0,0,0,0,0
1044,깻순나물,40.2,50.869,1.97365,3.60346,3.60367,2.2155,117.832,0.91494,101.519,220.7986667,0.120806,0.222516,1.03852,644.83405,1824.97672,0,0,0,0,0,0,0,0,0,0,0,1,0,0,0,0,0,0,0,0,0,0,0,0,0,0,0,0,0,0,0,0,0,0,0,0,0,0,0,0
1045,깻잎나물,53.1,32.693,2.3858,1.08097,4.7191,2.8844,148.606,0.99841,34.095,309.3985833,0.164258,0.272376,1.44783,380.96265,124.84251,0,0,0,0,0,0,0,0,0,0,0,1,0,0,0,0,0,0,0,0,0,0,0,0,0,0,0,0,0,0,0,0,0,0,0,0,0,0,0,0
1046,깻잎나물무침,48.2,32.077,2.39468,0.79857,5.15432,2.9666,130.26,0.99003,134.574,273.6910833,0.147704,0.291004,1.1963,227.77649,109.90341,0,0,0,0,0,0,0,0,0,0,0,1,0,0,0,0,0,0,0,0,0,0,0,0,0,0,0,0,0,0,0,0,0,0,0,0,0,0,0,0
1047,깻잎들깨나물,56.6,49.474,3.22247,2.21643,5.88491,3.7633,162.266,1.28724,43.482,309.5071667,0.178231,0.28584,1.47072,377.34665,1161.79544,0,0,0,0,0,0,0,0,0,0,0,1,0,0,0,0,0,0,0,0,0,0,0,0,0,0,0,0,0,0,0,0,0,0,0,0,0,0,0,0
1048,깻잎새콤무침,53.8,28.416,2.37474,0.57249,4.83139,2.9496,146.353,0.99273,80.53,311.2324167,0.164541,0.259453,1.44783,175.74045,123.27143,0,0,0,0,0,0,0,0,0,0,0,1,0,0,0,0,0,0,0,0,0,0,0,0,0,0,0,0,0,0,0,0,0,0,0,0,0,0,0,0
1049,깻잎순나물,32.1,41.597,1.41182,3.06421,2.75434,1.6538,86.845,0.61684,34.221,176.5455833,0.093782,0.165192,0.79998,1239.42564,84.07689,0,0,0,0,0,0,0,0,0,0,0,1,0,0,0,0,0,0,0,0,0,0,0,0,0,0,0,0,0,0,0,0,0,0,0,0,0,0,0,0
1050,깻잎지,32.2,47.95,1.61336,3.13264,4.15002,2.3058,68.292,0.70686,134.946,151.6445,0.082978,0.21868,0.95662,1327.38214,77.68614,0,0,0,0,0,0,0,0,0,0,0,1,0,0,0,0,0,0,0,0,0,0,0,0,0,0,0,0,0,0,0,0,0,0,0,0,0,0,0,0
1051,냉이나물,52.5,24.831,2.18317,0.47976,4.27112,2.6574,96.228,6.52025,45.402,38.83108333,0.03684,0.163794,12.03512,165.70396,57.23731,0,0,0,0,0,0,0,0,0,0,0,1,0,0,0,0,0,0,0,0,0,0,0,0,0,0,0,0,0,0,0,0,0,0,0,0,0,0,0,0
1052,냉이된장무침,53.1,26.409,2.35181,0.51123,4.41197,2.6293,96.76,6.65379,107.315,38.66841667,0.051538,0.164894,11.98738,147.23628,56.89087,0,0,0,0,0,0,0,0,0,0,0,1,0,0,0,0,0,0,0,0,0,0,0,0,0,0,0,0,0,0,0,0,0,0,0,0,0,0,0,0
1053,냉이무침,63,56.686,2.97416,1.60496,9.36082,3.6638,97.3,5.03272,137.97,76.7865,0.052668,0.321062,9.1245,676.22436,54.74196,0,0,0,0,0,0,0,0,0,0,0,1,0,0,0,0,0,0,0,0,0,0,0,0,0,0,0,0,0,0,0,0,0,0,0,0,0,0,0,0
1054,노각나물,52.2,30.086,0.5831,2.80322,0.84182,0.735,9.694,0.1331,137.286,0.025666667,0,0.00784,0.4018,1169.6482,17.19816,0,0,0,0,0,0,0,0,0,0,0,1,0,0,0,0,0,0,0,0,0,0,0,0,0,0,0,0,0,0,0,0,0,0,0,0,0,0,0,0
1055,노각무침,61.3,36.575,0.99141,1.65235,5.18868,1.9103,13.411,0.31216,138.21,38.04441667,0.015925,0.085099,1.00569,737.64684,20.74898,0,0,0,0,0,0,0,0,0,0,0,1,0,0,0,0,0,0,0,0,0,0,0,0,0,0,0,0,0,0,0,0,0,0,0,0,0,0,0,0
1056,느타리버섯김무침,49.6,28.262,2.4068,1.6143,4.01238,1.6874,12.967,0.84476,70.369,53.00083333,0.099648,0.188866,2.97873,655.0977,8.5163,0,0,0,0,0,0,0,0,0,0,0,1,0,0,0,0,0,0,0,0,0,0,0,0,0,0,0,0,0,0,0,0,0,0,0,0,0,0,0,0
1057,느타리버섯나물,52.6,13.561,1.42367,0.38666,3.26172,1.9224,1.698,0.35625,77.039,0.488583333,0.07604,0.104014,0.44172,163.81746,2.29851,0,0,0,0,0,0,0,0,0,0,0,1,0,0,0,0,0,0,0,0,0,0,0,0,0,0,0,0,0,0,0,0,0,0,0,0,0,0,0,0
1058,느타리버섯무침,44.1,21.119,1.18965,1.42786,2.63774,1.6016,0.777,0.31311,34.125,0.012833333,0.063273,0.094668,0.2646,599.5437,7.47698,0,0,0,0,0,0,0,0,0,0,0,1,0,0,0,0,0,0,0,0,0,0,0,0,0,0,0,0,0,0,0,0,0,0,0,0,0,0,0,0
1059,다시마채무침,56,22.19,0.84364,1.49618,2.6418,0.0532,53.788,1.32034,170.898,33.66883333,0.016632,0.114268,7.24332,583.96534,8.67538,0,0,0,0,0,0,0,0,0,0,0,1,0,0,0,0,0,0,0,0,0,0,0,0,0,0,0,0,0,0,0,0,0,0,0,0,0,0,0,0
1060,단배추나물,57.4,36.008,0.90244,2.83164,1.94796,1.2782,97.02,0.35504,160.832,62.99999998,0.035742,0.104958,11.08492,1170.08794,37.05086,0,0,0,0,0,0,0,0,0,0,0,1,0,0,0,0,0,0,0,0,0,0,0,0,0,0,0,0,0,0,0,0,0,0,0,0,0,0,0,0
1061,단배추된장무침,57.4,36.96,0.95704,2.93524,1.90484,1.2558,98.588,0.5054,166.656,62.99999998,0.05593,0.068446,11.08492,1170.08794,37.05086,0,0,0,0,0,0,0,0,0,0,0,1,0,0,0,0,0,0,0,0,0,0,0,0,0,0,0,0,0,0,0,0,0,0,0,0,0,0,0,0
1062,단호박견과류샐러드,85.4,208.74,6.33878,14.826,14.52458,3.1962,156.576,0.6468,235.522,146.3245,0.049168,0.230104,5.1254,4617.88026,796.01844,0,0,0,0,0,0,0,0,0,0,0,1,0,0,0,0,0,0,0,0,0,0,0,0,0,0,0,0,0,0,0,0,0,0,0,0,0,0,0,0
1063,단호박샐러드,77,157.08,4.6949,10.0786,12.9927,2.415,142.94,0.3094,229.11,146.2241667,0.03192,0.17388,5.1254,2871.2803,472.2942,0,0,0,0,0,0,0,0,0,0,0,1,0,0,0,0,0,0,0,0,0,0,0,0,0,0,0,0,0,0,0,0,0,0,0,0,0,0,0,0
1064,달래김무침,44.6,18.276,1.3239,0.44756,3.40773,1.1509,28.434,1.502,63.723,60.15716667,0.04245,0.079336,1.73649,167.85621,24.13942,0,0,0,0,0,0,0,0,0,0,0,1,0,0,0,0,0,0,0,0,0,0,0,0,0,0,0,0,0,0,0,0,0,0,0,0,0,0,0,0
1065,달래무침,54.7,22.036,0.9968,0.14406,5.01746,1.3013,22.356,1.08604,104.591,36.55341667,0.029218,0.070231,2.3625,67.00715,23.03791,0,0,0,0,0,0,0,0,0,0,0,1,0,0,0,0,0,0,0,0,0,0,0,0,0,0,0,0,0,0,0,0,0,0,0,0,0,0,0,0
1066,당근숙주나물,51.3,14.163,0.85973,0.63031,1.69577,0.9653,7.616,0.12984,104.146,32.516,0.033278,0.0315,3.36007,194.4296,40.10107,0,0,0,0,0,0,0,0,0,0,0,1,0,0,0,0,0,0,0,0,0,0,0,0,0,0,0,0,0,0,0,0,0,0,0,0,0,0,0,0
1067,당근스틱,49,15.19,0.4998,0.0637,3.4447,1.519,11.76,0.1372,11.27,225.2366667,0.01813,0.03038,1.4798,40.6798,3.871,0,0,0,0,0,0,0,0,0,0,0,1,0,0,0,0,0,0,0,0,0,0,0,0,0,0,0,0,0,0,0,0,0,0,0,0,0,0,0,0
1068,더덕사과무침,55,41.498,0.61778,0.21415,10.24377,1.7803,10.026,0.24757,69.984,9.932083333,0.026627,0.051492,1.97113,93.79224,7.73682,0,0,0,0,0,0,0,0,0,0,0,1,0,0,0,0,0,0,0,0,0,0,0,0,0,0,0,0,0,0,0,0,0,0,0,0,0,0,0,0
1069,도라지나물,24.9,20.494,0.48472,0.85976,2.94767,0.9691,11.975,0.12178,34.345,0.761,0.004353,0.025568,1.162,360.50308,6.08254,0,0,0,0,0,0,0,0,0,0,0,1,0,0,0,0,0,0,0,0,0,0,0,0,0,0,0,0,0,0,0,0,0,0,0,0,0,0,0,0
1070,도라지나물(간장),22.3,17.146,0.47535,0.49197,2.9041,0.8876,12.373,0.14086,34.159,0.10775,0.003273,0.025648,1.0626,138.31005,2.73201,0,0,0,0,0,0,0,0,0,0,0,1,0,0,0,0,0,0,0,0,0,0,0,0,0,0,0,0,0,0,0,0,0,0,0,0,0,0,0,0
1071,도라지들깨나물,58.7,72.201,1.98596,3.95321,8.00308,3.0734,40.19,0.56889,35.341,0.86775,0.021304,0.088164,2.58953,1178.22919,1054.49473,0,0,0,0,0,0,0,0,0,0,0,1,0,0,0,0,0,0,0,0,0,0,0,0,0,0,0,0,0,0,0,0,0,0,0,0,0,0,0,0
1072,도라지무침,46.3,28.723,0.83702,0.07746,6.75983,1.918,17.772,0.17294,36.087,5.385833333,0.012528,0.037137,2.23533,43.11234,4.39394,0,0,0,0,0,0,0,0,0,0,0,1,0,0,0,0,0,0,0,0,0,0,0,0,0,0,0,0,0,0,0,0,0,0,0,0,0,0,0,0
1073,도라지배무침,55.1,33.355,0.91468,0.10056,7.92679,1.9626,15.906,0.23944,102.87,6.578,0.019053,0.062471,1.88113,49.06692,4.73716,0,0,0,0,0,0,0,0,0,0,0,1,0,0,0,0,0,0,0,0,0,0,0,0,0,0,0,0,0,0,0,0,0,0,0,0,0,0,0,0
1074,도라지오이무침,46.3,22.843,0.76982,0.06486,5.35563,1.428,14.692,0.15614,36.087,6.0275,0.011828,0.032797,3.10193,35.29474,4.59414,0,0,0,0,0,0,0,0,0,0,0,1,0,0,0,0,0,0,0,0,0,0,0,0,0,0,0,0,0,0,0,0,0,0,0,0,0,0,0,0
1075,도라지오징어채무침,62.5,86.811,14.17087,0.80993,5.42126,1.4049,22.387,0.81836,245.627,9.67725,0.027707,0.063615,2.74773,116.51707,6.89153,0,0,0,0,0,0,0,0,0,0,0,1,0,0,0,0,0,0,0,0,0,0,0,0,0,0,0,0,0,0,0,0,0,0,0,0,0,0,0,0
1076,도토리묵간장무침,61.8,32.238,0.35251,0.54989,6.43354,0.097,7.167,0.27342,202.444,0.49075,0.010195,0.031128,0.20169,180.44939,2.64153,0,0,0,0,0,0,0,0,0,0,0,1,0,0,0,0,0,0,0,0,0,0,0,0,0,0,0,0,0,0,0,0,0,0,0,0,0,0,0,0
1077,도토리묵김무침,89.8,40.918,1.35906,0.62842,8.24555,0.7539,23.354,0.76534,186.881,55.584,0.037386,0.145116,3.22329,200.99865,5.23011,0,0,0,0,0,0,0,0,0,0,0,1,0,0,0,0,0,0,0,0,0,0,0,0,0,0,0,0,0,0,0,0,0,0,0,0,0,0,0,0
1078,도토리묵무침,88.4,38.608,0.81866,0.60462,7.68135,0.7539,18.804,0.51894,168.765,29.334,0.020586,0.103816,1.92129,200.99865,5.23011,0,0,0,0,0,0,0,0,0,0,0,1,0,0,0,0,0,0,0,0,0,0,0,0,0,0,0,0,0,0,0,0,0,0,0,0,0,0,0,0
1079,도토리묵상추무침,112,43.638,1.0976,0.30632,9.68562,1.715,25.382,0.7308,171.976,58.14783334,0.03619,0.155974,15.95832,89.19134,11.15184,0,0,0,0,0,0,0,0,0,0,0,1,0,0,0,0,0,0,0,0,0,0,0,0,0,0,0,0,0,0,0,0,0,0,0,0,0,0,0,0
1080,도토리묵채소무침,105,40.838,1.0738,0.27062,8.99472,1.337,20.342,0.5999,169.876,49.96366667,0.02667,0.124964,3.36882,83.07824,8.28744,0,0,0,0,0,0,0,0,0,0,0,1,0,0,0,0,0,0,0,0,0,0,0,0,0,0,0,0,0,0,0,0,0,0,0,0,0,0,0,0
1081,돌나물과일샐러드,56,72.03,0.3857,5.3249,6.2909,0.651,29.05,0.1904,32.34,13.94166667,0.05138,0.02947,16.093,2755.1713,412.2034,0,0,0,0,0,0,0,0,0,0,0,1,0,0,0,0,0,0,0,0,0,0,0,0,0,0,0,0,0,0,0,0,0,0,0,0,0,0,0,0
1082,돌나물무침,56.3,43.867,1.17184,3.10865,3.32721,0.9915,63.742,0.88787,135.19,34.93908333,0.116395,0.119424,31.3488,1299.73165,27.72283,0,0,0,0,0,0,0,0,0,0,0,1,0,0,0,0,0,0,0,0,0,0,0,0,0,0,0,0,0,0,0,0,0,0,0,0,0,0,0,0
1083,돌나물부추무침,63,57.806,1.28548,3.0975,6.9433,1.575,63.112,0.9464,136.822,75.691,0.121898,0.161056,31.1486,1323.01036,32.73284,0,0,0,0,0,0,0,0,0,0,0,1,0,0,0,0,0,0,0,0,0,0,0,0,0,0,0,0,0,0,0,0,0,0,0,0,0,0,0,0
1084,돌나물사과무침,63.3,52.687,1.06614,3.10865,5.81921,1.0755,50.022,0.84517,134.98,28.79658333,0.096655,0.118654,23.6362,1300.32525,26.77573,0,0,0,0,0,0,0,0,0,0,0,1,0,0,0,0,0,0,0,0,0,0,0,0,0,0,0,0,0,0,0,0,0,0,0,0,0,0,0,0
1085,돌나물오이무침,63,56.616,1.20638,3.0541,6.7837,1.652,49.672,0.4585,137.032,69.42016667,0.079058,0.151746,25.2518,1323.31416,32.37584,0,0,0,0,0,0,0,0,0,0,0,1,0,0,0,0,0,0,0,0,0,0,0,0,0,0,0,0,0,0,0,0,0,0,0,0,0,0,0,0
1086,돌나물유자청무침,63,39.13,0.84294,0.04256,9.19898,0.7196,71.876,0.4053,138.236,83.146,0.116536,0.096866,44.85474,16.37874,9.8203,0,0,0,0,0,0,0,0,0,0,0,1,0,0,0,0,0,0,0,0,0,0,0,0,0,0,0,0,0,0,0,0,0,0,0,0,0,0,0,0
1087,돌나물초무침,56.3,43.559,0.82016,3.01219,3.91087,0.6331,97.664,0.49881,82.858,51.35175,0.147055,0.055318,52.9151,1255.77991,30.38185,0,0,0,0,0,0,0,0,0,0,0,1,0,0,0,0,0,0,0,0,0,0,0,0,0,0,0,0,0,0,0,0,0,0,0,0,0,0,0,0
1088,돌나물흑임자샐러드,59.5,65.227,1.64738,5.29313,3.53854,1.3118,149.577,0.64715,86.434,44.98808333,0.152708,0.155736,52.9151,2451.75874,267.10575,0,0,0,0,0,0,0,0,0,0,0,1,0,0,0,0,0,0,0,0,0,0,0,0,0,0,0,0,0,0,0,0,0,0,0,0,0,0,0,0
1089,동부묵무침,60.9,35.469,0.17227,1.39552,5.54652,0.0189,4.494,0.27237,181.328,0.525583333,0.00203,0.010129,0.18739,583.0461,7.77658,0,0,0,0,0,0,0,0,0,0,0,1,0,0,0,0,0,0,0,0,0,0,0,0,0,0,0,0,0,0,0,0,0,0,0,0,0,0,0,0
1090,동초무침,57.4,60.074,2.6831,4.27938,3.80072,2.1952,131.6,1.0689,146.566,113.393,0.054908,0.137312,21.707,1735.57986,103.0932,0,0,0,0,0,0,0,0,0,0,0,1,0,0,0,0,0,0,0,0,0,0,0,0,0,0,0,0,0,0,0,0,0,0,0,0,0,0,0,0
1091,두부들깨무침,50.4,84.14,4.93164,5.84584,2.86132,1.8564,39.732,0.95816,134.82,0.102666667,0.024416,0.143864,0,2312.26296,870.80252,0,0,0,0,0,0,0,0,0,0,0,1,0,0,0,0,0,0,0,0,0,0,0,0,0,0,0,0,0,0,0,0,0,0,0,0,0,0,0,0
1092,두부열무나물,82.6,67.242,4.39292,4.49918,2.44314,1.5876,90.482,1.36192,87.92,95.48116665,0.030646,0.129724,3.23666,2008.52302,198.22166,0,0,0,0,0,0,0,0,0,0,0,1,0,0,0,0,0,0,0,0,0,0,0,0,0,0,0,0,0,0,0,0,0,0,0,0,0,0,0,0
1093,들깨무나물,56.3,48.963,1.00298,3.94675,2.69795,0.9304,24.097,0.37626,46.318,0.77875,0.039813,0.037389,3.7509,1322.81412,713.12962,0,0,0,0,0,0,0,0,0,0,0,1,0,0,0,0,0,0,0,0,0,0,0,0,0,0,0,0,0,0,0,0,0,0,0,0,0,0,0,0
1094,땅콩우엉무침,39.4,67.862,3.00824,3.3983,7.32241,2.0595,19.167,0.41848,135.902,0.031166667,0.012805,0.093764,0.1708,1267.5694,4.86498,0,0,0,0,0,0,0,0,0,0,0,1,0,0,0,0,0,0,0,0,0,0,0,0,0,0,0,0,0,0,0,0,0,0,0,0,0,0,0,0
1095,마늘쫑무침,53.1,35.133,1.06324,0.29211,9.29067,2.4076,27.097,0.29183,40.119,22.09025,0.013415,0.051751,21.7413,114.35567,4.40255,0,0,0,0,0,0,0,0,0,0,0,1,0,0,0,0,0,0,0,0,0,0,0,0,0,0,0,0,0,0,0,0,0,0,0,0,0,0,0,0
1096,마카로니샐러드,70,139.65,3.1563,5.411,19.0428,0.679,11.55,0.4242,34.3,4.713333333,0.03619,0.03731,18.4779,2756.4803,416.2032,0,0,0,0,0,0,0,0,0,0,0,1,0,0,0,0,0,0,0,0,0,0,0,0,0,0,0,0,0,0,0,0,0,0,0,0,0,0,0,0
1097,마카로니오이샐러드,77,140.63,3.2417,5.4124,19.2563,0.728,12.81,0.4382,34.51,5.069166667,0.03633,0.03969,19.2654,2757.0536,416.6799,0,0,0,0,0,0,0,0,0,0,0,1,0,0,0,0,0,0,0,0,0,0,0,0,0,0,0,0,0,0,0,0,0,0,0,0,0,0,0,0
1098,마카로니채소샐러드,42.2,133.067,2.8008,5.3941,17.413,0.266,5.081,0.3648,68.223,33.56433334,0.03175,0.0208,0.9989,2752.2817,408.2085,0,0,0,0,0,0,0,0,0,0,0,1,0,0,0,0,0,0,0,0,0,0,0,0,0,0,0,0,0,0,0,0,0,0,0,0,0,0,0,0
1099,마카로니채소샐러드(요거트드레싱),70,98.56,3.6792,0.6552,18.7873,0.798,27.16,0.3766,9.24,43.6975,0.03752,0.0539,16.7174,25.6529,8.7619,0,0,0,0,0,0,0,0,0,0,0,1,0,0,0,0,0,0,0,0,0,0,0,0,0,0,0,0,0,0,0,0,0,0,0,0,0,0,0,0
1100,마카로니채소샐러드(토마토소스),42.2,86.377,2.8701,0.1126,17.5579,0.343,4.941,0.3893,52.683,35.3435,0.03644,0.02304,0.9989,9.7447,1.5197,0,0,0,0,0,0,0,0,0,0,0,1,0,0,0,0,0,0,0,0,0,0,0,0,0,0,0,0,0,0,0,0,0,0,0,0,0,0,0,0
1101,맛살양상추샐러드,70,67.55,2.5823,3.4265,6.8796,0.728,53.13,0.3416,221.76,35.44916667,0.06601,0.04025,7.9534,9.4241,2.3191,0,0,0,0,0,0,0,0,0,0,0,1,0,0,0,0,0,0,0,0,0,0,0,0,0,0,0,0,0,0,0,0,0,0,0,0,0,0,0,0
1102,매쉬드포테이토,63.4,93.66,3.6694,5.5244,7.3892,1.134,96.2,0.264,266.618,39.92333333,0.03486,0.0483,4.466,95.3778,29.414,0,0,0,0,0,0,0,0,0,0,0,1,0,0,0,0,0,0,0,0,0,0,0,0,0,0,0,0,0,0,0,0,0,0,0,0,0,0,0,0
1103,매콤숙주미나리무침,58.8,20.146,1.23011,0.87073,2.57124,1.7374,13.342,0.23912,36.155,20.00658333,0.038451,0.094304,3.5546,382.71485,22.09123,0,0,0,0,0,0,0,0,0,0,0,1,0,0,0,0,0,0,0,0,0,0,0,0,0,0,0,0,0,0,0,0,0,0,0,0,0,0,0,0
1104,매콤숙주오이무침,65.4,30.091,1.22888,0.39027,6.40121,1.7743,14.198,0.28713,103.107,18.99908333,0.031241,0.108938,5.13676,206.10873,14.64191,0,0,0,0,0,0,0,0,0,0,0,1,0,0,0,0,0,0,0,0,0,0,0,0,0,0,0,0,0,0,0,0,0,0,0,0,0,0,0,0
1105,매콤콩나물무침,51.3,25.235,2.49245,1.08322,2.77512,1.319,24.902,0.40936,15.069,8.907166666,0.062153,0.07724,0.89265,524.72423,63.09532,0,0,0,0,0,0,0,0,0,0,0,1,0,0,0,0,0,0,0,0,0,0,0,0,0,0,0,0,0,0,0,0,0,0,0,0,0,0,0,0
1106,머위나물,53.9,28.651,1.19532,2.16321,1.56506,1.3594,52.024,0.5698,44.212,119.084,0.006741,0.046634,1.30284,889.08372,50.44536,0,0,0,0,0,0,0,0,0,0,0,1,0,0,0,0,0,0,0,0,0,0,0,0,0,0,0,0,0,0,0,0,0,0,0,0,0,0,0,0
1107,머윗대나물,54.2,51.07,0.32951,2.14397,8.58341,0.0463,29.018,0.64576,170.638,7.609,0.016895,0.035702,3.56302,875.21501,11.74026,0,0,0,0,0,0,0,0,0,0,0,1,0,0,0,0,0,0,0,0,0,0,0,0,0,0,0,0,0,0,0,0,0,0,0,0,0,0,0,0
1108,머윗대들깨나물,58.4,73.33,1.28207,3.81305,9.81233,0.9703,45.44,0.97084,170.68,7.7245,0.031721,0.06758,3.56302,1092.46925,1051.344,0,0,0,0,0,0,0,0,0,0,0,1,0,0,0,0,0,0,0,0,0,0,0,0,0,0,0,0,0,0,0,0,0,0,0,0,0,0,0,0
1109,모듬쌈,42,10.71,0.5838,0.0798,2.4192,1.386,29.4,0.3927,9.24,18.4275,0.03045,0.07203,4.1076,3.2655,6.3798,0,0,0,0,0,0,0,0,0,0,0,1,0,0,0,0,0,0,0,0,0,0,0,0,0,0,0,0,0,0,0,0,0,0,0,0,0,0,0,0
1110,모듬과일샐러드,58.8,53.928,0.71288,2.4864,7.95984,1.05,15.05,0.175,16.646,9.578333333,0.019614,0.034174,7.056,1114.7458,165.85142,0,0,0,0,0,0,0,0,0,0,0,1,0,0,0,0,0,0,0,0,0,0,0,0,0,0,0,0,0,0,0,0,0,0,0,0,0,0,0,0
1111,(우유제외)모듬과일샐러드(마요네즈),56,78.89,0.3927,5.3949,7.9947,0.98,6.02,0.196,32.83,6.060833333,0.01911,0.02604,6.9636,2756.824,409.2648,0,0,0,0,0,0,0,0,0,0,0,1,0,0,0,0,0,0,0,0,0,0,0,0,0,0,0,0,0,0,0,0,0,0,0,0,0,0,0,0
1112,모듬버섯나물,47.3,28.807,1.14087,2.20448,2.85824,1.1244,3.272,0.33295,44.22,0.505083333,0.05574,0.096314,0.30942,904.57686,11.91177,0,0,0,0,0,0,0,0,0,0,0,1,0,0,0,0,0,0,0,0,0,0,0,0,0,0,0,0,0,0,0,0,0,0,0,0,0,0,0,0
1113,모듬채소겉절이,60.2,34.86,1.24138,0.30198,7.75488,2.387,26.698,0.4956,142.534,62.0095,0.038948,0.178066,4.1489,155.91926,15.42758,0,0,0,0,0,0,0,0,0,0,0,1,0,0,0,0,0,0,0,0,0,0,0,0,0,0,0,0,0,0,0,0,0,0,0,0,0,0,0,0
1114,무나물,53.1,33.626,0.3419,2.84152,1.75603,0.3116,14.018,0.26045,104.073,0.81375,0.029474,0.013883,3.72801,378.83829,1741.92158,0,0,0,0,0,0,0,0,0,0,0,1,0,0,0,0,0,0,0,0,0,0,0,0,0,0,0,0,0,0,0,0,0,0,0,0,0,0,0,0
1115,무말랭이,27.2,84.85,3.30238,0.95462,15.9177,6.2605,76.38,1.20155,197.769,4.60225,0.127998,0.125719,12.92538,387.16164,21.38629,0,0,0,0,0,0,0,0,0,0,0,1,0,0,0,0,0,0,0,0,0,0,0,0,0,0,0,0,0,0,0,0,0,0,0,0,0,0,0,0
1116,무말랭이무침,18.2,60.074,1.86046,1.54756,9.85908,3.7128,41.65,0.73486,101.318,9.787166666,0.07224,0.09366,7.06622,658.90692,20.909,0,0,0,0,0,0,0,0,0,0,0,1,0,0,0,0,0,0,0,0,0,0,0,0,0,0,0,0,0,0,0,0,0,0,0,0,0,0,0,0
1117,무몰무침,53.2,30.072,0.65856,1.5715,4.15408,0.7378,39.074,0.45178,2.52,8.719666666,0.026628,0.046872,2.569,664.3896,15.94922,0,0,0,0,0,0,0,0,0,0,0,1,0,0,0,0,0,0,0,0,0,0,0,0,0,0,0,0,0,0,0,0,0,0,0,0,0,0,0,0
1118,무미역무침,32.8,20.046,0.59364,0.565,3.78396,0.6121,15.326,0.1822,96.668,19.30266667,0.035244,0.047345,2.27927,241.3903,9.37042,0,0,0,0,0,0,0,0,0,0,0,1,0,0,0,0,0,0,0,0,0,0,0,0,0,0,0,0,0,0,0,0,0,0,0,0,0,0,0,0
1119,무미역생채,45.5,22.491,0.76258,1.47623,2.48304,0.126,36.792,0.29421,129.605,33.15783333,0.0252,0.038948,4.6914,587.88478,9.53708,0,0,0,0,0,0,0,0,0,0,0,1,0,0,0,0,0,0,0,0,0,0,0,0,0,0,0,0,0,0,0,0,0,0,0,0,0,0,0,0
1120,무사과무침,67.2,69.328,0.88522,3.05606,10.45366,1.7752,10.43,0.31976,136.808,36.827,0.030492,0.13783,1.91044,1323.9954,28.01344,0,0,0,0,0,0,0,0,0,0,0,1,0,0,0,0,0,0,0,0,0,0,0,0,0,0,0,0,0,0,0,0,0,0,0,0,0,0,0,0
1121,무생채,50.1,9.074,0.36966,0.06967,2.01087,0.417,11.658,0.10616,103.779,2.004083333,0.030555,0.018199,3.63218,27.91404,5.88663,0,0,0,0,0,0,0,0,0,0,0,1,0,0,0,0,0,0,0,0,0,0,0,0,0,0,0,0,0,0,0,0,0,0,0,0,0,0,0,0
1122,무채무침,40.1,17.069,0.3735,0.50219,2.99482,0.2562,12.178,0.13915,102.995,0.119416667,0.024042,0.02016,2.73504,134.31865,5.03571,0,0,0,0,0,0,0,0,0,0,0,1,0,0,0,0,0,0,0,0,0,0,0,0,0,0,0,0,0,0,0,0,0,0,0,0,0,0,0,0
1123,무초절임,48,17.164,0.26516,0.03808,4.2196,0.252,10.016,0.08004,136.964,0.14,0.0252,0.025452,3.0828,10.37456,4.1202,0,0,0,0,0,0,0,0,0,0,0,1,0,0,0,0,0,0,0,0,0,0,0,0,0,0,0,0,0,0,0,0,0,0,0,0,0,0,0,0
1124,물미역무초무침,38.1,8.091,0.80731,0.07773,2.02664,0.112,35.054,0.27948,162.431,33.44483333,0.022162,0.046806,4.2273,4.11418,1.72326,0,0,0,0,0,0,0,0,0,0,0,1,0,0,0,0,0,0,0,0,0,0,0,0,0,0,0,0,0,0,0,0,0,0,0,0,0,0,0,0
1125,미나리나물,50.2,15.571,0.98587,0.55696,2.32636,1.7672,24.885,0.21858,103.301,39.3285,0.011189,0.107344,1.83388,230.31319,35.38284,0,0,0,0,0,0,0,0,0,0,0,1,0,0,0,0,0,0,0,0,0,0,0,0,0,0,0,0,0,0,0,0,0,0,0,0,0,0,0,0
1126,미나리무생채,56.3,24.379,0.92446,0.43717,4.97081,1.7979,19.264,0.27551,3.212,28.53525,0.036861,0.112774,3.0828,223.70131,23.53011,0,0,0,0,0,0,0,0,0,0,0,1,0,0,0,0,0,0,0,0,0,0,0,0,0,0,0,0,0,0,0,0,0,0,0,0,0,0,0,0
1127,미나리무침,50.3,18.87,0.96478,0.95496,2.24697,1.7573,25.033,0.22312,103.359,39.33216667,0.010835,0.106796,1.7983,396.6235,37.51912,0,0,0,0,0,0,0,0,0,0,0,1,0,0,0,0,0,0,0,0,0,0,0,0,0,0,0,0,0,0,0,0,0,0,0,0,0,0,0,0
1128,미나리사과무침,70,68.796,1.19098,3.0968,10.0527,2.422,17.122,0.3759,137.662,66.43933333,0.026278,0.176666,1.652,1343.59806,40.81574,0,0,0,0,0,0,0,0,0,0,0,1,0,0,0,0,0,0,0,0,0,0,0,0,0,0,0,0,0,0,0,0,0,0,0,0,0,0,0,0
1129,미나리숙주나물,57.7,17.351,1.12193,0.88846,1.78805,1.2519,14.798,0.18983,35.979,11.41966667,0.033508,0.072874,3.5546,364.0469,17.56702,0,0,0,0,0,0,0,0,0,0,0,1,0,0,0,0,0,0,0,0,0,0,0,0,0,0,0,0,0,0,0,0,0,0,0,0,0,0,0,0
1130,미나리초무침,52.8,24.778,1.0709,0.98772,3.75281,1.8245,25.445,0.25808,57.504,44.0385,0.010835,0.112004,1.7983,414.00954,39.12156,0,0,0,0,0,0,0,0,0,0,0,1,0,0,0,0,0,0,0,0,0,0,0,0,0,0,0,0,0,0,0,0,0,0,0,0,0,0,0,0
1131,미니새송이버섯무침,53.2,26.012,1.7703,1.47266,3.91958,1.4434,2.282,0.25634,137.088,0.012833333,0.019712,0.173852,0,627.8657,7.47698,0,0,0,0,0,0,0,0,0,0,0,1,0,0,0,0,0,0,0,0,0,0,0,0,0,0,0,0,0,0,0,0,0,0,0,0,0,0,0,0
1132,미역나물,53.2,24.542,1.7262,1.54126,2.96408,0.0224,74.312,0.60914,433.048,77.18783333,0.030492,0.115052,7.35,582.6975,7.47698,0,0,0,0,0,0,0,0,0,0,0,1,0,0,0,0,0,0,0,0,0,0,0,0,0,0,0,0,0,0,0,0,0,0,0,0,0,0,0,0
1133,미역매실청무침,63,37.24,1.74076,1.54196,6.1194,0.0434,74.746,0.62454,433.216,77.18783333,0.032872,0.118762,7.3899,582.74846,7.47698,0,0,0,0,0,0,0,0,0,0,0,1,0,0,0,0,0,0,0,0,0,0,0,0,0,0,0,0,0,0,0,0,0,0,0,0,0,0,0,0
1134,미역무침,56,45.178,2.08964,3.56706,3.27166,0.2198,86.87,0.7231,433.3,77.21583333,0.035322,0.15708,7.35,1419.2297,17.3551,0,0,0,0,0,0,0,0,0,0,0,1,0,0,0,0,0,0,0,0,0,0,0,0,0,0,0,0,0,0,0,0,0,0,0,0,0,0,0,0
1135,미역초무침,38.1,9.771,0.85211,0.07073,2.49144,0.266,33.934,0.28228,162.011,33.4215,0.018802,0.045406,4.0229,3.09778,0.48426,0,0,0,0,0,0,0,0,0,0,0,1,0,0,0,0,0,0,0,0,0,0,0,0,0,0,0,0,0,0,0,0,0,0,0,0,0,0,0,0
1136,바나나사과키위샐러드,84,58.52,1.2453,0.784,12.9073,0.945,28.63,0.3206,6.86,9.473333333,0.04753,0.05285,17.2263,21.0777,5.4278,0,0,0,0,0,0,0,0,0,0,0,1,0,0,0,0,0,0,0,0,0,0,0,0,0,0,0,0,0,0,0,0,0,0,0,0,0,0,0,0
1137,(우유제외)바나나사과키위샐러드(마요네즈),77,98.49,0.5908,5.5419,12.887,0.805,10.29,0.3549,32.76,2.234166666,0.0462,0.03591,17.0415,2756.0547,410.8188,0,0,0,0,0,0,0,0,0,0,0,1,0,0,0,0,0,0,0,0,0,0,0,0,0,0,0,0,0,0,0,0,0,0,0,0,0,0,0,0
1138,방풍나물,52.7,30.355,1.69119,0.65328,5.63288,3.1266,114.106,0.42273,47.366,56.02408332,0.04145,0.152998,28.42562,261.23646,40.06283,0,0,0,0,0,0,0,0,0,0,0,1,0,0,0,0,0,0,0,0,0,0,0,0,0,0,0,0,0,0,0,0,0,0,0,0,0,0,0,0
1139,배무생채,56.3,27.739,0.71306,0.40777,6.07681,1.5039,13.104,0.22791,2.512,17.30025,0.036301,0.091774,2.9554,211.72151,14.18791,0,0,0,0,0,0,0,0,0,0,0,1,0,0,0,0,0,0,0,0,0,0,0,0,0,0,0,0,0,0,0,0,0,0,0,0,0,0,0,0
1140,배오이생채,60.6,60.242,0.76328,3.0457,8.23578,1.7136,9.442,0.26246,137.496,50.45016667,0.018746,0.100814,3.1535,1322.90256,27.25814,0,0,0,0,0,0,0,0,0,0,0,1,0,0,0,0,0,0,0,0,0,0,0,0,0,0,0,0,0,0,0,0,0,0,0,0,0,0,0,0
1141,배추겉절이,58.8,33.098,1.16239,1.17853,5.16201,1.2139,21.177,0.45289,139.894,17.37341667,0.084042,0.128928,4.37698,442.83292,15.87607,0,0,0,0,0,0,0,0,0,0,0,1,0,0,0,0,0,0,0,0,0,0,0,0,0,0,0,0,0,0,0,0,0,0,0,0,0,0,0,0
1142,배추게맛살샐러드,66.3,79.096,2.96674,3.79963,8.63902,0.4872,75.613,0.44687,225.78,32.95483334,0.070108,0.079282,5.5314,1909.93152,247.57866,0,0,0,0,0,0,0,0,0,0,0,1,0,0,0,0,0,0,0,0,0,0,0,0,0,0,0,0,0,0,0,0,0,0,0,0,0,0,0,0
1143,배추나물,57.4,35.028,0.84364,2.79244,1.90876,0.0532,18.13,0.41384,141.722,2.280833334,0.099932,0.066248,5.28332,1166.66284,16.15236,0,0,0,0,0,0,0,0,0,0,0,1,0,0,0,0,0,0,0,0,0,0,0,0,0,0,0,0,0,0,0,0,0,0,0,0,0,0,0,0
1144,배추된장무침,52.8,18.049,0.9041,0.97083,1.78508,0,20.448,0.51025,147.21,0.210583333,0.12081,0.02457,4.9,291.34875,3.73849,0,0,0,0,0,0,0,0,0,0,0,1,0,0,0,0,0,0,0,0,0,0,0,0,0,0,0,0,0,0,0,0,0,0,0,0,0,0,0,0
1145,버섯들깨나물,42.6,33.794,2.11857,2.02743,3.99631,1.9853,17.926,0.48434,45.092,0.603,0.030321,0.12792,0.13302,375.54975,1041.73074,0,0,0,0,0,0,0,0,0,0,0,1,0,0,0,0,0,0,0,0,0,0,0,0,0,0,0,0,0,0,0,0,0,0,0,0,0,0,0,0
1146,봄동나물,55,20.162,1.13765,0.83227,2.76528,1.417,51.824,0.48317,67.516,38.78866667,0.027446,0.052858,11.61477,319.12682,50.03468,0,0,0,0,0,0,0,0,0,0,0,1,0,0,0,0,0,0,0,0,0,0,0,0,0,0,0,0,0,0,0,0,0,0,0,0,0,0,0,0
1147,봄동된장나물,52.5,21.525,1.3006,0.88403,2.76318,1.323,52.059,0.63455,164.36,37.81808333,0.0448,0.05208,11.4072,298.84085,48.81359,0,0,0,0,0,0,0,0,0,0,0,1,0,0,0,0,0,0,0,0,0,0,0,0,0,0,0,0,0,0,0,0,0,0,0,0,0,0,0,0
1148,봄동무침,52.5,15.58,1.06213,0.3867,2.68199,1.3357,50.355,0.45654,101.404,37.82841667,0.024749,0.046538,11.69667,132.53845,46.67731,0,0,0,0,0,0,0,0,0,0,0,1,0,0,0,0,0,0,0,0,0,0,0,0,0,0,0,0,0,0,0,0,0,0,0,0,0,0,0,0
1149,봄동부추겉절이,70,61.936,1.58438,3.1255,7.8449,2.17,39.242,0.9884,151.032,72.016,0.054348,0.165186,7.8414,1322.84516,51.40884,0,0,0,0,0,0,0,0,0,0,0,1,0,0,0,0,0,0,0,0,0,0,0,0,0,0,0,0,0,0,0,0,0,0,0,0,0,0,0,0
1150,부추겉절이,54.6,26.22,1.07134,1.56998,2.47773,0.1566,15.497,1.74178,81.68,5.890833333,0.081701,0.050473,2.56013,599.5143,9.0815,0,0,0,0,0,0,0,0,0,0,0,1,0,0,0,0,0,0,0,0,0,0,0,0,0,0,0,0,0,0,0,0,0,0,0,0,0,0,0,0
1151,부추나물,53.8,26.862,1.0824,1.6801,2.37298,0.0914,17.587,1.74076,35.187,4.053333333,0.081448,0.063146,2.56013,638.2515,8.5163,0,0,0,0,0,0,0,0,0,0,0,1,0,0,0,0,0,0,0,0,0,0,0,0,0,0,0,0,0,0,0,0,0,0,0,0,0,0,0,0
1152,부추무침,67.2,60.788,1.49422,3.15826,7.45766,1.3272,18.13,1.68896,137.228,39.56866667,0.084672,0.16149,2.63844,1316.2394,25.43044,0,0,0,0,0,0,0,0,0,0,0,1,0,0,0,0,0,0,0,0,0,0,0,0,0,0,0,0,0,0,0,0,0,0,0,0,0,0,0,0
1153,부추배무침,67.2,64.148,1.28422,3.12186,8.61266,1.5232,14.35,1.21996,136.808,38.55366667,0.064512,0.15715,2.32484,1318.7972,25.59284,0,0,0,0,0,0,0,0,0,0,0,1,0,0,0,0,0,0,0,0,0,0,0,0,0,0,0,0,0,0,0,0,0,0,0,0,0,0,0,0
1154,부추사과무침,74.2,69.468,1.28632,3.12466,10.06936,1.6002,14.84,1.23816,136.808,38.74616667,0.065842,0.15554,2.19674,1319.4671,26.33764,0,0,0,0,0,0,0,0,0,0,0,1,0,0,0,0,0,0,0,0,0,0,0,0,0,0,0,0,0,0,0,0,0,0,0,0,0,0,0,0
1155,부추양파겉절이,61.9,21.391,1.05039,0.44693,3.983,0.4925,14.487,1.31152,42.441,4.441666667,0.066773,0.044973,3.53052,144.74532,2.8701,0,0,0,0,0,0,0,0,0,0,0,1,0,0,0,0,0,0,0,0,0,0,0,0,0,0,0,0,0,0,0,0,0,0,0,0,0,0,0,0
1156,부추양파무침,52.5,16.765,0.96014,0.24648,3.24859,0.2935,14.949,1.25816,81.438,2.564083333,0.062792,0.044018,2.62064,57.06641,0.64893,0,0,0,0,0,0,0,0,0,0,0,1,0,0,0,0,0,0,0,0,0,0,0,0,0,0,0,0,0,0,0,0,0,0,0,0,0,0,0,0
1157,부추양파생채,57.7,26.297,1.2242,0.34547,5.33705,0.9495,15.498,1.12909,135.624,10.65841667,0.060675,0.11752,2.6348,131.12561,5.75487,0,0,0,0,0,0,0,0,0,0,0,1,0,0,0,0,0,0,0,0,0,0,0,0,0,0,0,0,0,0,0,0,0,0,0,0,0,0,0,0
1158,북어채무침,15.5,34.559,6.64321,0.42929,0.64365,0.0651,26.559,0.3122,180.798,0.485666667,0.019327,0.033166,0.22624,43.03875,1.05886,0,0,0,0,0,0,0,0,0,0,0,1,0,0,0,0,0,0,0,0,0,0,0,0,0,0,0,0,0,0,0,0,0,0,0,0,0,0,0,0
1159,브로콜리깨소스무침,63.1,100.184,2.8623,7.16828,7.51954,2.541,76.704,0.78476,54.779,11.53133333,0.045724,0.181566,14.2933,3308.01156,292.42318,0,0,0,0,0,0,0,0,0,0,0,1,0,0,0,0,0,0,0,0,0,0,0,0,0,0,0,0,0,0,0,0,0,0,0,0,0,0,0,0
1160,브로콜리나물,55.3,57.449,2.15705,4.12188,3.9571,2.1518,52.577,0.61481,35.399,10.90133333,0.035371,0.09317,14.2933,1735.50146,50.7906,0,0,0,0,0,0,0,0,0,0,0,1,0,0,0,0,0,0,0,0,0,0,0,0,0,0,0,0,0,0,0,0,0,0,0,0,0,0,0,0
1161,브로콜리된장무침,55.3,49.091,2.00172,3.30589,3.67353,1.6177,28.56,0.68173,141.68,10.81325,0.039865,0.101514,14.2933,1307.15445,46.60313,0,0,0,0,0,0,0,0,0,0,0,1,0,0,0,0,0,0,0,0,0,0,0,0,0,0,0,0,0,0,0,0,0,0,0,0,0,0,0,0
1162,브로콜리두부무침,80.1,73.066,4.6606,4.49302,3.97082,2.317,40.104,0.9246,102.849,9.265666667,0.02506,0.12467,12.2514,2013.1433,176.70226,0,0,0,0,0,0,0,0,0,0,0,1,0,0,0,0,0,0,0,0,0,0,0,0,0,0,0,0,0,0,0,0,0,0,0,0,0,0,0,0
1163,브로콜리무침,54.7,56.728,2.093,4.12188,3.84132,2.1462,52.442,0.6036,35.515,10.90133333,0.035098,0.081802,14.2933,1735.50146,50.7906,0,0,0,0,0,0,0,0,0,0,0,1,0,0,0,0,0,0,0,0,0,0,0,0,0,0,0,0,0,0,0,0,0,0,0,0,0,0,0,0
1164,브로콜리새우깨무침,75.6,76.468,6.314,4.31088,3.86232,2.1462,68.572,1.1494,58.618,10.90133333,0.035098,0.100702,14.5033,1735.50146,50.7906,0,0,0,0,0,0,0,0,0,0,0,1,0,0,0,0,0,0,0,0,0,0,0,0,0,0,0,0,0,0,0,0,0,0,0,0,0,0,0,0
1165,브로콜리숙채,49,15.68,1.5092,0.098,3.0968,1.519,19.11,0.392,1.47,10.78,0.01617,0.07007,14.2933,14.8421,30.4486,0,0,0,0,0,0,0,0,0,0,0,1,0,0,0,0,0,0,0,0,0,0,0,0,0,0,0,0,0,0,0,0,0,0,0,0,0,0,0,0
1166,브로콜리애느타리무침,56,49.028,1.9733,3.48278,3.86498,2.002,29.316,0.58926,135.366,6.2895,0.051296,0.133406,8.2999,1060.3656,895.97774,0,0,0,0,0,0,0,0,0,0,0,1,0,0,0,0,0,0,0,0,0,0,0,0,0,0,0,0,0,0,0,0,0,0,0,0,0,0,0,0
1167,브로콜리참깨무침,61.7,97.426,2.13542,7.29946,6.91026,2.1462,53.394,0.63034,54.947,11.51383333,0.036064,0.10045,14.2933,3383.03966,295.09788,0,0,0,0,0,0,0,0,0,0,0,1,0,0,0,0,0,0,0,0,0,0,0,0,0,0,0,0,0,0,0,0,0,0,0,0,0,0,0,0
1168,브로콜리초고추장무침,58.8,56.126,1.7745,2.96842,6.86532,1.687,21.644,0.5299,139.258,22.5715,0.01617,0.08505,14.2933,1223.7022,49.40866,0,0,0,0,0,0,0,0,0,0,0,1,0,0,0,0,0,0,0,0,0,0,0,0,0,0,0,0,0,0,0,0,0,0,0,0,0,0,0,0
1169,브로콜리초무침,47,24.224,1.46441,0.24767,5.01595,1.468,19.501,0.37874,36.119,13.93433333,0.02341,0.083529,12.29884,82.41482,28.22288,0,0,0,0,0,0,0,0,0,0,0,1,0,0,0,0,0,0,0,0,0,0,0,0,0,0,0,0,0,0,0,0,0,0,0,0,0,0,0,0
1170,브로콜리흑임자소스무침,57,61.216,1.97764,4.4663,4.2853,1.8004,38.868,0.51814,87.924,11.4445,0.019414,0.127638,14.2933,2068.38805,281.2101,0,0,0,0,0,0,0,0,0,0,0,1,0,0,0,0,0,0,0,0,0,0,0,0,0,0,0,0,0,0,0,0,0,0,0,0,0,0,0,0
1171,블루베리고구마샐러드,99.4,114.086,1.3307,0.7777,25.7432,2.142,34.034,0.3248,11.564,13.49833333,0.04438,0.07679,4.1531,45.9991,8.1354,0,0,0,0,0,0,0,0,0,0,0,1,0,0,0,0,0,0,0,0,0,0,0,0,0,0,0,0,0,0,0,0,0,0,0,0,0,0,0,0
1172,(우유제외)블루베리고구마샐러드(마요네즈),85.4,150.206,0.7546,5.376,25.032,2.142,11.704,0.3528,36.344,2.969166667,0.04158,0.04613,3.9872,2776.4023,413.7182,0,0,0,0,0,0,0,0,0,0,0,1,0,0,0,0,0,0,0,0,0,0,0,0,0,0,0,0,0,0,0,0,0,0,0,0,0,0,0,0
1173,비름나물,52.5,37.667,1.39685,2.93062,2.0601,1.6716,66.549,0.75621,65.779,93.49316667,0.005173,0.090748,3.1703,1198.568,83.13256,0,0,0,0,0,0,0,0,0,0,0,1,0,0,0,0,0,0,0,0,0,0,0,0,0,0,0,0,0,0,0,0,0,0,0,0,0,0,0,0
1174,비름나물된장무침,52.4,19.771,1.6979,0.71457,2.40192,1.666,71.236,0.95405,171.646,93.47025,0.02771,0.08701,3.1703,158.03675,69.78081,0,0,0,0,0,0,0,0,0,0,0,1,0,0,0,0,0,0,0,0,0,0,0,0,0,0,0,0,0,0,0,0,0,0,0,0,0,0,0,0
1175,비름나물무침,52.4,18.819,1.6433,0.61097,2.44504,1.6884,69.668,0.80369,165.822,93.47025,0.007522,0.123522,3.1703,158.03675,69.78081,0,0,0,0,0,0,0,0,0,0,0,1,0,0,0,0,0,0,0,0,0,0,0,0,0,0,0,0,0,0,0,0,0,0,0,0,0,0,0,0
1176,비트무생채,55,20.874,0.23506,0.07378,5.1044,0.21,16.526,0.89344,146.064,0.116666667,0.02527,0.028182,6.069,8.64836,3.4335,0,0,0,0,0,0,0,0,0,0,0,1,0,0,0,0,0,0,0,0,0,0,0,0,0,0,0,0,0,0,0,0,0,0,0,0,0,0,0,0
1177,비트무초절임,45.2,13.412,0.3395,0.03164,3.20124,0.21,8.798,0.22102,142.41,0.116666667,0.02219,0.018606,4.179,8.631,3.4335,0,0,0,0,0,0,0,0,0,0,0,1,0,0,0,0,0,0,0,0,0,0,0,0,0,0,0,0,0,0,0,0,0,0,0,0,0,0,0,0
1178,사과미나리무침,60.2,37.072,0.6335,0.05348,9.33842,1.0122,8.918,0.16884,134.68,12.20216667,0.01211,0.101346,1.0437,21.24934,11.71632,0,0,0,0,0,0,0,0,0,0,0,1,0,0,0,0,0,0,0,0,0,0,0,0,0,0,0,0,0,0,0,0,0,0,0,0,0,0,0,0
1179,사과상추겉절이,61.6,67.004,0.70896,3.08644,9.99082,2.1882,19.726,0.46942,93.31,61.77266667,0.036036,0.137844,0.60158,1321.66538,26.79404,0,0,0,0,0,0,0,0,0,0,0,1,0,0,0,0,0,0,0,0,0,0,0,0,0,0,0,0,0,0,0,0,0,0,0,0,0,0,0,0
1180,사과상추무침,60.5,65.562,0.65198,3.08,9.72888,2.0846,18.922,0.46176,106.909,29.60766667,0.034986,0.130214,0.756,1317.05616,26.30824,0,0,0,0,0,0,0,0,0,0,0,1,0,0,0,0,0,0,0,0,0,0,0,0,0,0,0,0,0,0,0,0,0,0,0,0,0,0,0,0
1181,사과샐러드,56,77.21,0.1736,5.3151,7.8834,0.637,2.87,0.0973,32.34,1.47,0.00994,0.01561,0.6027,2753.4283,409.2956,0,0,0,0,0,0,0,0,0,0,0,1,0,0,0,0,0,0,0,0,0,0,0,0,0,0,0,0,0,0,0,0,0,0,0,0,0,0,0,0
1182,사과샐러드(마요네즈),57.4,126.42,1.8158,10.33928,8.12308,1.0206,20.132,0.42028,34.398,1.538833333,0.017234,0.083328,0.5166,3277.35702,410.02388,0,0,0,0,0,0,0,0,0,0,0,1,0,0,0,0,0,0,0,0,0,0,0,0,0,0,0,0,0,0,0,0,0,0,0,0,0,0,0,0
1183,사과샐러드(발사믹드레싱),55.3,48.741,0.25942,2.82597,5.87216,0.686,4.424,0.14917,1.127,4.097333334,0.03227,0.026278,14.4228,239.73348,24.63888,0,0,0,0,0,0,0,0,0,0,0,1,0,0,0,0,0,0,0,0,0,0,0,0,0,0,0,0,0,0,0,0,0,0,0,0,0,0,0,0
1184,사과연근샐러드,53.2,59.962,0.34412,3.2011,7.99876,0.917,5.81,0.1771,22.344,0.933333333,0.019096,0.028126,4.3995,1657.6679,246.66208,0,0,0,0,0,0,0,0,0,0,0,1,0,0,0,0,0,0,0,0,0,0,0,0,0,0,0,0,0,0,0,0,0,0,0,0,0,0,0,0
1185,사과오렌지샐러드(요거트드레싱),70,37.8,1.036,0.5768,7.854,0.504,29.82,0.0938,6.72,10.61666667,0.0385,0.0329,12.5692,15.2236,2.9974,0,0,0,0,0,0,0,0,0,0,0,1,0,0,0,0,0,0,0,0,0,0,0,0,0,0,0,0,0,0,0,0,0,0,0,0,0,0,0,0
1186,(우유제외)사과오렌지샐러드(마요네즈),63,77.77,0.3815,5.3347,7.8337,0.364,11.48,0.1281,32.62,3.3775,0.03717,0.01596,12.3844,2750.2006,408.3884,0,0,0,0,0,0,0,0,0,0,0,1,0,0,0,0,0,0,0,0,0,0,0,0,0,0,0,0,0,0,0,0,0,0,0,0,0,0,0,0
1187,사과참외샐러드,53.2,55.412,0.43092,3.2494,6.82976,0.721,2.94,0.1113,19.824,0.974166667,0.006986,0.025816,0.7623,1687.0021,247.42368,0,0,0,0,0,0,0,0,0,0,0,1,0,0,0,0,0,0,0,0,0,0,0,0,0,0,0,0,0,0,0,0,0,0,0,0,0,0,0,0
1188,사과치커리무침,60.2,36.232,0.6181,0.04788,9.12842,0.8022,15.638,0.36624,153.02,26.0855,0.01141,0.087766,0.8253,12.21514,17.22952,0,0,0,0,0,0,0,0,0,0,0,1,0,0,0,0,0,0,0,0,0,0,0,0,0,0,0,0,0,0,0,0,0,0,0,0,0,0,0,0
1189,삼색나물,67.5,56.826,2.18848,4.59382,3.32332,1.134,19.818,0.87728,113.013,50.46066667,0.08064,0.13237,13.1103,1590.31796,197.6037,0,0,0,0,0,0,0,0,0,0,0,1,0,0,0,0,0,0,0,0,0,0,0,0,0,0,0,0,0,0,0,0,0,0,0,0,0,0,0,0
1190,삼색나물(고사리),51.3,24.248,1.91673,1.09868,2.68772,0.7818,20.151,0.81065,45.032,53.89541667,0.045061,0.127442,13.28436,356.09685,53.91918,0,0,0,0,0,0,0,0,0,0,0,1,0,0,0,0,0,0,0,0,0,0,0,0,0,0,0,0,0,0,0,0,0,0,0,0,0,0,0,0
1191,삼색초무침,75.7,46.774,2.9204,0.04368,9.29768,0.763,60.506,0.28734,202.521,1.650833333,0.01449,0.058562,7.2576,5.5587,8.2866,0,0,0,0,0,0,0,0,0,0,0,1,0,0,0,0,0,0,0,0,0,0,0,0,0,0,0,0,0,0,0,0,0,0,0,0,0,0,0,0
1192,상추+쌈장,56,41.16,1.8452,0.7994,6.9972,2.996,48.58,0.9184,381.78,43.575,0.06412,0.14532,0,341.3564,46.7628,0,0,0,0,0,0,0,0,0,0,0,1,0,0,0,0,0,0,0,0,0,0,0,0,0,0,0,0,0,0,0,0,0,0,0,0,0,0,0,0
1193,상추겉절이,62.3,31.983,1.20526,0.38563,6.83368,3.0226,50.162,0.98742,151.984,60.13175,0.068754,0.27643,0.07455,147.12572,10.60227,0,0,0,0,0,0,0,0,0,0,0,1,0,0,0,0,0,0,0,0,0,0,0,0,0,0,0,0,0,0,0,0,0,0,0,0,0,0,0,0
1194,상추달래겉절이,64.4,38.01,1.51578,0.49308,8.06596,3.4216,46.816,1.32902,148.106,70.30683333,0.068754,0.276514,0.0994,229.96974,24.73534,0,0,0,0,0,0,0,0,0,0,0,1,0,0,0,0,0,0,0,0,0,0,0,0,0,0,0,0,0,0,0,0,0,0,0,0,0,0,0,0
1195,상추무생채,58.1,25.179,1.01556,0.30989,5.27828,1.8452,24.528,0.47712,141.456,29.59191667,0.04977,0.165648,2.59385,155.0906,13.68591,0,0,0,0,0,0,0,0,0,0,0,1,0,0,0,0,0,0,0,0,0,0,0,0,0,0,0,0,0,0,0,0,0,0,0,0,0,0,0,0
1196,상추무침,36.3,24.012,0.9085,0.7444,4.02976,1.8264,47.718,0.64158,142.649,80.57508334,0.055762,0.15347,0.2901,204.71734,23.95895,0,0,0,0,0,0,0,0,0,0,0,1,0,0,0,0,0,0,0,0,0,0,0,0,0,0,0,0,0,0,0,0,0,0,0,0,0,0,0,0
1197,상추묵무침,105,41.118,1.0654,0.29022,9.03322,1.561,25.732,0.6979,172.186,55.6745,0.03423,0.144284,2.58132,82.50494,7.81074,0,0,0,0,0,0,0,0,0,0,0,1,0,0,0,0,0,0,0,0,0,0,0,0,0,0,0,0,0,0,0,0,0,0,0,0,0,0,0,0
1198,상추배생채,60.6,62.762,0.67718,3.08,8.93928,2.1126,18.402,0.44236,140.506,29.351,0.034706,0.136934,1.1844,1317.86816,25.42344,0,0,0,0,0,0,0,0,0,0,0,1,0,0,0,0,0,0,0,0,0,0,0,0,0,0,0,0,0,0,0,0,0,0,0,0,0,0,0,0
1199,상추부추무침,70,60.186,1.38628,3.1801,7.3339,2.387,38.472,1.4168,147.112,75.17183334,0.080458,0.232456,1.2614,1317.34596,25.58444,0,0,0,0,0,0,0,0,0,0,0,1,0,0,0,0,0,0,0,0,0,0,0,0,0,0,0,0,0,0,0,0,0,0,0,0,0,0,0,0
1200,상추사과무침,67.2,45.766,0.84427,0.29736,11.1272,2.198,17.948,0.4655,105.889,30.18341667,0.037016,0.162904,0.59115,153.57678,12.41667,0,0,0,0,0,0,0,0,0,0,0,1,0,0,0,0,0,0,0,0,0,0,0,0,0,0,0,0,0,0,0,0,0,0,0,0,0,0,0,0
1201,상추사과초무침,81.1,28.93,0.70726,0.484,6.30747,2.7928,48.781,0.85691,94.586,44.9075,0.056455,0.167605,0.68427,144.88176,2.98714,0,0,0,0,0,0,0,0,0,0,0,1,0,0,0,0,0,0,0,0,0,0,0,0,0,0,0,0,0,0,0,0,0,0,0,0,0,0,0,0
1202,상추쌈,49,8.82,0.539,0.147,1.764,1.911,46.55,0.784,17.64,42.46666667,0.0539,0.1519,0,0,0,0,0,0,0,0,0,0,0,0,0,0,1,0,0,0,0,0,0,0,0,0,0,0,0,0,0,0,0,0,0,0,0,0,0,0,0,0,0,0,0
1203,상추쑥갓무침,70,58.716,1.41358,3.1528,6.9664,2.891,51.702,0.8687,176.932,116.9093333,0.052948,0.234136,2.3954,1325.80896,43.20764,0,0,0,0,0,0,0,0,0,0,0,1,0,0,0,0,0,0,0,0,0,0,0,0,0,0,0,0,0,0,0,0,0,0,0,0,0,0,0,0
1204,상추오이무침,57.7,27.179,0.92129,0.88726,4.51473,1.5975,27.569,0.49953,180.298,28.70466667,0.033198,0.124574,3.35169,367.89554,11.20882,0,0,0,0,0,0,0,0,0,0,0,1,0,0,0,0,0,0,0,0,0,0,0,0,0,0,0,0,0,0,0,0,0,0,0,0,0,0,0,0
1205,상추유자청무침,60.2,37.058,1.17572,0.3654,8.0304,2.7608,44.758,0.91252,150.486,54.25583333,0.065716,0.249956,4.2994,147.45444,10.7772,0,0,0,0,0,0,0,0,0,0,0,1,0,0,0,0,0,0,0,0,0,0,0,0,0,0,0,0,0,0,0,0,0,0,0,0,0,0,0,0
1206,상추초무침,52.5,16.261,0.69244,0.17682,3.51204,1.9817,36.925,0.64659,48.013,66.97833334,0.047334,0.144977,0.64785,43.88867,3.3145,0,0,0,0,0,0,0,0,0,0,0,1,0,0,0,0,0,0,0,0,0,0,0,0,0,0,0,0,0,0,0,0,0,0,0,0,0,0,0,0
1207,새송이버섯나물,37.9,33.026,1.0815,2.84452,2.47142,1.015,1.944,0.1822,36.145,0.025666667,0.0133,0.09296,0,1197.658,14.95396,0,0,0,0,0,0,0,0,0,0,0,1,0,0,0,0,0,0,0,0,0,0,0,0,0,0,0,0,0,0,0,0,0,0,0,0,0,0,0,0
1208,새싹채소샐러드,53.2,41.622,1.11622,3.2907,2.56466,0.945,19.18,0.3038,23.464,3.371666666,0.037366,0.048216,5.3816,1665.6696,261.81708,0,0,0,0,0,0,0,0,0,0,0,1,0,0,0,0,0,0,0,0,0,0,0,0,0,0,0,0,0,0,0,0,0,0,0,0,0,0,0,0
1209,새싹채소샐러드(오리엔탈드레싱),51,20.122,1.13785,0.81343,2.71836,0.9506,18.536,0.2928,37.599,2.800583333,0.036703,0.05938,5.3816,75.44292,22.48827,0,0,0,0,0,0,0,0,0,0,0,1,0,0,0,0,0,0,0,0,0,0,0,0,0,0,0,0,0,0,0,0,0,0,0,0,0,0,0,0
1210,생취나물무침,52.4,32.539,1.5894,0.65507,6.21804,2.3744,70.158,3.04299,136.422,94.00108332,0.030552,0.289632,6.3014,172.44275,91.01251,0,0,0,0,0,0,0,0,0,0,0,1,0,0,0,0,0,0,0,0,0,0,0,0,0,0,0,0,0,0,0,0,0,0,0,0,0,0,0,0
1211,세발나물,52.5,35.217,0.85295,2.85712,1.8788,1.3286,26.369,0.46711,191.219,111.0515,0.072793,0.080948,1.6807,1179.7226,42.83006,0,0,0,0,0,0,0,0,0,0,0,1,0,0,0,0,0,0,0,0,0,0,0,0,0,0,0,0,0,0,0,0,0,0,0,0,0,0,0,0
1212,세발나물된장무침,54.6,38.332,1.0997,2.96072,2.18302,1.323,28.462,0.6517,297.486,111.0515,0.0938,0.07854,1.6807,1179.7226,42.83006,0,0,0,0,0,0,0,0,0,0,0,1,0,0,0,0,0,0,0,0,0,0,0,0,0,0,0,0,0,0,0,0,0,0,0,0,0,0,0,0
1213,세발나물무침,63,57.176,1.41778,3.0926,6.7319,2.401,29.302,0.6419,292.082,128.2318333,0.085988,0.192136,1.6807,1325.86216,52.90754,0,0,0,0,0,0,0,0,0,0,0,1,0,0,0,0,0,0,0,0,0,0,0,0,0,0,0,0,0,0,0,0,0,0,0,0,0,0,0,0
1214,세발나물초무침,58.8,58.73,1.53188,4.14162,4.76238,2.051,59.08,0.67144,240.142,118.2066666,0.091448,0.087164,1.6807,1761.06602,50.62176,0,0,0,0,0,0,0,0,0,0,0,1,0,0,0,0,0,0,0,0,0,0,0,0,0,0,0,0,0,0,0,0,0,0,0,0,0,0,0,0
1215,수박샐러드,172.2,122.304,1.18818,5.39336,19.37418,1.071,12.194,0.34468,33.474,80.90483333,0.039802,0.10087,0.93366,2772.38332,412.4848,0,0,0,0,0,0,0,0,0,0,0,1,0,0,0,0,0,0,0,0,0,0,0,0,0,0,0,0,0,0,0,0,0,0,0,0,0,0,0,0
1216,숙주나물,53.2,11.216,0.96923,0.37273,1.48624,0.8906,9.54,0.19743,44.912,2.259,0.036294,0.038536,3.98939,148.84054,7.41642,0,0,0,0,0,0,0,0,0,0,0,1,0,0,0,0,0,0,0,0,0,0,0,0,0,0,0,0,0,0,0,0,0,0,0,0,0,0,0,0
1217,숙주나물김무침,51,10.437,1.13036,0.33622,1.46272,0.8442,9.062,0.24259,111.857,13.4935,0.043162,0.049938,4.22345,129.58777,6.22144,0,0,0,0,0,0,0,0,0,0,0,1,0,0,0,0,0,0,0,0,0,0,0,0,0,0,0,0,0,0,0,0,0,0,0,0,0,0,0,0
1218,숙주나물무침,50.6,9.651,0.88125,0.32468,1.26057,0.8541,6.811,0.12185,102.805,0.3685,0.035116,0.030116,3.60803,129.76246,6.22144,0,0,0,0,0,0,0,0,0,0,0,1,0,0,0,0,0,0,0,0,0,0,0,0,0,0,0,0,0,0,0,0,0,0,0,0,0,0,0,0
1219,숙주당근나물,53.2,12.476,0.91953,0.37833,1.81454,0.9886,10.31,0.20163,46.242,34.4065,0.033984,0.038816,3.69399,154.02404,7.33452,0,0,0,0,0,0,0,0,0,0,0,1,0,0,0,0,0,0,0,0,0,0,0,0,0,0,0,0,0,0,0,0,0,0,0,0,0,0,0,0
1220,숙주미나리나물,50.2,11.791,0.95227,0.47296,1.44016,1.0112,11.445,0.14718,102.881,5.7985,0.032189,0.048124,3.33328,190.46779,10.67844,0,0,0,0,0,0,0,0,0,0,0,1,0,0,0,0,0,0,0,0,0,0,0,0,0,0,0,0,0,0,0,0,0,0,0,0,0,0,0,0
1221,숙주초고추장무침,51.7,12.605,0.93431,0.34106,2.01349,0.8877,6.957,0.13903,29.482,2.721666666,0.035116,0.03272,3.60803,138.45548,7.02266,0,0,0,0,0,0,0,0,0,0,0,1,0,0,0,0,0,0,0,0,0,0,0,0,0,0,0,0,0,0,0,0,0,0,0,0,0,0,0,0
1222,숙주초무침,44.5,14.155,0.79079,0.71817,1.50178,0.7196,5.973,0.11658,35.284,0.181416667,0.029778,0.038594,3.0408,295.12049,7.54789,0,0,0,0,0,0,0,0,0,0,0,1,0,0,0,0,0,0,0,0,0,0,0,0,0,0,0,0,0,0,0,0,0,0,0,0,0,0,0,0
1223,시금치김무침,55.9,26.437,2.75356,0.73097,4.38743,0.0899,32.21,1.81551,105.642,170.589,0.095738,0.262868,32.12629,180.57969,2.81646,0,0,0,0,0,0,0,0,0,0,0,1,0,0,0,0,0,0,0,0,0,0,0,0,0,0,0,0,0,0,0,0,0,0,0,0,0,0,0,0
1224,시금치나물,52.5,20.911,1.62947,0.59246,3.26172,0.0604,21.258,1.30665,69.412,117.92525,0.06134,0.174574,29.53302,144.16356,2.29851,0,0,0,0,0,0,0,0,0,0,0,1,0,0,0,0,0,0,0,0,0,0,0,0,0,0,0,0,0,0,0,0,0,0,0,0,0,0,0,0
1225,시금치된장무침,54.6,45.682,1.8298,3.13712,3.36392,0,23.072,1.519,166.656,117.4623333,0.08008,0.17752,29.4,1165.395,14.95396,0,0,0,0,0,0,0,0,0,0,0,1,0,0,0,0,0,0,0,0,0,0,0,0,0,0,0,0,0,0,0,0,0,0,0,0,0,0,0,0
1226,시래기나물,52.7,17.125,0.93659,0.56998,2.65858,2.1956,56.286,0.76083,87.546,73.45991668,0.04341,0.036378,0.13302,190.75976,74.48533,0,0,0,0,0,0,0,0,0,0,0,1,0,0,0,0,0,0,0,0,0,0,0,0,0,0,0,0,0,0,0,0,0,0,0,0,0,0,0,0
1227,시래기된장무침,54.9,22.377,1.14347,0.93654,2.89493,2.1505,56.017,0.94333,184.456,73.46033335,0.0632,0.034792,0.11013,302.8437,76.10708,0,0,0,0,0,0,0,0,0,0,0,1,0,0,0,0,0,0,0,0,0,0,0,0,0,0,0,0,0,0,0,0,0,0,0,0,0,0,0,0
1228,시래기들깨나물,56.6,37.714,1.81127,2.10373,3.82201,3.0773,70.146,1.06674,87.582,73.57216668,0.057201,0.05946,0.13302,353.62085,1113.57454,0,0,0,0,0,0,0,0,0,0,0,1,0,0,0,0,0,0,0,0,0,0,0,0,0,0,0,0,0,0,0,0,0,0,0,0,0,0,0,0
1229,시래기볶음나물,55.9,42.817,0.96653,3.3664,2.61209,2.1997,56.486,0.77895,78.153,73.62150002,0.043336,0.045546,0.0994,743.9126,391.63454,0,0,0,0,0,0,0,0,0,0,0,1,0,0,0,0,0,0,0,0,0,0,0,0,0,0,0,0,0,0,0,0,0,0,0,0,0,0,0,0
1230,실곤약간장채소무침,75.6,40.88,0.8561,2.81442,3.80254,1.6464,34.454,0.33404,140.532,33.07733334,0.011312,0.061922,4.9364,1175.748,20.78076,0,0,0,0,0,0,0,0,0,0,0,1,0,0,0,0,0,0,0,0,0,0,0,0,0,0,0,0,0,0,0,0,0,0,0,0,0,0,0,0
1231,실곤약채소무침,80.5,53.487,0.92925,2.89632,7.2198,1.7976,35.259,0.38871,177.429,44.84316667,0.010493,0.040838,4.9364,1219.2131,24.78686,0,0,0,0,0,0,0,0,0,0,0,1,0,0,0,0,0,0,0,0,0,0,0,0,0,0,0,0,0,0,0,0,0,0,0,0,0,0,0,0
1232,실파김무침,11.1,11.233,1.34383,0.4915,1.60689,0.1249,17.006,0.71413,69.767,57.6335,0.037008,0.113264,3.5623,182.4265,5.11274,0,0,0,0,0,0,0,0,0,0,0,1,0,0,0,0,0,0,0,0,0,0,0,0,0,0,0,0,0,0,0,0,0,0,0,0,0,0,0,0
1233,모듬채소,33.6,6.566,0.37576,0.06146,1.3958,0.9408,19.404,0.308,7.952,47.23483334,0.021266,0.059752,1.3139,6.61402,1.22038,0,0,0,0,0,0,0,0,0,0,0,1,0,0,0,0,0,0,0,0,0,0,0,0,0,0,0,0,0,0,0,0,0,0,0,0,0,0,0,0
1234,쌈채소,35,6.93,0.3878,0.0735,1.4616,1.085,22.89,0.3696,9.38,50.7325,0.02583,0.07182,0.9989,6.3847,1.0297,0,0,0,0,0,0,0,0,0,0,0,1,0,0,0,0,0,0,0,0,0,0,0,0,0,0,0,0,0,0,0,0,0,0,0,0,0,0,0,0
1235,쌈채소+쌈장,53.2,23.59,1.42716,0.34552,4.35176,2.2904,66.934,0.71092,119.518,141.1433333,0.077266,0.147476,1.3811,118.52302,49.36274,0,0,0,0,0,0,0,0,0,0,0,1,0,0,0,0,0,0,0,0,0,0,0,0,0,0,0,0,0,0,0,0,0,0,0,0,0,0,0,0
1236,쑥갓나물,52.5,33.747,1.00975,2.87182,1.2712,1.1816,45.969,0.44751,104.979,100.9656667,0.014483,0.056448,5.096,1185.142,56.07476,0,0,0,0,0,0,0,0,0,0,0,1,0,0,0,0,0,0,0,0,0,0,0,0,0,0,0,0,0,0,0,0,0,0,0,0,0,0,0,0
1237,쑥갓나물무침,49.9,11.15,0.99978,0.42766,1.28035,1.2033,45.645,0.40222,104.705,100.9438333,0.015027,0.047366,5.14344,162.97472,42.89452,0,0,0,0,0,0,0,0,0,0,0,1,0,0,0,0,0,0,0,0,0,0,0,0,0,0,0,0,0,0,0,0,0,0,0,0,0,0,0,0
1238,쑥갓들깨무침,57.4,50.75,1.83694,3.98454,2.43782,1.8144,57.442,0.69846,205.45,101.0426667,0.025186,0.111804,5.096,1329.97816,749.14392,0,0,0,0,0,0,0,0,0,0,0,1,0,0,0,0,0,0,0,0,0,0,0,0,0,0,0,0,0,0,0,0,0,0,0,0,0,0,0,0
1239,쑥갓무침,67.2,56.588,1.64724,3.11318,6.30238,2.3002,51.926,0.7336,205.842,121.2225,0.028938,0.17381,5.67098,1333.18332,67.94984,0,0,0,0,0,0,0,0,0,0,0,1,0,0,0,0,0,0,0,0,0,0,0,0,0,0,0,0,0,0,0,0,0,0,0,0,0,0,0,0
1240,쑥갓팽이버섯나물,59.9,51.921,1.38713,4.33444,3.34292,1.6144,23.306,0.58887,165.404,44.09466667,0.031191,0.124482,2.34383,1503.0819,206.88326,0,0,0,0,0,0,0,0,0,0,0,1,0,0,0,0,0,0,0,0,0,0,0,0,0,0,0,0,0,0,0,0,0,0,0,0,0,0,0,0
1241,아욱나물무침,52.7,23.985,1.67159,0.58958,4.10898,2.2936,134.196,0.32473,61.086,159.74075,0.08702,0.252958,20.32592,197.33066,85.98073,0,0,0,0,0,0,0,0,0,0,0,1,0,0,0,0,0,0,0,0,0,0,0,0,0,0,0,0,0,0,0,0,0,0,0,0,0,0,0,0
1242,아욱된장무침,54.6,47.642,1.82,3.04402,4.16752,2.205,134.302,0.5243,158.326,159.2756667,0.10507,0.25004,20.1929,1182.3,98.29316,0,0,0,0,0,0,0,0,0,0,0,1,0,0,0,0,0,0,0,0,0,0,0,0,0,0,0,0,0,0,0,0,0,0,0,0,0,0,0,0
1243,아욱무침,52.7,23.985,1.67159,0.58958,4.10898,2.2936,134.196,0.32473,61.086,159.74075,0.08702,0.252958,20.32592,197.33066,85.98073,0,0,0,0,0,0,0,0,0,0,0,1,0,0,0,0,0,0,0,0,0,0,0,0,0,0,0,0,0,0,0,0,0,0,0,0,0,0,0,0
1244,애호박나물,54.1,32.257,0.60013,2.18149,2.93724,1.0632,9.787,0.17689,43.803,9.496,0.019748,0.041918,1.98355,899.99244,29.82918,0,0,0,0,0,0,0,0,0,0,0,1,0,0,0,0,0,0,0,0,0,0,0,0,0,0,0,0,0,0,0,0,0,0,0,0,0,0,0,0
1245,양배추나물,52.5,20.869,0.93262,0.38645,4.19076,1.3729,24.716,0.20338,46.872,2.072916667,0.018934,0.025257,9.93036,151.74778,17.55872,0,0,0,0,0,0,0,0,0,0,0,1,0,0,0,0,0,0,0,0,0,0,0,0,0,0,0,0,0,0,0,0,0,0,0,0,0,0,0,0
1246,양배추된장나물,54.6,45.682,1.134,2.93132,4.30472,1.323,25.522,0.3773,144.116,0.5565,0.03843,0.02709,9.5844,1173.0145,29.84016,0,0,0,0,0,0,0,0,0,0,0,1,0,0,0,0,0,0,0,0,0,0,0,0,0,0,0,0,0,0,0,0,0,0,0,0,0,0,0,0
1247,양배추된장무침,55.9,31.272,1.26243,0.61475,5.99551,1.3685,28.564,0.40959,143.744,0.85675,0.04171,0.037324,9.71712,133.5483,16.83827,0,0,0,0,0,0,0,0,0,0,0,1,0,0,0,0,0,0,0,0,0,0,0,0,0,0,0,0,0,0,0,0,0,0,0,0,0,0,0,0
1248,양배추마요무침,70,67.76,1.0185,5.341,4.6956,1.449,24.5,0.1995,37.73,34.36416667,0.01918,0.02632,10.0016,2759.386,421.4448,0,0,0,0,0,0,0,0,0,0,0,1,0,0,0,0,0,0,0,0,0,0,0,0,0,0,0,0,0,0,0,0,0,0,0,0,0,0,0,0
1249,양배추무침,52.5,22.673,0.9688,0.73143,3.6008,1.0934,17.801,0.18109,138.306,33.19808334,0.013762,0.064302,7.2632,302.66075,13.75129,0,0,0,0,0,0,0,0,0,0,0,1,0,0,0,0,0,0,0,0,0,0,0,0,0,0,0,0,0,0,0,0,0,0,0,0,0,0,0,0
1250,양배추사과샐러드,56,70.77,0.5852,5.3263,5.8534,1.029,14.63,0.1393,34.58,1.516666666,0.01498,0.01785,5.7351,2753.4787,416.5924,0,0,0,0,0,0,0,0,0,0,0,1,0,0,0,0,0,0,0,0,0,0,0,0,0,0,0,0,0,0,0,0,0,0,0,0,0,0,0,0
1251,양배추샐러드,60.2,46.872,0.90482,3.2214,4.30206,1.4,22.68,0.1701,24.584,33.6,0.018396,0.022596,9.2141,1660.4539,258.09658,0,0,0,0,0,0,0,0,0,0,0,1,0,0,0,0,0,0,0,0,0,0,0,0,0,0,0,0,0,0,0,0,0,0,0,0,0,0,0,0
1252,양배추샐러드(딸기드레싱),65,32.543,0.802,1.46503,4.73778,1.225,16.973,0.18479,5.077,35.74783334,0.01685,0.033272,25.7602,132.68144,23.34384,0,0,0,0,0,0,0,0,0,0,0,1,0,0,0,0,0,0,0,0,0,0,0,0,0,0,0,0,0,0,0,0,0,0,0,0,0,0,0,0
1253,양배추샐러드(레몬드레싱),58.8,32.522,0.6692,1.45124,4.95754,0.868,13.426,0.14042,2.352,3.851166667,0.01253,0.035476,23.3471,127.69484,21.87794,0,0,0,0,0,0,0,0,0,0,0,1,0,0,0,0,0,0,0,0,0,0,0,0,0,0,0,0,0,0,0,0,0,0,0,0,0,0,0,0
1254,양배추샐러드(사우전아일랜드드레싱),63,52.682,1.1753,3.44204,4.80718,1.0836,16.436,0.21532,70.154,7.575166667,0.014812,0.049336,20.3931,1694.27384,256.36772,0,0,0,0,0,0,0,0,0,0,0,1,0,0,0,0,0,0,0,0,0,0,0,0,0,0,0,0,0,0,0,0,0,0,0,0,0,0,0,0
1255,양배추샐러드(참깨드레싱),60.2,78.358,2.00634,5.66202,6.0046,1.8032,74.536,0.4844,21.602,4.474166667,0.0238,0.179816,19.8471,2680.04324,265.69732,0,0,0,0,0,0,0,0,0,0,0,1,0,0,0,0,0,0,0,0,0,0,0,0,0,0,0,0,0,0,0,0,0,0,0,0,0,0,0,0
1256,양배추쌈장무침,54.6,48.566,1.09984,2.9624,4.98176,1.5946,24.99,0.23058,77.7,1.9915,0.020734,0.021154,9.5844,1241.28578,39.19272,0,0,0,0,0,0,0,0,0,0,0,1,0,0,0,0,0,0,0,0,0,0,0,0,0,0,0,0,0,0,0,0,0,0,0,0,0,0,0,0
1257,양배추오이무침,52,17.191,0.94731,0.27152,3.47166,1.203,16.436,0.19888,103.162,10.52425,0.013027,0.058152,6.71148,132.67492,12.18997,0,0,0,0,0,0,0,0,0,0,0,1,0,0,0,0,0,0,0,0,0,0,0,0,0,0,0,0,0,0,0,0,0,0,0,0,0,0,0,0
1258,양배추오이샐러드,53.2,43.582,0.61082,3.2235,3.55516,1.155,18.27,0.2275,25.074,39.865,0.016436,0.038766,4.6235,1657.7176,250.14318,0,0,0,0,0,0,0,0,0,0,0,1,0,0,0,0,0,0,0,0,0,0,0,0,0,0,0,0,0,0,0,0,0,0,0,0,0,0,0,0
1259,양배추유자청무침,71.4,70.462,1.36122,3.07188,10.23428,2.2862,20.958,0.41482,139.23,39.68533333,0.033572,0.145768,24.37974,1327.8531,37.75464,0,0,0,0,0,0,0,0,0,0,0,1,0,0,0,0,0,0,0,0,0,0,0,0,0,0,0,0,0,0,0,0,0,0,0,0,0,0,0,0
1260,양배추유자청샐러드,63.6,34.787,0.91849,0.04447,8.42861,1.4099,23.101,0.18489,39.836,33.01666667,0.021994,0.033212,13.44968,13.09039,13.7893,0,0,0,0,0,0,0,0,0,0,0,1,0,0,0,0,0,0,0,0,0,0,0,0,0,0,0,0,0,0,0,0,0,0,0,0,0,0,0,0
1261,양배추채무침,55.3,48.629,1.26112,3.14349,4.50065,1.4441,29.932,0.27167,138.306,0.564083333,0.020657,0.084126,9.5844,1299.93185,31.04073,0,0,0,0,0,0,0,0,0,0,0,1,0,0,0,0,0,0,0,0,0,0,0,0,0,0,0,0,0,0,0,0,0,0,0,0,0,0,0,0
1262,양배추초절임,50.8,24.192,0.89292,0.05481,5.85564,1.3734,31.639,0.19925,137.853,26.9325,0.028728,0.04788,8.32986,9.45042,23.05086,0,0,0,0,0,0,0,0,0,0,0,1,0,0,0,0,0,0,0,0,0,0,0,0,0,0,0,0,0,0,0,0,0,0,0,0,0,0,0,0
1263,양배추콘샐러드,56,74.55,0.8701,5.425,5.9619,1.015,14.07,0.1778,64.68,33.94416667,0.01169,0.03353,5.7715,2791.0162,416.6379,0,0,0,0,0,0,0,0,0,0,0,1,0,0,0,0,0,0,0,0,0,0,0,0,0,0,0,0,0,0,0,0,0,0,0,0,0,0,0,0
1264,양배추호두무침,46.2,89.502,1.3307,8.1963,3.6631,0.945,20.468,0.2716,37.114,1.4805,0.02184,0.02709,6.846,2751.3395,417.8118,0,0,0,0,0,0,0,0,0,0,0,1,0,0,0,0,0,0,0,0,0,0,0,0,0,0,0,0,0,0,0,0,0,0,0,0,0,0,0,0
1265,양상추과일샐러드,56,75.11,0.3591,5.3179,7.154,0.756,4.97,0.1554,32.62,2.350833333,0.03857,0.02359,1.197,2752.7927,409.2312,0,0,0,0,0,0,0,0,0,0,0,1,0,0,0,0,0,0,0,0,0,0,0,0,0,0,0,0,0,0,0,0,0,0,0,0,0,0,0,0
1266,(우유제외)양상추딸기샐러드,64.4,77.014,0.4767,6.7466,4.0285,0.567,7.77,0.2604,36.078,7.088666666,0.06265,0.01925,15.7059,2864.84884,417.62644,0,0,0,0,0,0,0,0,0,0,0,1,0,0,0,0,0,0,0,0,0,0,0,0,0,0,0,0,0,0,0,0,0,0,0,0,0,0,0,0
1267,양상추딸기샐러드,64.4,50.092,0.65184,3.73058,3.89956,0.609,12.852,0.23856,18.606,8.954166667,0.062566,0.023324,15.76134,1220.58664,173.8555,0,0,0,0,0,0,0,0,0,0,0,1,0,0,0,0,0,0,0,0,0,0,0,0,0,0,0,0,0,0,0,0,0,0,0,0,0,0,0,0
1268,양상추사과샐러드,56,66.57,0.2828,5.3039,4.9238,0.693,6.23,0.1757,32.9,3.033333333,0.05838,0.01421,0.2583,2749.1247,408.086,0,0,0,0,0,0,0,0,0,0,0,1,0,0,0,0,0,0,0,0,0,0,0,0,0,0,0,0,0,0,0,0,0,0,0,0,0,0,0,0
1269,양상추샐러드,75.6,53.312,0.70854,2.82492,6.71132,1.057,9.744,0.28714,136.136,25.03783333,0.086296,0.08792,14.5383,240.72342,24.1038,0,0,0,0,0,0,0,0,0,0,0,1,0,0,0,0,0,0,0,0,0,0,0,0,0,0,0,0,0,0,0,0,0,0,0,0,0,0,0,0
1270,양상추샐러드(레몬드레싱),63,62.048,0.385,4.24088,6.04688,0.84,7.392,0.18914,2.632,37.07433334,0.06069,0.042042,17.8759,358.34022,35.01162,0,0,0,0,0,0,0,0,0,0,0,1,0,0,0,0,0,0,0,0,0,0,0,0,0,0,0,0,0,0,0,0,0,0,0,0,0,0,0,0
1271,양상추샐러드(발사믹드레싱),55.3,41.671,0.37072,2.82667,3.82256,0.84,7.574,0.19957,3.017,36.9915,0.05789,0.028168,14.3759,242.31718,24.28468,0,0,0,0,0,0,0,0,0,0,0,1,0,0,0,0,0,0,0,0,0,0,0,0,0,0,0,0,0,0,0,0,0,0,0,0,0,0,0,0
1272,양상추샐러드(사우전아일랜드드레싱),63,49.532,0.9485,3.42524,4.10998,0.8316,10.136,0.24262,68.894,8.712666667,0.047362,0.046606,16.2855,1691.00834,249.98792,0,0,0,0,0,0,0,0,0,0,0,1,0,0,0,0,0,0,0,0,0,0,0,0,0,0,0,0,0,0,0,0,0,0,0,0,0,0,0,0
1273,양상추샐러드(오리엔탈드레싱),51.8,26.015,0.45815,1.42145,3.16068,0.7868,7.114,0.26982,140.073,36.17133334,0.058369,0.035294,10.9606,125.51966,13.21096,0,0,0,0,0,0,0,0,0,0,0,1,0,0,0,0,0,0,0,0,0,0,0,0,0,0,0,0,0,0,0,0,0,0,0,0,0,0,0,0
1274,양상추샐러드(참깨드레싱),45.8,65.087,1.41498,5.37741,3.42556,1.1424,42.345,0.50873,125.359,21.80175,0.07106,0.136836,1.09284,2437.09122,253.97613,0,0,0,0,0,0,0,0,0,0,0,1,0,0,0,0,0,0,0,0,0,0,0,0,0,0,0,0,0,0,0,0,0,0,0,0,0,0,0,0
1275,양상추샐러드(키위드레싱),63.8,74.078,0.49252,6.06879,4.7508,0.7812,9.775,0.35143,25.447,37.0125,0.068162,0.030418,16.0006,1887.6809,267.47518,0,0,0,0,0,0,0,0,0,0,0,1,0,0,0,0,0,0,0,0,0,0,0,0,0,0,0,0,0,0,0,0,0,0,0,0,0,0,0,0
1276,양상추요거트샐러드,38.1,11.023,0.35504,0.40752,1.70408,0.553,9.198,0.14084,2.009,3.94475,0.067088,0.01106,0.03696,26.74608,2.49119,0,0,0,0,0,0,0,0,0,0,0,1,0,0,0,0,0,0,0,0,0,0,0,0,0,0,0,0,0,0,0,0,0,0,0,0,0,0,0,0
1277,양상추유자청무침,68.6,40.586,1.05882,0.26096,9.30076,1.9502,11.354,0.40222,137.102,41.17633333,0.076972,0.140168,18.90294,158.1041,14.29428,0,0,0,0,0,0,0,0,0,0,0,1,0,0,0,0,0,0,0,0,0,0,0,0,0,0,0,0,0,0,0,0,0,0,0,0,0,0,0,0
1278,양상추유자청샐러드,53.4,27.605,0.3899,0.02828,6.82126,0.8064,7.603,0.1942,36.805,36.407,0.05027,0.034282,18.82286,13.8019,4.41112,0,0,0,0,0,0,0,0,0,0,0,1,0,0,0,0,0,0,0,0,0,0,0,0,0,0,0,0,0,0,0,0,0,0,0,0,0,0,0,0
1279,양파초절임,38.2,15.022,0.3325,0.01414,3.77524,0.595,5.508,0.07402,135.48,0.058333333,0.01239,0.012306,2.058,6.09,0.336,0,0,0,0,0,0,0,0,0,0,0,1,0,0,0,0,0,0,0,0,0,0,0,0,0,0,0,0,0,0,0,0,0,0,0,0,0,0,0,0
1280,얼갈이나물,52.7,12.715,0.76019,0.47688,1.72758,1.3136,96.466,0.23163,69.416,61.41408332,0.03704,0.067248,10.83462,183.85076,23.54003,0,0,0,0,0,0,0,0,0,0,0,1,0,0,0,0,0,0,0,0,0,0,0,0,0,0,0,0,0,0,0,0,0,0,0,0,0,0,0,0
1281,얼갈이된장나물,54.6,36.372,0.9086,2.93132,1.78612,1.225,96.572,0.4312,166.656,60.94899998,0.05509,0.06433,10.7016,1168.8201,35.85246,0,0,0,0,0,0,0,0,0,0,0,1,0,0,0,0,0,0,0,0,0,0,0,0,0,0,0,0,0,0,0,0,0,0,0,0,0,0,0,0
1282,얼갈이무침,64.4,68.054,1.22668,4.45746,6.33696,2.303,98.014,0.4459,161.476,78.14216665,0.047278,0.178906,10.7016,1897.65716,53.40692,0,0,0,0,0,0,0,0,0,0,0,1,0,0,0,0,0,0,0,0,0,0,0,0,0,0,0,0,0,0,0,0,0,0,0,0,0,0,0,0
1283,얼갈이배추겉절이,59.5,40.257,1.36983,2.00396,4.99772,2.261,91.574,0.64533,103.46,70.41299998,0.057043,0.145978,9.68037,860.06662,37.19282,0,0,0,0,0,0,0,0,0,0,0,1,0,0,0,0,0,0,0,0,0,0,0,0,0,0,0,0,0,0,0,0,0,0,0,0,0,0,0,0
1284,연근들깨무침,61.6,102.41,2.6425,5.60462,10.98244,3.1794,42.994,1.02844,144.732,0.218166667,0.068432,0.161322,13.8915,1544.1111,1750.57666,0,0,0,0,0,0,0,0,0,0,0,1,0,0,0,0,0,0,0,0,0,0,0,0,0,0,0,0,0,0,0,0,0,0,0,0,0,0,0,0
1285,연근마요무침,56,86.52,0.8694,5.3298,8.9173,1.617,15.12,0.4305,42.63,1.020833333,0.04424,0.06412,13.8915,2762.5227,410.1286,0,0,0,0,0,0,0,0,0,0,0,1,0,0,0,0,0,0,0,0,0,0,0,0,0,0,0,0,0,0,0,0,0,0,0,0,0,0,0,0
1286,(우유제외)연근사과샐러드,62,111.294,2.07018,7.87399,9.05891,1.6898,27.19,0.41261,37.153,1.61,0.030436,0.084031,6.9993,3732.09179,413.66934,0,0,0,0,0,0,0,0,0,0,0,1,0,0,0,0,0,0,0,0,0,0,0,0,0,0,0,0,0,0,0,0,0,0,0,0,0,0,0,0
1287,연근사과샐러드,66.2,96.286,2.4045,6.02459,9.11407,1.7598,36.5,0.39931,27.437,5.331666667,0.031262,0.092837,7.0917,2639.19299,251.69172,0,0,0,0,0,0,0,0,0,0,0,1,0,0,0,0,0,0,0,0,0,0,0,0,0,0,0,0,0,0,0,0,0,0,0,0,0,0,0,0
1288,연근샐러드(참깨소스),60.9,112.623,1.95972,7.22449,10.53388,2.2092,51.016,0.69979,42.721,1.066333333,0.05873,0.191422,13.8915,3524.0268,417.33202,0,0,0,0,0,0,0,0,0,0,0,1,0,0,0,0,0,0,0,0,0,0,0,0,0,0,0,0,0,0,0,0,0,0,0,0,0,0,0,0
1289,연근유자청무침,60.2,83.622,0.87612,3.2116,12.95126,1.617,15.75,0.4501,30.744,0.641666667,0.047796,0.073976,18.0915,1664.1639,247.25708,0,0,0,0,0,0,0,0,0,0,0,1,0,0,0,0,0,0,0,0,0,0,0,0,0,0,0,0,0,0,0,0,0,0,0,0,0,0,0,0
1290,연근흑임자샐러드,56,84.504,1.41582,5.05442,9.02034,2.0608,58.828,0.51674,25.788,33.84266667,0.077098,0.066766,6.1649,2493.37144,254.20654,0,0,0,0,0,0,0,0,0,0,0,1,0,0,0,0,0,0,0,0,0,0,0,0,0,0,0,0,0,0,0,0,0,0,0,0,0,0,0,0
1291,연근흑임자소스무침,59.7,84.569,1.70968,5.30013,8.15764,2.1658,66.913,0.56055,93.928,35.73058334,0.035758,0.172136,22.3139,2464.41754,260.65245,0,0,0,0,0,0,0,0,0,0,0,1,0,0,0,0,0,0,0,0,0,0,0,0,0,0,0,0,0,0,0,0,0,0,0,0,0,0,0,0
1292,연두부샐러드(오리엔탈드레싱),60.3,43.877,2.77105,2.01819,3.62052,0.0464,23.891,0.78153,140.656,5.64475,0.083801,0.071144,0.31458,84.48907,2.83921,0,0,0,0,0,0,0,0,0,0,0,1,0,0,0,0,0,0,0,0,0,0,0,0,0,0,0,0,0,0,0,0,0,0,0,0,0,0,0,0
1293,열무나물,47.3,33.357,0.97091,2.92422,1.11958,0.5882,68.757,0.81028,63.512,95.48224999,0.020054,0.050128,3.29513,1191.81017,62.74367,0,0,0,0,0,0,0,0,0,0,0,1,0,0,0,0,0,0,0,0,0,0,0,0,0,0,0,0,0,0,0,0,0,0,0,0,0,0,0,0
1294,열무된장무침,49,35.686,1.20862,2.98228,1.31908,0.5614,70,0.9961,160.356,95.48116665,0.04018,0.053298,3.23666,1173.49652,62.57216,0,0,0,0,0,0,0,0,0,0,0,1,0,0,0,0,0,0,0,0,0,0,0,0,0,0,0,0,0,0,0,0,0,0,0,0,0,0,0,0
1295,열무들깨무침,61.6,72.52,2.863,5.67322,3.49034,2.1994,105.714,1.46944,157.962,110.3865,0.047362,0.147602,3.5525,1536.1976,1802.48236,0,0,0,0,0,0,0,0,0,0,0,1,0,0,0,0,0,0,0,0,0,0,0,0,0,0,0,0,0,0,0,0,0,0,0,0,0,0,0,0
1296,영양부추겉절이,54.6,27.2,0.95724,1.53988,2.86343,0.4926,14.307,1.29938,83.08,37.06416667,0.064341,0.044383,2.48313,606.5437,9.7017,0,0,0,0,0,0,0,0,0,0,0,1,0,0,0,0,0,0,0,0,0,0,0,0,0,0,0,0,0,0,0,0,0,0,0,0,0,0,0,0
1297,오이깍둑무침,49.3,21.501,1.09751,0.41598,4.09627,1.4539,13.815,0.3076,169.409,18.97116667,0.018218,0.100586,4.43212,150.62299,12.52818,0,0,0,0,0,0,0,0,0,0,0,1,0,0,0,0,0,0,0,0,0,0,0,0,0,0,0,0,0,0,0,0,0,0,0,0,0,0,0,0
1298,오이나물,52.7,15.802,0.73415,0.84577,1.74172,0.4288,12.331,0.1497,102.385,2.98525,0.003755,0.028748,5.62263,350.91585,8.11471,0,0,0,0,0,0,0,0,0,0,0,1,0,0,0,0,0,0,0,0,0,0,0,0,0,0,0,0,0,0,0,0,0,0,0,0,0,0,0,0
1299,오이달래무침,61.9,42.952,1.09522,1.67286,6.80204,1.8074,19.916,0.80126,103.465,34.23583333,0.025186,0.10507,3.94492,743.0703,29.64626,0,0,0,0,0,0,0,0,0,0,0,1,0,0,0,0,0,0,0,0,0,0,0,0,0,0,0,0,0,0,0,0,0,0,0,0,0,0,0,0
1300,오이당근무침,61.9,43.372,0.97202,1.66026,6.93224,1.8354,14.596,0.34906,105.705,85.0325,0.021406,0.10115,4.36772,745.2389,21.83286,0,0,0,0,0,0,0,0,0,0,0,1,0,0,0,0,0,0,0,0,0,0,0,0,0,0,0,0,0,0,0,0,0,0,0,0,0,0,0,0
1301,오이무생채,55.6,19.668,0.55753,0.16053,4.44621,0.3676,13.004,0.12536,136.55,1.716333333,0.014495,0.039799,4.73247,62.01815,4.60983,0,0,0,0,0,0,0,0,0,0,0,1,0,0,0,0,0,0,0,0,0,0,0,0,0,0,0,0,0,0,0,0,0,0,0,0,0,0,0,0
1302,오이무침,61.6,40.992,1.00002,1.64486,6.37504,1.4994,13.636,0.33726,2.114,21.39083333,0.016506,0.09723,5.51992,734.7627,21.68026,0,0,0,0,0,0,0,0,0,0,0,1,0,0,0,0,0,0,0,0,0,0,0,0,0,0,0,0,0,0,0,0,0,0,0,0,0,0,0,0
1303,오이미역초무침,58.8,34.286,1.22836,1.46314,5.19848,0.2184,37.828,0.36078,263.144,34.51116667,0.014672,0.102004,6.3,585.00806,9.38378,0,0,0,0,0,0,0,0,0,0,0,1,0,0,0,0,0,0,0,0,0,0,0,0,0,0,0,0,0,0,0,0,0,0,0,0,0,0,0,0
1304,오이뱃두리,26.5,12.513,1.27552,0.52995,0.80032,0.1602,4.124,0.09883,104.072,1.11225,0.007672,0.017004,2.40994,126.81657,3.03231,0,0,0,0,0,0,0,0,0,0,0,1,0,0,0,0,0,0,0,0,0,0,0,0,0,0,0,0,0,0,0,0,0,0,0,0,0,0,0,0
1305,오이부추무침,66.1,42.336,1.14002,1.68434,6.5485,1.4028,15.996,0.79426,103.031,22.04533333,0.037786,0.105742,5.26778,733.7022,21.17668,0,0,0,0,0,0,0,0,0,0,0,1,0,0,0,0,0,0,0,0,0,0,0,0,0,0,0,0,0,0,0,0,0,0,0,0,0,0,0,0
1306,오이부추생채,52.5,15.861,0.97326,0.30407,2.82043,0.2627,14.031,0.82153,85.602,2.95,0.036318,0.063274,4.24744,98.54238,2.9554,0,0,0,0,0,0,0,0,0,0,0,1,0,0,0,0,0,0,0,0,0,0,0,0,0,0,0,0,0,0,0,0,0,0,0,0,0,0,0,0
1307,오이사과무침,67.2,69.188,0.96782,3.04626,10.41026,1.7892,9.73,0.32256,136.388,37.492,0.022512,0.13965,2.45784,1321.6896,27.59344,0,0,0,0,0,0,0,0,0,0,0,1,0,0,0,0,0,0,0,0,0,0,0,0,0,0,0,0,0,0,0,0,0,0,0,0,0,0,0,0
1308,오이샐러드,56,61.88,0.6153,5.3179,3.3558,0.791,11.55,0.14,35.35,34.8425,0.00721,0.02086,4.8293,2756.1345,411.8415,0,0,0,0,0,0,0,0,0,0,0,1,0,0,0,0,0,0,0,0,0,0,0,0,0,0,0,0,0,0,0,0,0,0,0,0,0,0,0,0
1309,오이생채,60.5,53.242,0.95158,3.0352,6.25828,1.4686,12.342,0.28816,103.129,19.35266667,0.015666,0.094094,5.1366,1316.19236,27.95884,0,0,0,0,0,0,0,0,0,0,0,1,0,0,0,0,0,0,0,0,0,0,0,0,0,0,0,0,0,0,0,0,0,0,0,0,0,0,0,0
1310,오이소박이,65.8,23.436,1.48008,0.273,4.6879,1.568,15.61,0.60424,135.996,21.8855,0.03003,0.134554,6.03596,152.86306,14.20328,0,0,0,0,0,0,0,0,0,0,0,1,0,0,0,0,0,0,0,0,0,0,0,0,0,0,0,0,0,0,0,0,0,0,0,0,0,0,0,0
1311,오이스틱,49,6.86,0.5978,0.0098,1.4945,0.343,8.82,0.098,1.47,2.490833333,0.00098,0.01666,5.5125,4.0131,3.3369,0,0,0,0,0,0,0,0,0,0,0,1,0,0,0,0,0,0,0,0,0,0,0,0,0,0,0,0,0,0,0,0,0,0,0,0,0,0,0,0
1312,오이쌈장무침,54.6,39.256,0.87444,2.933,2.59546,0.6146,11.76,0.19628,75.25,3.9515,0.004564,0.021644,5.5125,1237.67938,27.64342,0,0,0,0,0,0,0,0,0,0,0,1,0,0,0,0,0,0,0,0,0,0,0,0,0,0,0,0,0,0,0,0,0,0,0,0,0,0,0,0
1313,오이양배추무침,61.9,44.982,1.09662,1.65746,7.39774,1.9194,19.426,0.35256,103.955,20.55083333,0.023436,0.09702,7.26502,736.3083,26.62996,0,0,0,0,0,0,0,0,0,0,0,1,0,0,0,0,0,0,0,0,0,0,0,0,0,0,0,0,0,0,0,0,0,0,0,0,0,0,0,0
1314,오이양파무침,53.2,16.954,0.81125,0.20742,3.53867,0.808,11.89,0.15825,87.381,6.100833333,0.011111,0.046671,4.85392,96.47928,5.5518,0,0,0,0,0,0,0,0,0,0,0,1,0,0,0,0,0,0,0,0,0,0,0,0,0,0,0,0,0,0,0,0,0,0,0,0,0,0,0,0
1315,오이유자청무침,60.2,36.428,1.20967,0.25235,8.06575,1.5358,12.523,0.32732,137.326,35.72916667,0.022736,0.134211,8.5484,153.83564,13.4708,0,0,0,0,0,0,0,0,0,0,0,1,0,0,0,0,0,0,0,0,0,0,0,0,0,0,0,0,0,0,0,0,0,0,0,0,0,0,0,0
1316,오이청경채무침,61.9,40.152,1.03992,1.65956,6.07894,1.6044,28.246,0.37566,105.845,33.50083333,0.030366,0.09912,7.04452,734.2881,29.08696,0,0,0,0,0,0,0,0,0,0,0,1,0,0,0,0,0,0,0,0,0,0,0,0,0,0,0,0,0,0,0,0,0,0,0,0,0,0,0,0
1317,오이초절임,52.2,12.432,0.5978,0.00994,2.93174,0.343,9.078,0.10202,135.9,2.490833333,0.00112,0.025116,5.5125,4.0131,3.3369,0,0,0,0,0,0,0,0,0,0,0,1,0,0,0,0,0,0,0,0,0,0,0,0,0,0,0,0,0,0,0,0,0,0,0,0,0,0,0,0
1318,오이치커리무침,70,58.436,1.31278,3.0576,7.2065,1.799,19.852,0.4648,147.182,63.73266667,0.020258,0.148666,4.7082,1324.18216,35.54404,0,0,0,0,0,0,0,0,0,0,0,1,0,0,0,0,0,0,0,0,0,0,0,0,0,0,0,0,0,0,0,0,0,0,0,0,0,0,0,0
1319,오이토마토샐러드(발사믹드레싱),55.3,40.411,0.51842,2.85817,3.36406,0.847,6.104,0.13587,1.687,10.3565,0.00511,0.030758,18.7131,256.85898,26.07318,0,0,0,0,0,0,0,0,0,0,0,1,0,0,0,0,0,0,0,0,0,0,0,0,0,0,0,0,0,0,0,0,0,0,0,0,0,0,0,0
1320,오이파프리카무침,59.1,41.818,0.89166,1.66166,6.66386,1.5582,9.528,0.2925,102.275,22.97166667,0.016072,0.109354,24.2648,742.02324,25.21652,0,0,0,0,0,0,0,0,0,0,0,1,0,0,0,0,0,0,0,0,0,0,0,0,0,0,0,0,0,0,0,0,0,0,0,0,0,0,0,0
1321,오징어실채무침,27.3,66.773,5.4705,1.9194,7.06916,1.1144,7.945,0.81949,323.89,19.23191667,0.028371,0.143283,0,733.75687,18.17928,0,0,0,0,0,0,0,0,0,0,0,1,0,0,0,0,0,0,0,0,0,0,0,0,0,0,0,0,0,0,0,0,0,0,0,0,0,0,0,0
1322,오징어채무침,19.2,46.24,2.5857,1.93601,4.94393,1.1343,6.895,0.21118,40.312,19.23516667,0.022294,0.090647,0,788.35666,18.73861,0,0,0,0,0,0,0,0,0,0,0,1,0,0,0,0,0,0,0,0,0,0,0,0,0,0,0,0,0,0,0,0,0,0,0,0,0,0,0,0
1323,요거트과일범벅,84,55.86,2.1056,1.4427,9.3492,1.099,53.69,0.1624,16.24,21.43166667,0.02807,0.07777,6.5919,36.2502,7.8981,0,0,0,0,0,0,0,0,0,0,0,1,0,0,0,0,0,0,0,0,0,0,0,0,0,0,0,0,0,0,0,0,0,0,0,0,0,0,0,0
1324,요거트과일샐러드,91,74.06,2.2498,1.449,14.049,1.323,55.37,0.1715,32.41,20.9475,0.0196,0.15225,1.6485,56.8036,7.5971,0,0,0,0,0,0,0,0,0,0,0,1,0,0,0,0,0,0,0,0,0,0,0,0,0,0,0,0,0,0,0,0,0,0,0,0,0,0,0,0
1325,유자청두부샐러드,63.6,45.077,2.35909,0.98317,6.85571,1.1999,20.791,0.47889,37.106,33.92666667,0.053914,0.061142,5.23448,507.57529,82.4194,0,0,0,0,0,0,0,0,0,0,0,1,0,0,0,0,0,0,0,0,0,0,0,0,0,0,0,0,0,0,0,0,0,0,0,0,0,0,0,0
1326,유채나물,55.3,42.231,1.90239,2.94462,2.8903,1.6184,98.091,0.74487,40.299,113.9436667,0.016821,0.13258,21.8064,1181.63038,98.40488,0,0,0,0,0,0,0,0,0,0,0,1,0,0,0,0,0,0,0,0,0,0,0,0,0,0,0,0,0,0,0,0,0,0,0,0,0,0,0,0
1327,유채나물된장무침,57.4,45.346,2.14914,3.04822,3.19452,1.6128,100.184,0.92946,146.566,113.9436667,0.037828,0.130172,21.8064,1181.63038,98.40488,0,0,0,0,0,0,0,0,0,0,0,1,0,0,0,0,0,0,0,0,0,0,0,0,0,0,0,0,0,0,0,0,0,0,0,0,0,0,0,0
1328,유채나물무침,55.6,43.762,1.94226,3.08002,2.95873,1.6579,100.625,0.75396,49.72,113.9469167,0.018038,0.132038,21.82929,1236.03144,98.91941,0,0,0,0,0,0,0,0,0,0,0,1,0,0,0,0,0,0,0,0,0,0,0,0,0,0,0,0,0,0,0,0,0,0,0,0,0,0,0,0
1329,(우유제외)으깬견과류고구마샐러드,71.4,189.14,2.2932,10.38408,22.57808,1.9866,27.272,0.62188,38.318,2.647166667,0.046494,0.087948,3.9872,3294.63442,411.28388,0,0,0,0,0,0,0,0,0,0,0,1,0,0,0,0,0,0,0,0,0,0,0,0,0,0,0,0,0,0,0,0,0,0,0,0,0,0,0,0
1330,으깬견과류고구마샐러드(요거트),78.4,149.17,2.9477,5.62618,22.59838,2.1266,45.612,0.58758,12.418,9.886333334,0.047824,0.104888,4.172,559.65742,5.89288,0,0,0,0,0,0,0,0,0,0,0,1,0,0,0,0,0,0,0,0,0,0,0,0,0,0,0,0,0,0,0,0,0,0,0,0,0,0,0,0
1331,일미무침,22.4,64.288,5.18168,3.20544,3.54956,0.6118,7.112,0.75586,274.33,12.69333333,0.02534,0.076216,0,1248.3044,21.24234,0,0,0,0,0,0,0,0,0,0,0,1,0,0,0,0,0,0,0,0,0,0,0,0,0,0,0,0,0,0,0,0,0,0,0,0,0,0,0,0
1332,자두샐러드,56,61.25,0.3773,5.439,3.073,0.413,5.04,0.1834,32.83,4.76,0.03871,0.02653,15.2145,2753.1567,410.9966,0,0,0,0,0,0,0,0,0,0,0,1,0,0,0,0,0,0,0,0,0,0,0,0,0,0,0,0,0,0,0,0,0,0,0,0,0,0,0,0
1333,잔파느타리버섯강회,60.2,19.362,1.52698,0.10234,5.37236,1.8508,10.878,0.70154,82.824,17.3145,0.0672,0.110712,2.1812,49.26446,8.39566,0,0,0,0,0,0,0,0,0,0,0,1,0,0,0,0,0,0,0,0,0,0,0,0,0,0,0,0,0,0,0,0,0,0,0,0,0,0,0,0
1334,쥐포무침,21.7,89.355,6.1341,4.51808,5.63276,0.0588,19.733,0.76181,362.348,2.064416667,0.013195,0.055979,0,1446.81817,174.06592,0,0,0,0,0,0,0,0,0,0,0,1,0,0,0,0,0,0,0,0,0,0,0,0,0,0,0,0,0,0,0,0,0,0,0,0,0,0,0,0
1335,진미채무말랭이무침,39.2,114.352,7.01484,3.34152,14.13608,4.2672,48.832,1.49156,340.62,19.41566667,0.090384,0.176176,7.25788,1315.29944,34.02392,0,0,0,0,0,0,0,0,0,0,0,1,0,0,0,0,0,0,0,0,0,0,0,0,0,0,0,0,0,0,0,0,0,0,0,0,0,0,0,0
1336,진미채무침,14,44.492,4.21624,2.2498,1.69638,0.1974,15.806,0.59556,137.788,0.028,0.01379,0.056588,0,836.5322,9.87812,0,0,0,0,0,0,0,0,0,0,0,1,0,0,0,0,0,0,0,0,0,0,0,0,0,0,0,0,0,0,0,0,0,0,0,0,0,0,0,0
1337,진미채채소무침,58.3,62.784,5.76639,1.00977,8.21655,1.7809,21.028,0.90233,175.516,50.54625,0.034042,0.103462,4.61008,280.96176,17.78915,0,0,0,0,0,0,0,0,0,0,0,1,0,0,0,0,0,0,0,0,0,0,0,0,0,0,0,0,0,0,0,0,0,0,0,0,0,0,0,0
1338,진미채초무침,61.2,48.774,5.496,0.32936,6.31975,0.9724,18.63,0.74089,210.454,37.70608334,0.029698,0.039181,6.02541,20.56345,9.43544,0,0,0,0,0,0,0,0,0,0,0,1,0,0,0,0,0,0,0,0,0,0,0,0,0,0,0,0,0,0,0,0,0,0,0,0,0,0,0,0
1339,쫄면무침,59.3,114.629,2.93679,1.35731,22.69616,1.1218,23.725,0.37928,461.987,19.61333333,0.048541,0.034956,2.83633,505.24915,31.96982,0,0,0,0,0,0,0,0,0,0,0,1,0,0,0,0,0,0,0,0,0,0,0,0,0,0,0,0,0,0,0,0,0,0,0,0,0,0,0,0
1340,참나물간장무침,51.1,19.537,0.96318,0.97103,2.28813,1.3459,31.846,0.72788,42.427,66.40575,0.003477,0.071454,1.90248,393.83964,30.55133,0,0,0,0,0,0,0,0,0,0,0,1,0,0,0,0,0,0,0,0,0,0,0,0,0,0,0,0,0,0,0,0,0,0,0,0,0,0,0,0
1341,참나물겉절이,63,53.368,1.45264,3.12116,5.7071,2.3968,32.816,0.93254,143.584,84.24733333,0.016576,0.165872,1.9663,1342.63276,51.85796,0,0,0,0,0,0,0,0,0,0,0,1,0,0,0,0,0,0,0,0,0,0,0,0,0,0,0,0,0,0,0,0,0,0,0,0,0,0,0,0
1342,참나물된장무침,57.4,39.956,1.13484,2.98942,2.56242,1.3188,32.074,0.94416,149.016,67.067,0.024598,0.060592,1.9663,1196.50188,41.78048,0,0,0,0,0,0,0,0,0,0,0,1,0,0,0,0,0,0,0,0,0,0,0,0,0,0,0,0,0,0,0,0,0,0,0,0,0,0,0,0
1343,참나물들깨무침,61.6,62.216,2.0874,4.6585,3.79134,2.2428,48.496,1.26924,149.058,67.1825,0.039424,0.09247,1.9663,1413.75612,1081.38422,0,0,0,0,0,0,0,0,0,0,0,1,0,0,0,0,0,0,0,0,0,0,0,0,0,0,0,0,0,0,0,0,0,0,0,0,0,0,0,0
1344,참나물무침,54.9,36.909,0.85871,2.8852,2.30749,1.3203,29.809,0.74621,52.17,66.90541667,0.003665,0.053832,1.99992,1196.35576,41.60555,0,0,0,0,0,0,0,0,0,0,0,1,0,0,0,0,0,0,0,0,0,0,0,0,0,0,0,0,0,0,0,0,0,0,0,0,0,0,0,0
1345,참나물배겉절이,63,58.828,1.18384,3.08966,7.4417,2.1448,21.056,0.65324,139.804,55.79233333,0.019306,0.156002,1.7458,1333.70146,40.90436,0,0,0,0,0,0,0,0,0,0,0,1,0,0,0,0,0,0,0,0,0,0,0,0,0,0,0,0,0,0,0,0,0,0,0,0,0,0,0,0
1346,참나물유자청무침,60.5,29.181,0.99577,0.09661,6.64931,1.3287,30.019,0.7544,76.852,66.90891667,0.008026,0.083848,6.17703,30.95285,26.65159,0,0,0,0,0,0,0,0,0,0,0,1,0,0,0,0,0,0,0,0,0,0,0,0,0,0,0,0,0,0,0,0,0,0,0,0,0,0,0,0
1347,참나물토마토샐러드,51.8,42,0.85442,2.8819,3.51344,1.1592,15.232,0.3983,138.32,35.917,0.006398,0.076034,3.8731,262.53556,33.1989,0,0,0,0,0,0,0,0,0,0,0,1,0,0,0,0,0,0,0,0,0,0,0,0,0,0,0,0,0,0,0,0,0,0,0,0,0,0,0,0
1348,참외나물,52.2,47.726,0.6517,2.80812,5.50662,1.421,3.324,0.1576,136.306,0.0665,0.00245,0.04312,0.9457,1168.8103,19.41786,0,0,0,0,0,0,0,0,0,0,0,1,0,0,0,0,0,0,0,0,0,0,0,0,0,0,0,0,0,0,0,0,0,0,0,0,0,0,0,0
1349,참외노각무침,54.8,23.236,0.94879,0.55023,4.26535,0.9912,9.27,0.17013,173.287,2.4715,0.007202,0.050497,0.89551,244.63385,7.22546,0,0,0,0,0,0,0,0,0,0,0,1,0,0,0,0,0,0,0,0,0,0,0,0,0,0,0,0,0,0,0,0,0,0,0,0,0,0,0,0
1350,참외샐러드,60,67.981,1.566,4.33948,6.70608,1.2656,19.509,0.39298,135.813,1.69275,0.042404,0.084528,0.5572,743.81958,18.50849,0,0,0,0,0,0,0,0,0,0,0,1,0,0,0,0,0,0,0,0,0,0,0,0,0,0,0,0,0,0,0,0,0,0,0,0,0,0,0,0
1351,채소샐러드,53.2,79.744,0.8519,5.47078,7.04606,0.9394,10.43,0.1778,78.456,33.60116667,0.01057,0.037562,4.19426,2807.8197,415.09972,0,0,0,0,0,0,0,0,0,0,0,1,0,0,0,0,0,0,0,0,0,0,0,0,0,0,0,0,0,0,0,0,0,0,0,0,0,0,0,0
1352,채소샐러드(발사믹드레싱),55.3,41.391,0.41412,2.82807,3.71406,0.784,7.784,0.18557,3.087,36.89233334,0.04473,0.029148,15.1634,242.89048,24.76138,0,0,0,0,0,0,0,0,0,0,0,1,0,0,0,0,0,0,0,0,0,0,0,0,0,0,0,0,0,0,0,0,0,0,0,0,0,0,0,0
1353,청경채나물,52.5,9.641,0.80137,0.39156,1.12532,0.6484,44.288,0.21885,51.282,31.23608333,0.03586,0.029044,9.20292,147.06926,22.91771,0,0,0,0,0,0,0,0,0,0,0,1,0,0,0,0,0,0,0,0,0,0,0,0,0,0,0,0,0,0,0,0,0,0,0,0,0,0,0,0
1354,청경채느타리무침,49.9,11.245,1.0119,0.51087,1.76072,1.134,28.278,0.30785,105.809,17.57275,0.05207,0.05383,5.3151,134.94725,13.38461,0,0,0,0,0,0,0,0,0,0,0,1,0,0,0,0,0,0,0,0,0,0,0,0,0,0,0,0,0,0,0,0,0,0,0,0,0,0,0,0
1355,청경채도토리묵무침,101.5,55.951,1.02557,1.64514,9.6432,0.9583,23.128,0.51527,168.168,19.64958333,0.02576,0.110831,4.86549,659.91296,20.32632,0,0,0,0,0,0,0,0,0,0,0,1,0,0,0,0,0,0,0,0,0,0,0,0,0,0,0,0,0,0,0,0,0,0,0,0,0,0,0,0
1356,청경채된장무침,47.6,33.712,0.903,2.92992,1.11272,0.504,40.012,0.4046,147.336,26.38066667,0.04984,0.02898,7.7742,1167.8856,32.62756,0,0,0,0,0,0,0,0,0,0,0,1,0,0,0,0,0,0,0,0,0,0,0,0,0,0,0,0,0,0,0,0,0,0,0,0,0,0,0,0
1357,청경채무침,58.8,34.986,1.3195,1.6737,4.37024,1.666,46.242,0.39508,142.87,47.94066667,0.046578,0.13629,9.0699,731.73408,38.17366,0,0,0,0,0,0,0,0,0,0,0,1,0,0,0,0,0,0,0,0,0,0,0,0,0,0,0,0,0,0,0,0,0,0,0,0,0,0,0,0
1358,청경채사과무침,56,50.806,0.58912,2.85138,6.33332,0.6944,21.196,0.22078,125.916,18.16616667,0.019586,0.045934,4.2315,1188.32994,26.6028,0,0,0,0,0,0,0,0,0,0,0,1,0,0,0,0,0,0,0,0,0,0,0,0,0,0,0,0,0,0,0,0,0,0,0,0,0,0,0,0
1359,청경채초무침,53.8,15.83,0.86017,0.22409,3.17979,0.8162,45.877,0.23544,43.207,36.669,0.043252,0.047753,9.0699,82.8031,23.4631,0,0,0,0,0,0,0,0,0,0,0,1,0,0,0,0,0,0,0,0,0,0,0,0,0,0,0,0,0,0,0,0,0,0,0,0,0,0,0,0
1360,청포묵숙주김무침,77.7,33.271,1.0556,0.74123,6.38848,0.497,13.405,0.58457,200.312,60.54241667,0.03185,0.066486,3.00188,299.71543,6.75969,0,0,0,0,0,0,0,0,0,0,0,1,0,0,0,0,0,0,0,0,0,0,0,0,0,0,0,0,0,0,0,0,0,0,0,0,0,0,0,0
1361,청포묵김무침,58.8,49.098,0.89404,2.81624,5.55996,0.0532,10.92,0.61124,160.818,28.32666667,0.018732,0.092848,1.68532,1166.66284,16.15236,0,0,0,0,0,0,0,0,0,0,0,1,0,0,0,0,0,0,0,0,0,0,0,0,0,0,0,0,0,0,0,0,0,0,0,0,0,0,0,0
1362,청포묵무침,63,50.4,0.93688,2.8217,5.85522,0.1834,11.928,0.623,161.784,47.63266667,0.020286,0.095452,1.81216,1170.14968,16.48416,0,0,0,0,0,0,0,0,0,0,0,1,0,0,0,0,0,0,0,0,0,0,0,0,0,0,0,0,0,0,0,0,0,0,0,0,0,0,0,0
1363,취나물된장무침,56.4,54.574,1.59378,3.07037,6.19312,2.3856,69.393,3.17632,127.673,94.50874998,0.048316,0.255464,6.37595,1213.96016,104.88905,0,0,0,0,0,0,0,0,0,0,0,1,0,0,0,0,0,0,0,0,0,0,0,0,0,0,0,0,0,0,0,0,0,0,0,0,0,0,0,0
1364,취나물들깨무침,58.8,75.81,2.48766,4.6438,7.40936,3.2984,83.986,3.35482,136.864,94.13949998,0.043848,0.32284,6.3014,1430.22824,1143.968,0,0,0,0,0,0,0,0,0,0,0,1,0,0,0,0,0,0,0,0,0,0,0,0,0,0,0,0,0,0,0,0,0,0,0,0,0,0,0,0
1365,취나물무침,54.6,53.55,1.5351,2.97472,6.18044,2.3744,67.564,3.02974,136.822,94.02399998,0.029022,0.290962,6.3014,1212.974,104.36426,0,0,0,0,0,0,0,0,0,0,0,1,0,0,0,0,0,0,0,0,0,0,0,0,0,0,0,0,0,0,0,0,0,0,0,0,0,0,0,0
1366,치커리겉절이,63,51.408,1.51144,3.13096,5.1485,2.1028,50.456,1.13834,201.404,105.7665,0.022456,0.168812,1.1333,1332.10266,78.29346,0,0,0,0,0,0,0,0,0,0,0,1,0,0,0,0,0,0,0,0,0,0,0,0,0,0,0,0,0,0,0,0,0,0,0,0,0,0,0,0
1367,치커리무침,51.8,13.748,0.93912,0.13566,2.95134,1.0472,46.102,0.91756,121.576,92.62050002,0.00735,0.055188,1.0339,36.64794,54.16474,0,0,0,0,0,0,0,0,0,0,0,1,0,0,0,0,0,0,0,0,0,0,0,0,0,0,0,0,0,0,0,0,0,0,0,0,0,0,0,0
1368,치커리배무침,60.5,62.762,0.76608,3.0737,8.87278,1.9446,18.712,0.47576,122.309,74.50100001,0.021546,0.111384,1.2796,1327.96496,40.92704,0,0,0,0,0,0,0,0,0,0,0,1,0,0,0,0,0,0,0,0,0,0,0,0,0,0,0,0,0,0,0,0,0,0,0,0,0,0,0,0
1369,치커리부추무침,67.2,59.948,1.48022,3.14566,7.29666,1.6072,27.23,1.46496,155.848,63.67200001,0.064372,0.16457,2.23384,1321.7428,40.44824,0,0,0,0,0,0,0,0,0,0,0,1,0,0,0,0,0,0,0,0,0,0,0,0,0,0,0,0,0,0,0,0,0,0,0,0,0,0,0,0
1370,치커리사과무침,70,67.536,1.16788,3.0884,9.7377,2.107,27.202,0.672,165.172,87.26433334,0.025228,0.156296,1.3244,1330.04676,49.08554,0,0,0,0,0,0,0,0,0,0,0,1,0,0,0,0,0,0,0,0,0,0,0,0,0,0,0,0,0,0,0,0,0,0,0,0,0,0,0,0
1371,치커리유자청무침,58.6,26.973,0.80607,0.09451,6.29585,0.9465,35.221,0.73188,82.255,66.13891668,0.0133,0.063782,19.21313,22.17905,41.88709,0,0,0,0,0,0,0,0,0,0,0,1,0,0,0,0,0,0,0,0,0,0,0,0,0,0,0,0,0,0,0,0,0,0,0,0,0,0,0,0
1372,코울슬로,66.6,77.049,0.8939,5.38804,6.86504,1.183,17.869,0.26732,84.893,34.67333334,0.02086,0.035196,17.7723,2775.0149,417.3302,0,0,0,0,0,0,0,0,0,0,0,1,0,0,0,0,0,0,0,0,0,0,0,0,0,0,0,0,0,0,0,0,0,0,0,0,0,0,0,0
1373,콘샐러드,53.2,79.744,0.8519,5.47078,7.04606,0.9394,10.43,0.1778,78.456,33.60116667,0.01057,0.037562,4.19426,2807.8197,415.09972,0,0,0,0,0,0,0,0,0,0,0,1,0,0,0,0,0,0,0,0,0,0,0,0,0,0,0,0,0,0,0,0,0,0,0,0,0,0,0,0
1374,콘샐러드(올리브유드레싱),59.1,72.604,0.8911,3.06922,10.3999,0.8274,2.948,0.19562,173.325,3.707666667,0.0035,0.063378,9.83836,323.14198,27.4274,0,0,0,0,0,0,0,0,0,0,0,1,0,0,0,0,0,0,0,0,0,0,0,0,0,0,0,0,0,0,0,0,0,0,0,0,0,0,0,0
1375,콘채소샐러드,53.2,74.704,0.8246,5.42528,6.02896,1.0374,13.44,0.1722,64.596,33.59533334,0.01302,0.031612,5.23096,2791.1737,416.20152,0,0,0,0,0,0,0,0,0,0,0,1,0,0,0,0,0,0,0,0,0,0,0,0,0,0,0,0,0,0,0,0,0,0,0,0,0,0,0,0
1376,콜라비사과무침,56,53.326,0.53662,2.84298,7.07252,0.9464,11.746,0.19768,123.816,5.198666666,0.176456,0.044254,0.3444,1188.73524,22.0584,0,0,0,0,0,0,0,0,0,0,0,1,0,0,0,0,0,0,0,0,0,0,0,0,0,0,0,0,0,0,0,0,0,0,0,0,0,0,0,0
1377,콩나물간장무침,51.6,24.185,2.48243,1.13608,2.22943,0.8099,27.764,0.41829,67.506,0.317,0.058488,0.066126,0.92823,451.83782,58.05658,0,0,0,0,0,0,0,0,0,0,0,1,0,0,0,0,0,0,0,0,0,0,0,0,0,0,0,0,0,0,0,0,0,0,0,0,0,0,0,0
1378,콩나물김무침,51.3,22.565,2.59627,0.97795,2.35759,0.8015,26.167,0.463,52.498,13.442,0.065267,0.06565,1.60212,451.84573,58.05658,0,0,0,0,0,0,0,0,0,0,0,1,0,0,0,0,0,0,0,0,0,0,0,0,0,0,0,0,0,0,0,0,0,0,0,0,0,0,0,0
1379,콩나물냉채,74.2,35.602,1.94012,0.61068,6.80792,1.547,32.382,0.39466,22.33,61.999,0.057372,0.085638,16.19366,284.25656,53.08534,0,0,0,0,0,0,0,0,0,0,0,1,0,0,0,0,0,0,0,0,0,0,0,0,0,0,0,0,0,0,0,0,0,0,0,0,0,0,0,0
1380,콩나물당근무침,44.3,21.246,1.89889,0.95433,2.17513,0.7981,22.652,0.34163,68.976,32.35441667,0.04492,0.058284,0.87698,364.17734,42.42621,0,0,0,0,0,0,0,0,0,0,0,1,0,0,0,0,0,0,0,0,0,0,0,0,0,0,0,0,0,0,0,0,0,0,0,0,0,0,0,0
1381,콩나물무침,52.5,22.381,2.38407,1.01386,2.18372,0.8444,25.178,0.36095,43.442,0.733583333,0.0584,0.049624,1.01502,470.82206,58.67791,0,0,0,0,0,0,0,0,0,0,0,1,0,0,0,0,0,0,0,0,0,0,0,0,0,0,0,0,0,0,0,0,0,0,0,0,0,0,0,0
1382,콩나물미나리냉채,53.1,25.9,1.53221,0.80801,4.05409,1.2423,21.987,0.27229,103.751,38.34375,0.035614,0.065532,2.68928,354.16552,37.62775,0,0,0,0,0,0,0,0,0,0,0,1,0,0,0,0,0,0,0,0,0,0,0,0,0,0,0,0,0,0,0,0,0,0,0,0,0,0,0,0
1383,콩나물파채겉절이,71.4,70.182,2.50124,3.5553,8.51718,2.6138,24.948,0.63966,137.074,61.35616667,0.065646,0.196812,1.624,1584.86146,66.40578,0,0,0,0,0,0,0,0,0,0,0,1,0,0,0,0,0,0,0,0,0,0,0,0,0,0,0,0,0,0,0,0,0,0,0,0,0,0,0,0
1384,크래미숙주나물무침,64.2,34.977,3.03753,0.46803,5.05143,0.7818,55.461,0.28467,268.848,0.1845,0.036423,0.057201,3.07638,183.78768,5.99412,0,0,0,0,0,0,0,0,0,0,0,1,0,0,0,0,0,0,0,0,0,0,0,0,0,0,0,0,0,0,0,0,0,0,0,0,0,0,0,0
1385,토마토범벅,64.4,90.608,0.74326,7.05768,6.26752,1.0234,6.146,0.21868,136.78,25.41583333,0.013202,0.099414,5.187,600.32336,52.7961,0,0,0,0,0,0,0,0,0,0,0,1,0,0,0,0,0,0,0,0,0,0,0,0,0,0,0,0,0,0,0,0,0,0,0,0,0,0,0,0
1386,토마토샐러드,56,59.78,0.4886,5.3508,2.8546,0.959,6.3,0.1813,33.04,11.41,0.03304,0.028,17.1381,2772.3633,412.3847,0,0,0,0,0,0,0,0,0,0,0,1,0,0,0,0,0,0,0,0,0,0,0,0,0,0,0,0,0,0,0,0,0,0,0,0,0,0,0,0
1387,토마토어린잎샐러드,56,60.2,0.9968,5.4327,2.4255,1.12,13.86,0.3213,35.42,10.02166667,0.04886,0.04935,4.0418,2779.9114,420.8701,0,0,0,0,0,0,0,0,0,0,0,1,0,0,0,0,0,0,0,0,0,0,0,0,0,0,0,0,0,0,0,0,0,0,0,0,0,0,0,0
1388,토마토채소샐러드,56,61.88,0.6398,5.362,3.3194,1.127,10.5,0.1631,33.88,10.65166667,0.01134,0.02982,19.8765,2774.5403,416.6379,0,0,0,0,0,0,0,0,0,0,0,1,0,0,0,0,0,0,0,0,0,0,0,0,0,0,0,0,0,0,0,0,0,0,0,0,0,0,0,0
1389,토마토치커리무침,70,60.186,1.24628,3.1136,7.63,2.464,16.702,0.4613,146.832,73.03683334,0.024108,0.149716,5.7267,1353.32666,35.47404,0,0,0,0,0,0,0,0,0,0,0,1,0,0,0,0,0,0,0,0,0,0,0,0,0,0,0,0,0,0,0,0,0,0,0,0,0,0,0,0
1390,톳나물무침,54.6,35.42,1.1872,2.98452,2.42704,0.0224,78.834,2.00564,134.372,15.46066667,0.005992,0.081732,1.96,1165.395,14.95396,0,0,0,0,0,0,0,0,0,0,0,1,0,0,0,0,0,0,0,0,0,0,0,0,0,0,0,0,0,0,0,0,0,0,0,0,0,0,0,0
1391,파래무채무침,52.5,8.083,0.82721,0.06449,1.93913,0.7603,20.918,1.20724,78.329,0.55475,0.095815,0.049066,11.75442,7.52336,10.36889,0,0,0,0,0,0,0,0,0,0,0,1,0,0,0,0,0,0,0,0,0,0,0,0,0,0,0,0,0,0,0,0,0,0,0,0,0,0,0,0
1392,파래무침,52.5,8.083,0.82721,0.06449,1.93913,0.7603,20.918,1.20724,78.329,0.55475,0.095815,0.049066,11.75442,7.52336,10.36889,0,0,0,0,0,0,0,0,0,0,0,1,0,0,0,0,0,0,0,0,0,0,0,0,0,0,0,0,0,0,0,0,0,0,0,0,0,0,0,0
1393,파인콘샐러드,53.2,75.964,0.6055,5.37418,6.58826,0.9954,11.27,0.1526,49.756,33.43783334,0.01687,0.027762,4.63666,2772.8855,414.24852,0,0,0,0,0,0,0,0,0,0,0,1,0,0,0,0,0,0,0,0,0,0,0,0,0,0,0,0,0,0,0,0,0,0,0,0,0,0,0,0
1394,파채겉절이,56,58.156,1.16998,3.0989,7.1085,2.184,23.702,0.6076,141.652,64.75933333,0.043148,0.186186,1.12,1325.13836,29.15024,0,0,0,0,0,0,0,0,0,0,0,1,0,0,0,0,0,0,0,0,0,0,0,0,0,0,0,0,0,0,0,0,0,0,0,0,0,0,0,0
1395,파프리카무침,48.9,32.679,0.70797,0.8856,6.00612,0.6836,6.429,0.22386,134.076,8.497166667,0.008781,0.114428,42.52908,367.69569,15.70642,0,0,0,0,0,0,0,0,0,0,0,1,0,0,0,0,0,0,0,0,0,0,0,0,0,0,0,0,0,0,0,0,0,0,0,0,0,0,0,0
1396,파프리카사과초무침,50.8,21.915,0.30039,0.04383,5.71607,0.6889,2.563,0.12327,33.624,5.850833334,0.008194,0.038446,28.62288,17.92179,8.5428,0,0,0,0,0,0,0,0,0,0,0,1,0,0,0,0,0,0,0,0,0,0,0,0,0,0,0,0,0,0,0,0,0,0,0,0,0,0,0,0
1397,파프리카스틱,42,10.5,0.3528,0.0525,2.5977,0.609,2.73,0.1407,0,8.487500001,0.0063,0.04221,42.4935,21.7791,11.4534,0,0,0,0,0,0,0,0,0,0,0,1,0,0,0,0,0,0,0,0,0,0,0,0,0,0,0,0,0,0,0,0,0,0,0,0,0,0,0,0
1398,파프리카쌈장무침,61.6,46.396,0.74704,2.9932,4.56456,1.0836,6.58,0.28588,73.78,12.77733333,0.011984,0.061264,56.658,1262.70508,39.57772,0,0,0,0,0,0,0,0,0,0,0,1,0,0,0,0,0,0,0,0,0,0,0,0,0,0,0,0,0,0,0,0,0,0,0,0,0,0,0,0
1399,파프리카유자청무침,63.1,49.994,0.4914,2.87,5.992,0.812,4.394,0.2088,34.423,11.49983333,0.01092,0.063,59.178,258.28488,35.18508,0,0,0,0,0,0,0,0,0,0,0,1,0,0,0,0,0,0,0,0,0,0,0,0,0,0,0,0,0,0,0,0,0,0,0,0,0,0,0,0
1400,파프리카초무침,64.4,35.168,0.72716,1.4644,5.33764,0.8344,5.082,0.25956,134.19,11.3295,0.009912,0.111048,56.658,611.75366,22.74818,0,0,0,0,0,0,0,0,0,0,0,1,0,0,0,0,0,0,0,0,0,0,0,0,0,0,0,0,0,0,0,0,0,0,0,0,0,0,0,0
1401,파프리카콘샐러드,64.4,86.086,0.92064,5.53154,8.38782,0.7686,5.348,0.29456,91.532,24.56883334,0.010934,0.054236,27.2083,2828.31234,415.46792,0,0,0,0,0,0,0,0,0,0,0,1,0,0,0,0,0,0,0,0,0,0,0,0,0,0,0,0,0,0,0,0,0,0,0,0,0,0,0,0
1402,팽이버섯나물,52.6,14.667,1.17629,0.45631,4.05622,1.7908,2.699,0.54133,77.886,0.017833333,0.038324,0.097,0.28947,200.527,27.62612,0,0,0,0,0,0,0,0,0,0,0,1,0,0,0,0,0,0,0,0,0,0,0,0,0,0,0,0,0,0,0,0,0,0,0,0,0,0,0,0
1403,팽이버섯무침,55.9,28.045,1.47055,1.6409,4.40592,1.8722,5.372,0.61369,135.14,0.500833333,0.040617,0.14821,0.11013,695.6011,34.3687,0,0,0,0,0,0,0,0,0,0,0,1,0,0,0,0,0,0,0,0,0,0,0,0,0,0,0,0,0,0,0,0,0,0,0,0,0,0,0,0
1404,팽이버섯부추나물,53.8,26.022,1.2504,1.6465,3.81778,1.6034,6.667,0.74536,34.767,1.008333333,0.045748,0.106826,0.46013,687.4083,30.6755,0,0,0,0,0,0,0,0,0,0,0,1,0,0,0,0,0,0,0,0,0,0,0,0,0,0,0,0,0,0,0,0,0,0,0,0,0,0,0,0
1405,표고버섯나물,38.6,17.467,1.69079,0.46401,4.72962,2.5818,3.469,0.18713,77.606,0.017833333,0.020124,0.08979,0.37347,234.8844,1.77372,0,0,0,0,0,0,0,0,0,0,0,1,0,0,0,0,0,0,0,0,0,0,0,0,0,0,0,0,0,0,0,0,0,0,0,0,0,0,0,0
1406,표고버섯무나물,62.3,61.271,0.70511,5.68638,2.57558,0.2156,11.613,0.35581,36.995,0.254333333,0.037723,0.068754,2.569,927.90096,2057.22286,0,0,0,0,0,0,0,0,0,0,0,1,0,0,0,0,0,0,0,0,0,0,0,0,0,0,0,0,0,0,0,0,0,0,0,0,0,0,0,0
1407,푸실리샐러드,53.2,95.634,2.9141,0.11788,19.97996,0.7014,4.06,0.3633,75.306,9.6845,0.03423,0.040642,15.84296,15.8235,4.34882,0,0,0,0,0,0,0,0,0,0,0,1,0,0,0,0,0,0,0,0,0,0,0,0,0,0,0,0,0,0,0,0,0,0,0,0,0,0,0,0
1408,푸실리샐러드(토마토소스),53.2,89.264,2.9295,0.12628,18.35386,0.4984,3.92,0.4172,17.696,9.801166667,0.03871,0.036722,15.20736,15.6793,4.83882,0,0,0,0,0,0,0,0,0,0,0,1,0,0,0,0,0,0,0,0,0,0,0,0,0,0,0,0,0,0,0,0,0,0,0,0,0,0,0,0
1409,하얀무생채,40.4,13.085,0.32481,0.16778,2.81088,0.267,10.968,0.09231,102.973,0.189166667,0.022517,0.025852,2.61523,63.33972,4.023,0,0,0,0,0,0,0,0,0,0,0,1,0,0,0,0,0,0,0,0,0,0,0,0,0,0,0,0,0,0,0,0,0,0,0,0,0,0,0,0
1410,호박고지나물,10.6,24.266,1.13429,0.39832,4.9672,0.0268,13.365,0.32752,77.734,8.114833333,0.017674,0.020116,2.10947,57.55614,186.25884,0,0,0,0,0,0,0,0,0,0,0,1,0,0,0,0,0,0,0,0,0,0,0,0,0,0,0,0,0,0,0,0,0,0,0,0,0,0,0,0
1411,호박나물,56.4,45.7,1.21442,3.19288,3.29825,1.0571,29.361,0.463,0.288,9.4655,0.018755,0.037512,1.7178,703.75052,337.1902,0,0,0,0,0,0,0,0,0,0,0,1,0,0,0,0,0,0,0,0,0,0,0,0,0,0,0,0,0,0,0,0,0,0,0,0,0,0,0,0
1412,게살마요무침,98,110.18,5.2171,5.3599,10.7793,0.763,107.45,0.4872,367.5,2.671666666,0.02212,0.07021,7.2576,2751.4557,415.4654,0,0,0,0,0,0,0,0,0,0,1,0,0,0,0,0,0,0,0,0,0,0,0,0,0,0,0,0,0,0,0,0,0,0,0,0,0,0,0,0
1413,게살샐러드,102.2,135.254,5.40078,5.48506,16.74638,1.064,106.764,0.56938,398.104,34.23816667,0.025172,0.13062,5.19946,2793.32382,415.5592,0,0,0,0,0,0,0,0,0,0,1,0,0,0,0,0,0,0,0,0,0,0,0,0,0,0,0,0,0,0,0,0,0,0,0,0,0,0,0,0
1414,골뱅이무침,53,40.501,4.16672,0.74993,4.39917,0.5934,29.301,0.63259,19.756,37.07975,0.043793,0.078068,2.44358,153.79454,4.88036,0,0,0,0,0,0,0,0,0,0,1,0,0,0,0,0,0,0,0,0,0,0,0,0,0,0,0,0,0,0,0,0,0,0,0,0,0,0,0,0
1415,단호박고구마샐러드,57.4,105.378,0.6965,5.49962,13.86952,1.8312,9.17,0.25942,43.512,75.51483333,0.023933,0.067158,4.31025,2806.01433,426.40388,0,0,0,0,0,0,0,0,0,0,1,0,0,0,0,0,0,0,0,0,0,0,0,0,0,0,0,0,0,0,0,0,0,0,0,0,0,0,0,0
1416,달걀샐러드,105,138.18,6.2965,8.4182,8.9215,1.4,29.96,1.0717,89.6,90.67333334,0.0623,0.2184,5.4131,3215.6089,419.1453,0,0,0,0,0,0,0,0,0,0,1,0,0,0,0,0,0,0,0,0,0,0,0,0,0,0,0,0,0,0,0,0,0,0,0,0,0,0,0,0
1417,달걀숙주냉채,98,79.828,6.0998,3.30148,6.28824,1.1326,30.94,0.89894,78.218,89.8065,0.064344,0.242942,3.5329,549.02274,20.03078,0,0,0,0,0,0,0,0,0,0,1,0,0,0,0,0,0,0,0,0,0,0,0,0,0,0,0,0,0,0,0,0,0,0,0,0,0,0,0,0
1418,닭가슴살샐러드(머스타드소스),79.9,74.343,6.86096,3.52805,3.73458,0.884,8.774,0.26991,39.867,39.79266667,0.10503,0.045066,14.62286,1731.29638,252.31308,0,0,0,0,0,0,0,0,0,0,1,0,0,0,0,0,0,0,0,0,0,0,0,0,0,0,0,0,0,0,0,0,0,0,0,0,0,0,0,0
1419,당근참치마요무침,53.2,93.002,10.33522,4.8755,1.35926,0.434,11.55,2.8623,302.624,64.96583334,0.013146,0.031696,0.4228,1659.161,245.41328,0,0,0,0,0,0,0,0,0,0,1,0,0,0,0,0,0,0,0,0,0,0,0,0,0,0,0,0,0,0,0,0,0,0,0,0,0,0,0,0
1420,두부냉채,82.6,90.258,3.74948,4.36436,9.19156,2.1462,45.654,0.71694,22.414,79.51066667,0.048132,0.126854,15.77086,1335.83968,454.18114,0,0,0,0,0,0,0,0,0,0,1,0,0,0,0,0,0,0,0,0,0,0,0,0,0,0,0,0,0,0,0,0,0,0,0,0,0,0,0,0
1421,두부미역무침,98,85.918,6.13004,5.51166,4.84666,1.4378,113.75,1.3699,433.72,77.21583333,0.048762,0.23226,7.35,2421.2615,180.1345,0,0,0,0,0,0,0,0,0,0,1,0,0,0,0,0,0,0,0,0,0,0,0,0,0,0,0,0,0,0,0,0,0,0,0,0,0,0,0,0
1422,두부쑥갓무침,70,80.248,5.06534,5.40036,2.84116,1.9418,59.85,0.9968,165.27,43.30083333,0.025452,0.18214,2.184,2429.7245,197.7577,0,0,0,0,0,0,0,0,0,0,1,0,0,0,0,0,0,0,0,0,0,0,0,0,0,0,0,0,0,0,0,0,0,0,0,0,0,0,0,0
1423,두부참치샐러드,88.2,141.974,11.2854,8.04888,5.49976,1.2824,27.79,2.7867,287.196,33.36783334,0.02023,0.091602,1.12336,3455.9294,518.34132,0,0,0,0,0,0,0,0,0,0,1,0,0,0,0,0,0,0,0,0,0,0,0,0,0,0,0,0,0,0,0,0,0,0,0,0,0,0,0,0
1424,두부참치샐러드(유자청드레싱),83.4,82.954,6.4548,4.46618,4.07394,1.2495,22.31,1.64231,146.738,4.832833334,0.066358,0.079635,15.04566,737.64348,105.1281,0,0,0,0,0,0,0,0,0,0,1,0,0,0,0,0,0,0,0,0,0,0,0,0,0,0,0,0,0,0,0,0,0,0,0,0,0,0,0,0
1425,두부톳무침,75.6,61.6,3.7478,4.25292,3.19704,0.8344,85.764,2.16384,134.652,13.25566667,0.014252,0.126952,1.68,1833.4162,123.47356,0,0,0,0,0,0,0,0,0,0,1,0,0,0,0,0,0,0,0,0,0,0,0,0,0,0,0,0,0,0,0,0,0,0,0,0,0,0,0,0
1426,마카로니콘샐러드,49.1,138.938,4.82639,3.09452,22.07147,0.2679,7.829,0.55526,109.321,10.02225,0.043345,0.110807,3.63055,1200.75962,166.47079,0,0,0,0,0,0,0,0,0,0,1,0,0,0,0,0,0,0,0,0,0,0,0,0,0,0,0,0,0,0,0,0,0,0,0,0,0,0,0,0
1427,맛살무침,78.4,72.324,3.79764,2.85222,8.21114,0.7462,73.346,0.4543,357.672,4.3645,0.01862,0.107114,18.5773,1177.29318,24.67808,0,0,0,0,0,0,0,0,0,0,1,0,0,0,0,0,0,0,0,0,0,0,0,0,0,0,0,0,0,0,0,0,0,0,0,0,0,0,0,0
1428,맛살미나리무침,54.6,70.07,4.1433,1.45124,10.22938,0.3122,81.62,0.40404,411.754,6.276666667,0.01526,0.121646,0.3563,591.29854,12.929,0,0,0,0,0,0,0,0,0,0,1,0,0,0,0,0,0,0,0,0,0,0,0,0,0,0,0,0,0,0,0,0,0,0,0,0,0,0,0,0
1429,맛살채소새콤무침,74.2,59.612,4.3582,0.04508,10.76992,0.2632,82.908,0.40824,412.02,2.069666666,0.01442,0.116256,3.2494,3.62544,2.60652,0,0,0,0,0,0,0,0,0,0,1,0,0,0,0,0,0,0,0,0,0,0,0,0,0,0,0,0,0,0,0,0,0,0,0,0,0,0,0,0
1430,맛살콩나물무침,66.1,43.855,4.27623,0.89412,5.719,0.7112,66.748,0.48328,200.269,0.6975,0.055839,0.074452,0.83055,405.84291,50.4522,0,0,0,0,0,0,0,0,0,0,1,0,0,0,0,0,0,0,0,0,0,0,0,0,0,0,0,0,0,0,0,0,0,0,0,0,0,0,0,0
1431,메추리알마요네즈샐러드,70.1,113.817,4.7909,8.8388,3.4074,0.448,29.821,1.1045,79.006,83.136,0.06906,0.22156,8.827,3166.1273,420.4445,0,0,0,0,0,0,0,0,0,0,1,0,0,0,0,0,0,0,0,0,0,0,0,0,0,0,0,0,0,0,0,0,0,0,0,0,0,0,0,0
1432,메추리알샐러드,70,113.47,4.7796,8.8347,3.3411,0.448,29.54,1.085,78.96,83.125,0.06895,0.22134,8.827,3166.1273,420.4445,0,0,0,0,0,0,0,0,0,0,1,0,0,0,0,0,0,0,0,0,0,0,0,0,0,0,0,0,0,0,0,0,0,0,0,0,0,0,0,0
1433,멕시칸샐러드,95.2,98.112,6.13522,4.109,9.50376,0.875,58.8,0.4823,398.874,33.78083334,0.038416,0.088536,14.567,1658.825,250.67168,0,0,0,0,0,0,0,0,0,0,1,0,0,0,0,0,0,0,0,0,0,0,0,0,0,0,0,0,0,0,0,0,0,0,0,0,0,0,0,0
1434,소고기청포묵무침,100.4,103.667,3.15005,6.97345,7.29009,0.4305,15.105,0.82871,162.55,49.32941667,0.022348,0.13014,2.35172,752.25156,323.84329,0,0,0,0,0,0,0,0,0,0,1,0,0,0,0,0,0,0,0,0,0,0,0,0,0,0,0,0,0,0,0,0,0,0,0,0,0,0,0,0
1435,소면채소무침,99.4,102.494,2.85278,3.13376,16.36698,1.6618,21.742,0.48174,118.594,57.162,0.02373,0.075712,7.5796,1306.39866,28.72842,0,0,0,0,0,0,0,0,0,0,1,0,0,0,0,0,0,0,0,0,0,0,0,0,0,0,0,0,0,0,0,0,0,0,0,0,0,0,0,0
1436,수제비샐러드,68.6,125.678,3.44008,3.14034,21.17654,1.4322,20.902,0.49784,89.95,57.14566667,0.05411,0.079674,7.00546,1315.87176,30.34164,0,0,0,0,0,0,0,0,0,0,1,0,0,0,0,0,0,0,0,0,0,0,0,0,0,0,0,0,0,0,0,0,0,0,0,0,0,0,0,0
1437,숙주맛살나물,57.4,26.238,2.28369,0.37931,3.80772,0.7408,37.134,0.21983,155.512,0.178833333,0.034754,0.04716,3.09927,146.9448,5.58312,0,0,0,0,0,0,0,0,0,0,1,0,0,0,0,0,0,0,0,0,0,0,0,0,0,0,0,0,0,0,0,0,0,0,0,0,0,0,0,0
1438,숙주맛살무침,58.5,38.025,2.89569,0.73567,5.24398,0.6006,50.843,0.26918,201.324,0.15225,0.031178,0.059734,2.534,294.49259,6.91299,0,0,0,0,0,0,0,0,0,0,1,0,0,0,0,0,0,0,0,0,0,0,0,0,0,0,0,0,0,0,0,0,0,0,0,0,0,0,0,0
1439,쑥갓두부무침,65.2,46.627,3.73254,2.68457,2.1791,1.8494,62.067,0.80961,84.767,72.12158333,0.02394,0.122458,3.64,1227.30965,144.03123,0,0,0,0,0,0,0,0,0,0,1,0,0,0,0,0,0,0,0,0,0,0,0,0,0,0,0,0,0,0,0,0,0,0,0,0,0,0,0,0
1440,양배추맛살나물,84,54.67,4.4226,0.0693,9.6467,1.071,93.1,0.4032,281.47,33.19166667,0.02317,0.06034,7.2632,11.312,10.0128,0,0,0,0,0,0,0,0,0,0,1,0,0,0,0,0,0,0,0,0,0,0,0,0,0,0,0,0,0,0,0,0,0,0,0,0,0,0,0,0
1441,어묵오징어무침,88.5,90.496,7.69566,2.67778,9.28676,1.5862,19.874,0.36992,343.257,54.124,0.032746,0.103474,3.03128,1026.57898,52.83936,0,0,0,0,0,0,0,0,0,0,1,0,0,0,0,0,0,0,0,0,0,0,0,0,0,0,0,0,0,0,0,0,0,0,0,0,0,0,0,0
1442,오이맛살무침,65.8,70.826,4.22296,1.43374,10.42398,0.1694,81.578,0.39578,412.034,1.080333333,0.012432,0.112224,2.3625,584.43476,8.90708,0,0,0,0,0,0,0,0,0,0,1,0,0,0,0,0,0,0,0,0,0,0,0,0,0,0,0,0,0,0,0,0,0,0,0,0,0,0,0,0
1443,오이참치마요무침,74.2,74.102,6.69732,4.2042,2.36026,0.581,14.28,1.8067,190.274,34.58,0.010906,0.031626,4.5605,1657.4341,247.31098,0,0,0,0,0,0,0,0,0,0,1,0,0,0,0,0,0,0,0,0,0,0,0,0,0,0,0,0,0,0,0,0,0,0,0,0,0,0,0,0
1444,오징어단무지무침,63,74.522,7.042,3.53822,3.4279,1.4966,11.676,0.28252,204.232,17.206,0.032284,0.072562,3.8682,1313.6116,27.93924,0,0,0,0,0,0,0,0,0,0,1,0,0,0,0,0,0,0,0,0,0,0,0,0,0,0,0,0,0,0,0,0,0,0,0,0,0,0,0,0
1445,오징어초무침,69.3,49.397,6.12571,0.68076,5.13397,1.7769,18.372,0.2925,58.428,23.28916667,0.0412,0.097274,4.11324,159.94489,20.73958,0,0,0,0,0,0,0,0,0,0,1,0,0,0,0,0,0,0,0,0,0,0,0,0,0,0,0,0,0,0,0,0,0,0,0,0,0,0,0,0
1446,유부맛살숙주무침,67.6,102.362,5.00969,7.16006,4.49092,0.6006,77.786,0.89393,148.6,0.1715,0.036078,0.055604,2.534,1168.53884,18.12846,0,0,0,0,0,0,0,0,0,0,1,0,0,0,0,0,0,0,0,0,0,0,0,0,0,0,0,0,0,0,0,0,0,0,0,0,0,0,0,0
1447,쫄면채소무침,78.4,122.654,3.28538,3.15896,20.70768,1.3888,22.792,0.48384,446.404,57.162,0.02835,0.076972,7.546,1318.93146,30.40422,0,0,0,0,0,0,0,0,0,0,1,0,0,0,0,0,0,0,0,0,0,0,0,0,0,0,0,0,0,0,0,0,0,0,0,0,0,0,0,0
1448,채소비빔소면,78.4,76.034,2.10728,3.03296,11.05188,1.3468,20.272,0.42294,104.314,57.162,0.02373,0.075712,7.5628,1254.72186,25.99002,0,0,0,0,0,0,0,0,0,0,1,0,0,0,0,0,0,0,0,0,0,0,0,0,0,0,0,0,0,0,0,0,0,0,0,0,0,0,0,0
1449,치킨텐더샐러드(머스타드드레싱),103.8,144.133,11.01532,6.69625,9.26808,1.038,17.382,0.72077,146.572,56.73266667,0.14115,0.122486,14.62286,2267.3141,569.22506,0,0,0,0,0,0,0,0,0,0,1,0,0,0,0,0,0,0,0,0,0,0,0,0,0,0,0,0,0,0,0,0,0,0,0,0,0,0,0,0
1450,케이준샐러드,88.2,124.096,7.62328,6.44938,8.39412,0.9604,15.358,0.55706,99.148,50.15033334,0.111986,0.088228,14.62286,2244.51542,567.60718,0,0,0,0,0,0,0,0,0,0,1,0,0,0,0,0,0,0,0,0,0,0,0,0,0,0,0,0,0,0,0,0,0,0,0,0,0,0,0,0
1451,콩나물맛살무침,75.5,57.132,5.06734,1.43754,7.04855,0.7605,87.207,0.64872,323.089,3.296166667,0.058575,0.08476,1.33098,627.63666,54.37582,0,0,0,0,0,0,0,0,0,0,1,0,0,0,0,0,0,0,0,0,0,0,0,0,0,0,0,0,0,0,0,0,0,0,0,0,0,0,0,0
1452,콩나물쫄면,78.4,124.824,3.78308,3.34516,20.55858,1.4448,27.202,0.54964,446.124,56.8645,0.04172,0.085722,6.5989,1410.47116,45.96872,0,0,0,0,0,0,0,0,0,0,1,0,0,0,0,0,0,0,0,0,0,0,0,0,0,0,0,0,0,0,0,0,0,0,0,0,0,0,0,0
1453,크래미유자샐러드,106.4,145.46,5.42178,5.48506,19.27478,1.064,107.478,0.59038,398.734,34.25566667,0.027692,0.13734,7.71946,2793.32382,415.5592,0,0,0,0,0,0,0,0,0,0,1,0,0,0,0,0,0,0,0,0,0,0,0,0,0,0,0,0,0,0,0,0,0,0,0,0,0,0,0,0
1454,크래미채소샐러드,102.2,129.444,5.25448,5.43256,15.60538,1.134,107.464,0.58688,383.754,34.71066667,0.051632,0.12278,4.07946,2775.01602,414.0577,0,0,0,0,0,0,0,0,0,0,1,0,0,0,0,0,0,0,0,0,0,0,0,0,0,0,0,0,0,0,0,0,0,0,0,0,0,0,0,0
1455,탕평채,116.7,78.927,6.2209,2.36083,8.53913,0.8261,20.899,0.72275,178.66,38.36983333,0.061448,0.211028,3.15084,552.97544,60.2218,0,0,0,0,0,0,0,0,0,0,1,0,0,0,0,0,0,0,0,0,0,0,0,0,0,0,0,0,0,0,0,0,0,0,0,0,0,0,0,0
1456,토마토두부샐러드,81.2,75.446,3.32626,4.15198,6.40402,1.6884,22.666,0.59528,135.016,10.09983333,0.028602,0.135464,17.1381,923.75094,133.63938,0,0,0,0,0,0,0,0,0,0,1,0,0,0,0,0,0,0,0,0,0,0,0,0,0,0,0,0,0,0,0,0,0,0,0,0,0,0,0,0
1457,토마토치즈범벅,78.4,132.328,3.36966,10.03968,7.13132,1.0234,93.786,0.23128,266.7,36.56916667,0.021462,0.123214,5.1968,630.87976,72.8973,0,0,0,0,0,0,0,0,0,0,1,0,0,0,0,0,0,0,0,0,0,0,0,0,0,0,0,0,0,0,0,0,0,0,0,0,0,0,0,0
1458,토마토치즈샐러드,59.7,54.147,3.12209,3.32789,3.04025,0.7225,93.052,0.11513,130.916,19.83125,0.012324,0.049692,11.0925,77.07647,26.72897,0,0,0,0,0,0,0,0,0,0,1,0,0,0,0,0,0,0,0,0,0,0,0,0,0,0,0,0,0,0,0,0,0,0,0,0,0,0,0,0
1459,토마토카프레제,80.7,70.071,4.69643,3.90189,4.29407,1.7953,155.829,0.22073,62.229,74.07216667,0.010518,0.075144,7.00486,204.89307,58.94224,0,0,0,0,0,0,0,0,0,0,1,0,0,0,0,0,0,0,0,0,0,0,0,0,0,0,0,0,0,0,0,0,0,0,0,0,0,0,0,0
1460,톳두부무침,75.6,61.6,3.7478,4.25292,3.19704,0.8344,85.764,2.16384,134.652,13.25566667,0.014252,0.126952,1.68,1833.4162,123.47356,0,0,0,0,0,0,0,0,0,0,1,0,0,0,0,0,0,0,0,0,0,0,0,0,0,0,0,0,0,0,0,0,0,0,0,0,0,0,0,0
1461,가자미튀김,53.3,118.857,9.79954,5.8078,5.6852,0.154,22.163,0.38294,158.008,3.371,0.08467,0.11376,0.84,859.67868,477.37592,0,0,0,0,0,0,0,0,0,0,1,0,0,0,0,0,0,0,0,0,0,0,0,0,0,0,0,0,0,0,0,0,0,0,0,0,0,0,0,0
1462,간장닭강정,73.9,160.681,12.29392,5.83835,13.34859,0.546,17.219,0.48091,284.809,13.731,0.122253,0.120288,0.16604,1238.56922,484.56492,0,0,0,0,0,0,0,0,0,0,1,0,0,0,0,0,0,0,0,0,0,0,0,0,0,0,0,0,0,0,0,0,0,0,0,0,0,0,0,0
1463,간장코다리강정,57.5,113.817,9.4837,4.9146,7.221,0.0686,18.635,0.25918,222.352,0.011,0.070054,0.137588,0.16604,830.44416,475.51056,0,0,0,0,0,0,0,0,0,0,1,0,0,0,0,0,0,0,0,0,0,0,0,0,0,0,0,0,0,0,0,0,0,0,0,0,0,0,0,0
1464,갈치카레튀김,50.5,116.211,8.21726,7.58048,3.07462,0.0756,21.029,0.53848,42.116,8.629166667,0.060898,0.048492,0.42476,844.781,476.4193,0,0,0,0,0,0,0,0,0,0,1,0,0,0,0,0,0,0,0,0,0,0,0,0,0,0,0,0,0,0,0,0,0,0,0,0,0,0,0,0
1465,고등어튀김,53.3,140.277,9.00154,8.6218,5.5592,0.154,16.283,0.76094,92.908,9.671,0.08467,0.19776,0.42,859.67868,477.37592,0,0,0,0,0,0,0,0,0,0,1,0,0,0,0,0,0,0,0,0,0,0,0,0,0,0,0,0,0,0,0,0,0,0,0,0,0,0,0,0
1466,과일소스두부탕수,96.9,130.97,5.58614,6.80134,11.68594,2.2456,40.076,0.9463,103.927,20.70483333,0.02471,0.12628,3.3761,2172.11204,693.51646,0,0,0,0,0,0,0,0,0,0,1,0,0,0,0,0,0,0,0,0,0,0,0,0,0,0,0,0,0,0,0,0,0,0,0,0,0,0,0,0
1467,깐쇼새우,115.2,174.758,12.14972,4.80235,19.6012,1.288,54.375,1.55625,364.175,41.55016667,0.035474,0.116326,9.71642,915.12344,483.5586,0,0,0,0,0,0,0,0,0,0,1,0,0,0,0,0,0,0,0,0,0,0,0,0,0,0,0,0,0,0,0,0,0,0,0,0,0,0,0,0
1468,다시마튀각,8.8,40.692,0.04704,4.20214,0.58044,0,4.384,0.10846,3.196,2.709,0.00126,0.007836,0.588,829.51008,475.46142,0,0,0,0,0,0,0,0,0,0,1,0,0,0,0,0,0,0,0,0,0,0,0,0,0,0,0,0,0,0,0,0,0,0,0,0,0,0,0,0
1469,닭가슴살튀김,85.7,123.95,10.50993,4.80692,9.08039,0.3323,10.899,0.6522,382.917,20.78933333,0.115308,0.137192,1.19346,830.95865,475.56138,0,0,0,0,0,0,0,0,0,0,1,0,0,0,0,0,0,0,0,0,0,0,0,0,0,0,0,0,0,0,0,0,0,0,0,0,0,0,0,0
1470,닭강정,87.7,182.62,12.73183,6.45797,17.31488,1.0302,19.668,0.51528,280.176,17.393,0.139711,0.116927,0.9605,1447.425,485.88405,0,0,0,0,0,0,0,0,0,0,1,0,0,0,0,0,0,0,0,0,0,0,0,0,0,0,0,0,0,0,0,0,0,0,0,0,0,0,0,0
1471,닭다리살튀김,60.7,166.588,8.3523,9.22431,11.43797,0.1665,9.465,0.32545,88.998,17.23258333,0.074944,0.05584,0.03708,1592.5279,525.76963,0,0,0,0,0,0,0,0,0,0,1,0,0,0,0,0,0,0,0,0,0,0,0,0,0,0,0,0,0,0,0,0,0,0,0,0,0,0,0,0
1472,닭살카레튀김,51.5,104.384,10.59044,5.4971,2.9029,0,8.007,0.71984,158.79,20.50358333,0.08988,0.0931,0,829.51008,475.46142,0,0,0,0,0,0,0,0,0,0,1,0,0,0,0,0,0,0,0,0,0,0,0,0,0,0,0,0,0,0,0,0,0,0,0,0,0,0,0,0
1473,닭살튀김,73.9,146.225,12.41749,5.85247,9.76173,0.1247,16.167,0.83081,214.441,38.791,0.10195,0.207142,0.03558,1001.13339,480.04726,0,0,0,0,0,0,0,0,0,0,1,0,0,0,0,0,0,0,0,0,0,0,0,0,0,0,0,0,0,0,0,0,0,0,0,0,0,0,0,0
1474,돈까스,61.6,132.034,11.13602,6.16112,6.69746,0.2898,6.538,0.52374,41.426,10.78,0.380394,0.160846,1.83708,1149.4875,490.02506,0,0,0,0,0,0,0,0,0,0,1,0,0,0,0,0,0,0,0,0,0,0,0,0,0,0,0,0,0,0,0,0,0,0,0,0,0,0,0,0
1475,돈까스+소스,92.8,158.141,11.68324,6.2096,12.61478,0.8204,12.035,0.62658,264.231,43.9535,0.393412,0.172588,2.91844,1173.62532,491.84954,0,0,0,0,0,0,0,0,0,0,1,0,0,0,0,0,0,0,0,0,0,0,0,0,0,0,0,0,0,0,0,0,0,0,0,0,0,0,0,0
1476,동태살후라이드,64.4,126.392,8.21212,4.82524,11.16682,0.308,32.466,0.29134,216.384,9.492,0.063196,0.057778,0,935.81586,480.30682,0,0,0,0,0,0,0,0,0,0,1,0,0,0,0,0,0,0,0,0,0,0,0,0,0,0,0,0,0,0,0,0,0,0,0,0,0,0,0,0
1477,돼지고기강정+소스,169.7,296.024,23.54637,13.4807,18.28527,1.4297,27.754,1.09745,315.234,70.83508334,0.536127,0.34898,2.80412,2520.61914,979.98703,0,0,0,0,0,0,0,0,0,0,1,0,0,0,0,0,0,0,0,0,0,0,0,0,0,0,0,0,0,0,0,0,0,0,0,0,0,0,0,0
1478,두부강정,71.5,121.069,5.52401,6.81028,9.06099,1.8681,37.304,0.895,80.992,5.6875,0.026536,0.117638,0.39322,2177.67171,693.7994,0,0,0,0,0,0,0,0,0,0,1,0,0,0,0,0,0,0,0,0,0,0,0,0,0,0,0,0,0,0,0,0,0,0,0,0,0,0,0,0
1479,두부탕수,103.6,164.192,6.67954,6.89052,18.01646,2.443,48.552,1.0843,264.908,21.546,0.03941,0.162638,2.29908,2220.9502,696.32584,0,0,0,0,0,0,0,0,0,0,1,0,0,0,0,0,0,0,0,0,0,0,0,0,0,0,0,0,0,0,0,0,0,0,0,0,0,0,0,0
1480,등심돈까스+소스,74.3,168.207,12.57784,6.4413,13.3446,0.483,9.143,0.43194,167.038,10.9135,0.13843,0.11796,3.1402,1170.54588,491.28002,0,0,0,0,0,0,0,0,0,0,1,0,0,0,0,0,0,0,0,0,0,0,0,0,0,0,0,0,0,0,0,0,0,0,0,0,0,0,0,0
1481,등심탕수육+소스,88.6,136.36,11.48976,6.25902,7.62546,0.6838,12.406,0.40084,96.252,25.9495,0.129542,0.131668,3.39582,1107.29262,488.35044,0,0,0,0,0,0,0,0,0,0,1,0,0,0,0,0,0,0,0,0,0,0,0,0,0,0,0,0,0,0,0,0,0,0,0,0,0,0,0,0
1482,라조기,93.9,128.772,10.50378,4.71254,10.31016,1.1284,10.722,0.29084,180.135,45.66333334,0.105266,0.07035,7.3031,948.91944,483.56602,0,0,0,0,0,0,0,0,0,0,1,0,0,0,0,0,0,0,0,0,0,0,0,0,0,0,0,0,0,0,0,0,0,0,0,0,0,0,0,0
1483,레몬소스탕수육,112.2,185.746,12.93949,6.81886,17.14565,0.7257,21.807,0.62274,233.946,52.02683334,0.145926,0.218728,4.2393,1205.03501,491.95678,0,0,0,0,0,0,0,0,0,0,1,0,0,0,0,0,0,0,0,0,0,0,0,0,0,0,0,0,0,0,0,0,0,0,0,0,0,0,0,0
1484,만두탕수,81.2,154.448,4.4387,6.97368,18.5724,2.933,33.74,1.41274,246.484,36.91916667,0.196028,0.101094,1.4105,1289.65802,506.74288,0,0,0,0,0,0,0,0,0,0,1,0,0,0,0,0,0,0,0,0,0,0,0,0,0,0,0,0,0,0,0,0,0,0,0,0,0,0,0,0
1485,미니돈까스,64.4,142.534,11.42554,6.1894,8.84338,0.3654,7.014,0.54418,41.454,10.78,0.384902,0.161518,1.84184,1164.75842,490.98294,0,0,0,0,0,0,0,0,0,0,1,0,0,0,0,0,0,0,0,0,0,0,0,0,0,0,0,0,0,0,0,0,0,0,0,0,0,0,0,0
1486,삼치데리야끼소스튀김,84,121.618,8.95454,8.23606,2.20164,0.371,10.388,0.2457,179.116,0.742,0.049868,0.037212,1.9502,2018.78236,503.1649,0,0,0,0,0,0,0,0,0,0,1,0,0,0,0,0,0,0,0,0,0,0,0,0,0,0,0,0,0,0,0,0,0,0,0,0,0,0,0,0
1487,삼치튀김,60.6,123.205,8.96386,5.46219,8.67107,0.2841,6.51,0.12129,165.154,1.611583333,0.041066,0.065448,0.41844,866.6615,487.18031,0,0,0,0,0,0,0,0,0,0,1,0,0,0,0,0,0,0,0,0,0,0,0,0,0,0,0,0,0,0,0,0,0,0,0,0,0,0,0,0
1488,새우까스,81.6,154.837,13.69924,5.4319,11.1228,0.483,49.863,1.71424,282.739,9.531,0.02286,0.08821,3.4398,988.17558,481.79782,0,0,0,0,0,0,0,0,0,0,1,0,0,0,0,0,0,0,0,0,0,0,0,0,0,0,0,0,0,0,0,0,0,0,0,0,0,0,0,0
1489,새우까스+타르타르소스,95.6,208.289,13.82048,10.73244,12.55542,0.6132,53.321,1.76814,344.325,10.88783333,0.026388,0.092312,3.68676,3735.49414,889.95214,0,0,0,0,0,0,0,0,0,0,1,0,0,0,0,0,0,0,0,0,0,0,0,0,0,0,0,0,0,0,0,0,0,0,0,0,0,0,0,0
1490,새우깐풍기,107.9,136.472,12.11238,4.80914,10.36616,1.1284,52.162,1.62924,312.435,41.46333334,0.020006,0.09807,7.8631,878.18304,480.60082,0,0,0,0,0,0,0,0,0,0,1,0,0,0,0,0,0,0,0,0,0,0,0,0,0,0,0,0,0,0,0,0,0,0,0,0,0,0,0,0
1491,새우춘권튀김,88.6,122.917,12.03744,4.7907,6.8619,0.49,53.293,1.81714,315.429,32.70683334,0.02531,0.06567,1.533,866.70808,477.99612,0,0,0,0,0,0,0,0,0,0,1,0,0,0,0,0,0,0,0,0,0,0,0,0,0,0,0,0,0,0,0,0,0,0,0,0,0,0,0,0
1492,새우탕수,95.9,160.349,11.17977,4.73732,17.0982,0.749,50.169,1.49205,429.793,21.084,0.021595,0.116746,2.18652,884.52994,479.15126,0,0,0,0,0,0,0,0,0,0,1,0,0,0,0,0,0,0,0,0,0,0,0,0,0,0,0,0,0,0,0,0,0,0,0,0,0,0,0,0
1493,새우튀김,66,125.871,10.33588,5.22358,8.13842,0.4578,38.779,1.3133,213.795,11.141,0.017036,0.079418,2.52924,957.45762,479.94086,0,0,0,0,0,0,0,0,0,0,1,0,0,0,0,0,0,0,0,0,0,0,0,0,0,0,0,0,0,0,0,0,0,0,0,0,0,0,0,0
1494,생선까스,67.2,138.39,10.62194,5.0498,11.1265,0.483,21.042,0.40614,30.702,19.18,0.07315,0.10479,3.2998,988.17558,481.79782,0,0,0,0,0,0,0,0,0,0,1,0,0,0,0,0,0,0,0,0,0,0,0,0,0,0,0,0,0,0,0,0,0,0,0,0,0,0,0,0
1495,생선까스+타르타르소스,88.2,201.362,11.61398,10.86624,12.79782,0.6132,28.14,0.58604,101.458,30.05683333,0.082138,0.141722,3.54676,3812.10844,891.64614,0,0,0,0,0,0,0,0,0,0,1,0,0,0,0,0,0,0,0,0,0,0,0,0,0,0,0,0,0,0,0,0,0,0,0,0,0,0,0,0
1496,생선살탕수,79.1,97.587,8.54805,4.34042,5.61162,0.7882,21.021,0.26789,80.591,44.61333334,0.059101,0.102186,2.93076,841.02214,476.5173,0,0,0,0,0,0,0,0,0,0,1,0,0,0,0,0,0,0,0,0,0,0,0,0,0,0,0,0,0,0,0,0,0,0,0,0,0,0,0,0
1497,순살닭강정,84,126.784,11.23472,5.31678,7.67606,0.623,13.146,0.65324,81.48,63.07,0.098042,0.132622,1.41596,916.63278,477.90834,0,0,0,0,0,0,0,0,0,0,1,0,0,0,0,0,0,0,0,0,0,0,0,0,0,0,0,0,0,0,0,0,0,0,0,0,0,0,0,0
1498,순살코다리강정,79.2,134.176,11.1202,5.54227,8.93758,0.4687,26.236,0.43211,230.994,9.545583333,0.090143,0.159281,0.8351,965.06496,479.87869,0,0,0,0,0,0,0,0,0,0,1,0,0,0,0,0,0,0,0,0,0,0,0,0,0,0,0,0,0,0,0,0,0,0,0,0,0,0,0,0
1499,순살후라이드치킨,60.2,122.15,11.45704,5.3536,5.7736,0.154,13.342,0.65744,94.892,29.26,0.09842,0.12537,0,936.29298,479.06992,0,0,0,0,0,0,0,0,0,0,1,0,0,0,0,0,0,0,0,0,0,0,0,0,0,0,0,0,0,0,0,0,0,0,0,0,0,0,0,0
1500,어묵강정,63.3,167.433,5.83373,7.15394,19.52034,0.3696,29.039,0.39753,547.049,11.03416667,0.014007,0.082432,0,2153.20902,582.85022,0,0,0,0,0,0,0,0,0,0,1,0,0,0,0,0,0,0,0,0,0,0,0,0,0,0,0,0,0,0,0,0,0,0,0,0,0,0,0,0
1501,오징어링튀김,74.4,143.007,11.57334,5.1162,11.1375,0.308,16.603,0.25224,267.765,0.011,0.04603,0.0201,0,890.96728,479.51442,0,0,0,0,0,0,0,0,0,0,1,0,0,0,0,0,0,0,0,0,0,0,0,0,0,0,0,0,0,0,0,0,0,0,0,0,0,0,0,0
1502,오징어튀김,81.4,136.917,13.02794,6.1067,6.0023,0.189,14.993,0.43074,163.535,19.051,0.0503,0.07876,0.0119,1022.03598,481.46812,0,0,0,0,0,0,0,0,0,0,1,0,0,0,0,0,0,0,0,0,0,0,0,0,0,0,0,0,0,0,0,0,0,0,0,0,0,0,0,0
1503,임연수튀김,67.4,146.84,10.49817,8.26772,6.27325,0.1573,18.111,3.65976,79.75,28.711,0.070508,0.112496,0.01186,1012.96551,480.76392,0,0,0,0,0,0,0,0,0,0,1,0,0,0,0,0,0,0,0,0,0,0,0,0,0,0,0,0,0,0,0,0,0,0,0,0,0,0,0,0
1504,찹쌀탕수육,105.8,166.061,12.85087,6.80489,12.18867,0.5787,15.485,0.56787,272.72,53.98683334,0.13796,0.20812,8.06326,1192.38643,491.95916,0,0,0,0,0,0,0,0,0,0,1,0,0,0,0,0,0,0,0,0,0,0,0,0,0,0,0,0,0,0,0,0,0,0,0,0,0,0,0,0
1505,치즈돈까스,81.3,178.133,14.47722,9.63442,6.7877,0.231,97.805,0.67106,176.278,31.46433333,0.39302,0.21708,1.2733,1247.88342,511.37072,0,0,0,0,0,0,0,0,0,0,1,0,0,0,0,0,0,0,0,0,0,0,0,0,0,0,0,0,0,0,0,0,0,0,0,0,0,0,0,0
1506,치즈등심돈까스,95.6,226.027,15.59834,8.5917,19.408,0.777,58.193,0.61874,363.379,26.01016667,0.15404,0.16577,6.013,1306.31228,505.27232,0,0,0,0,0,0,0,0,0,0,1,0,0,0,0,0,0,0,0,0,0,0,0,0,0,0,0,0,0,0,0,0,0,0,0,0,0,0,0,0
1507,치킨까스,68.8,135.304,12.34435,5.76564,7.02911,0.2931,10.887,0.46006,50.224,23.251,0.106782,0.091692,1.73974,1102.76403,484.60006,0,0,0,0,0,0,0,0,0,0,1,0,0,0,0,0,0,0,0,0,0,0,0,0,0,0,0,0,0,0,0,0,0,0,0,0,0,0,0,0
1508,치킨까스+소스,82.8,146.504,12.45285,5.76984,9.77451,0.4121,12.777,0.48876,170.344,24.22516667,0.110142,0.097432,2.19334,1104.60153,484.84646,0,0,0,0,0,0,0,0,0,0,1,0,0,0,0,0,0,0,0,0,0,0,0,0,0,0,0,0,0,0,0,0,0,0,0,0,0,0,0,0
1509,칠리새우,115.2,174.758,12.14972,4.80235,19.6012,1.288,54.375,1.55625,364.175,41.55016667,0.035474,0.116326,9.71642,915.12344,483.5586,0,0,0,0,0,0,0,0,0,0,1,0,0,0,0,0,0,0,0,0,0,0,0,0,0,0,0,0,0,0,0,0,0,0,0,0,0,0,0,0
1510,코다리강정,60.2,126.98,9.877,4.96384,9.7223,0.1764,23.058,0.2849,282.66,0,0.077448,0.129528,0,859.67868,477.37592,0,0,0,0,0,0,0,0,0,0,1,0,0,0,0,0,0,0,0,0,0,0,0,0,0,0,0,0,0,0,0,0,0,0,0,0,0,0,0,0
1511,탕수육+소스,80.2,124.098,9.08451,5.8356,8.16587,0.7141,10.203,0.53058,139.814,45.53433334,0.317522,0.182852,2.63734,1078.18113,486.52576,0,0,0,0,0,0,0,0,0,0,1,0,0,0,0,0,0,0,0,0,0,0,0,0,0,0,0,0,0,0,0,0,0,0,0,0,0,0,0,0
1512,파인애플탕수육+소스,100.8,142.912,10.65022,6.05724,10.70482,0.9422,11.228,0.58702,143.122,45.73333334,0.384118,0.209384,3.72736,1110.89664,489.40486,0,0,0,0,0,0,0,0,0,0,1,0,0,0,0,0,0,0,0,0,0,0,0,0,0,0,0,0,0,0,0,0,0,0,0,0,0,0,0,0
1513,표고버섯탕수,82.6,88.998,1.2369,4.32208,12.83702,0.4774,7.938,0.41132,139.762,33.27916667,0.041202,0.149184,12.3746,837.97294,476.23072,0,0,0,0,0,0,0,0,0,0,1,0,0,0,0,0,0,0,0,0,0,0,0,0,0,0,0,0,0,0,0,0,0,0,0,0,0,0,0,0
1514,후라이드치킨,60.6,154.207,9.17514,7.5312,11.0479,0.308,14.303,0.41224,258.799,11.771,0.08481,0.03662,0,1387.00128,506.97682,0,0,0,0,0,0,0,0,0,0,1,0,0,0,0,0,0,0,0,0,0,0,0,0,0,0,0,0,0,0,0,0,0,0,0,0,0,0,0,0
1515,후르츠탕수육,111.1,176.145,11.84199,6.30467,16.96082,0.9574,17.275,0.49509,235.591,45.11708334,0.138976,0.154048,4.69416,1128.93081,490.06095,0,0,0,0,0,0,0,0,0,0,1,0,0,0,0,0,0,0,0,0,0,0,0,0,0,0,0,0,0,0,0,0,0,0,0,0,0,0,0,0
1516,흰살생선튀김,67.4,117.737,9.60914,5.5796,6.0366,0.154,58.463,0.97114,168.785,26.191,0.03679,0.12482,0,1012.90728,480.76392,0,0,0,0,0,0,0,0,0,0,1,0,0,0,0,0,0,0,0,0,0,0,0,0,0,0,0,0,0,0,0,0,0,0,0,0,0,0,0,0
1517,(우유제외)웨지감자,77.3,102.648,1.41596,5.86502,11.06532,1.89,7.288,0.41136,113.951,3.9305,0.042,0.01932,7.357,731.63482,338.28368,0,0,0,0,0,0,0,0,0,0,1,0,0,0,0,0,0,0,0,0,0,0,0,0,0,0,0,0,0,0,0,0,0,0,0,0,0,0,0,0
1518,웨지감자,77.3,104.622,1.43234,6.26948,10.63482,1.89,7.12,0.41262,101.939,22.0045,0.042,0.020832,7.357,623.0413,325.61228,0,0,0,0,0,0,0,0,0,0,1,0,0,0,0,0,0,0,0,0,0,0,0,0,0,0,0,0,0,0,0,0,0,0,0,0,0,0,0,0
1519,(가공)만두튀김,46.2,126,3.94044,6.9573,11.676,2.436,27.342,1.30914,109.662,4.375000001,0.18816,0.02982,0,1280.47248,505.49142,0,0,0,0,0,0,0,0,0,0,1,0,0,0,0,0,0,0,0,0,0,0,0,0,0,0,0,0,0,0,0,0,0,0,0,0,0,0,0,0
1520,가지깐풍,68.6,83.51,1.56632,5.13744,8.07156,1.7514,12.362,0.27594,85.988,13.5275,0.03437,0.111342,0.38136,1108.27332,478.20584,0,0,0,0,0,0,0,0,0,0,1,0,0,0,0,0,0,0,0,0,0,0,0,0,0,0,0,0,0,0,0,0,0,0,0,0,0,0,0,0
1521,가지카레튀김,77,123.746,2.3254,5.22158,16.98774,1.5694,21.028,0.5278,104.58,8.489833333,0.039802,0.110712,0,923.86728,479.59016,0,0,0,0,0,0,0,0,0,0,1,0,0,0,0,0,0,0,0,0,0,0,0,0,0,0,0,0,0,0,0,0,0,0,0,0,0,0,0,0
1522,가지탕수,88.2,101.01,1.30564,4.27028,14.5201,1.6758,14.56,0.34454,218.624,38.36583334,0.03045,0.14364,18.76686,860.52638,479.33116,0,0,0,0,0,0,0,0,0,0,1,0,0,0,0,0,0,0,0,0,0,0,0,0,0,0,0,0,0,0,0,0,0,0,0,0,0,0,0,0
1523,가지튀김,75.6,119.07,2.09076,4.63078,16.73462,1.631,20.314,0.33852,129.108,7.835333333,0.038346,0.108248,0,935.93472,480.35596,0,0,0,0,0,0,0,0,0,0,1,0,0,0,0,0,0,0,0,0,0,0,0,0,0,0,0,0,0,0,0,0,0,0,0,0,0,0,0,0
1524,감자고로케,83,120.271,2.94612,4.92202,15.62856,1.8508,12.329,0.51794,139.603,41.801,0.046184,0.060616,7.09758,983.7604,482.35866,0,0,0,0,0,0,0,0,0,0,1,0,0,0,0,0,0,0,0,0,0,0,0,0,0,0,0,0,0,0,0,0,0,0,0,0,0,0,0,0
1525,감자칩튀김,50.5,82.194,1.14828,4.2441,9.63102,1.2264,6.886,0.28832,70.851,0,0.030576,0.013944,4.4142,851.25264,477.38292,0,0,0,0,0,0,0,0,0,0,1,0,0,0,0,0,0,0,0,0,0,0,0,0,0,0,0,0,0,0,0,0,0,0,0,0,0,0,0,0
1526,감자튀김,78.7,99.568,1.41078,4.22254,14.0336,1.89,6.63,0.41752,102.457,0,0.042,0.0189,7.357,835.69794,476.79856,0,0,0,0,0,0,0,0,0,0,1,0,0,0,0,0,0,0,0,0,0,0,0,0,0,0,0,0,0,0,0,0,0,0,0,0,0,0,0,0
1527,검은깨고구마맛탕,60.2,141.47,0.79422,4.84008,23.7349,1.5932,25.928,0.30576,3.514,1.338166667,0.033768,0.060676,3.4888,1106.8582,480.8699,0,0,0,0,0,0,0,0,0,0,1,0,0,0,0,0,0,0,0,0,0,0,0,0,0,0,0,0,0,0,0,0,0,0,0,0,0,0,0,0
1528,게맛살크로켓,75.6,148.904,7.25522,5.40162,16.96926,0.5698,101.878,0.66724,438.326,21.72333333,0.035714,0.128436,2.36348,1035.4736,481.63486,0,0,0,0,0,0,0,0,0,0,1,0,0,0,0,0,0,0,0,0,0,0,0,0,0,0,0,0,0,0,0,0,0,0,0,0,0,0,0,0
1529,게맛살튀김,53.2,113.89,4.95824,4.2917,13.3049,0.154,96.642,0.40544,394.002,0,0.02156,0.05474,0,859.67868,477.37592,0,0,0,0,0,0,0,0,0,0,1,0,0,0,0,0,0,0,0,0,0,0,0,0,0,0,0,0,0,0,0,0,0,0,0,0,0,0,0,0
1530,고구마맛탕,78.4,159.922,0.70868,4.2707,29.52446,1.89,10.542,0.32214,4.942,1.866666667,0.045794,0.0189,4.984,859.17608,479.30442,0,0,0,0,0,0,0,0,0,0,1,0,0,0,0,0,0,0,0,0,0,0,0,0,0,0,0,0,0,0,0,0,0,0,0,0,0,0,0,0
1531,고구마연근맛탕,92.4,148.302,1.11048,4.2693,26.36886,2.52,18.102,0.53214,11.802,1.12,0.064134,0.06342,14.8974,861.56028,480.29562,0,0,0,0,0,0,0,0,0,0,1,0,0,0,0,0,0,0,0,0,0,0,0,0,0,0,0,0,0,0,0,0,0,0,0,0,0,0,0,0
1532,고구마튀김,78.4,161.854,1.01108,4.3043,29.33042,1.9824,13.566,0.35952,41.734,1.866666667,0.050876,0.021504,4.984,877.27724,480.45312,0,0,0,0,0,0,0,0,0,0,1,0,0,0,0,0,0,0,0,0,0,0,0,0,0,0,0,0,0,0,0,0,0,0,0,0,0,0,0,0
1533,고로케,90,130.771,6.09892,5.42742,13.72736,1.4728,12.469,0.58094,145.343,43.02016667,0.080204,0.082596,17.03898,1043.1302,485.20206,0,0,0,0,0,0,0,0,0,0,1,0,0,0,0,0,0,0,0,0,0,0,0,0,0,0,0,0,0,0,0,0,0,0,0,0,0,0,0,0
1534,김말이튀김,33.6,127.134,1.03292,7.07812,14.99708,0.5082,22.554,0.93884,153.02,49.21583334,0.016534,0.10332,2.4178,2008.587,491.79088,0,0,0,0,0,0,0,0,0,0,1,0,0,0,0,0,0,0,0,0,0,0,0,0,0,0,0,0,0,0,0,0,0,0,0,0,0,0,0,0
1535,다시마튀김,12.6,44.898,0.07784,4.20784,1.69764,0,7.308,0.17696,5.306,4.515,0.0021,0.017416,0.98,829.51008,475.46142,0,0,0,0,0,0,0,0,0,0,1,0,0,0,0,0,0,0,0,0,0,0,0,0,0,0,0,0,0,0,0,0,0,0,0,0,0,0,0,0
1536,단호박튀김,67.2,117.95,1.59474,4.6242,17.6603,2.758,16.002,0.30814,122.682,149.8583333,0.03262,0.07532,5.9437,977.16528,518.97062,0,0,0,0,0,0,0,0,0,0,1,0,0,0,0,0,0,0,0,0,0,0,0,0,0,0,0,0,0,0,0,0,0,0,0,0,0,0,0,0
1537,당면김말이튀김,23.8,99.288,0.96152,4.2805,14.50106,0.2912,19.67,0.87024,150.962,17.0135,0.013944,0.09702,2.2064,837.3806,476.28392,0,0,0,0,0,0,0,0,0,0,1,0,0,0,0,0,0,0,0,0,0,0,0,0,0,0,0,0,0,0,0,0,0,0,0,0,0,0,0,0
1538,도라지강정,63,123.606,1.50682,4.30206,19.54512,1.883,17.136,0.1792,143.556,2.858333333,0.011354,0.0574,2.41416,887.20912,479.14202,0,0,0,0,0,0,0,0,0,0,1,0,0,0,0,0,0,0,0,0,0,0,0,0,0,0,0,0,0,0,0,0,0,0,0,0,0,0,0,0
1539,만두강정,125.7,249.335,11.62236,8.24781,30.43242,2.0824,30.23,1.02955,232.471,17.388,0.262062,0.237214,2.40504,2277.20328,583.92502,0,0,0,0,0,0,0,0,0,0,1,0,0,0,0,0,0,0,0,0,0,0,0,0,0,0,0,0,0,0,0,0,0,0,0,0,0,0,0,0
1540,모듬버섯탕수,70,95.466,1.60636,4.32152,13.5611,1.232,10.962,0.3591,109.648,35.2975,0.033712,0.103684,2.88666,883.7052,482.4127,0,0,0,0,0,0,0,0,0,0,1,0,0,0,0,0,0,0,0,0,0,0,0,0,0,0,0,0,0,0,0,0,0,0,0,0,0,0,0,0
1541,모듬튀김,165.2,286.23,10.29364,12.0295,34.8537,3.024,34.832,1.02144,444.122,10.87333333,0.19887,0.19992,19.7568,2092.23098,559.53352,0,0,0,0,0,0,0,0,0,0,1,0,0,0,0,0,0,0,0,0,0,0,0,0,0,0,0,0,0,0,0,0,0,0,0,0,0,0,0,0
1542,미역귀튀각,14,39.62,1.365,5.3228,6.4694,5.418,107.24,1.645,145.32,3.733333334,0,0.0077,0,2503.704,55.7928,0,0,0,0,0,0,0,0,0,0,1,0,0,0,0,0,0,0,0,0,0,0,0,0,0,0,0,0,0,0,0,0,0,0,0,0,0,0,0,0
1543,뱅어포튀김,21,96.18,8.58494,5.73384,1.8032,0.0112,137.928,0.45178,162.218,0,0.025746,0.045052,0,829.51008,475.46142,0,0,0,0,0,0,0,0,0,0,1,0,0,0,0,0,0,0,0,0,0,0,0,0,0,0,0,0,0,0,0,0,0,0,0,0,0,0,0,0
1544,버섯탕수,82.6,89.418,1.4847,4.27168,12.95602,1.4154,6.538,0.38892,139.342,33.27916667,0.045122,0.148624,12.4628,856.49354,476.23072,0,0,0,0,0,0,0,0,0,0,1,0,0,0,0,0,0,0,0,0,0,0,0,0,0,0,0,0,0,0,0,0,0,0,0,0,0,0,0,0
1545,브로콜리튀김,67.2,97.37,3.75984,5.3802,8.5008,1.491,24.892,0.64624,19.712,28.28,0.03605,0.1274,12.2633,1033.63778,507.34292,0,0,0,0,0,0,0,0,0,0,1,0,0,0,0,0,0,0,0,0,0,0,0,0,0,0,0,0,0,0,0,0,0,0,0,0,0,0,0,0
1546,뿌리채소맛탕,92.4,148.302,1.11048,4.2693,26.36886,2.52,18.102,0.53214,11.802,1.12,0.064134,0.06342,14.8974,861.56028,480.29562,0,0,0,0,0,0,0,0,0,0,1,0,0,0,0,0,0,0,0,0,0,0,0,0,0,0,0,0,0,0,0,0,0,0,0,0,0,0,0,0
1547,새우맛연근튀김,50.4,103.81,2.64362,5.19862,11.26608,1.4154,120.246,3.1878,76.104,3.208333333,0.039312,0.058408,9.92964,864.29196,479.00524,0,0,0,0,0,0,0,0,0,0,1,0,0,0,0,0,0,0,0,0,0,0,0,0,0,0,0,0,0,0,0,0,0,0,0,0,0,0,0,0
1548,양파링튀김,67.3,109.13,1.99934,4.7985,14.2023,0.903,11.492,0.27474,45.679,9.59,0.03143,0.03913,2.4815,951.80778,480.03522,0,0,0,0,0,0,0,0,0,0,1,0,0,0,0,0,0,0,0,0,0,0,0,0,0,0,0,0,0,0,0,0,0,0,0,0,0,0,0,0
1549,양파튀김,60.2,85.19,1.77604,4.7824,8.5372,0.868,15.022,0.27944,71.792,9.59,0.02912,0.04179,2.4696,943.60098,479.47312,0,0,0,0,0,0,0,0,0,0,1,0,0,0,0,0,0,0,0,0,0,0,0,0,0,0,0,0,0,0,0,0,0,0,0,0,0,0,0,0
1550,어묵구이+케첩,51.8,105.35,4.92996,4.6872,10.9137,0.406,22.008,0.24066,368.018,13.70833333,0.00182,0.02002,0.6356,1421.76132,416.34208,0,0,0,0,0,0,0,0,0,0,1,0,0,0,0,0,0,0,0,0,0,0,0,0,0,0,0,0,0,0,0,0,0,0,0,0,0,0,0,0
1551,연근강정,63,130.256,1.48232,4.28806,21.01512,1.568,12.936,0.3472,149.856,2.683333333,0.039354,0.07805,10.56566,876.67412,479.36602,0,0,0,0,0,0,0,0,0,0,1,0,0,0,0,0,0,0,0,0,0,0,0,0,0,0,0,0,0,0,0,0,0,0,0,0,0,0,0,0
1552,연근어묵,43.1,73.084,4.4584,1.17317,11.46664,0.7476,73.698,0.58227,480.461,10.87383333,0.016231,0.058684,2.64635,473.99765,54.41226,0,0,0,0,0,0,0,0,0,0,1,0,0,0,0,0,0,0,0,0,0,0,0,0,0,0,0,0,0,0,0,0,0,0,0,0,0,0,0,0
1553,연근튀김,60.3,101.08,1.30494,4.284,13.9601,1.771,18.842,0.46164,105.249,0,0.05159,0.0651,13.8915,876.30438,480.32572,0,0,0,0,0,0,0,0,0,0,1,0,0,0,0,0,0,0,0,0,0,0,0,0,0,0,0,0,0,0,0,0,0,0,0,0,0,0,0,0
1554,옥수수채소튀김,95.2,131.81,1.35744,4.5458,21.2737,1.757,8.862,0.32774,90.552,33.43666667,0.02569,0.063,5.0232,956.03088,483.83482,0,0,0,0,0,0,0,0,0,0,1,0,0,0,0,0,0,0,0,0,0,0,0,0,0,0,0,0,0,0,0,0,0,0,0,0,0,0,0,0
1555,유자고구마맛탕,79.8,161.14,0.72912,4.2707,29.72802,1.89,11.256,0.34314,5.572,1.884166667,0.048118,0.02562,7.504,859.17608,479.30442,0,0,0,0,0,0,0,0,0,0,1,0,0,0,0,0,0,0,0,0,0,0,0,0,0,0,0,0,0,0,0,0,0,0,0,0,0,0,0,0
1556,채소옥수수튀김,95.6,126.697,2.60284,4.4911,18.7045,1.799,27.533,0.47454,277.489,33.681,0.03392,0.06147,6.4022,940.91928,482.90802,0,0,0,0,0,0,0,0,0,0,1,0,0,0,0,0,0,0,0,0,0,0,0,0,0,0,0,0,0,0,0,0,0,0,0,0,0,0,0,0
1557,채소크로켓,124.6,135.604,3.92252,4.91372,19.22466,2.9568,16.268,0.77854,27.076,73.885,0.073444,0.123256,9.91928,992.0533,482.40206,0,0,0,0,0,0,0,0,0,0,1,0,0,0,0,0,0,0,0,0,0,0,0,0,0,0,0,0,0,0,0,0,0,0,0,0,0,0,0,0
1558,채소튀김(감자),71.5,122.108,2.61506,4.84722,16.36418,1.5932,21.334,0.48194,167.801,42.86333334,0.042728,0.05971,4.36212,977.3148,482.59176,0,0,0,0,0,0,0,0,0,0,1,0,0,0,0,0,0,0,0,0,0,0,0,0,0,0,0,0,0,0,0,0,0,0,0,0,0,0,0,0
1559,채소튀김(고구마),74.2,142.408,2.49606,4.92646,21.46508,1.6338,29.848,0.52668,135.716,68.50433333,0.053746,0.077098,3.72918,994.4865,495.06576,0,0,0,0,0,0,0,0,0,0,1,0,0,0,0,0,0,0,0,0,0,0,0,0,0,0,0,0,0,0,0,0,0,0,0,0,0,0,0,0
1560,춘권튀김,41,80.119,3.98758,4.46492,5.47282,0.392,9.767,0.44836,159.679,32.74766667,0.04827,0.04166,0.7784,859.26848,477.48918,0,0,0,0,0,0,0,0,0,0,1,0,0,0,0,0,0,0,0,0,0,0,0,0,0,0,0,0,0,0,0,0,0,0,0,0,0,0,0,0
1561,치킨너겟+머스타드소스,73.1,168.939,12.83772,9.14622,7.39114,0.3309,15.05,0.83833,75.089,39.40725,0.106876,0.159947,1.74346,2684.20166,728.80342,0,0,0,0,0,0,0,0,0,0,1,0,0,0,0,0,0,0,0,0,0,0,0,0,0,0,0,0,0,0,0,0,0,0,0,0,0,0,0,0
1562,치킨너겟+소스,74.4,162.352,12.85507,8.06668,8.13959,0.4051,14.947,0.8235,98.384,40.27266667,0.106894,0.162364,1.99398,2131.78811,644.50638,0,0,0,0,0,0,0,0,0,0,1,0,0,0,0,0,0,0,0,0,0,0,0,0,0,0,0,0,0,0,0,0,0,0,0,0,0,0,0,0
1563,치킨너겟+토마토케첩,73,144.334,12.85171,5.9496,8.40377,0.4611,14.667,0.80992,100.33,40.401,0.106614,0.162924,2.1211,1034.13015,481.63486,0,0,0,0,0,0,0,0,0,0,1,0,0,0,0,0,0,0,0,0,0,0,0,0,0,0,0,0,0,0,0,0,0,0,0,0,0,0,0,0
1564,톳채소튀김,92.4,190.442,4.39432,5.5272,29.65522,1.6086,54.838,1.00002,266.7,71.911,0.073402,0.112784,2.44384,1119.53996,494.82426,0,0,0,0,0,0,0,0,0,0,1,0,0,0,0,0,0,0,0,0,0,0,0,0,0,0,0,0,0,0,0,0,0,0,0,0,0,0,0,0
1565,튀김만두+초간장,113.8,222.77,11.4972,8.242,23.78732,1.8024,28.746,1.01772,158.04,14.70466667,0.260046,0.21522,1.76944,2273.69908,583.92502,0,0,0,0,0,0,0,0,0,0,1,0,0,0,0,0,0,0,0,0,0,0,0,0,0,0,0,0,0,0,0,0,0,0,0,0,0,0,0,0
1566,호두강정,23.8,110.348,1.37578,8.98786,6.66988,0.2912,7.434,0.27258,145.32,2.8175,0.015764,0.052556,0.6356,833.09352,475.49418,0,0,0,0,0,0,0,0,0,0,1,0,0,0,0,0,0,0,0,0,0,0,0,0,0,0,0,0,0,0,0,0,0,0,0,0,0,0,0,0
1567,(고춧가루제외)갈치조림,81.3,78.075,8.33843,3.18246,3.80581,0.3477,27.154,0.59148,178.39,8.516666667,0.07037,0.107544,3.05266,5.94663,1.5078,0,0,0,0,0,0,0,0,0,0,1,0,0,0,0,0,0,0,0,0,0,0,0,0,0,0,0,0,0,0,0,0,0,0,0,0,0,0,0,0
1568,(고춧가루제외)고등어조림,88.3,92.985,9.09653,4.40676,3.99901,0.3897,20.364,0.85608,168.31,9.8,0.0955,0.256014,3.56646,7.67283,2.1945,0,0,0,0,0,0,0,0,0,0,1,0,0,0,0,0,0,0,0,0,0,0,0,0,0,0,0,0,0,0,0,0,0,0,0,0,0,0,0,0
1569,(저염)갈치조림,81.3,78.075,8.33843,3.18246,3.80581,0.3477,27.154,0.59148,178.39,8.516666667,0.07037,0.107544,3.05266,5.94663,1.5078,0,0,0,0,0,0,0,0,0,0,1,0,0,0,0,0,0,0,0,0,0,0,0,0,0,0,0,0,0,0,0,0,0,0,0,0,0,0,0,0
1570,(저염)닭가슴살단호박조림,101.2,72.522,10.41647,0.58406,6.50883,1.5261,11.225,0.44658,89.554,101.7618333,0.105758,0.084404,15.72748,116.58049,20.6584,0,0,0,0,0,0,0,0,0,0,1,0,0,0,0,0,0,0,0,0,0,0,0,0,0,0,0,0,0,0,0,0,0,0,0,0,0,0,0,0
1571,(저염)닭가슴살데리야끼조림,80.9,62.981,10.19527,0.44693,4.25105,0.5601,13.983,0.30749,90.331,40.85016667,0.100018,0.062312,3.13588,79.57359,6.5982,0,0,0,0,0,0,0,0,0,0,1,0,0,0,0,0,0,0,0,0,0,0,0,0,0,0,0,0,0,0,0,0,0,0,0,0,0,0,0,0
1572,(저염)소고기호두조림,52,115.886,10.93161,7.24432,2.04133,0.4835,9.249,1.34304,94.94,1.002666667,0.036922,0.125292,0.29326,2970.48863,804.1033,0,0,0,0,0,0,0,0,0,0,1,0,0,0,0,0,0,0,0,0,0,0,0,0,0,0,0,0,0,0,0,0,0,0,0,0,0,0,0,0
1573,(저염·저당)돼지고기메추리알조림,65.6,87.732,8.02493,4.75016,2.54995,0.3505,25.226,1.044,119.635,72.59208334,0.165274,0.26056,0.71466,635.08898,21.07061,0,0,0,0,0,0,0,0,0,0,1,0,0,0,0,0,0,0,0,0,0,0,0,0,0,0,0,0,0,0,0,0,0,0,0,0,0,0,0,0
1574,(저염·저당)소고기장조림,52,71.858,10.11108,2.56333,1.56883,0.2555,7.344,1.23975,95.003,2.394833333,0.036543,0.12369,2.37074,214.29942,7.92952,0,0,0,0,0,0,0,0,0,0,1,0,0,0,0,0,0,0,0,0,0,0,0,0,0,0,0,0,0,0,0,0,0,0,0,0,0,0,0,0
1575,가자미간장조림,81.7,73.193,9.90233,1.88583,3.82353,0.4597,24.974,0.47763,231.894,5.059583333,0.0947,0.174754,2.95116,134.09758,4.85931,0,0,0,0,0,0,0,0,0,0,1,0,0,0,0,0,0,0,0,0,0,0,0,0,0,0,0,0,0,0,0,0,0,0,0,0,0,0,0,0
1576,가자미무조림,88.4,72.482,9.89453,1.69235,4.12515,0.3897,26.287,0.47983,233.426,3.500916667,0.0955,0.172084,3.98646,49.29408,2.72857,0,0,0,0,0,0,0,0,0,0,1,0,0,0,0,0,0,0,0,0,0,0,0,0,0,0,0,0,0,0,0,0,0,0,0,0,0,0,0,0
1577,가자미양념조림,81.6,72.846,9.89103,1.88173,3.75723,0.4597,24.693,0.45813,231.848,5.048583333,0.09459,0.174534,2.95116,134.09758,4.85931,0,0,0,0,0,0,0,0,0,0,1,0,0,0,0,0,0,0,0,0,0,0,0,0,0,0,0,0,0,0,0,0,0,0,0,0,0,0,0,0
1578,가자미양파조림,88.6,75.156,9.91693,1.88803,4.35783,0.4667,25.813,0.48473,233.248,3.491083333,0.09382,0.171524,3.88426,132.02838,3.17721,0,0,0,0,0,0,0,0,0,0,1,0,0,0,0,0,0,0,0,0,0,0,0,0,0,0,0,0,0,0,0,0,0,0,0,0,0,0,0,0
1579,가자미조림,81.6,73.266,9.85043,1.88523,3.89023,0.3477,24.763,0.47073,233.038,3.479416667,0.09137,0.170754,3.47266,130.81038,3.11001,0,0,0,0,0,0,0,0,0,0,1,0,0,0,0,0,0,0,0,0,0,0,0,0,0,0,0,0,0,0,0,0,0,0,0,0,0,0,0,0
1580,갈비조림,88.8,154.947,7.87756,10.43704,7.47737,0.8679,11.972,1.55052,190.99,32.42933334,0.034386,0.197688,2.96028,65.42507,5.48228,0,0,0,0,0,0,0,0,0,0,1,0,0,0,0,0,0,0,0,0,0,0,0,0,0,0,0,0,0,0,0,0,0,0,0,0,0,0,0,0
1581,갈치감자조림,88.4,90.962,8.67233,3.27785,6.50235,0.8307,25.867,0.68983,177.776,8.470916667,0.07471,0.110344,4.23216,45.93618,1.05487,0,0,0,0,0,0,0,0,0,0,1,0,0,0,0,0,0,0,0,0,0,0,0,0,0,0,0,0,0,0,0,0,0,0,0,0,0,0,0,0
1582,갈치무조림,88.4,79.167,8.3835,3.18891,4.05083,0.3923,28.782,0.60503,178.814,8.541583333,0.0745,0.109066,3.56796,7.73226,2.20631,0,0,0,0,0,0,0,0,0,0,1,0,0,0,0,0,0,0,0,0,0,0,0,0,0,0,0,0,0,0,0,0,0,0,0,0,0,0,0,0
1583,갈치조림,82.8,79.836,8.47982,3.19086,4.09799,0.3966,27.583,0.61919,245.365,9.13025,0.071343,0.132439,3.05266,11.16528,1.86771,0,0,0,0,0,0,0,0,0,0,1,0,0,0,0,0,0,0,0,0,0,0,0,0,0,0,0,0,0,0,0,0,0,0,0,0,0,0,0,0
1584,감자소고기조림,90.5,112.687,10.62735,4.5393,6.97064,0.9428,10.074,1.40294,158.589,33.49608334,0.060173,0.138658,3.70436,382.66234,162.15165,0,0,0,0,0,0,0,0,0,0,1,0,0,0,0,0,0,0,0,0,0,0,0,0,0,0,0,0,0,0,0,0,0,0,0,0,0,0,0,0
1585,고구마닭간장조림,109.5,149.129,11.41503,6.09175,11.71785,1.0477,15.368,0.78563,175.652,60.81858334,0.13586,0.186304,3.31166,58.82668,2.37437,0,0,0,0,0,0,0,0,0,0,1,0,0,0,0,0,0,0,0,0,0,0,0,0,0,0,0,0,0,0,0,0,0,0,0,0,0,0,0,0
1586,고구마소고기조림,81.9,97.213,7.23751,2.19695,11.99397,1.0477,11.168,1.02923,152.972,33.65858334,0.050208,0.116864,3.37326,111.57308,4.03197,0,0,0,0,0,0,0,0,0,0,1,0,0,0,0,0,0,0,0,0,0,0,0,0,0,0,0,0,0,0,0,0,0,0,0,0,0,0,0,0
1587,고등어김치조림,86.4,94.396,9.09204,4.57456,3.89204,0.261,29.346,0.96019,115.345,14.6495,0.101536,0.233102,3.49506,62.24653,0.83998,0,0,0,0,0,0,0,0,0,0,1,0,0,0,0,0,0,0,0,0,0,0,0,0,0,0,0,0,0,0,0,0,0,0,0,0,0,0,0,0
1588,고등어무조림,74.5,89.451,8.97759,4.4014,3.11711,0.1583,18.28,0.82972,167.894,9.776666667,0.090836,0.255026,2.76698,5.35329,2.0601,0,0,0,0,0,0,0,0,0,0,1,0,0,0,0,0,0,0,0,0,0,0,0,0,0,0,0,0,0,0,0,0,0,0,0,0,0,0,0,0
1589,고등어양념조림,74.3,90.101,8.97469,4.39474,3.32878,0.3821,17.075,0.77755,166.711,10.34358333,0.090279,0.253627,2.2708,11.10705,1.86771,0,0,0,0,0,0,0,0,0,0,1,0,0,0,0,0,0,0,0,0,0,0,0,0,0,0,0,0,0,0,0,0,0,0,0,0,0,0,0,0
1590,고등어조림,88.4,93.304,9.10982,4.41516,4.05963,0.4274,20.443,0.86097,168.323,10.41358333,0.095927,0.258173,3.56646,12.89148,2.55441,0,0,0,0,0,0,0,0,0,0,1,0,0,0,0,0,0,0,0,0,0,0,0,0,0,0,0,0,0,0,0,0,0,0,0,0,0,0,0,0
1591,꽁치조림,81.4,75.597,10.1034,2.00661,3.94163,0.3503,25.492,0.88643,169.994,8.93825,0.02417,0.178996,3.05416,6.00606,1.51961,0,0,0,0,0,0,0,0,0,0,1,0,0,0,0,0,0,0,0,0,0,0,0,0,0,0,0,0,0,0,0,0,0,0,0,0,0,0,0,0
1592,너비아니조림,101.4,143.652,8.27419,7.822,9.62792,1.7058,35.852,1.486,156.142,42.63316666,0.044645,0.22824,14.16236,1044.37373,128.58432,0,0,0,0,0,0,0,0,0,0,1,0,0,0,0,0,0,0,0,0,0,0,0,0,0,0,0,0,0,0,0,0,0,0,0,0,0,0,0,0
1593,단호박돼지고기조림,81.7,81.173,10.01993,1.82213,6.24133,1.4257,7.544,0.57143,154.544,86.95374999,0.37568,0.220534,4.28746,368.95038,34.36081,0,0,0,0,0,0,0,0,0,0,1,0,0,0,0,0,0,0,0,0,0,0,0,0,0,0,0,0,0,0,0,0,0,0,0,0,0,0,0,0
1594,단호박돼지고기등심조림,81.6,82.321,10.7685,1.7694,5.76437,1.1973,8.106,0.38968,151.786,64.71683333,0.12613,0.161716,3.96066,262.12971,26.92188,0,0,0,0,0,0,0,0,0,0,1,0,0,0,0,0,0,0,0,0,0,0,0,0,0,0,0,0,0,0,0,0,0,0,0,0,0,0,0,0
1595,닭가슴살간장조림,74.3,60.645,10.20358,0.4402,3.58814,0.4774,8.191,0.30034,156.09,36.45766667,0.09545,0.077052,1.8046,78.9838,3.6526,0,0,0,0,0,0,0,0,0,0,1,0,0,0,0,0,0,0,0,0,0,0,0,0,0,0,0,0,0,0,0,0,0,0,0,0,0,0,0,0
1596,닭가슴살단호박조림,95.6,72.984,10.47457,0.57706,6.53039,1.5373,10.735,0.3784,156.096,100.6826667,0.102104,0.10644,4.38748,116.58049,20.6584,0,0,0,0,0,0,0,0,0,0,1,0,0,0,0,0,0,0,0,0,0,0,0,0,0,0,0,0,0,0,0,0,0,0,0,0,0,0,0,0
1597,닭가슴살데리야끼조림,82.1,65.717,10.42621,0.45439,4.75691,0.6977,10.957,0.35807,156.309,37.99766667,0.097878,0.091496,3.85836,81.16233,8.0024,0,0,0,0,0,0,0,0,0,0,1,0,0,0,0,0,0,0,0,0,0,0,0,0,0,0,0,0,0,0,0,0,0,0,0,0,0,0,0,0
1598,닭가슴살미나리볶음,95.6,64.654,10.65937,0.49376,4.29879,1.2223,17.525,0.3861,157.216,53.32766667,0.102454,0.12296,2.70608,100.37479,18.4772,0,0,0,0,0,0,0,0,0,0,1,0,0,0,0,0,0,0,0,0,0,0,0,0,0,0,0,0,0,0,0,0,0,0,0,0,0,0,0,0
1599,닭가슴살조림,74.3,66.245,10.35198,0.4402,4.76414,0.6174,7.351,0.35354,155.81,36.43433334,0.09895,0.079292,2.4528,77.7616,3.7758,0,0,0,0,0,0,0,0,0,0,1,0,0,0,0,0,0,0,0,0,0,0,0,0,0,0,0,0,0,0,0,0,0,0,0,0,0,0,0,0
1600,닭가슴살채소말이조림,89.1,70.309,10.85797,0.63716,5.14002,0.9707,14.135,0.73488,161.566,58.461,0.120229,0.172024,6.89846,10.60933,3.0331,0,0,0,0,0,0,0,0,0,0,1,0,0,0,0,0,0,0,0,0,0,0,0,0,0,0,0,0,0,0,0,0,0,0,0,0,0,0,0,0
1601,닭가슴살호두조림,74.3,105.305,11.40688,5.2338,3.88144,0.4424,11.761,0.52994,159.38,36.5685,0.10651,0.114012,0.9814,83.0004,3.5182,0,0,0,0,0,0,0,0,0,0,1,0,0,0,0,0,0,0,0,0,0,0,0,0,0,0,0,0,0,0,0,0,0,0,0,0,0,0,0,0
1602,닭간장조림,88.7,102.173,8.81033,4.78243,5.74643,0.8587,11.254,0.67083,164.344,54.29291667,0.10541,0.153054,13.85786,134.38318,2.54721,0,0,0,0,0,0,0,0,0,0,1,0,0,0,0,0,0,0,0,0,0,0,0,0,0,0,0,0,0,0,0,0,0,0,0,0,0,0,0,0
1603,닭감자고구마조림,88.7,109.313,8.75433,4.79433,7.55313,0.8587,12.584,0.64073,165.534,53.44708334,0.10296,0.155154,3.05056,136.74288,2.80271,0,0,0,0,0,0,0,0,0,0,1,0,0,0,0,0,0,0,0,0,0,0,0,0,0,0,0,0,0,0,0,0,0,0,0,0,0,0,0,0
1604,닭감자조림,109.9,95.182,14.33427,1.07674,6.73958,1.1791,18.418,0.92662,137.744,63.82291667,0.140506,0.160355,4.79576,121.37794,3.61531,0,0,0,0,0,0,0,0,0,0,1,0,0,0,0,0,0,0,0,0,0,0,0,0,0,0,0,0,0,0,0,0,0,0,0,0,0,0,0,0
1605,닭고구마조림,91.5,140.239,8.68517,7.59489,8.86661,0.8587,12.976,0.63457,165.968,53.63375,0.103408,0.146838,2.81326,692.1093,320.03249,0,0,0,0,0,0,0,0,0,0,1,0,0,0,0,0,0,0,0,0,0,0,0,0,0,0,0,0,0,0,0,0,0,0,0,0,0,0,0,0
1606,닭고기간장조림,78.8,78.222,10.86172,0.95303,6.35678,0.8848,10.924,0.64313,227.426,73.36208333,0.09699,0.192734,2.04974,146.40037,7.95821,0,0,0,0,0,0,0,0,0,0,1,0,0,0,0,0,0,0,0,0,0,0,0,0,0,0,0,0,0,0,0,0,0,0,0,0,0,0,0,0
1607,(우유제외)닭고기두유조림,165.5,173.258,11.99729,9.81486,9.35269,1.2423,21.833,1.0771,158.917,53.211,0.133438,0.171072,2.51786,575.43135,317.91928,0,0,0,0,0,0,0,0,0,0,1,0,0,0,0,0,0,0,0,0,0,0,0,0,0,0,0,0,0,0,0,0,0,0,0,0,0,0,0,0
1608,닭고기우유조림,165.5,169.758,11.07329,9.61886,9.93369,1.2423,89.033,0.6221,89.617,91.711,0.120138,0.256472,3.07086,627.07735,323.23928,0,0,0,0,0,0,0,0,0,0,1,0,0,0,0,0,0,0,0,0,0,0,0,0,0,0,0,0,0,0,0,0,0,0,0,0,0,0,0,0
1609,닭고기장똑똑이,57.5,87.303,10.04665,3.56568,3.08407,0.0464,5.502,0.27342,154.158,4.2615,0.08861,0.083458,0.80558,766.91261,321.7132,0,0,0,0,0,0,0,0,0,0,1,0,0,0,0,0,0,0,0,0,0,0,0,0,0,0,0,0,0,0,0,0,0,0,0,0,0,0,0,0
1610,닭날개간장조림,91.5,128.143,8.73249,7.55583,5.96623,0.8587,15.132,0.51179,168.502,51.16041667,0.07405,0.097194,3.28786,1357.2983,360.31609,0,0,0,0,0,0,0,0,0,0,1,0,0,0,0,0,0,0,0,0,0,0,0,0,0,0,0,0,0,0,0,0,0,0,0,0,0,0,0,0
1611,닭날개조림,56,102.112,8.35053,6.11882,2.97607,0.0821,13.38,0.40176,166.287,18.96291667,0.059638,0.094964,0.78186,1060.61544,200.50185,0,0,0,0,0,0,0,0,0,0,1,0,0,0,0,0,0,0,0,0,0,0,0,0,0,0,0,0,0,0,0,0,0,0,0,0,0,0,0,0
1612,닭다리살소스조림,122,116.852,9.60357,4.67938,9.33253,1.6889,15.675,0.68504,174.586,63.34816667,0.100454,0.120798,5.2977,1101.74217,36.76498,0,0,0,0,0,0,0,0,0,0,1,0,0,0,0,0,0,0,0,0,0,0,0,0,0,0,0,0,0,0,0,0,0,0,0,0,0,0,0,0
1613,닭다리살장조림,96.8,102.39,8.95173,4.74672,5.97197,1.1807,13.477,0.61168,173.13,87.92633333,0.08539,0.111404,14.85466,1113.10513,47.18798,0,0,0,0,0,0,0,0,0,0,1,0,0,0,0,0,0,0,0,0,0,0,0,0,0,0,0,0,0,0,0,0,0,0,0,0,0,0,0,0
1614,닭다리케첩조림,61.2,102.184,8.82992,5.28428,4.46003,0.4906,9.228,0.42389,144.502,14.50675,0.076341,0.061962,1.41746,1016.0845,186.77429,0,0,0,0,0,0,0,0,0,0,1,0,0,0,0,0,0,0,0,0,0,0,0,0,0,0,0,0,0,0,0,0,0,0,0,0,0,0,0,0
1615,닭떡간장조림,105.5,139.763,11.45619,3.79683,14.54193,0.8307,12.612,0.66369,215.262,54.78291667,0.09638,0.165374,15.21096,719.0663,324.05399,0,0,0,0,0,0,0,0,0,0,1,0,0,0,0,0,0,0,0,0,0,0,0,0,0,0,0,0,0,0,0,0,0,0,0,0,0,0,0,0
1616,닭봉소스조림,91.5,117.293,8.99569,6.35253,5.68413,0.6417,10.932,0.60839,171.512,12.92291667,0.087,0.091034,14.41646,1178.7325,346.65489,0,0,0,0,0,0,0,0,0,0,1,0,0,0,0,0,0,0,0,0,0,0,0,0,0,0,0,0,0,0,0,0,0,0,0,0,0,0,0,0
1617,닭봉조림,56.1,91.319,8.33752,4.44266,4.1704,0.0686,10.095,0.38546,166.296,18.95766667,0.059694,0.099228,0.93604,670.72362,40.7946,0,0,0,0,0,0,0,0,0,0,1,0,0,0,0,0,0,0,0,0,0,0,0,0,0,0,0,0,0,0,0,0,0,0,0,0,0,0,0,0
1618,닭살간장조림,91.5,115.123,10.78489,3.73103,9.10363,0.8587,13.452,0.72039,162.622,52.37375,0.10331,0.155154,2.81326,692.1093,320.03249,0,0,0,0,0,0,0,0,0,0,1,0,0,0,0,0,0,0,0,0,0,0,0,0,0,0,0,0,0,0,0,0,0,0,0,0,0,0,0,0
1619,닭살고구마조림,91.5,115.123,10.78489,3.73103,9.10363,0.8587,13.452,0.72039,162.622,52.37375,0.10331,0.155154,2.81326,692.1093,320.03249,0,0,0,0,0,0,0,0,0,0,1,0,0,0,0,0,0,0,0,0,0,0,0,0,0,0,0,0,0,0,0,0,0,0,0,0,0,0,0,0
1620,닭살깻잎조림,94.3,104.259,11.04977,3.73523,6.25715,1.0183,20.9,0.79207,161.81,69.65208334,0.111822,0.169378,3.3643,689.33618,326.38233,0,0,0,0,0,0,0,0,0,0,1,0,0,0,0,0,0,0,0,0,0,0,0,0,0,0,0,0,0,0,0,0,0,0,0,0,0,0,0,0
1621,닭살데리야끼조림,83.1,77.379,10.77607,2.33943,3.11359,0.4625,12.052,0.72095,189.026,52.00041667,0.099978,0.116626,1.81646,409.67274,160.77675,0,0,0,0,0,0,0,0,0,0,1,0,0,0,0,0,0,0,0,0,0,0,0,0,0,0,0,0,0,0,0,0,0,0,0,0,0,0,0,0
1622,닭살연근조림,91.5,104.063,10.87169,3.72543,6.31623,0.9427,15.272,0.76939,164.582,52.00041667,0.10639,0.168734,5.78546,690.9263,320.10669,0,0,0,0,0,0,0,0,0,0,1,0,0,0,0,0,0,0,0,0,0,0,0,0,0,0,0,0,0,0,0,0,0,0,0,0,0,0,0,0
1623,닭살카레조림,91,105.882,11.07806,4.0236,6.3917,0.987,13.468,0.82586,26.558,54.1695,0.10759,0.10766,2.7237,563.55642,320.98178,0,0,0,0,0,0,0,0,0,0,1,0,0,0,0,0,0,0,0,0,0,0,0,0,0,0,0,0,0,0,0,0,0,0,0,0,0,0,0,0
1624,닭채소조림,91.5,123.313,8.97539,7.60483,4.83293,0.9007,13.802,0.65599,165.632,54.80041667,0.09918,0.179584,3.85836,694.749,323.61369,0,0,0,0,0,0,0,0,0,0,1,0,0,0,0,0,0,0,0,0,0,0,0,0,0,0,0,0,0,0,0,0,0,0,0,0,0,0,0,0
1625,대구살조림,77.7,80.089,8.71785,3.25457,3.54503,0.2353,21.938,0.35663,136.306,9.77875,0.064066,0.128756,2.66478,682.71556,320.01709,0,0,0,0,0,0,0,0,0,0,1,0,0,0,0,0,0,0,0,0,0,0,0,0,0,0,0,0,0,0,0,0,0,0,0,0,0,0,0,0
1626,대구엿장조림,76.3,98.443,9.08591,3.29419,7.45873,0.2297,21.602,0.37329,136.138,9.767083333,0.068476,0.128994,2.26032,704.40394,321.38671,0,0,0,0,0,0,0,0,0,0,1,0,0,0,0,0,0,0,0,0,0,0,0,0,0,0,0,0,0,0,0,0,0,0,0,0,0,0,0,0
1627,돈사태장조림,73.2,65.413,9.13196,2.22858,1.76232,0.1684,10.541,0.6011,156.588,1.810333333,0.209075,0.100262,2.94636,364.92091,16.62002,0,0,0,0,0,0,0,0,0,0,1,0,0,0,0,0,0,0,0,0,0,0,0,0,0,0,0,0,0,0,0,0,0,0,0,0,0,0,0,0
1628,동그랑땡채소조림,138.9,147.385,10.96606,6.22077,11.47174,2.3534,40.127,1.18825,165.22,57.80525,0.233632,0.267232,20.1726,1656.54747,451.26009,0,0,0,0,0,0,0,0,0,0,1,0,0,0,0,0,0,0,0,0,0,0,0,0,0,0,0,0,0,0,0,0,0,0,0,0,0,0,0,0
1629,동태무조림,84.7,75.259,7.24995,3.34487,3.69623,0.2773,29.008,0.28523,224.926,3.922083333,0.059796,0.092426,2.75858,684.44176,320.70379,0,0,0,0,0,0,0,0,0,0,1,0,0,0,0,0,0,0,0,0,0,0,0,0,0,0,0,0,0,0,0,0,0,0,0,0,0,0,0,0
1630,동태살엿장조림,72.1,76.813,7.13963,3.33577,4.15585,0.1163,26.348,0.25863,224.296,3.887083333,0.053314,0.090186,1.83318,681.49756,319.94989,0,0,0,0,0,0,0,0,0,0,1,0,0,0,0,0,0,0,0,0,0,0,0,0,0,0,0,0,0,0,0,0,0,0,0,0,0,0,0,0
1631,돼지고기간장조림,77.7,110.539,9.03425,6.38147,3.88313,0.5853,12.628,0.58763,167.106,36.72875,0.229546,0.199386,3.63008,1038.81886,344.97489,0,0,0,0,0,0,0,0,0,0,1,0,0,0,0,0,0,0,0,0,0,0,0,0,0,0,0,0,0,0,0,0,0,0,0,0,0,0,0,0
1632,돼지고기감자조림,74.7,79.283,10.10883,1.64853,5.59173,0.5927,6.074,0.59243,154.754,1.320416667,0.37988,0.188124,3.09816,320.87508,12.07281,0,0,0,0,0,0,0,0,0,0,1,0,0,0,0,0,0,0,0,0,0,0,0,0,0,0,0,0,0,0,0,0,0,0,0,0,0,0,0,0
1633,돼지고기곤약조림,95.6,70.466,9.82943,1.63953,4.17373,1.1527,24.693,0.45953,155.898,33.46275,0.37326,0.210514,1.18366,327.55938,12.37381,0,0,0,0,0,0,0,0,0,0,1,0,0,0,0,0,0,0,0,0,0,0,0,0,0,0,0,0,0,0,0,0,0,0,0,0,0,0,0,0
1634,돼지고기단호박조림,88.7,83.063,10.08643,1.82493,6.70893,1.5447,8.594,0.58543,154.754,86.96541666,0.37813,0.221304,4.69906,370.16838,34.42801,0,0,0,0,0,0,0,0,0,0,1,0,0,0,0,0,0,0,0,0,0,0,0,0,0,0,0,0,0,0,0,0,0,0,0,0,0,0,0,0
1635,돼지고기달걀장조림,84.6,109.73,8.73675,5.89784,4.83166,0.4948,22.776,0.86958,183.624,70.9715,0.214675,0.260006,1.87106,1107.83055,331.2535,0,0,0,0,0,0,0,0,0,0,1,0,0,0,0,0,0,0,0,0,0,0,0,0,0,0,0,0,0,0,0,0,0,0,0,0,0,0,0,0
1636,돼지고기데리야끼조림,86.9,93.447,10.07716,4.1565,3.4515,0.665,8.009,0.56536,289.734,36.30016667,0.37636,0.15023,15.3083,762.64622,331.56368,0,0,0,0,0,0,0,0,0,0,1,0,0,0,0,0,0,0,0,0,0,0,0,0,0,0,0,0,0,0,0,0,0,0,0,0,0,0,0,0
1637,돼지고기메추리알장조림,60.7,89.993,8.08653,4.74743,3.01363,0.2427,24.554,1.05373,186.394,72.58041667,0.16337,0.286684,0.30306,633.87098,21.00341,0,0,0,0,0,0,0,0,0,0,1,0,0,0,0,0,0,0,0,0,0,0,0,0,0,0,0,0,0,0,0,0,0,0,0,0,0,0,0,0
1638,돼지고기무채장조림,91.4,98.13,9.94762,4.49642,4.02051,0.6175,11.637,0.47686,156.626,33.53383334,0.385877,0.19238,2.6852,903.55992,331.5797,0,0,0,0,0,0,0,0,0,0,1,0,0,0,0,0,0,0,0,0,0,0,0,0,0,0,0,0,0,0,0,0,0,0,0,0,0,0,0,0
1639,돼지고기스테이크조림,116.5,145.433,11.50099,5.88693,11.10927,1.7841,29.354,1.04939,168.092,53.93991667,0.284876,0.271284,3.5414,1432.58256,412.56695,0,0,0,0,0,0,0,0,0,0,1,0,0,0,0,0,0,0,0,0,0,0,0,0,0,0,0,0,0,0,0,0,0,0,0,0,0,0,0,0
1640,돼지고기양송이장조림,98.5,100.073,10.63929,4.49053,4.63413,0.8167,8.412,0.70779,157.862,33.52041667,0.38674,0.277164,1.92566,906.9911,329.34809,0,0,0,0,0,0,0,0,0,0,1,0,0,0,0,0,0,0,0,0,0,0,0,0,0,0,0,0,0,0,0,0,0,0,0,0,0,0,0,0
1641,돼지고기연근조림,74.7,80.963,10.02903,1.65483,6.05373,0.7187,10.064,0.63863,158.954,1.320416667,0.38555,0.208494,6.84456,326.17968,12.95061,0,0,0,0,0,0,0,0,0,0,1,0,0,0,0,0,0,0,0,0,0,0,0,0,0,0,0,0,0,0,0,0,0,0,0,0,0,0,0,0
1642,돼지고기장똑똑이,57.5,120.483,8.70685,7.88328,3.08407,0.0464,6.342,0.42882,155.838,3.0015,0.28139,0.099418,1.27598,1380.15461,348.1774,0,0,0,0,0,0,0,0,0,0,1,0,0,0,0,0,0,0,0,0,0,0,0,0,0,0,0,0,0,0,0,0,0,0,0,0,0,0,0,0
1643,돼지고기장조림,74.9,84.429,8.88459,3.57447,3.90553,0.4873,10.92,0.54087,167.078,35.20041667,0.229686,0.190146,1.99978,484.90984,23.71801,0,0,0,0,0,0,0,0,0,0,1,0,0,0,0,0,0,0,0,0,0,0,0,0,0,0,0,0,0,0,0,0,0,0,0,0,0,0,0,0
1644,돼지고기장조림(안심),74.7,71.163,9.89113,1.65483,3.85223,0.4807,7.964,0.51823,156.574,33.52041667,0.37477,0.188334,1.92566,327.30178,12.37381,0,0,0,0,0,0,0,0,0,0,1,0,0,0,0,0,0,0,0,0,0,0,0,0,0,0,0,0,0,0,0,0,0,0,0,0,0,0,0,0
1645,돼지고기새송이버섯장조림,84.5,98.393,10.10799,4.46183,4.34853,0.6837,8.132,0.54959,157.022,33.52041667,0.37743,0.206534,1.92566,886.7611,329.34809,0,0,0,0,0,0,0,0,0,0,1,0,0,0,0,0,0,0,0,0,0,0,0,0,0,0,0,0,0,0,0,0,0,0,0,0,0,0,0,0
1646,돼지고기채소조림,90.1,94.235,10.11289,4.45959,3.27249,0.9497,7.096,0.54427,155.468,36.30291667,0.38597,0.205008,15.36426,890.3759,333.16589,0,0,0,0,0,0,0,0,0,0,1,0,0,0,0,0,0,0,0,0,0,0,0,0,0,0,0,0,0,0,0,0,0,0,0,0,0,0,0,0
1647,돼지고기케첩조림,86.8,95.83,9.81176,4.1601,4.3302,0.735,9.058,0.55006,97.398,37.26916667,0.37947,0.14406,13.8894,758.89072,327.74588,0,0,0,0,0,0,0,0,0,0,1,0,0,0,0,0,0,0,0,0,0,0,0,0,0,0,0,0,0,0,0,0,0,0,0,0,0,0,0,0
1648,돼지고기호두조림,55,120.852,10.89518,7.67317,2.59456,0.5852,9.23,0.60897,153.604,1.45575,0.36971,0.203066,0.1092,3800.77095,974.44317,0,0,0,0,0,0,0,0,0,0,1,0,0,0,0,0,0,0,0,0,0,0,0,0,0,0,0,0,0,0,0,0,0,0,0,0,0,0,0,0
1649,떡갈비간장조림,112.5,143.243,11.07097,3.88083,15.78369,0.8023,23.084,1.20377,213.764,41.88358334,0.059656,0.156252,4.65838,422.5132,168.61751,0,0,0,0,0,0,0,0,0,0,1,0,0,0,0,0,0,0,0,0,0,0,0,0,0,0,0,0,0,0,0,0,0,0,0,0,0,0,0,0
1650,떡갈비조림,118.2,178.484,9.28965,11.06373,10.03829,1.6913,36.091,1.49801,168.516,57.82858334,0.052336,0.264,13.36008,1652.60056,438.96949,0,0,0,0,0,0,0,0,0,0,1,0,0,0,0,0,0,0,0,0,0,0,0,0,0,0,0,0,0,0,0,0,0,0,0,0,0,0,0,0
1651,떡갈비피망조림,126.3,181.265,9.2141,11.05973,10.63244,2.0048,37.663,1.47315,167.894,67.16541667,0.057554,0.266448,11.1237,1649.65919,442.72261,0,0,0,0,0,0,0,0,0,0,1,0,0,0,0,0,0,0,0,0,0,0,0,0,0,0,0,0,0,0,0,0,0,0,0,0,0,0,0,0
1652,명태조림,81.9,52.859,7.92139,0.63307,3.65143,0.2773,54.6,0.82647,192.138,7.282083333,0.034596,0.117626,2.75858,131.43504,3.72951,0,0,0,0,0,0,0,0,0,0,1,0,0,0,0,0,0,0,0,0,0,0,0,0,0,0,0,0,0,0,0,0,0,0,0,0,0,0,0,0
1653,모듬장조림,84.4,115.14,8.82202,6.64402,4.34951,0.4915,27.527,1.13206,182.736,71.8005,0.242447,0.29283,1.8592,1128.64072,332.6115,0,0,0,0,0,0,0,0,0,0,1,0,0,0,0,0,0,0,0,0,0,0,0,0,0,0,0,0,0,0,0,0,0,0,0,0,0,0,0,0
1654,문어조림,94,56.19,9.25549,0.52557,3.42528,0.4346,34.658,0.74305,189.13,8.856083333,0.033629,0.11182,4.19646,21.45548,6.19711,0,0,0,0,0,0,0,0,0,0,1,0,0,0,0,0,0,0,0,0,0,0,0,0,0,0,0,0,0,0,0,0,0,0,0,0,0,0,0,0
1655,미트볼감자조림,126.5,158.383,11.67599,6.08583,13.39253,1.8457,30.462,1.18309,168.222,53.17291667,0.29756,0.255114,14.67826,1509.8402,413.54549,0,0,0,0,0,0,0,0,0,0,1,0,0,0,0,0,0,0,0,0,0,0,0,0,0,0,0,0,0,0,0,0,0,0,0,0,0,0,0,0
1656,미트볼조림,123.9,146.477,11.71385,6.09811,10.43597,2.0329,34.02,1.12453,236.476,87.65841667,0.287898,0.282546,5.81842,1517.42062,418.53789,0,0,0,0,0,0,0,0,0,0,1,0,0,0,0,0,0,0,0,0,0,0,0,0,0,0,0,0,0,0,0,0,0,0,0,0,0,0,0,0
1657,미트볼파프리카케첩조림,108.5,143.591,11.14911,5.7876,10.79498,1.6226,27.993,0.95067,141.239,57.58083334,0.281183,0.228438,15.5078,1392.64342,415.30748,0,0,0,0,0,0,0,0,0,0,1,0,0,0,0,0,0,0,0,0,0,0,0,0,0,0,0,0,0,0,0,0,0,0,0,0,0,0,0,0
1658,미트볼케첩조림,84.9,116.26,9.48131,4.85421,8.05511,1.5431,20.543,0.54882,129.527,36.30825,0.093729,0.126384,4.07112,1204.23624,406.39457,0,0,0,0,0,0,0,0,0,0,1,0,0,0,0,0,0,0,0,0,0,0,0,0,0,0,0,0,0,0,0,0,0,0,0,0,0,0,0,0
1659,미트볼토마토소스조림,114,141.678,11.29945,6.1399,9.42296,1.4398,30.196,1.10674,111.118,56.82566667,0.289519,0.235044,18.89366,1531.81355,415.6763,0,0,0,0,0,0,0,0,0,0,1,0,0,0,0,0,0,0,0,0,0,0,0,0,0,0,0,0,0,0,0,0,0,0,0,0,0,0,0,0
1660,미트볼피망조림,118.2,123.73,11.44113,3.3343,11.41236,1.8192,31.134,1.06712,167.79,62.51083334,0.293537,0.273852,10.27036,976.82975,100.10944,0,0,0,0,0,0,0,0,0,0,1,0,0,0,0,0,0,0,0,0,0,0,0,0,0,0,0,0,0,0,0,0,0,0,0,0,0,0,0,0
1661,병어조림,76,73.68,7.40507,2.82796,4.4405,0.1658,17.762,0.35172,202.814,26.58966667,0.149953,0.102296,2.74326,64.98913,2.76568,0,0,0,0,0,0,0,0,0,0,1,0,0,0,0,0,0,0,0,0,0,0,0,0,0,0,0,0,0,0,0,0,0,0,0,0,0,0,0,0
1662,비엔나케첩조림,94.5,156.121,7.03731,9.9806,9.49228,1.2796,21.553,0.51387,418.649,57.91333333,0.136633,0.092288,19.1177,1654.32372,399.74018,0,0,0,0,0,0,0,0,0,0,1,0,0,0,0,0,0,0,0,0,0,0,0,0,0,0,0,0,0,0,0,0,0,0,0,0,0,0,0,0
1663,삼겹케첩조림,100.2,188.892,6.40608,15.04816,7.03687,1.1989,14.519,0.40115,134.857,44.47333334,0.223691,0.11817,5.50196,1481.80913,137.2238,0,0,0,0,0,0,0,0,0,0,1,0,0,0,0,0,0,0,0,0,0,0,0,0,0,0,0,0,0,0,0,0,0,0,0,0,0,0,0,0
1664,삼치간장조림,81.7,73.753,9.20653,1.55893,5.47133,0.6417,8.384,0.29423,152.164,0.08375,0.04962,0.087814,3.07646,145.24578,12.53621,0,0,0,0,0,0,0,0,0,0,1,0,0,0,0,0,0,0,0,0,0,0,0,0,0,0,0,0,0,0,0,0,0,0,0,0,0,0,0,0
1665,삼치단호박조림,95.6,79.986,9.24703,1.73123,7.11023,1.6637,10.203,0.29433,151.978,85.70608332,0.04951,0.121894,5.00146,193.92798,34.95301,0,0,0,0,0,0,0,0,0,0,1,0,0,0,0,0,0,0,0,0,0,0,0,0,0,0,0,0,0,0,0,0,0,0,0,0,0,0,0,0
1666,삼치무간장조림,88.7,67.523,9.05743,1.57223,4.06573,0.3897,11.954,0.25083,153.284,0.15375,0.05361,0.088444,3.14646,149.21058,14.33871,0,0,0,0,0,0,0,0,0,0,1,0,0,0,0,0,0,0,0,0,0,0,0,0,0,0,0,0,0,0,0,0,0,0,0,0,0,0,0,0
1667,삼치무조림,74.9,63.989,8.93849,1.56687,3.18383,0.1583,9.87,0.22447,152.868,0.130416667,0.048946,0.087456,2.34698,146.89104,14.20431,0,0,0,0,0,0,0,0,0,0,1,0,0,0,0,0,0,0,0,0,0,0,0,0,0,0,0,0,0,0,0,0,0,0,0,0,0,0,0,0
1668,삼치살데리야끼조림,63.3,57.667,9.02103,1.35681,1.86129,0.0103,6.772,0.34407,286.364,1.13775,0.041528,0.034166,12.12186,58.35348,11.07607,0,0,0,0,0,0,0,0,0,0,1,0,0,0,0,0,0,0,0,0,0,0,0,0,0,0,0,0,0,0,0,0,0,0,0,0,0,0,0,0
1669,삼치살두부감자조림,73.4,64.902,7.70159,1.8391,4.15112,0.9428,16.392,0.4864,146.622,0.073166667,0.040795,0.09832,2.66486,490.61143,63.38632,0,0,0,0,0,0,0,0,0,0,1,0,0,0,0,0,0,0,0,0,0,0,0,0,0,0,0,0,0,0,0,0,0,0,0,0,0,0,0,0
1670,삼치살무조림,74.8,64.062,8.93772,1.57503,3.19115,0.1894,9.933,0.22772,152.877,0.744,0.049137,0.089063,2.32326,151.99323,14.56422,0,0,0,0,0,0,0,0,0,0,1,0,0,0,0,0,0,0,0,0,0,0,0,0,0,0,0,0,0,0,0,0,0,0,0,0,0,0,0,0
1671,삼치살양념조림,73.5,60.811,9.03438,1.6137,2.25314,0.3155,8.841,0.31349,152.445,1.777583334,0.046192,0.081509,12.94506,167.38168,12.81003,0,0,0,0,0,0,0,0,0,0,1,0,0,0,0,0,0,0,0,0,0,0,0,0,0,0,0,0,0,0,0,0,0,0,0,0,0,0,0,0
1672,삼치쌈장조림,87.8,66.192,9.12359,1.70255,3.32304,0.6412,12.82,0.24374,126.111,1.57775,0.056147,0.048552,3.1346,217.42363,23.69127,0,0,0,0,0,0,0,0,0,0,1,0,0,0,0,0,0,0,0,0,0,0,0,0,0,0,0,0,0,0,0,0,0,0,0,0,0,0,0,0
1673,삼치양념조림,61.9,103.706,9.09987,4.08309,6.88247,0.1584,7.819,0.20952,188.655,0.661833333,0.042013,0.086879,0.78336,593.15781,329.05308,0,0,0,0,0,0,0,0,0,0,1,0,0,0,0,0,0,0,0,0,0,0,0,0,0,0,0,0,0,0,0,0,0,0,0,0,0,0,0,0
1674,삼치엿장조림,79.1,82.259,9.43997,1.59879,7.09991,0.5027,8.904,0.25933,152.28,0.095416667,0.050668,0.086364,2.04752,168.27282,13.78263,0,0,0,0,0,0,0,0,0,0,1,0,0,0,0,0,0,0,0,0,0,0,0,0,0,0,0,0,0,0,0,0,0,0,0,0,0,0,0,0
1675,삼치유자소스조림,84.5,71.261,9.03433,1.56579,4.95949,0.3477,11.002,0.25741,153.48,0.147916667,0.052,0.085378,5.15266,147.48438,13.65201,0,0,0,0,0,0,0,0,0,0,1,0,0,0,0,0,0,0,0,0,0,0,0,0,0,0,0,0,0,0,0,0,0,0,0,0,0,0,0,0
1676,삼치조림,74.9,63.989,8.93849,1.56687,3.18383,0.1583,9.87,0.22447,152.868,0.130416667,0.048946,0.087456,2.34698,146.89104,14.20431,0,0,0,0,0,0,0,0,0,0,1,0,0,0,0,0,0,0,0,0,0,0,0,0,0,0,0,0,0,0,0,0,0,0,0,0,0,0,0,0
1677,새우볼조림,112.3,136.389,10.87239,5.25525,10.91215,1.6707,49.486,1.53799,230.77,52.40691667,0.04129,0.211364,2.84476,1302.6536,405.66565,0,0,0,0,0,0,0,0,0,0,1,0,0,0,0,0,0,0,0,0,0,0,0,0,0,0,0,0,0,0,0,0,0,0,0,0,0,0,0,0
1678,새우살조림,95.8,81.212,11.91097,2.2773,2.78262,0.8028,50.986,1.61578,287.266,35.36483334,0.014475,0.11659,2.04186,429.98079,167.07326,0,0,0,0,0,0,0,0,0,0,1,0,0,0,0,0,0,0,0,0,0,0,0,0,0,0,0,0,0,0,0,0,0,0,0,0,0,0,0,0
1679,소고기감자조림,105.2,188.952,7.68249,13.88606,8.07701,1.2367,13.743,1.29334,161.034,43.17766667,0.03499,0.215424,5.09526,764.59655,328.98348,0,0,0,0,0,0,0,0,0,0,1,0,0,0,0,0,0,0,0,0,0,0,0,0,0,0,0,0,0,0,0,0,0,0,0,0,0,0,0,0
1680,소고기곤약조림,91.2,171.032,7.13649,13.87626,4.28301,0.8167,20.603,1.14634,161.034,43.17766667,0.01819,0.220464,2.16646,762.29775,328.46828,0,0,0,0,0,0,0,0,0,0,1,0,0,0,0,0,0,0,0,0,0,0,0,0,0,0,0,0,0,0,0,0,0,0,0,0,0,0,0,0
1681,소고기굴소스조림,80,176.73,7.01679,13.86702,5.54385,0.6473,10.537,1.06668,348.256,44.356,0.017238,0.187886,2.88886,763.10765,328.76578,0,0,0,0,0,0,0,0,0,0,1,0,0,0,0,0,0,0,0,0,0,0,0,0,0,0,0,0,0,0,0,0,0,0,0,0,0,0,0,0
1682,소고기꽈리장조림,63.4,144.174,7.13109,11.06992,4.00885,0.3221,7.641,1.05782,158.378,11.50733333,0.017404,0.220722,1.67918,210.09853,11.65892,0,0,0,0,0,0,0,0,0,0,1,0,0,0,0,0,0,0,0,0,0,0,0,0,0,0,0,0,0,0,0,0,0,0,0,0,0,0,0,0
1683,소고기단호박조림,88.5,154.365,7.28531,11.30101,6.00823,1.5307,11.952,1.13171,159.538,107.3569167,0.023188,0.225378,3.92976,288.20548,29.03387,0,0,0,0,0,0,0,0,0,0,1,0,0,0,0,0,0,0,0,0,0,0,0,0,0,0,0,0,0,0,0,0,0,0,0,0,0,0,0,0
1684,소고기달걀장조림,84.8,118.586,8.93351,6.76748,4.88496,0.5014,23.212,1.26812,184.678,70.9715,0.052371,0.234098,1.88638,1050.44061,327.4546,0,0,0,0,0,0,0,0,0,0,1,0,0,0,0,0,0,0,0,0,0,0,0,0,0,0,0,0,0,0,0,0,0,0,0,0,0,0,0,0
1685,소고기당면조림,74.5,147.155,6.01831,9.33541,9.56843,0.5997,16.362,1.31861,156.598,42.39108334,0.019758,0.173368,12.67066,218.22578,10.44677,0,0,0,0,0,0,0,0,0,0,1,0,0,0,0,0,0,0,0,0,0,0,0,0,0,0,0,0,0,0,0,0,0,0,0,0,0,0,0,0
1686,소고기떡조림,81.5,151.845,6.52931,9.38861,10.16973,0.5717,10.272,1.02181,192.368,44.35108334,0.019268,0.184778,18.67736,236.82338,12.85967,0,0,0,0,0,0,0,0,0,0,1,0,0,0,0,0,0,0,0,0,0,0,0,0,0,0,0,0,0,0,0,0,0,0,0,0,0,0,0,0
1687,소고기메추리알장조림,84.8,125.334,9.07497,7.60786,4.48612,0.523,29.944,1.56206,183.838,71.81366667,0.080825,0.27273,1.86266,1107.45465,329.15562,0,0,0,0,0,0,0,0,0,0,1,0,0,0,0,0,0,0,0,0,0,0,0,0,0,0,0,0,0,0,0,0,0,0,0,0,0,0,0,0
1688,소고기모듬장조림,98.4,125.64,9.48846,7.49901,4.91338,0.7014,27.654,1.66527,184.67,71.81041667,0.087652,0.322878,1.8508,1070.79167,328.64109,0,0,0,0,0,0,0,0,0,0,1,0,0,0,0,0,0,0,0,0,0,0,0,0,0,0,0,0,0,0,0,0,0,0,0,0,0,0,0,0
1689,소고기버섯장조림,81.5,78.849,10.50223,2.41885,4.32935,0.7677,6.618,1.12653,156.332,33.04025,0.0555,0.187564,0.86166,131.11988,3.19967,0,0,0,0,0,0,0,0,0,0,1,0,0,0,0,0,0,0,0,0,0,0,0,0,0,0,0,0,0,0,0,0,0,0,0,0,0,0,0,0
1690,소고기브로콜리조림,81.6,84.446,10.71579,2.65996,4.26438,1.0268,14.962,1.45772,164.594,37.66133334,0.033795,0.166346,6.96216,148.52783,16.52558,0,0,0,0,0,0,0,0,0,0,1,0,0,0,0,0,0,0,0,0,0,0,0,0,0,0,0,0,0,0,0,0,0,0,0,0,0,0,0,0
1691,소고기사태장조림,53.6,65.406,8.52339,1.99496,2.93718,0.3758,7.122,1.04752,158.924,32.90133334,0.034005,0.130996,0.86936,124.29943,2.83078,0,0,0,0,0,0,0,0,0,0,1,0,0,0,0,0,0,0,0,0,0,0,0,0,0,0,0,0,0,0,0,0,0,0,0,0,0,0,0,0
1692,소고기양배추조림,81.6,129.666,6.33869,9.39676,5.06938,0.9428,19.722,1.02022,158.294,41.5755,0.022105,0.192876,5.79246,237.48593,16.71108,0,0,0,0,0,0,0,0,0,0,1,0,0,0,0,0,0,0,0,0,0,0,0,0,0,0,0,0,0,0,0,0,0,0,0,0,0,0,0,0
1693,소고기장똑똑이,57.5,170.043,6.95545,14.20428,3.08407,0.0464,8.442,1.09662,158.778,10.9815,0.01133,0.205678,1.14158,897.03281,329.5546,0,0,0,0,0,0,0,0,0,0,1,0,0,0,0,0,0,0,0,0,0,0,0,0,0,0,0,0,0,0,0,0,0,0,0,0,0,0,0,0
1694,소고기장조림,53.8,75.01,9.90169,2.62184,2.44676,0.0398,5.878,1.07762,154.546,0.9015,0.041285,0.135826,1.00866,212.55883,3.81912,0,0,0,0,0,0,0,0,0,0,1,0,0,0,0,0,0,0,0,0,0,0,0,0,0,0,0,0,0,0,0,0,0,0,0,0,0,0,0,0
1695,소고기채소조림,74.7,147.018,7.2376,11.38018,3.75095,0.6933,11.411,1.11078,159.542,46.62433334,0.01752,0.224706,9.43676,338.63471,19.44232,0,0,0,0,0,0,0,0,0,0,1,0,0,0,0,0,0,0,0,0,0,0,0,0,0,0,0,0,0,0,0,0,0,0,0,0,0,0,0,0
1696,소고기토마토조림,88.3,145.345,7.24468,11.1026,4.01374,1.0234,11.271,1.09344,159.94,49.781,0.0195,0.204242,4.3442,228.3106,12.8821,0,0,0,0,0,0,0,0,0,0,1,0,0,0,0,0,0,0,0,0,0,0,0,0,0,0,0,0,0,0,0,0,0,0,0,0,0,0,0,0
1697,소고기호두조림,53.3,117.205,11.05268,7.2442,2.24624,0.4914,9.591,1.36504,161.9,1.002666667,0.03735,0.147752,0.2814,2970.4304,804.1033,0,0,0,0,0,0,0,0,0,0,1,0,0,0,0,0,0,0,0,0,0,0,0,0,0,0,0,0,0,0,0,0,0,0,0,0,0,0,0,0
1698,소시지케첩조림,87.5,151.011,7.09331,9.9365,8.39748,0.9436,18.963,0.50127,418.229,36.3825,0.139083,0.096068,27.3322,1647.45672,393.77408,0,0,0,0,0,0,0,0,0,0,1,0,0,0,0,0,0,0,0,0,0,0,0,0,0,0,0,0,0,0,0,0,0,0,0,0,0,0,0,0
1699,오징어간장조림,91.1,95.599,11.09556,3.73063,3.8514,0.4774,12.517,0.27237,248.642,32.24758334,0.037982,0.073738,1.8046,603.99537,318.41975,0,0,0,0,0,0,0,0,0,0,1,0,0,0,0,0,0,0,0,0,0,0,0,0,0,0,0,0,0,0,0,0,0,0,0,0,0,0,0,0
1700,오징어달걀장조림,107.9,145.835,11.96712,8.32667,4.80941,0.4915,27.552,0.80481,257.896,70.35341667,0.053167,0.20708,1.8046,2052.07737,339.73115,0,0,0,0,0,0,0,0,0,0,1,0,0,0,0,0,0,0,0,0,0,0,0,0,0,0,0,0,0,0,0,0,0,0,0,0,0,0,0,0
1701,오징어무조림,77.1,79.639,8.38586,3.53323,3.1073,0.1484,12.027,0.23737,220.012,0.117583333,0.035882,0.069468,2.3114,600.64657,319.73645,0,0,0,0,0,0,0,0,0,0,1,0,0,0,0,0,0,0,0,0,0,0,0,0,0,0,0,0,0,0,0,0,0,0,0,0,0,0,0,0
1702,완자조림,111.1,141.835,11.45339,6.09269,9.47519,1.5867,30.896,1.04547,167.788,54.49125,0.28419,0.254148,10.91506,1513.7525,419.27499,0,0,0,0,0,0,0,0,0,0,1,0,0,0,0,0,0,0,0,0,0,0,0,0,0,0,0,0,0,0,0,0,0,0,0,0,0,0,0,0
1703,완자케첩조림,116.7,149.983,11.45969,6.09899,11.49763,1.8765,31.876,1.03665,175.236,58.28875,0.285324,0.247582,10.23116,1517.291,419.56059,0,0,0,0,0,0,0,0,0,0,1,0,0,0,0,0,0,0,0,0,0,0,0,0,0,0,0,0,0,0,0,0,0,0,0,0,0,0,0,0
1704,임연수데리야끼조림,84.3,78.527,8.97063,3.11941,3.26689,0.3323,14.612,3.58227,270.824,9.788583333,0.067288,0.054746,2.63266,47.56788,2.04187,0,0,0,0,0,0,0,0,0,0,1,0,0,0,0,0,0,0,0,0,0,0,0,0,0,0,0,0,0,0,0,0,0,0,0,0,0,0,0,0
1705,임연수무조림,74.7,79.703,8.72283,3.31803,3.34053,0.1517,13.214,3.49883,136.484,9.790416667,0.06551,0.103704,2.32326,130.10058,3.66231,0,0,0,0,0,0,0,0,0,0,1,0,0,0,0,0,0,0,0,0,0,0,0,0,0,0,0,0,0,0,0,0,0,0,0,0,0,0,0,0
1706,임연수양념조림,81.8,82.752,8.82502,3.32573,4.10115,0.3854,13.783,3.51912,136.497,10.404,0.066707,0.105933,2.63266,136.02903,3.46992,0,0,0,0,0,0,0,0,0,0,1,0,0,0,0,0,0,0,0,0,0,0,0,0,0,0,0,0,0,0,0,0,0,0,0,0,0,0,0,0
1707,임연수엿장조림,75.4,124.09,9.15851,6.14295,7.37302,0.3771,11.226,3.52445,135.714,9.74375,0.064831,0.101842,1.6122,703.27108,320.14771,0,0,0,0,0,0,0,0,0,0,1,0,0,0,0,0,0,0,0,0,0,0,0,0,0,0,0,0,0,0,0,0,0,0,0,0,0,0,0,0
1708,임연수유자소스조림,84.5,87.221,8.83273,3.31719,5.16949,0.3477,14.362,3.53341,137.1,9.807916667,0.0688,0.102178,5.15266,130.81038,3.11001,0,0,0,0,0,0,0,0,0,0,1,0,0,0,0,0,0,0,0,0,0,0,0,0,0,0,0,0,0,0,0,0,0,0,0,0,0,0,0,0
1709,임연수조림,74.7,82.223,8.79003,3.30753,4.03773,0.3827,11.534,3.50303,135.854,9.755416667,0.06047,0.101604,2.01666,128.57598,1.80381,0,0,0,0,0,0,0,0,0,0,1,0,0,0,0,0,0,0,0,0,0,0,0,0,0,0,0,0,0,0,0,0,0,0,0,0,0,0,0,0
1710,장산적조림,57.7,101.459,9.07101,5.70255,3.23735,0.6347,16.53,1.45931,147.414,0.571916667,0.04976,0.143744,0.16306,865.53594,241.77451,0,0,0,0,0,0,0,0,0,0,1,0,0,0,0,0,0,0,0,0,0,0,0,0,0,0,0,0,0,0,0,0,0,0,0,0,0,0,0,0
1711,주꾸미간장조림,81.9,46.349,6.55709,0.60717,3.43583,0.1513,15.47,1.03367,135.858,1.15125,0.026406,0.160116,12.55718,126.25644,1.66941,0,0,0,0,0,0,0,0,0,0,1,0,0,0,0,0,0,0,0,0,0,0,0,0,0,0,0,0,0,0,0,0,0,0,0,0,0,0,0,0
1712,코다리무조림,88.9,66.089,9.75189,1.05587,4.16103,0.3963,27.09,0.37847,224.268,0.15375,0.087446,0.135196,3.17018,132.65304,3.79671,0,0,0,0,0,0,0,0,0,0,1,0,0,0,0,0,0,0,0,0,0,0,0,0,0,0,0,0,0,0,0,0,0,0,0,0,0,0,0,0
1713,코다리양념조림,72.3,102.372,9.52009,3.55865,7.58191,0.5813,22.741,0.30074,233.505,38.98575,0.080905,0.10285,1.63036,572.35884,318.82149,0,0,0,0,0,0,0,0,0,0,1,0,0,0,0,0,0,0,0,0,0,0,0,0,0,0,0,0,0,0,0,0,0,0,0,0,0,0,0,0
1714,코다리엿장조림,72.1,78.689,10.05387,1.07939,6.67431,0.3837,22.974,0.37133,223.05,0.08375,0.081818,0.131794,1.63592,150.38082,3.17343,0,0,0,0,0,0,0,0,0,0,1,0,0,0,0,0,0,0,0,0,0,0,0,0,0,0,0,0,0,0,0,0,0,0,0,0,0,0,0,0
1715,코다리조림,81.9,65.039,9.70779,1.04957,3.92583,0.3543,25.48,0.36587,223.848,0.130416667,0.083316,0.133726,2.65638,130.92684,3.11001,0,0,0,0,0,0,0,0,0,0,1,0,0,0,0,0,0,0,0,0,0,0,0,0,0,0,0,0,0,0,0,0,0,0,0,0,0,0,0,0
1716,토마토소스닭조림,66.8,83.354,10.10966,1.9254,5.77449,0.394,6.33,0.26261,142.472,7.02375,0.089375,0.062214,1.74996,386.66774,162.64865,0,0,0,0,0,0,0,0,0,0,1,0,0,0,0,0,0,0,0,0,0,0,0,0,0,0,0,0,0,0,0,0,0,0,0,0,0,0,0,0
1717,(저염)감자조림,85.8,67.414,1.62739,1.73949,11.71371,1.9927,10.371,0.45449,137.054,32.22141667,0.042958,0.068078,7.24006,414.52794,161.80715,0,0,0,0,0,0,0,0,0,0,0,1,0,0,0,0,0,0,0,0,0,0,0,0,0,0,0,0,0,0,0,0,0,0,0,0,0,0,0,0
1718,(저염)연근조림,31.2,30.244,0.61074,0.36348,6.25463,0.9493,9.173,0.25846,72.892,0.003833333,0.025349,0.060598,7.938,152.4952,3.45932,0,0,0,0,0,0,0,0,0,0,0,1,0,0,0,0,0,0,0,0,0,0,0,0,0,0,0,0,0,0,0,0,0,0,0,0,0,0,0,0
1719,(저염·저당)우엉조림,37.5,28.487,0.9564,0.36978,5.60832,1.5303,15.893,0.27806,70.302,32.1805,0.00885,0.061018,0.3822,156.523,4.34832,0,0,0,0,0,0,0,0,0,0,0,1,0,0,0,0,0,0,0,0,0,0,0,0,0,0,0,0,0,0,0,0,0,0,0,0,0,0,0,0
1720,감자간장조림,98.5,81.957,1.90115,1.78474,15.05858,2.3848,11.841,0.5159,136.734,32.20383334,0.051143,0.081986,8.40346,433.87279,162.23626,0,0,0,0,0,0,0,0,0,0,0,1,0,0,0,0,0,0,0,0,0,0,0,0,0,0,0,0,0,0,0,0,0,0,0,0,0,0,0,0
1721,감자마늘쫑조림,67.4,46.572,1.52399,0.07477,11.05654,2.1398,15.688,0.40537,134.572,7.456083333,0.028645,0.081986,13.74376,23.23768,1.69191,0,0,0,0,0,0,0,0,0,0,0,1,0,0,0,0,0,0,0,0,0,0,0,0,0,0,0,0,0,0,0,0,0,0,0,0,0,0,0,0
1722,감자조림,87.2,68.856,1.75549,1.73949,11.94527,2.0039,10.721,0.47731,204.016,32.22141667,0.043504,0.090814,7.24006,414.52794,161.80715,0,0,0,0,0,0,0,0,0,0,0,1,0,0,0,0,0,0,0,0,0,0,0,0,0,0,0,0,0,0,0,0,0,0,0,0,0,0,0,0
1723,감자채소조림,97,70.802,1.89059,1.76819,12.41931,2.2027,13.521,0.56439,137.768,35.74941667,0.044638,0.089358,15.75486,419.07724,168.14145,0,0,0,0,0,0,0,0,0,0,0,1,0,0,0,0,0,0,0,0,0,0,0,0,0,0,0,0,0,0,0,0,0,0,0,0,0,0,0,0
1724,강낭콩조림,18.3,40.761,1.48848,1.61789,4.99786,1.9964,7.617,0.48517,133.954,0.61925,0.063952,0.062902,0.2968,350.40441,196.51041,0,0,0,0,0,0,0,0,0,0,0,1,0,0,0,0,0,0,0,0,0,0,0,0,0,0,0,0,0,0,0,0,0,0,0,0,0,0,0,0
1725,건새우아몬드조림,18.2,75.796,3.73366,4.99702,4.26874,0.8554,191.324,4.81712,177.1,5.192833333,0.005124,0.110068,0,819.5159,159.50312,0,0,0,0,0,0,0,0,0,0,0,1,0,0,0,0,0,0,0,0,0,0,0,0,0,0,0,0,0,0,0,0,0,0,0,0,0,0,0,0
1726,건새우조림,21.1,63.081,2.82582,2.95235,6.29005,0.2605,177.828,4.66741,177.578,5.162416666,0.005189,0.058064,0.462,294.63441,158.65865,0,0,0,0,0,0,0,0,0,0,0,1,0,0,0,0,0,0,0,0,0,0,0,0,0,0,0,0,0,0,0,0,0,0,0,0,0,0,0,0
1727,검정콩조림,18.3,74.501,5.67168,3.71789,4.72766,2.9344,28.617,0.91637,134.094,0.700916667,0.024612,0.141022,0.9408,1474.82841,348.77581,0,0,0,0,0,0,0,0,0,0,0,1,0,0,0,0,0,0,0,0,0,0,0,0,0,0,0,0,0,0,0,0,0,0,0,0,0,0,0,0
1728,검정콩호두조림,23.9,121.219,6.62648,8.75719,5.0505,3.3922,33.937,1.06785,67.342,0.852583333,0.027356,0.138026,0.9408,4376.30741,1151.07311,0,0,0,0,0,0,0,0,0,0,0,1,0,0,0,0,0,0,0,0,0,0,0,0,0,0,0,0,0,0,0,0,0,0,0,0,0,0,0,0
1729,견과우엉채조림,42.3,104.013,2.62178,8.23327,5.92396,2.2008,32.595,0.58415,136.058,0.15325,0.009604,0.153258,0.1708,2969.48721,802.99245,0,0,0,0,0,0,0,0,0,0,0,1,0,0,0,0,0,0,0,0,0,0,0,0,0,0,0,0,0,0,0,0,0,0,0,0,0,0,0,0
1730,고구마엿장조림,61.6,107.422,0.82208,1.45964,22.69036,1.5344,9.17,0.30184,137.872,1.493333334,0.037492,0.068908,3.9872,300.23616,161.56154,0,0,0,0,0,0,0,0,0,0,0,1,0,0,0,0,0,0,0,0,0,0,0,0,0,0,0,0,0,0,0,0,0,0,0,0,0,0,0,0
1731,(우유제외)고구마두유조림,196.1,184.24,6.7256,5.1016,27.4064,1.512,32.24,1.2322,226.517,1.493333334,0.0924,0.07112,3.9872,23.7328,3.0744,0,0,0,0,0,0,0,0,0,0,0,1,0,0,0,0,0,0,0,0,0,0,0,0,0,0,0,0,0,0,0,0,0,0,0,0,0,0,0,0
1732,고구마우유조림,196.1,177.24,4.8776,4.7096,28.5684,1.512,166.64,0.3222,87.917,78.49333333,0.0658,0.24192,5.0932,127.0248,13.7144,0,0,0,0,0,0,0,0,0,0,0,1,0,0,0,0,0,0,0,0,0,0,0,0,0,0,0,0,0,0,0,0,0,0,0,0,0,0,0,0
1733,고구마조림,59.1,91.875,0.8218,0.36037,21.28994,1.5344,9.229,0.30289,137.892,1.496083334,0.037492,0.060802,3.9872,148.59655,4.67661,0,0,0,0,0,0,0,0,0,0,0,1,0,0,0,0,0,0,0,0,0,0,0,0,0,0,0,0,0,0,0,0,0,0,0,0,0,0,0,0
1734,깻잎순조림,10.1,12.901,0.4403,0.33391,2.25372,0.4102,21.255,0.16359,67.094,44.13191667,0.023576,0.066822,0.1911,129.72945,18.75431,0,0,0,0,0,0,0,0,0,0,0,1,0,0,0,0,0,0,0,0,0,0,0,0,0,0,0,0,0,0,0,0,0,0,0,0,0,0,0,0
1735,느타리버섯조림,45,23.356,1.27994,1.5762,2.77493,1.6213,1.261,0.31054,67.414,0.002,0.063891,0.108058,0.2646,353.10186,159.19272,0,0,0,0,0,0,0,0,0,0,0,1,0,0,0,0,0,0,0,0,0,0,0,0,0,0,0,0,0,0,0,0,0,0,0,0,0,0,0,0
1736,단배추멸치조림,70.3,43.029,6.55788,0.82517,2.37146,1.225,375.679,1.80145,433.67,61.00074998,0.071946,0.082516,11.4716,130.49413,23.03159,0,0,0,0,0,0,0,0,0,0,0,1,0,0,0,0,0,0,0,0,0,0,0,0,0,0,0,0,0,0,0,0,0,0,0,0,0,0,0,0
1737,단호박견과류조림,59.1,85.421,2.34542,5.73917,8.0871,3.3516,25.217,0.50897,67.388,150.0115833,0.018438,0.166362,5.9437,2496.08169,523.67677,0,0,0,0,0,0,0,0,0,0,0,1,0,0,0,0,0,0,0,0,0,0,0,0,0,0,0,0,0,0,0,0,0,0,0,0,0,0,0,0
1738,단호박조림,69,57.708,1.16004,2.11697,9.72998,3.0587,11.609,0.31619,134.197,172.8116666,0.020423,0.134053,8.8347,521.60669,209.98212,0,0,0,0,0,0,0,0,0,0,0,1,0,0,0,0,0,0,0,0,0,0,0,0,0,0,0,0,0,0,0,0,0,0,0,0,0,0,0,0
1739,단호박호두조림,57.7,80.283,1.7941,5.65657,7.46508,2.9302,12.029,0.37877,67.22,150.01275,0.018536,0.109326,5.9437,3113.66075,843.57971,0,0,0,0,0,0,0,0,0,0,0,1,0,0,0,0,0,0,0,0,0,0,0,0,0,0,0,0,0,0,0,0,0,0,0,0,0,0,0,0
1740,두절건새우마늘종조림,35.3,52.157,3.2676,1.81217,6.46744,1.2236,186.623,4.74999,244.054,12.59108333,0.006342,0.081732,9.3177,126.27075,2.34981,0,0,0,0,0,0,0,0,0,0,0,1,0,0,0,0,0,0,0,0,0,0,0,0,0,0,0,0,0,0,0,0,0,0,0,0,0,0,0,0
1741,땅콩연근조림,39.4,69.542,2.73384,3.4011,7.87961,1.6955,14.127,0.41848,140.102,0.031166667,0.031845,0.097684,7.938,1269.353,4.52898,0,0,0,0,0,0,0,0,0,0,0,1,0,0,0,0,0,0,0,0,0,0,0,0,0,0,0,0,0,0,0,0,0,0,0,0,0,0,0,0
1742,땅콩우엉조림,39.4,67.862,3.00824,3.3983,7.32241,2.0595,19.167,0.41848,135.902,0.031166667,0.012805,0.093764,0.1708,1267.5694,4.86498,0,0,0,0,0,0,0,0,0,0,0,1,0,0,0,0,0,0,0,0,0,0,0,0,0,0,0,0,0,0,0,0,0,0,0,0,0,0,0,0
1743,땅콩조림,14.4,72.748,3.34634,5.52276,3.64615,1.2013,8.837,0.25958,67.46,0.0505,0.010509,0.049062,0,2063.15528,5.1942,0,0,0,0,0,0,0,0,0,0,0,1,0,0,0,0,0,0,0,0,0,0,0,0,0,0,0,0,0,0,0,0,0,0,0,0,0,0,0,0
1744,마늘쫑감자조림,81.8,59.05,1.81669,0.38324,13.23446,2.5178,17.358,0.51132,134.806,7.469833333,0.037155,0.086196,15.21516,149.31523,3.55172,0,0,0,0,0,0,0,0,0,0,0,1,0,0,0,0,0,0,0,0,0,0,0,0,0,0,0,0,0,0,0,0,0,0,0,0,0,0,0,0
1745,마늘쫑조림,36.5,32.981,0.72134,0.06541,8.57905,1.3021,15.414,0.16739,322.842,10.01108333,0.003593,0.054942,12.4236,20.10015,1.16831,0,0,0,0,0,0,0,0,0,0,0,1,0,0,0,0,0,0,0,0,0,0,0,0,0,0,0,0,0,0,0,0,0,0,0,0,0,0,0,0
1746,멸치아몬드조림,22.7,84.497,6.70656,5.70795,1.90708,1.0374,96.043,0.48839,430.758,0.101916667,0.005586,0.164654,0,1311.35633,167.01529,0,0,0,0,0,0,0,0,0,0,0,1,0,0,0,0,0,0,0,0,0,0,0,0,0,0,0,0,0,0,0,0,0,0,0,0,0,0,0,0
1747,멸치조림,16.1,47.495,5.06576,2.60911,0.50134,0.0224,70.455,0.16219,430.402,0.006416667,0.003556,0.056714,0,572.82043,167.45827,0,0,0,0,0,0,0,0,0,0,0,1,0,0,0,0,0,0,0,0,0,0,0,0,0,0,0,0,0,0,0,0,0,0,0,0,0,0,0,0
1748,멸치호두조림,22.7,91.987,6.14866,7.25005,1.05518,0.4914,75.953,0.32949,430.548,0.154416667,0.006846,0.076174,0,3307.81443,967.61929,0,0,0,0,0,0,0,0,0,0,0,1,0,0,0,0,0,0,0,0,0,0,0,0,0,0,0,0,0,0,0,0,0,0,0,0,0,0,0,0
1749,명엽채고추장조림,32.2,132.118,23.2841,3.46052,0.23548,0.0112,85.554,1.44382,202.37,0.025666667,0.034146,0.094696,0,1165.395,14.95396,0,0,0,0,0,0,0,0,0,0,0,1,0,0,0,0,0,0,0,0,0,0,0,0,0,0,0,0,0,0,0,0,0,0,0,0,0,0,0,0
1750,명엽채조림,31.2,90.514,17.58613,0.81703,2.12707,0.0145,65.293,1.12971,169.436,0.049416667,0.027264,0.086838,0.78186,124.92198,1.60221,0,0,0,0,0,0,0,0,0,0,0,1,0,0,0,0,0,0,0,0,0,0,0,0,0,0,0,0,0,0,0,0,0,0,0,0,0,0,0,0
1751,모듬견과조림,14.1,85.911,1.76316,8.01729,2.57334,0.9016,19.279,0.33383,67.384,0.151416667,0.003836,0.099582,0,2878.52791,799.90271,0,0,0,0,0,0,0,0,0,0,0,1,0,0,0,0,0,0,0,0,0,0,0,0,0,0,0,0,0,0,0,0,0,0,0,0,0,0,0,0
1752,무조림,53.2,26.166,0.43736,1.442,3.04178,0.3052,11.634,0.1134,69.916,0.163333333,0.029554,0.033026,3.5966,288.58676,163.29404,0,0,0,0,0,0,0,0,0,0,0,1,0,0,0,0,0,0,0,0,0,0,0,0,0,0,0,0,0,0,0,0,0,0,0,0,0,0,0,0
1753,무화과땅콩조림,23.8,83.944,2.723,3.4013,12.55912,3.8724,69.51,0.54334,136.234,0.525,0.041622,0.159992,0.322,1227.4997,151.9378,0,0,0,0,0,0,0,0,0,0,0,1,0,0,0,0,0,0,0,0,0,0,0,0,0,0,0,0,0,0,0,0,0,0,0,0,0,0,0,0
1754,뱅어포조림,33.8,112.144,12.92262,5.26464,2.37677,0.0253,209.301,0.73754,211.012,0.048666667,0.040091,0.057854,0.77,612.75902,317.67986,0,0,0,0,0,0,0,0,0,0,0,1,0,0,0,0,0,0,0,0,0,0,0,0,0,0,0,0,0,0,0,0,0,0,0,0,0,0,0,0
1755,버섯애호박조림,53.4,38.616,1.01702,2.9825,2.95553,1.4393,5.475,0.23872,67.218,6.302,0.043031,0.089298,1.0031,625.53612,329.92986,0,0,0,0,0,0,0,0,0,0,0,1,0,0,0,0,0,0,0,0,0,0,0,0,0,0,0,0,0,0,0,0,0,0,0,0,0,0,0,0
1756,북어채조림,31.2,72.874,13.17613,0.96403,2.12707,0.0145,53.323,0.66771,172.376,0.049416667,0.033564,0.080538,0.78186,124.92198,1.60221,0,0,0,0,0,0,0,0,0,0,0,1,0,0,0,0,0,0,0,0,0,0,0,0,0,0,0,0,0,0,0,0,0,0,0,0,0,0,0,0
1757,새송이버섯조림,41,31.276,1.33826,1.85226,4.095,1.0374,1.586,0.18802,136.102,0.003666667,0.01449,0.136752,0,475.25136,160.62342,0,0,0,0,0,0,0,0,0,0,0,1,0,0,0,0,0,0,0,0,0,0,0,0,0,0,0,0,0,0,0,0,0,0,0,0,0,0,0,0
1758,새우살연근조림,46.4,43.012,3.55284,0.2903,6.49991,0.9605,20.217,0.64178,177.622,0.002,0.025895,0.095794,8.078,69.2527,2.39118,0,0,0,0,0,0,0,0,0,0,0,1,0,0,0,0,0,0,0,0,0,0,0,0,0,0,0,0,0,0,0,0,0,0,0,0,0,0,0,0
1759,소고기우엉조림,54.4,54.21,4.31387,0.95392,7.22185,1.3203,16.406,0.75766,146.249,0.338583333,0.015094,0.108988,1.04358,74.62174,3.27247,0,0,0,0,0,0,0,0,0,0,0,1,0,0,0,0,0,0,0,0,0,0,0,0,0,0,0,0,0,0,0,0,0,0,0,0,0,0,0,0
1760,아몬드멸치조림,31,101.182,6.68898,6.96578,3.32989,1.0403,98.225,0.54084,364.97,0.147833333,0.006883,0.14751,0.77,1522.74824,324.6058,0,0,0,0,0,0,0,0,0,0,0,1,0,0,0,0,0,0,0,0,0,0,0,0,0,0,0,0,0,0,0,0,0,0,0,0,0,0,0,0
1761,알감자조림,62,61.548,1.40818,1.76425,10.2125,1.5485,6.765,0.38537,134.555,0.003833333,0.035086,0.067892,5.8856,424.35336,161.29126,0,0,0,0,0,0,0,0,0,0,0,1,0,0,0,0,0,0,0,0,0,0,0,0,0,0,0,0,0,0,0,0,0,0,0,0,0,0,0,0
1762,애호박조림,41,31.626,0.63126,1.82776,3.4265,0.7924,6.136,0.13552,134.002,7.878666667,0.01449,0.073752,1.0885,448.43086,175.93592,0,0,0,0,0,0,0,0,0,0,0,1,0,0,0,0,0,0,0,0,0,0,0,0,0,0,0,0,0,0,0,0,0,0,0,0,0,0,0,0
1763,연근간장조림,32.5,29.975,0.74587,0.16442,6.51256,0.9638,9.445,0.2786,139.824,0.002,0.026013,0.08347,7.94986,69.31093,2.39118,0,0,0,0,0,0,0,0,0,0,0,1,0,0,0,0,0,0,0,0,0,0,0,0,0,0,0,0,0,0,0,0,0,0,0,0,0,0,0,0
1764,연근엿장조림,33.6,42.182,0.71288,1.41764,6.70236,0.9464,8.61,0.27384,139.832,0,0.025452,0.088508,7.938,286.00376,160.17274,0,0,0,0,0,0,0,0,0,0,0,1,0,0,0,0,0,0,0,0,0,0,0,0,0,0,0,0,0,0,0,0,0,0,0,0,0,0,0,0
1765,연근조림,32.5,31.129,0.71288,0.31837,6.46436,0.9464,8.669,0.27489,139.852,0.00275,0.02555,0.080402,7.938,134.36415,3.28781,0,0,0,0,0,0,0,0,0,0,0,1,0,0,0,0,0,0,0,0,0,0,0,0,0,0,0,0,0,0,0,0,0,0,0,0,0,0,0,0
1766,연근호두조림,39.5,79.289,1.79578,5.35767,7.01876,1.4154,14.339,0.44919,140.062,0.154416667,0.02884,0.100142,7.938,3035.84315,805.58511,0,0,0,0,0,0,0,0,0,0,0,1,0,0,0,0,0,0,0,0,0,0,0,0,0,0,0,0,0,0,0,0,0,0,0,0,0,0,0,0
1767,우엉간장조림,38.7,34.269,1.06784,0.16577,7.46717,1.6353,17.375,0.31187,69.087,0.002,0.007639,0.068396,0.2135,69.3983,3.23258,0,0,0,0,0,0,0,0,0,0,0,1,0,0,0,0,0,0,0,0,0,0,0,0,0,0,0,0,0,0,0,0,0,0,0,0,0,0,0,0
1768,우엉조랭이떡조림,56.2,86.132,1.58049,2.96705,13.47295,1.5307,16.165,0.31239,172.414,0.012583333,0.00996,0.087524,0.59426,620.708,320.24535,0,0,0,0,0,0,0,0,0,0,0,1,0,0,0,0,0,0,0,0,0,0,0,0,0,0,0,0,0,0,0,0,0,0,0,0,0,0,0,0
1769,우엉조림,32.6,30.006,1.01324,0.36068,5.92899,1.3245,14.563,0.28128,135.654,0.003833333,0.006855,0.079414,0.1708,150.7116,3.79532,0,0,0,0,0,0,0,0,0,0,0,1,0,0,0,0,0,0,0,0,0,0,0,0,0,0,0,0,0,0,0,0,0,0,0,0,0,0,0,0
1770,우엉채곤약조림,46.6,30.846,1.03004,0.36208,6.35739,1.6605,23.943,0.29668,135.934,0.003833333,0.006855,0.092014,0.1848,150.8404,3.79532,0,0,0,0,0,0,0,0,0,0,0,1,0,0,0,0,0,0,0,0,0,0,0,0,0,0,0,0,0,0,0,0,0,0,0,0,0,0,0,0
1771,우엉채어묵조림,46.6,53.386,2.61484,0.98928,8.82559,1.3665,21.423,0.35688,233.514,3.678833333,0.006855,0.082914,0.1708,439.1284,36.91792,0,0,0,0,0,0,0,0,0,0,0,1,0,0,0,0,0,0,0,0,0,0,0,0,0,0,0,0,0,0,0,0,0,0,0,0,0,0,0,0
1772,우엉채조림,32.5,29.449,0.98728,0.31557,5.90716,1.3104,13.709,0.27489,135.652,0.00275,0.00651,0.076482,0.1708,132.58055,3.62381,0,0,0,0,0,0,0,0,0,0,0,1,0,0,0,0,0,0,0,0,0,0,0,0,0,0,0,0,0,0,0,0,0,0,0,0,0,0,0,0
1773,진미채간장조림,24.6,56.482,7.44831,0.85846,4.39386,0.0568,9.476,0.97238,324.958,0.017,0.018609,0.067854,0.01186,179.31513,2.11674,0,0,0,0,0,0,0,0,0,0,0,1,0,0,0,0,0,0,0,0,0,0,0,0,0,0,0,0,0,0,0,0,0,0,0,0,0,0,0,0
1774,진미채고추장조림,26.2,59.83,7.37256,0.58428,6.0549,0.0958,7.576,0.93877,326.199,4.0795,0.02504,0.053356,0.01186,69.65015,1.95522,0,0,0,0,0,0,0,0,0,0,0,1,0,0,0,0,0,0,0,0,0,0,0,0,0,0,0,0,0,0,0,0,0,0,0,0,0,0,0,0
1775,치즈감자조림,75.7,112.417,3.90662,5.84545,10.96423,1.5373,93.968,0.37319,197.486,11.15441667,0.042751,0.072904,5.8954,606.54937,338.27739,0,0,0,0,0,0,0,0,0,0,0,1,0,0,0,0,0,0,0,0,0,0,0,0,0,0,0,0,0,0,0,0,0,0,0,0,0,0,0,0
1776,콩자반,18.8,69.9,5.71569,2.56864,6.24076,2.9518,29.888,0.94602,134.176,0.714833333,0.025185,0.152906,0.95266,1299.75683,191.52832,0,0,0,0,0,0,0,0,0,0,0,1,0,0,0,0,0,0,0,0,0,0,0,0,0,0,0,0,0,0,0,0,0,0,0,0,0,0,0,0
1777,콩조림,17.7,67.505,5.55061,2.32018,6.38349,2.9265,28.289,0.8929,67.127,0.700916667,0.024282,0.12272,0.95266,1198.38328,190.28867,0,0,0,0,0,0,0,0,0,0,0,1,0,0,0,0,0,0,0,0,0,0,0,0,0,0,0,0,0,0,0,0,0,0,0,0,0,0,0,0
1778,푸실리케첩조림,66.5,122.031,2.98501,3.1024,20.72728,1.5106,11.333,0.39487,110.369,37.8175,0.027643,0.050708,15.8347,714.81592,331.08278,0,0,0,0,0,0,0,0,0,0,0,1,0,0,0,0,0,0,0,0,0,0,0,0,0,0,0,0,0,0,0,0,0,0,0,0,0,0,0,0
1779,호두견과조림,14.3,81.291,2.15544,7.31109,2.80504,1.0738,16.075,0.35427,67.458,0.14275,0.014322,0.084014,0,2945.73019,643.00353,0,0,0,0,0,0,0,0,0,0,0,1,0,0,0,0,0,0,0,0,0,0,0,0,0,0,0,0,0,0,0,0,0,0,0,0,0,0,0,0
1780,황태채조림,31.2,90.934,17.08213,1.11103,2.12707,0.0145,89.443,0.70971,173.006,0.049416667,0.020964,0.095238,0.78186,124.92198,1.60221,0,0,0,0,0,0,0,0,0,0,0,1,0,0,0,0,0,0,0,0,0,0,0,0,0,0,0,0,0,0,0,0,0,0,0,0,0,0,0,0
1781,(저염)달걀장조림,66.3,88.621,7.19889,4.48044,4.0816,0.2456,32.197,1.0647,141.998,108.3405,0.047279,0.30145,0.22326,761.77883,15.87872,0,0,0,0,0,0,0,0,0,0,1,0,0,0,0,0,0,0,0,0,0,0,0,0,0,0,0,0,0,0,0,0,0,0,0,0,0,0,0,0
1782,(저염·저당)메추리알장조림,60.7,81.873,5.94173,4.54723,3.73883,0.4597,34.984,1.32883,189.614,92.11041667,0.08098,0.315804,2.26516,623.84208,18.70601,0,0,0,0,0,0,0,0,0,0,1,0,0,0,0,0,0,0,0,0,0,0,0,0,0,0,0,0,0,0,0,0,0,0,0,0,0,0,0,0
1783,(저염·저당)메추리알케첩조림,68,79.02,5.67003,4.24338,3.95862,0.5073,33.818,1.31108,100.648,93.2575,0.085259,0.258758,12.35622,500.17855,12.8212,0,0,0,0,0,0,0,0,0,0,1,0,0,0,0,0,0,0,0,0,0,0,0,0,0,0,0,0,0,0,0,0,0,0,0,0,0,0,0,0
1784,간장두부조림,84.4,97.29,5.87226,5.71121,5.43628,1.8844,40.884,1.03737,136.23,0.08375,0.025422,0.158798,1.5932,2016.34887,535.75009,0,0,0,0,0,0,0,0,0,0,1,0,0,0,0,0,0,0,0,0,0,0,0,0,0,0,0,0,0,0,0,0,0,0,0,0,0,0,0,0
1785,감자비엔나조림,82,146.262,7.11962,8.55928,10.05353,0.9003,17.766,0.5141,374.915,1.58775,0.139589,0.089466,18.4471,1374.76451,235.52215,0,0,0,0,0,0,0,0,0,0,1,0,0,0,0,0,0,0,0,0,0,0,0,0,0,0,0,0,0,0,0,0,0,0,0,0,0,0,0,0
1786,감자어묵조림,82.8,94.42,3.37529,3.87145,11.86519,1.2885,17.915,0.44637,216.542,38.79258334,0.029154,0.050788,15.32926,1037.9864,368.39485,0,0,0,0,0,0,0,0,0,0,1,0,0,0,0,0,0,0,0,0,0,0,0,0,0,0,0,0,0,0,0,0,0,0,0,0,0,0,0,0
1787,건새우두부조림,84.3,140.007,8.82014,7.24039,9.27402,2.072,217.955,5.72621,244.474,10.26358333,0.031234,0.17962,0.96544,2039.98885,540.04851,0,0,0,0,0,0,0,0,0,0,1,0,0,0,0,0,0,0,0,0,0,0,0,0,0,0,0,0,0,0,0,0,0,0,0,0,0,0,0,0
1788,견과두부조림,71.5,142.597,7.27818,10.61023,5.14192,2.5368,55.525,1.22087,134.92,0.151416667,0.022204,0.230874,0,4214.57031,1016.94191,0,0,0,0,0,0,0,0,0,0,1,0,0,0,0,0,0,0,0,0,0,0,0,0,0,0,0,0,0,0,0,0,0,0,0,0,0,0,0,0
1789,고구마메추리알조림,87.1,136.675,7.7126,5.95757,12.00794,0.7784,44.229,1.75049,207.612,78.58941667,0.118972,0.382522,1.9936,791.38135,19.40741,0,0,0,0,0,0,0,0,0,0,1,0,0,0,0,0,0,0,0,0,0,0,0,0,0,0,0,0,0,0,0,0,0,0,0,0,0,0,0,0
1790,곤약메추리알장조림,81.9,83.309,5.83679,4.54467,4.48443,0.9703,48.02,1.31717,191.438,122.7470833,0.081496,0.329586,0.47938,627.84284,14.90921,0,0,0,0,0,0,0,0,0,0,1,0,0,0,0,0,0,0,0,0,0,0,0,0,0,0,0,0,0,0,0,0,0,0,0,0,0,0,0,0
1791,깻잎두부조림,84.5,84.617,5.89045,4.36844,5.43442,2.0502,49.389,1.05336,69.24,17.7255,0.034441,0.153274,1.6815,1759.98107,384.2953,0,0,0,0,0,0,0,0,0,0,1,0,0,0,0,0,0,0,0,0,0,0,0,0,0,0,0,0,0,0,0,0,0,0,0,0,0,0,0,0
1792,다진소고기메추리알조림,74.4,100.374,10.22597,4.37137,4.3427,0.2666,24.368,1.46545,116.12,39.50441667,0.081327,0.25084,0.98626,394.28808,9.80351,0,0,0,0,0,0,0,0,0,0,1,0,0,0,0,0,0,0,0,0,0,0,0,0,0,0,0,0,0,0,0,0,0,0,0,0,0,0,0,0
1793,달걀간장조림,66,85.73,7.21149,4.18657,4.05808,0.0286,32.138,1.10985,141.53,76.20775,0.046089,0.2997,0.78186,631.10368,13.72351,0,0,0,0,0,0,0,0,0,0,1,0,0,0,0,0,0,0,0,0,0,0,0,0,0,0,0,0,0,0,0,0,0,0,0,0,0,0,0,0
1794,달걀새송이장조림,81.7,92.093,7.88983,4.46393,5.34603,0.6347,30.714,1.16083,208.654,76.17375,0.05298,0.371734,0.01186,757.19418,15.15421,0,0,0,0,0,0,0,0,0,0,1,0,0,0,0,0,0,0,0,0,0,0,0,0,0,0,0,0,0,0,0,0,0,0,0,0,0,0,0,0
1795,달걀장조림,67.6,89.506,7.30103,4.43533,4.29133,0.2427,31.693,1.08113,208.958,108.3394167,0.04748,0.321254,0.22326,743.64778,15.70721,0,0,0,0,0,0,0,0,0,0,1,0,0,0,0,0,0,0,0,0,0,0,0,0,0,0,0,0,0,0,0,0,0,0,0,0,0,0,0,0
1796,두부간장조림,84.4,97.206,5.85539,5.70233,5.41973,2.1047,40.541,0.96829,136.606,32.20275,0.02662,0.160394,1.04646,2022.2185,536.30309,0,0,0,0,0,0,0,0,0,0,1,0,0,0,0,0,0,0,0,0,0,0,0,0,0,0,0,0,0,0,0,0,0,0,0,0,0,0,0,0
1797,두부데리야끼조림,93.9,93.457,6.12696,5.51199,4.63414,1.946,45.641,1.29241,269.754,6.230916667,0.03122,0.11774,13.1215,1936.27597,537.67795,0,0,0,0,0,0,0,0,0,0,1,0,0,0,0,0,0,0,0,0,0,0,0,0,0,0,0,0,0,0,0,0,0,0,0,0,0,0,0,0
1798,두부땅콩조림,66.1,96.355,7.4452,5.87147,3.84874,2.5844,41.359,1.12819,134.882,0.026083333,0.046242,0.160762,0,2564.57445,220.78761,0,0,0,0,0,0,0,0,0,0,1,0,0,0,0,0,0,0,0,0,0,0,0,0,0,0,0,0,0,0,0,0,0,0,0,0,0,0,0,0
1799,두부떡간장조림,121.6,140.006,6.81226,4.33134,18.45776,2.4645,58.271,1.03406,382.379,41.06616667,0.039176,0.154231,3.63786,1748.51905,384.1886,0,0,0,0,0,0,0,0,0,0,1,0,0,0,0,0,0,0,0,0,0,0,0,0,0,0,0,0,0,0,0,0,0,0,0,0,0,0,0,0
1800,두부볼케첩조림,93.2,78.4,5.80902,2.73579,7.7021,2.3884,41.504,1.03236,94.642,39.96216667,0.033663,0.135863,19.0211,1396.76406,220.86999,0,0,0,0,0,0,0,0,0,0,1,0,0,0,0,0,0,0,0,0,0,0,0,0,0,0,0,0,0,0,0,0,0,0,0,0,0,0,0,0
1801,두부양념조림,90.1,86.675,5.9524,4.32683,5.94795,2.1424,42.356,1.0408,137.795,32.863,0.028447,0.165353,1.81646,1750.93379,378.17586,0,0,0,0,0,0,0,0,0,0,1,0,0,0,0,0,0,0,0,0,0,0,0,0,0,0,0,0,0,0,0,0,0,0,0,0,0,0,0,0
1802,두부어묵조림,71.5,77.305,4.72086,1.99685,10.30987,1.1411,30.38,0.63331,422.116,5.379416667,0.016445,0.107848,1.3993,976.96865,144.94341,0,0,0,0,0,0,0,0,0,0,1,0,0,0,0,0,0,0,0,0,0,0,0,0,0,0,0,0,0,0,0,0,0,0,0,0,0,0,0,0
1803,두부조림,90.1,86.913,5.96507,4.36354,5.90916,2.1188,43.131,1.0423,137.784,32.2505,0.028365,0.166126,1.81646,1763.84619,377.98746,0,0,0,0,0,0,0,0,0,0,1,0,0,0,0,0,0,0,0,0,0,0,0,0,0,0,0,0,0,0,0,0,0,0,0,0,0,0,0,0
1804,두부케첩조림,187,236.338,12.68256,10.94434,20.85263,4.5743,83.833,2.14611,187.651,39.77166667,0.075291,0.243932,25.7867,3854.49595,1072.54588,0,0,0,0,0,0,0,0,0,0,1,0,0,0,0,0,0,0,0,0,0,0,0,0,0,0,0,0,0,0,0,0,0,0,0,0,0,0,0,0
1805,둥근어묵무조림,80.3,102.775,6.81323,2.83629,12.84849,0.3197,33.388,0.41141,526.72,14.78375,0.01371,0.064588,1.55326,1283.76778,136.15271,0,0,0,0,0,0,0,0,0,0,1,0,0,0,0,0,0,0,0,0,0,0,0,0,0,0,0,0,0,0,0,0,0,0,0,0,0,0,0,0
1806,땅콩두부조림,75.7,117.761,7.38416,7.07313,6.64776,2.6922,42.043,1.12007,68.126,0.035916667,0.048244,0.146972,0.4116,2759.05331,378.27381,0,0,0,0,0,0,0,0,0,0,1,0,0,0,0,0,0,0,0,0,0,0,0,0,0,0,0,0,0,0,0,0,0,0,0,0,0,0,0,0
1807,맛살간장조림,81.5,82.943,6.4092,0.37451,13.68318,0.2604,126.815,0.59871,579.116,0.07275,0.024192,0.125538,1.5932,127.29975,1.73661,0,0,0,0,0,0,0,0,0,0,1,0,0,0,0,0,0,0,0,0,0,0,0,0,0,0,0,0,0,0,0,0,0,0,0,0,0,0,0,0
1808,매콤두부조림,81.5,88.331,5.77914,5.46183,3.84766,1.9283,41.009,1.00008,69.177,0.684666667,0.025656,0.132683,1.60506,1914.89305,534.6793,0,0,0,0,0,0,0,0,0,0,1,0,0,0,0,0,0,0,0,0,0,0,0,0,0,0,0,0,0,0,0,0,0,0,0,0,0,0,0,0
1809,메란장조림,60.6,82.268,5.60381,4.53263,4.13929,0.0985,33.163,1.23611,121.626,58.42941667,0.083782,0.281438,1.03946,619.36278,15.17661,0,0,0,0,0,0,0,0,0,0,1,0,0,0,0,0,0,0,0,0,0,0,0,0,0,0,0,0,0,0,0,0,0,0,0,0,0,0,0,0
1810,메추리알고구마조림,95.6,144.4,6.15796,4.62032,18.84511,1.3875,39.119,1.4479,192.298,91.6805,0.106087,0.31957,3.2018,657.5942,16.83352,0,0,0,0,0,0,0,0,0,0,1,0,0,0,0,0,0,0,0,0,0,0,0,0,0,0,0,0,0,0,0,0,0,0,0,0,0,0,0,0
1811,메추리알곤약조림,81.6,82.66,5.8108,4.53801,4.37998,0.8624,47.366,1.30911,190.032,90.58208334,0.081002,0.325188,0.644,623.07475,14.42341,0,0,0,0,0,0,0,0,0,0,1,0,0,0,0,0,0,0,0,0,0,0,0,0,0,0,0,0,0,0,0,0,0,0,0,0,0,0,0,0
1812,메추리알볼어묵조림,61,73.112,4.77697,2.76526,7.21992,0.4037,26.804,0.81758,261.69,65.1,0.045079,0.188954,1.40486,540.99863,39.8433,0,0,0,0,0,0,0,0,0,0,1,0,0,0,0,0,0,0,0,0,0,0,0,0,0,0,0,0,0,0,0,0,0,0,0,0,0,0,0,0
1813,메추리알어묵조림,46.5,69.573,4.6193,3.04711,5.67588,0.2814,24.125,0.73801,260.336,65.04441667,0.041062,0.185318,0.2114,664.58615,41.37831,0,0,0,0,0,0,0,0,0,0,1,0,0,0,0,0,0,0,0,0,0,0,0,0,0,0,0,0,0,0,0,0,0,0,0,0,0,0,0,0
1814,메추리알장조림,63.5,88.733,6.06983,4.54737,5.36983,0.4709,35.39,1.35347,256.59,92.11041667,0.081526,0.346856,2.26516,623.84208,18.70601,0,0,0,0,0,0,0,0,0,0,1,0,0,0,0,0,0,0,0,0,0,0,0,0,0,0,0,0,0,0,0,0,0,0,0,0,0,0,0,0
1815,메추리알케첩조림,64.5,84.067,5.65001,4.23862,5.21827,0.6193,33.538,1.22372,129.992,93.25166667,0.081836,0.261866,1.27046,501.58023,12.8212,0,0,0,0,0,0,0,0,0,0,1,0,0,0,0,0,0,0,0,0,0,0,0,0,0,0,0,0,0,0,0,0,0,0,0,0,0,0,0,0
1816,메추리알피망케첩조림,72.9,85.607,5.74395,4.24128,5.63617,0.8097,33.384,1.28532,128.396,71.47933333,0.089228,0.278932,9.78666,498.23675,15.95412,0,0,0,0,0,0,0,0,0,0,1,0,0,0,0,0,0,0,0,0,0,0,0,0,0,0,0,0,0,0,0,0,0,0,0,0,0,0,0,0
1817,멸치마늘조림,16.9,47.331,5.06204,1.95891,2.06317,0.0715,70.826,0.14681,363.372,0.001083333,0.005007,0.0486,0.16604,300.41795,163.89129,0,0,0,0,0,0,0,0,0,0,1,0,0,0,0,0,0,0,0,0,0,0,0,0,0,0,0,0,0,0,0,0,0,0,0,0,0,0,0,0
1818,뱅어포간장조림,26.8,85.086,8.70193,4.39503,2.08226,0.0286,140.47,0.52479,163.384,0.04775,0.027707,0.042744,0.78186,571.196,317.14579,0,0,0,0,0,0,0,0,0,0,1,0,0,0,0,0,0,0,0,0,0,0,0,0,0,0,0,0,0,0,0,0,0,0,0,0,0,0,0,0
1819,볼어묵조림,89.9,115.063,5.50917,4.9299,12.95271,0.9105,27.142,0.4288,364.244,45.24516667,0.013292,0.070892,8.23896,1519.90485,420.14932,0,0,0,0,0,0,0,0,0,0,1,0,0,0,0,0,0,0,0,0,0,0,0,0,0,0,0,0,0,0,0,0,0,0,0,0,0,0,0,0
1820,볼어묵채소조림,90.5,115.357,5.57182,4.82681,12.94305,1.0071,30.424,0.47696,397.569,45.96758334,0.013145,0.06644,5.36476,1471.1499,422.21085,0,0,0,0,0,0,0,0,0,0,1,0,0,0,0,0,0,0,0,0,0,0,0,0,0,0,0,0,0,0,0,0,0,0,0,0,0,0,0,0
1821,소고기메란조림,75.4,103.303,8.95498,5.28521,4.17025,0.3643,33.713,1.57677,196.005,90.85266667,0.093848,0.327438,0.71196,646.16781,15.11702,0,0,0,0,0,0,0,0,0,0,1,0,0,0,0,0,0,0,0,0,0,0,0,0,0,0,0,0,0,0,0,0,0,0,0,0,0,0,0,0
1822,소시지케첩채소조림,78.4,137.2,6.95828,8.5344,8.0192,0.952,20.524,0.42588,384.104,36.84333334,0.13426,0.07581,18.0341,1366.62106,239.63674,0,0,0,0,0,0,0,0,0,0,1,0,0,0,0,0,0,0,0,0,0,0,0,0,0,0,0,0,0,0,0,0,0,0,0,0,0,0,0,0
1823,아몬드잔멸치조림,22.4,84.798,6.57874,5.40918,2.83752,1.0262,95.564,0.46032,363.748,0.099166667,0.005138,0.141708,0,1186.49258,165.41308,0,0,0,0,0,0,0,0,0,0,1,0,0,0,0,0,0,0,0,0,0,0,0,0,0,0,0,0,0,0,0,0,0,0,0,0,0,0,0,0
1824,양념꼬치어묵,54.9,106.149,5.03778,4.80385,10.88001,0.1782,22.894,0.33366,361.805,11.68616667,0.002491,0.046857,0.78186,1465.15525,417.23606,0,0,0,0,0,0,0,0,0,0,1,0,0,0,0,0,0,0,0,0,0,0,0,0,0,0,0,0,0,0,0,0,0,0,0,0,0,0,0,0
1825,어묵감자조림,98.3,127.989,5.93949,4.83385,15.68615,1.2717,30.796,0.58249,431.04,44.81191667,0.02267,0.088444,5.65386,1470.907,422.23255,0,0,0,0,0,0,0,0,0,0,1,0,0,0,0,0,0,0,0,0,0,0,0,0,0,0,0,0,0,0,0,0,0,0,0,0,0,0,0,0
1826,어묵고구마조림,91.3,144.019,5.51389,4.83455,19.88685,1.0547,29.326,0.49919,432.09,43.83191667,0.02141,0.078434,2.90006,1475.8658,418.64925,0,0,0,0,0,0,0,0,0,0,1,0,0,0,0,0,0,0,0,0,0,0,0,0,0,0,0,0,0,0,0,0,0,0,0,0,0,0,0,0
1827,어묵곤약조림,88.6,88.75,5.3019,2.20561,12.68898,1.1074,39.596,0.36971,430.062,43.23875,0.008692,0.089498,1.0556,998.55475,101.65741,0,0,0,0,0,0,0,0,0,0,1,0,0,0,0,0,0,0,0,0,0,0,0,0,0,0,0,0,0,0,0,0,0,0,0,0,0,0,0,0
1828,어묵당근조림,84.4,116.576,5.47055,4.87476,13.08298,0.9358,30.39,0.45028,433.842,107.6263333,0.013285,0.084376,1.82766,1496.71985,418.77386,0,0,0,0,0,0,0,0,0,0,1,0,0,0,0,0,0,0,0,0,0,0,0,0,0,0,0,0,0,0,0,0,0,0,0,0,0,0,0,0
1829,어묵케첩조림,49.8,78.428,5.37705,3.54779,5.79922,0.3276,28.078,0.88466,241.607,45.27925,0.051933,0.189098,0.6356,660.86785,41.79067,0,0,0,0,0,0,0,0,0,0,1,0,0,0,0,0,0,0,0,0,0,0,0,0,0,0,0,0,0,0,0,0,0,0,0,0,0,0,0,0
1830,어묵피망조림,68.8,83.574,5.29699,1.95007,11.68318,0.6474,24.382,0.37709,427.62,16.02875,0.004677,0.080236,12.6981,890.62784,103.29803,0,0,0,0,0,0,0,0,0,0,1,0,0,0,0,0,0,0,0,0,0,0,0,0,0,0,0,0,0,0,0,0,0,0,0,0,0,0,0,0
1831,우엉어묵조림,77.3,119.449,5.60069,4.81705,13.74995,1.0127,31.566,0.50269,431.25,43.26025,0.00797,0.087394,1.07866,1469.6064,418.43995,0,0,0,0,0,0,0,0,0,0,1,0,0,0,0,0,0,0,0,0,0,0,0,0,0,0,0,0,0,0,0,0,0,0,0,0,0,0,0,0
1832,참치어묵조림,80.3,88.503,9.01685,2.1199,8.42912,0.8822,21.417,1.93574,383.96,44.2245,0.020705,0.072472,6.78218,503.10329,53.42258,0,0,0,0,0,0,0,0,0,0,1,0,0,0,0,0,0,0,0,0,0,0,0,0,0,0,0,0,0,0,0,0,0,0,0,0,0,0,0,0
1833,토마토두부무조림,152.2,105.42,6.30511,5.83241,7.30604,3.5756,47.358,1.05644,36.791,22.23941667,0.039683,0.150444,11.4534,2083.11347,542.30279,0,0,0,0,0,0,0,0,0,0,1,0,0,0,0,0,0,0,0,0,0,0,0,0,0,0,0,0,0,0,0,0,0,0,0,0,0,0,0,0
1834,한치어묵조림,77.3,99.289,7.07139,4.37255,7.81605,0.4247,19.246,0.40329,356.07,38.59941667,0.02176,0.070314,1.40486,1034.3408,367.81245,0,0,0,0,0,0,0,0,0,0,1,0,0,0,0,0,0,0,0,0,0,0,0,0,0,0,0,0,0,0,0,0,0,0,0,0,0,0,0,0
1835,홍합조림,81.3,72.167,8.23378,2.10494,4.8137,0.3472,30.311,3.60252,68.646,18.40933333,0.018016,0.229652,5.4635,279.84166,162.90414,0,0,0,0,0,0,0,0,0,0,1,0,0,0,0,0,0,0,0,0,0,0,0,0,0,0,0,0,0,0,0,0,0,0,0,0,0,0,0,0
1836,(수제)떡갈비구이,77.1,125.334,13.75077,5.50587,4.41316,0.1766,7.091,1.01927,227.161,1.1745,0.108497,0.18976,1.11638,733.05613,247.43123,0,0,0,0,0,0,0,0,0,0,1,0,0,0,0,0,0,0,0,0,0,0,0,0,0,0,0,0,0,0,0,0,0,0,0,0,0,0,0,0
1837,가자미구이,49,95.69,9.71684,4.39222,3.34768,0.1134,17.542,0.32942,96.67,3.36,0.082362,0.110208,0.84714,575.9131,318.4111,0,0,0,0,0,0,0,0,0,0,1,0,0,0,0,0,0,0,0,0,0,0,0,0,0,0,0,0,0,0,0,0,0,0,0,0,0,0,0,0
1838,가자미살구이,44.8,79.94,9.28256,4.3498,0.1288,0,16.828,0.29876,96.628,3.36,0.0756,0.1092,0.84,553.00672,316.97428,0,0,0,0,0,0,0,0,0,0,1,0,0,0,0,0,0,0,0,0,0,0,0,0,0,0,0,0,0,0,0,0,0,0,0,0,0,0,0,0
1839,가자미소금구이,45.5,79.94,9.28256,4.3498,0.1288,0,17.108,0.30016,331.807,3.36,0.0756,0.1092,0.84,553.00672,316.97428,0,0,0,0,0,0,0,0,0,0,1,0,0,0,0,0,0,0,0,0,0,0,0,0,0,0,0,0,0,0,0,0,0,0,0,0,0,0,0,0
1840,가자미유자청구이,51.8,96.95,9.31756,4.3498,4.3428,0,18.018,0.33376,97.678,3.389166667,0.0798,0.1204,5.04,553.00672,316.97428,0,0,0,0,0,0,0,0,0,0,1,0,0,0,0,0,0,0,0,0,0,0,0,0,0,0,0,0,0,0,0,0,0,0,0,0,0,0,0,0
1841,가자미찹쌀구이,47.6,90.496,9.48976,4.361,2.422,0,16.94,0.36036,96.712,3.36,0.07952,0.11144,0.84,553.00672,316.97428,0,0,0,0,0,0,0,0,0,0,1,0,0,0,0,0,0,0,0,0,0,0,0,0,0,0,0,0,0,0,0,0,0,0,0,0,0,0,0,0
1842,가지달걀말이,80.1,105.91,7.20426,6.9293,2.828,0.567,32.628,1.06796,174.179,77.07,0.05103,0.29687,0,1165.92112,330.52628,0,0,0,0,0,0,0,0,0,0,1,0,0,0,0,0,0,0,0,0,0,0,0,0,0,0,0,0,0,0,0,0,0,0,0,0,0,0,0,0
1843,갈치구이,44.8,87.5,7.77056,5.9458,0.0448,0,19.348,0.42476,42.028,8.4,0.0546,0.0462,0.42,553.00672,316.97428,0,0,0,0,0,0,0,0,0,0,1,0,0,0,0,0,0,0,0,0,0,0,0,0,0,0,0,0,0,0,0,0,0,0,0,0,0,0,0,0
1844,고등어구이,44.9,101.36,8.48456,7.1638,0.0028,0,10.988,0.67696,65.125,9.66,0.0756,0.1932,0.42,553.00672,316.97428,0,0,0,0,0,0,0,0,0,0,1,0,0,0,0,0,0,0,0,0,0,0,0,0,0,0,0,0,0,0,0,0,0,0,0,0,0,0,0,0
1845,고등어살카레구이,49,116.578,8.92052,7.58674,2.70816,0.0378,13.006,0.82978,31.542,10.09633333,0.081214,0.196336,0.42238,560.64218,317.45322,0,0,0,0,0,0,0,0,0,0,1,0,0,0,0,0,0,0,0,0,0,0,0,0,0,0,0,0,0,0,0,0,0,0,0,0,0,0,0,0
1846,고등어찹쌀구이,51.8,127.75,9.00256,7.1918,5.7358,0,11.228,0.83076,31.738,9.66,0.0854,0.1988,0.42,553.00672,316.97428,0,0,0,0,0,0,0,0,0,0,1,0,0,0,0,0,0,0,0,0,0,0,0,0,0,0,0,0,0,0,0,0,0,0,0,0,0,0,0,0
1847,고등어카레구이,47.6,111.328,8.77576,7.5726,1.6352,0,12.768,0.81956,31.528,10.09633333,0.07896,0.196,0.42,553.00672,316.97428,0,0,0,0,0,0,0,0,0,0,1,0,0,0,0,0,0,0,0,0,0,0,0,0,0,0,0,0,0,0,0,0,0,0,0,0,0,0,0,0
1848,굴비구이,44.8,163.52,18.64856,9.1798,0.1708,0,28.588,6.05276,173.068,0,0.0798,0.0756,0,553.00672,316.97428,0,0,0,0,0,0,0,0,0,0,1,0,0,0,0,0,0,0,0,0,0,0,0,0,0,0,0,0,0,0,0,0,0,0,0,0,0,0,0,0
1849,김달걀말이,45.8,78.946,5.81742,5.25805,1.9453,0,26.181,0.90857,159.444,74.1335,0.04382,0.24766,2.198,874.44084,247.89471,0,0,0,0,0,0,0,0,0,0,1,0,0,0,0,0,0,0,0,0,0,0,0,0,0,0,0,0,0,0,0,0,0,0,0,0,0,0,0,0
1850,깻잎달걀말이,112,118.972,8.06092,7.03248,5.55128,1.5932,84.112,1.64416,77.168,236.999,0.10318,0.360444,3.16148,1194.78268,370.86448,0,0,0,0,0,0,0,0,0,0,1,0,0,0,0,0,0,0,0,0,0,0,0,0,0,0,0,0,0,0,0,0,0,0,0,0,0,0,0,0
1851,날치알달걀말이,112,125.832,8.86452,7.27048,5.46868,0.7952,44.632,1.54476,259.728,148.7406667,0.05992,0.290724,2.91928,1185.05128,336.56028,0,0,0,0,0,0,0,0,0,0,1,0,0,0,0,0,0,0,0,0,0,0,0,0,0,0,0,0,0,0,0,0,0,0,0,0,0,0,0,0
1852,너비아니구이,84.1,172.365,8.18086,11.7368,7.6767,1.036,24.809,1.22196,26.338,16.86233333,0.03462,0.17214,1.5211,1305.15462,409.79148,0,0,0,0,0,0,0,0,0,0,1,0,0,0,0,0,0,0,0,0,0,0,0,0,0,0,0,0,0,0,0,0,0,0,0,0,0,0,0,0
1853,달걀말이,112,131.432,9.17812,7.99428,4.78408,0.7952,49.952,1.62876,95.368,167.7806667,0.06804,0.354984,2.77928,1338.27988,339.94828,0,0,0,0,0,0,0,0,0,0,1,0,0,0,0,0,0,0,0,0,0,0,0,0,0,0,0,0,0,0,0,0,0,0,0,0,0,0,0,0
1854,달걀시금치말이,93.8,127.89,9.35956,8.0598,3.6498,0,44.828,1.81076,103.068,145.53,0.0798,0.3997,12.6,1319.14972,333.91428,0,0,0,0,0,0,0,0,0,0,1,0,0,0,0,0,0,0,0,0,0,0,0,0,0,0,0,0,0,0,0,0,0,0,0,0,0,0,0,0
1855,달걀치즈말이,100.8,170.03,11.16556,11.4177,4.4646,0.413,168.378,1.25076,270.088,130.2058333,0.06321,0.31374,1.596,1221.95472,364.29428,0,0,0,0,0,0,0,0,0,0,1,0,0,0,0,0,0,0,0,0,0,0,0,0,0,0,0,0,0,0,0,0,0,0,0,0,0,0,0,0
1856,닭가슴살구이+소스,98,97.132,10.7296,3.22812,5.7848,1.2726,11.284,0.42406,224.084,68.60233334,0.109578,0.108738,3.4531,1252.0109,19.54596,0,0,0,0,0,0,0,0,0,0,1,0,0,0,0,0,0,0,0,0,0,0,0,0,0,0,0,0,0,0,0,0,0,0,0,0,0,0,0,0
1857,닭가슴살데리야끼구이,100.8,107.968,10.7296,3.2284,8.58368,1.2726,11.396,0.4277,224.112,68.60233334,0.109578,0.12537,3.4531,1252.0109,19.54596,0,0,0,0,0,0,0,0,0,0,1,0,0,0,0,0,0,0,0,0,0,0,0,0,0,0,0,0,0,0,0,0,0,0,0,0,0,0,0,0
1858,(우유제외)닭가슴살버터구이,49.4,95.267,9.6727,5.4802,0.9105,0,3.481,0.1377,140.457,10.76183333,0.08537,0.0236,0,358.3349,36.3342,0,0,0,0,0,0,0,0,0,0,1,0,0,0,0,0,0,0,0,0,0,0,0,0,0,0,0,0,0,0,0,0,0,0,0,0,0,0,0,0
1859,닭가슴살버터구이,49.4,98.557,9.7,6.1543,0.193,0,3.201,0.1398,120.437,40.88516667,0.08537,0.02612,0,177.3457,15.2152,0,0,0,0,0,0,0,0,0,0,1,0,0,0,0,0,0,0,0,0,0,0,0,0,0,0,0,0,0,0,0,0,0,0,0,0,0,0,0,0
1860,닭갈비구이,46.4,91.935,7.86782,6.37452,0.18642,0.0308,6.131,0.32308,59.697,19.282,0.06647,0.054736,0.38332,1010.1882,207.98554,0,0,0,0,0,0,0,0,0,0,1,0,0,0,0,0,0,0,0,0,0,0,0,0,0,0,0,0,0,0,0,0,0,0,0,0,0,0,0,0
1861,닭꼬치,98,92.68,8.8725,4.5164,4.0649,0.728,10.36,0.6951,296.03,31.10333333,0.09702,0.14189,42.742,25.0663,13.2027,0,0,0,0,0,0,0,0,0,0,1,0,0,0,0,0,0,0,0,0,0,0,0,0,0,0,0,0,0,0,0,0,0,0,0,0,0,0,0,0
1862,닭봉구이,46.4,88.155,8.04002,5.85792,0.22842,0.0308,6.551,0.47428,61.377,23.062,0.08495,0.092536,0.38332,277.7712,159.68554,0,0,0,0,0,0,0,0,0,0,1,0,0,0,0,0,0,0,0,0,0,0,0,0,0,0,0,0,0,0,0,0,0,0,0,0,0,0,0,0
1863,닭살구이,46.4,62.115,10.14002,1.99392,0.22842,0.0308,6.971,0.55828,58.017,21.802,0.08495,0.092536,0.38332,277.7712,159.68554,0,0,0,0,0,0,0,0,0,0,1,0,0,0,0,0,0,0,0,0,0,0,0,0,0,0,0,0,0,0,0,0,0,0,0,0,0,0,0,0
1864,닭살데리야끼구이,50.4,65.506,10.37778,1.99066,0.81564,0.035,7.7,0.60998,185.36,21.791,0.0861,0.095256,0.38332,277.7712,159.68554,0,0,0,0,0,0,0,0,0,0,1,0,0,0,0,0,0,0,0,0,0,0,0,0,0,0,0,0,0,0,0,0,0,0,0,0,0,0,0,0
1865,(우유제외)닭살버터구이,45,68.639,10.0969,2.61958,0.44598,0,5.501,0.4817,66.291,22.37133333,0.08411,0.0887,0,115.0394,13.3476,0,0,0,0,0,0,0,0,0,0,1,0,0,0,0,0,0,0,0,0,0,0,0,0,0,0,0,0,0,0,0,0,0,0,0,0,0,0,0,0
1866,닭살버터구이,45,69.955,10.10782,2.88922,0.15898,0,5.389,0.48254,58.283,34.42066667,0.08411,0.089708,0,42.64372,4.9,0,0,0,0,0,0,0,0,0,0,1,0,0,0,0,0,0,0,0,0,0,0,0,0,0,0,0,0,0,0,0,0,0,0,0,0,0,0,0,0
1867,닭살찹스테이크,98,96.768,10.64504,3.43,5.48506,0.994,12.572,0.60578,221.774,86.9995,0.099008,0.133546,15.8221,575.59908,322.09968,0,0,0,0,0,0,0,0,0,0,1,0,0,0,0,0,0,0,0,0,0,0,0,0,0,0,0,0,0,0,0,0,0,0,0,0,0,0,0,0
1868,대구구이,44.8,62.3,8.19056,2.9218,0.1288,0,14.728,0.17276,0.028,9.66,0.0504,0.0672,0.42,553.00672,316.97428,0,0,0,0,0,0,0,0,0,0,1,0,0,0,0,0,0,0,0,0,0,0,0,0,0,0,0,0,0,0,0,0,0,0,0,0,0,0,0,0
1869,돼지고기구이,42.2,159.527,5.5847,14.9981,0.0663,0,2.841,0.1961,56.743,7.991,0.20549,0.06868,0.1848,1465.443,132.0522,0,0,0,0,0,0,0,0,0,0,1,0,0,0,0,0,0,0,0,0,0,0,0,0,0,0,0,0,0,0,0,0,0,0,0,0,0,0,0,0
1870,돼지고기된장구이,49.1,83.521,9.80626,4.2783,0.6991,0,4.971,0.64586,229.016,1.271,0.39659,0.13882,0.1092,747.13912,327.05848,0,0,0,0,0,0,0,0,0,0,1,0,0,0,0,0,0,0,0,0,0,0,0,0,0,0,0,0,0,0,0,0,0,0,0,0,0,0,0,0
1871,돼지고기떡갈비,86.4,145.932,14.81155,5.30696,8.54473,0.4635,8.333,0.4783,223.256,2.224166666,0.173542,0.187562,0.99878,1004.68331,335.72576,0,0,0,0,0,0,0,0,0,0,1,0,0,0,0,0,0,0,0,0,0,0,0,0,0,0,0,0,0,0,0,0,0,0,0,0,0,0,0,0
1872,돼지고기떡갈비구이,85.7,141.223,14.77765,4.8963,8.34527,0.4635,7.318,0.4128,223.054,2.1875,0.173212,0.186622,0.99878,838.19831,333.58948,0,0,0,0,0,0,0,0,0,0,1,0,0,0,0,0,0,0,0,0,0,0,0,0,0,0,0,0,0,0,0,0,0,0,0,0,0,0,0,0
1873,돼지고기찹스테이크,84.7,93.165,9.76225,4.46613,3.05447,0.6609,8.512,0.53107,91.45,37.90708334,0.377624,0.152598,15.18078,889.75386,334.84799,0,0,0,0,0,0,0,0,0,0,1,0,0,0,0,0,0,0,0,0,0,0,0,0,0,0,0,0,0,0,0,0,0,0,0,0,0,0,0,0
1874,돼지고기찹쌀구이,52,104.157,9.85806,4.1509,5.8021,0,1.889,0.50606,53.201,1.271,0.37447,0.13098,0.1092,747.13912,327.05848,0,0,0,0,0,0,0,0,0,0,1,0,0,0,0,0,0,0,0,0,0,0,0,0,0,0,0,0,0,0,0,0,0,0,0,0,0,0,0,0
1875,돼지고기찹쌀구이(간장),49.4,83.757,10.52371,2.23942,4.52559,0.0547,2.79,0.20942,83.534,0.431,0.118358,0.10413,0.25398,330.04885,88.91197,0,0,0,0,0,0,0,0,0,0,1,0,0,0,0,0,0,0,0,0,0,0,0,0,0,0,0,0,0,0,0,0,0,0,0,0,0,0,0,0
1876,돼지고기채소구이,80.2,86.937,9.72016,4.1628,2.2307,0.651,7.009,0.49036,122.005,37.90433334,0.37643,0.15114,15.1452,764.71542,333.24578,0,0,0,0,0,0,0,0,0,0,1,0,0,0,0,0,0,0,0,0,0,0,0,0,0,0,0,0,0,0,0,0,0,0,0,0,0,0,0,0
1877,돼지목살구이,42.6,79.161,8.3415,4.7373,0.1989,0,3.483,0.3321,121.509,2.973,0.27837,0.0393,0.4704,683.9784,29.4294,0,0,0,0,0,0,0,0,0,0,1,0,0,0,0,0,0,0,0,0,0,0,0,0,0,0,0,0,0,0,0,0,0,0,0,0,0,0,0,0
1878,두부달걀부침,68.9,102.83,6.74548,6.12458,4.46362,1.4966,39.264,1.0324,119.677,19.04,0.031108,0.154042,0.00476,1890.54334,511.22946,0,0,0,0,0,0,0,0,0,0,1,0,0,0,0,0,0,0,0,0,0,0,0,0,0,0,0,0,0,0,0,0,0,0,0,0,0,0,0,0
1879,두부스테이크,113.7,147.495,8.62213,6.57042,12.76437,2.5551,50.354,1.29578,167.796,52.815,0.05081,0.234852,3.01576,2101.01903,543.93682,0,0,0,0,0,0,0,0,0,0,1,0,0,0,0,0,0,0,0,0,0,0,0,0,0,0,0,0,0,0,0,0,0,0,0,0,0,0,0,0
1880,두부함박스테이크,50.4,81.746,6.25618,3.57602,5.48702,0.7294,23.086,0.78414,277.816,19.124,0.117502,0.076328,0.16394,903.76524,95.68972,0,0,0,0,0,0,0,0,0,0,1,0,0,0,0,0,0,0,0,0,0,0,0,0,0,0,0,0,0,0,0,0,0,0,0,0,0,0,0,0
1881,떡갈비구이,109.2,232.064,11.50422,15.92822,9.60834,1.1046,32.438,1.75882,176.526,33.05983333,0.044142,0.311332,1.74608,1450.62288,416.88528,0,0,0,0,0,0,0,0,0,0,1,0,0,0,0,0,0,0,0,0,0,0,0,0,0,0,0,0,0,0,0,0,0,0,0,0,0,0,0,0
1882,맛살달걀말이,107.8,162.26,12.41856,7.9898,8.8998,0,112.728,1.54476,368.928,95.2,0.0651,0.3703,0,1319.14972,333.91428,0,0,0,0,0,0,0,0,0,0,1,0,0,0,0,0,0,0,0,0,0,0,0,0,0,0,0,0,0,0,0,0,0,0,0,0,0,0,0,0
1883,미트볼구이,95.8,118.13,11.20929,3.31974,10.03476,1.2928,28.558,0.97192,167.566,52.09483334,0.281105,0.251676,1.13116,973.14383,96.35632,0,0,0,0,0,0,0,0,0,0,1,0,0,0,0,0,0,0,0,0,0,0,0,0,0,0,0,0,0,0,0,0,0,0,0,0,0,0,0,0
1884,베이컨채소말이,70,77.42,5.1408,4.8762,4.5864,1.232,5.04,0.5124,183.68,3.511666666,0.09268,0.09408,17.2326,556.2536,52.689,0,0,0,0,0,0,0,0,0,0,1,0,0,0,0,0,0,0,0,0,0,0,0,0,0,0,0,0,0,0,0,0,0,0,0,0,0,0,0,0
1885,비엔나브로콜리꼬지,70,129.29,6.28222,8.77366,6.37756,1.036,22.288,0.49322,301.714,8.12,0.112532,0.087752,20.48396,1460.46194,397.80048,0,0,0,0,0,0,0,0,0,0,1,0,0,0,0,0,0,0,0,0,0,0,0,0,0,0,0,0,0,0,0,0,0,0,0,0,0,0,0,0
1886,삼겹살구이,42.2,159.527,5.5847,14.9981,0.0663,0,2.841,0.1961,56.743,7.991,0.20549,0.06868,0.1848,1465.443,132.0522,0,0,0,0,0,0,0,0,0,0,1,0,0,0,0,0,0,0,0,0,0,0,0,0,0,0,0,0,0,0,0,0,0,0,0,0,0,0,0,0
1887,삼색달걀말이,76,106.915,7.1646,6.94292,3.05712,0.3668,34.295,1.14066,176.045,110.4103333,0.04967,0.272086,1.00632,1174.21836,332.34488,0,0,0,0,0,0,0,0,0,0,1,0,0,0,0,0,0,0,0,0,0,0,0,0,0,0,0,0,0,0,0,0,0,0,0,0,0,0,0,0
1888,삼치구이,44.8,72.8,8.43416,4.0264,0.0028,0,2.128,0.04676,16.408,0,0.0336,0.0252,0,569.68072,327.51628,0,0,0,0,0,0,0,0,0,0,1,0,0,0,0,0,0,0,0,0,0,0,0,0,0,0,0,0,0,0,0,0,0,0,0,0,0,0,0,0
1889,삼치구이+양념장,47.2,76.326,8.52609,4.02704,0.8265,0.0274,2.432,0.06203,49.916,0.001166667,0.034521,0.037473,0.07674,569.97721,327.523,0,0,0,0,0,0,0,0,0,0,1,0,0,0,0,0,0,0,0,0,0,0,0,0,0,0,0,0,0,0,0,0,0,0,0,0,0,0,0,0
1890,삼치데리야끼구이,54.8,95.113,8.99986,4.06718,4.83456,0.098,3.653,0.14094,184.899,0.011,0.044728,0.072964,0.22876,584.95164,328.47416,0,0,0,0,0,0,0,0,0,0,1,0,0,0,0,0,0,0,0,0,0,0,0,0,0,0,0,0,0,0,0,0,0,0,0,0,0,0,0,0
1891,삼치레몬구이,45.5,72.982,8.43696,4.0278,0.063,0,2.177,0.04746,16.422,0,0.03388,0.02534,0.35,569.82072,327.59328,0,0,0,0,0,0,0,0,0,0,1,0,0,0,0,0,0,0,0,0,0,0,0,0,0,0,0,0,0,0,0,0,0,0,0,0,0,0,0,0
1892,삼치엿장구이,52.5,89.488,9.12478,3.36987,4.84652,0.1358,3.535,0.12187,150.367,0,0.041552,0.07168,0.00714,454.33542,249.70953,0,0,0,0,0,0,0,0,0,0,1,0,0,0,0,0,0,0,0,0,0,0,0,0,0,0,0,0,0,0,0,0,0,0,0,0,0,0,0,0
1893,삼치유자청구이,51.8,89.81,8.46916,4.0264,4.2168,0,3.318,0.08176,17.458,0.029166667,0.0378,0.0364,4.2,569.68072,327.51628,0,0,0,0,0,0,0,0,0,0,1,0,0,0,0,0,0,0,0,0,0,0,0,0,0,0,0,0,0,0,0,0,0,0,0,0,0,0,0,0
1894,삼치카레구이,51.8,97.72,9.16216,5.0484,4.0838,0,6.678,0.40376,16.408,1.090833333,0.042,0.0322,0,569.68072,327.51628,0,0,0,0,0,0,0,0,0,0,1,0,0,0,0,0,0,0,0,0,0,0,0,0,0,0,0,0,0,0,0,0,0,0,0,0,0,0,0,0
1895,새우달걀말이,100.8,132.3,12.73286,7.1869,2.9001,0.336,53.438,1.77436,150.808,108.3483333,0.04872,0.29295,0.903,1172.95052,331.14648,0,0,0,0,0,0,0,0,0,0,1,0,0,0,0,0,0,0,0,0,0,0,0,0,0,0,0,0,0,0,0,0,0,0,0,0,0,0,0,0
1896,(우유제외)새우버터구이,63.2,102.967,11.2813,5.5768,0.9665,0,44.841,1.4757,205.563,6.561833333,0.00011,0.05132,0.56,287.5985,33.369,0,0,0,0,0,0,0,0,0,0,1,0,0,0,0,0,0,0,0,0,0,0,0,0,0,0,0,0,0,0,0,0,0,0,0,0,0,0,0,0
1897,새우버터구이,63.2,106.257,11.3086,6.2509,0.249,0,44.561,1.4778,185.543,36.68516667,0.00011,0.05384,0.56,106.6093,12.25,0,0,0,0,0,0,0,0,0,0,1,0,0,0,0,0,0,0,0,0,0,0,0,0,0,0,0,0,0,0,0,0,0,0,0,0,0,0,0,0
1898,소고기산적,70.8,166.529,7.12527,13.51086,3.763,0.2536,8.897,1.12434,225.726,10.9815,0.014067,0.231116,1.52798,761.33893,250.47343,0,0,0,0,0,0,0,0,0,0,1,0,0,0,0,0,0,0,0,0,0,0,0,0,0,0,0,0,0,0,0,0,0,0,0,0,0,0,0,0
1899,소고기찹스테이크,91.7,130.713,8.98175,8.67215,4.06331,0.6525,9.38,1.52003,200.804,25.02475,0.046762,0.182936,20.96698,830.14242,325.72279,0,0,0,0,0,0,0,0,0,0,1,0,0,0,0,0,0,0,0,0,0,0,0,0,0,0,0,0,0,0,0,0,0,0,0,0,0,0,0,0
1900,소고기찹쌀구이,49.2,169.621,6.87886,13.8627,3.5089,0,5.137,1.05766,57.317,10.931,0.01397,0.14848,0.336,753.86332,327.78088,0,0,0,0,0,0,0,0,0,0,1,0,0,0,0,0,0,0,0,0,0,0,0,0,0,0,0,0,0,0,0,0,0,0,0,0,0,0,0,0
1901,소떡소떡,70,179.97,6.45862,8.82126,18.27196,0.364,14.168,0.30842,373.954,1.96,0.105252,0.051352,12.31636,1486.15474,381.69768,0,0,0,0,0,0,0,0,0,0,1,0,0,0,0,0,0,0,0,0,0,0,0,0,0,0,0,0,0,0,0,0,0,0,0,0,0,0,0,0
1902,시금치달걀말이,94.1,127.89,9.35956,8.0598,3.6498,0,44.948,1.81136,203.859,145.53,0.0798,0.3997,12.6,1319.14972,333.91428,0,0,0,0,0,0,0,0,0,0,1,0,0,0,0,0,0,0,0,0,0,0,0,0,0,0,0,0,0,0,0,0,0,0,0,0,0,0,0,0
1903,양배추달걀말이,72.8,106.54,7.20216,6.9342,3.0212,0.378,35.448,1.05056,74.508,76.31166667,0.04858,0.26726,2.7384,1168.09812,334.77948,0,0,0,0,0,0,0,0,0,0,1,0,0,0,0,0,0,0,0,0,0,0,0,0,0,0,0,0,0,0,0,0,0,0,0,0,0,0,0,0
1904,(우유제외)연근햄버거스테이크,112,202.706,10.89396,12.29858,11.09276,1.1074,21.224,1.1634,191.338,28.73616667,0.226562,0.237048,8.76204,1055.27436,347.0817,0,0,0,0,0,0,0,0,0,0,1,0,0,0,0,0,0,0,0,0,0,0,0,0,0,0,0,0,0,0,0,0,0,0,0,0,0,0,0,0
1905,연근햄버거스테이크,110.6,193.158,10.84118,11.4079,10.81528,1.1074,24.92,1.13652,179.032,35.76066667,0.225764,0.242536,8.79522,964.65558,336.5033,0,0,0,0,0,0,0,0,0,0,1,0,0,0,0,0,0,0,0,0,0,0,0,0,0,0,0,0,0,0,0,0,0,0,0,0,0,0,0,0
1906,연어구이,58.3,79.027,11.54772,3.16495,0.1804,0,13.782,0.63927,86.864,10.091,0.10651,0.08422,0.56,414.75504,237.73071,0,0,0,0,0,0,0,0,0,0,1,0,0,0,0,0,0,0,0,0,0,0,0,0,0,0,0,0,0,0,0,0,0,0,0,0,0,0,0,0
1907,연어구이+타르타르소스,83.3,180.516,16.1728,11.3666,2.2729,0.042,16.548,0.59528,809.809,39.1125,0.143402,0.08302,2.18694,2201.84482,561.92542,0,0,0,0,0,0,0,0,0,0,1,0,0,0,0,0,0,0,0,0,0,0,0,0,0,0,0,0,0,0,0,0,0,0,0,0,0,0,0,0
1908,연어스테이크,44.8,70.28,8.65256,3.5938,0.0868,0,10.108,0.46676,39.928,7.56,0.0798,0.063,0.42,553.00672,316.97428,0,0,0,0,0,0,0,0,0,0,1,0,0,0,0,0,0,0,0,0,0,0,0,0,0,0,0,0,0,0,0,0,0,0,0,0,0,0,0,0
1909,오리훈제구이,42,49.14,8.82,1.2894,0,0,4.62,1.0962,34.86,4.62,0.08526,0.04326,0.189,199.857,7.9422,0,0,0,0,0,0,0,0,0,0,1,0,0,0,0,0,0,0,0,0,0,0,0,0,0,0,0,0,0,0,0,0,0,0,0,0,0,0,0,0
1910,오리훈제구이(머스타드소스),49.3,90.726,8.88645,4.50508,3.18102,0.0582,5.875,1.12909,58.561,5.23425,0.087069,0.062403,0.189,1864.49421,253.46289,0,0,0,0,0,0,0,0,0,0,1,0,0,0,0,0,0,0,0,0,0,0,0,0,0,0,0,0,0,0,0,0,0,0,0,0,0,0,0,0
1911,오리훈제채소구이,70,57.12,9.2274,1.3237,1.8186,0.644,10.57,1.2068,36.89,39.20583334,0.09373,0.06209,10.5959,212.6194,14.6783,0,0,0,0,0,0,0,0,0,0,1,0,0,0,0,0,0,0,0,0,0,0,0,0,0,0,0,0,0,0,0,0,0,0,0,0,0,0,0,0
1912,유자소스가자미구이,67.8,97.907,9.35223,4.35226,4.56023,0.0463,18.694,0.40612,198.531,3.411333333,0.080154,0.121956,5.09658,554.01343,317.13962,0,0,0,0,0,0,0,0,0,0,1,0,0,0,0,0,0,0,0,0,0,0,0,0,0,0,0,0,0,0,0,0,0,0,0,0,0,0,0,0
1913,임연수구이,44.8,88.76,8.23256,5.7778,0.2128,0,5.488,3.32276,0.028,9.66,0.0504,0.042,0,553.00672,316.97428,0,0,0,0,0,0,0,0,0,0,1,0,0,0,0,0,0,0,0,0,0,0,0,0,0,0,0,0,0,0,0,0,0,0,0,0,0,0,0,0
1914,임연수살구이,51.8,99.26,9.60456,6.2748,0.2478,0,6.398,3.87576,0.028,11.27,0.0588,0.049,0,553.00672,316.97428,0,0,0,0,0,0,0,0,0,0,1,0,0,0,0,0,0,0,0,0,0,0,0,0,0,0,0,0,0,0,0,0,0,0,0,0,0,0,0,0
1915,임연수엿장구이,52.5,105.448,8.92318,5.12127,5.05652,0.1358,6.895,3.39787,133.987,9.66,0.058352,0.08848,0.00714,437.66142,239.16753,0,0,0,0,0,0,0,0,0,0,1,0,0,0,0,0,0,0,0,0,0,0,0,0,0,0,0,0,0,0,0,0,0,0,0,0,0,0,0,0
1916,임연수유자청구이,51.8,105.77,8.26756,5.7778,4.4268,0,6.678,3.35776,1.078,9.689166667,0.0546,0.0532,4.2,553.00672,316.97428,0,0,0,0,0,0,0,0,0,0,1,0,0,0,0,0,0,0,0,0,0,0,0,0,0,0,0,0,0,0,0,0,0,0,0,0,0,0,0,0
1917,임연수카레구이,49,103.712,8.66936,6.391,2.6614,0,8.218,3.53696,0.028,10.3145,0.05544,0.0462,0,553.00672,316.97428,0,0,0,0,0,0,0,0,0,0,1,0,0,0,0,0,0,0,0,0,0,0,0,0,0,0,0,0,0,0,0,0,0,0,0,0,0,0,0,0
1918,조기구이,44.8,75.32,7.98896,4.4926,0.0028,0,8.008,0.18536,21.448,0,0.021,0.0882,0,630.45472,326.59228,0,0,0,0,0,0,0,0,0,0,1,0,0,0,0,0,0,0,0,0,0,0,0,0,0,0,0,0,0,0,0,0,0,0,0,0,0,0,0,0
1919,참치달걀말이,93.8,141.26,13.19486,7.9429,2.9351,0.336,36.288,2.72636,243.208,108.3483333,0.05292,0.28035,0.623,1172.95052,331.14648,0,0,0,0,0,0,0,0,0,0,1,0,0,0,0,0,0,0,0,0,0,0,0,0,0,0,0,0,0,0,0,0,0,0,0,0,0,0,0,0
1920,찹스테이크,88.9,169.087,7.18639,14.20089,3.04383,0.4831,11.76,1.28063,97.036,33.34891667,0.023858,0.193422,19.44252,896.1478,331.83379,0,0,0,0,0,0,0,0,0,0,1,0,0,0,0,0,0,0,0,0,0,0,0,0,0,0,0,0,0,0,0,0,0,0,0,0,0,0,0,0
1921,파프리카달걀말이,96.9,111.258,7.3535,6.95772,4.11782,0.5978,36.324,1.25206,176.629,113.4618333,0.05719,0.283696,19.18042,1179.08336,334.46378,0,0,0,0,0,0,0,0,0,0,1,0,0,0,0,0,0,0,0,0,0,0,0,0,0,0,0,0,0,0,0,0,0,0,0,0,0,0,0,0
1922,채소달걀말이,79.8,108.22,7.32046,6.9489,3.3145,0.553,34.608,1.10236,75.418,109.8883333,0.05103,0.27776,2.6649,1175.07082,335.49628,0,0,0,0,0,0,0,0,0,0,1,0,0,0,0,0,0,0,0,0,0,0,0,0,0,0,0,0,0,0,0,0,0,0,0,0,0,0,0,0
1923,치즈달걀말이,79.9,126.84,8.41806,8.4259,3.304,0.336,75.738,1.05286,173.765,113.925,0.05285,0.27965,0.6279,1188.22872,341.19708,0,0,0,0,0,0,0,0,0,0,1,0,0,0,0,0,0,0,0,0,0,0,0,0,0,0,0,0,0,0,0,0,0,0,0,0,0,0,0,0
1924,(우유제외)함박스테이크,98,189.126,10.62306,12.29298,7.95606,0.6314,17.024,1.015,188.538,60.91283334,0.210882,0.215348,3.01994,1053.96046,346.3705,0,0,0,0,0,0,0,0,0,0,1,0,0,0,0,0,0,0,0,0,0,0,0,0,0,0,0,0,0,0,0,0,0,0,0,0,0,0,0,0
1925,함박스테이크,96.6,179.578,10.57028,11.4023,7.67858,0.6314,20.72,0.98812,176.232,67.93733334,0.210084,0.220836,3.05312,963.34168,335.7921,0,0,0,0,0,0,0,0,0,0,1,0,0,0,0,0,0,0,0,0,0,0,0,0,0,0,0,0,0,0,0,0,0,0,0,0,0,0,0,0
1926,햄구이,58.8,98.56,8.46216,5.5916,2.8322,0,9.828,0.63476,438.368,19.04,0.05292,0.15386,19.74,706.23532,320.36228,0,0,0,0,0,0,0,0,0,0,1,0,0,0,0,0,0,0,0,0,0,0,0,0,0,0,0,0,0,0,0,0,0,0,0,0,0,0,0,0
1927,햄달걀말이,100.8,141.82,11.58486,8.1109,4.4401,0.336,33.558,1.29836,355.208,108.3483333,0.07672,0.32655,13.783,1172.95052,331.14648,0,0,0,0,0,0,0,0,0,0,1,0,0,0,0,0,0,0,0,0,0,0,0,0,0,0,0,0,0,0,0,0,0,0,0,0,0,0,0,0
1928,훈제오리구이,42,49.14,8.82,1.2894,0,0,4.62,1.0962,34.86,4.62,0.08526,0.04326,0.189,199.857,7.9422,0,0,0,0,0,0,0,0,0,0,1,0,0,0,0,0,0,0,0,0,0,0,0,0,0,0,0,0,0,0,0,0,0,0,0,0,0,0,0,0
1929,훈제오리구이+무쌈,83,65.254,9.04106,1.32118,3.9844,0.21,13.026,1.16364,171.404,4.736666667,0.10633,0.067242,2.758,208.50536,11.3757,0,0,0,0,0,0,0,0,0,0,1,0,0,0,0,0,0,0,0,0,0,0,0,0,0,0,0,0,0,0,0,0,0,0,0,0,0,0,0,0
1930,가래떡구이,70,149.1,2.597,0.259,34.16,0.49,7,0.098,182.7,0,0.0049,0.0091,0,85.435,3.241,0,0,0,0,0,0,0,0,0,0,1,0,0,0,0,0,0,0,0,0,0,0,0,0,0,0,0,0,0,0,0,0,0,0,0,0,0,0,0,0
1931,가지구이,42.4,8.327,0.4859,0.0167,1.8975,1.134,7.121,0.1293,100.837,1.831,0.01481,0.06868,0,0,0,0,0,0,0,0,0,0,0,0,0,1,0,0,0,0,0,0,0,0,0,0,0,0,0,0,0,0,0,0,0,0,0,0,0,0,0,0,0,0,0
1932,(우유제외)감자버터구이,60.2,67.508,1.134,3.06362,8.95132,1.512,5.88,0.3248,12.992,3.9305,0.0336,0.01554,5.8856,177.4143,21.0518,0,0,0,0,0,0,0,0,0,0,0,1,0,0,0,0,0,0,0,0,0,0,0,0,0,0,0,0,0,0,0,0,0,0,0,0,0,0,0,0
1933,감자버터구이,60.2,69.482,1.15038,3.46808,8.52082,1.512,5.712,0.32606,0.98,22.0045,0.0336,0.017052,5.8856,68.82078,8.3804,0,0,0,0,0,0,0,0,0,0,0,1,0,0,0,0,0,0,0,0,0,0,0,0,0,0,0,0,0,0,0,0,0,0,0,0,0,0,0,0
1934,김구이,1.4,2.31,0.5404,0.0238,0.5642,0,4.55,0.2464,18.116,26.25,0.0168,0.0413,1.302,0,0,0,0,0,0,0,0,0,0,0,0,0,1,0,0,0,0,0,0,0,0,0,0,0,0,0,0,0,0,0,0,0,0,0,0,0,0,0,0,0,0
1935,김구이+달래양념장,7.6,16.7,1.25953,0.99955,1.44551,0.2703,17.877,0.34035,137.716,18.38708333,0.018232,0.139498,2.23358,379.81856,4.89529,0,0,0,0,0,0,0,0,0,0,0,1,0,0,0,0,0,0,0,0,0,0,0,0,0,0,0,0,0,0,0,0,0,0,0,0,0,0,0,0
1936,김구이+양념장,6.3,19.607,1.21184,1.39447,1.28072,0.2198,17.157,0.29575,137.676,17.03508333,0.016982,0.13769,2.198,545.18345,6.13963,0,0,0,0,0,0,0,0,0,0,0,1,0,0,0,0,0,0,0,0,0,0,0,0,0,0,0,0,0,0,0,0,0,0,0,0,0,0,0,0
1937,단호박구이,49,27.93,0.5831,0.3185,6.6787,2.45,5.88,0.1764,0,149.8583333,0.0147,0.06664,5.9437,87.318,39.6802,0,0,0,0,0,0,0,0,0,0,0,1,0,0,0,0,0,0,0,0,0,0,0,0,0,0,0,0,0,0,0,0,0,0,0,0,0,0,0,0
1938,미나리장떡,99.5,141.246,4.88264,4.19846,20.62382,2.5522,38.288,0.61662,289.377,66.53383333,0.056182,0.355656,2.37664,891.29026,363.49194,0,0,0,0,0,0,0,0,0,0,0,1,0,0,0,0,0,0,0,0,0,0,0,0,0,0,0,0,0,0,0,0,0,0,0,0,0,0,0,0
1939,뱅어포구이,10.5,53.809,4.22856,3.56587,0.78652,0,68.796,0.21567,47.635,0,0.0126,0.011158,0,553.00672,316.97428,0,0,0,0,0,0,0,0,0,0,0,1,0,0,0,0,0,0,0,0,0,0,0,0,0,0,0,0,0,0,0,0,0,0,0,0,0,0,0,0
1940,옥수수버터구이,53.2,101.542,2.42578,4.03368,14.48202,0,10.962,1.07926,0.91,24.12783333,0.1225,0.055832,0,63.96558,7.35,0,0,0,0,0,0,0,0,0,0,0,1,0,0,0,0,0,0,0,0,0,0,0,0,0,0,0,0,0,0,0,0,0,0,0,0,0,0,0,0
1941,(우유제외)옥수수버터구이,53.2,99.568,2.4094,3.62922,14.91252,0,11.13,1.078,12.922,6.053833333,0.1225,0.05432,0,172.5591,20.0214,0,0,0,0,0,0,0,0,0,0,0,1,0,0,0,0,0,0,0,0,0,0,0,0,0,0,0,0,0,0,0,0,0,0,0,0,0,0,0,0
1942,조미김,2.8,8.596,1.05532,1.37844,0.13496,0,4.872,0.16184,36.372,27.74566667,0.00056,0.03738,2.18708,294.98784,107.464,0,0,0,0,0,0,0,0,0,0,0,1,0,0,0,0,0,0,0,0,0,0,0,0,0,0,0,0,0,0,0,0,0,0,0,0,0,0,0,0
1943,군만두,155,283.061,15.78015,7.57833,35.34267,2.4249,46.418,1.68457,148.925,40.73158333,0.307204,0.277478,2.14048,1983.82446,456.93639,0,0,0,0,0,0,0,0,0,0,1,0,0,0,0,0,0,0,0,0,0,0,0,0,0,0,0,0,0,0,0,0,0,0,0,0,0,0,0,0
1944,달걀프라이,78.4,117.6,9.57908,7.0728,2.6271,0,40.054,1.38838,100.884,104.72,0.06006,0.36113,0,1119.26066,177.12114,0,0,0,0,0,0,0,0,0,0,1,0,0,0,0,0,0,0,0,0,0,0,0,0,0,0,0,0,0,0,0,0,0,0,0,0,0,0,0,0
1945,두부구이,54.9,83.79,5.00388,5.09278,3.98622,1.4966,31.984,0.7804,101.337,0,0.020188,0.088382,0.00476,1737.31474,507.84146,0,0,0,0,0,0,0,0,0,0,1,0,0,0,0,0,0,0,0,0,0,0,0,0,0,0,0,0,0,0,0,0,0,0,0,0,0,0,0,0
1946,두부구이+양념장,67.8,98.474,6.0598,5.8549,4.89647,1.7951,41.751,1.03186,134.594,2.057,0.025395,0.159506,0.38808,2084.84478,538.2865,0,0,0,0,0,0,0,0,0,0,1,0,0,0,0,0,0,0,0,0,0,0,0,0,0,0,0,0,0,0,0,0,0,0,0,0,0,0,0,0
1947,두부데리야끼소스구이,65.8,94.318,5.92634,5.41772,4.90224,1.7038,37.394,0.959,161.602,0,0.023688,0.103852,0.00476,1904.32004,534.97136,0,0,0,0,0,0,0,0,0,0,1,0,0,0,0,0,0,0,0,0,0,0,0,0,0,0,0,0,0,0,0,0,0,0,0,0,0,0,0,0
1948,두부데리야끼구이,65.4,91.516,5.79357,5.38896,4.62106,1.6675,36.942,0.93808,201.48,0,0.020059,0.169276,0.03558,1889.22381,534.01348,0,0,0,0,0,0,0,0,0,0,1,0,0,0,0,0,0,0,0,0,0,0,0,0,0,0,0,0,0,0,0,0,0,0,0,0,0,0,0,0
1949,두부버섯스테이크,98.1,168.977,8.14964,6.13092,19.29838,2.0384,40.433,1.13222,182.186,20.02516667,0.052232,0.170068,6.19654,1820.7588,489.3203,0,0,0,0,0,0,0,0,0,0,1,0,0,0,0,0,0,0,0,0,0,0,0,0,0,0,0,0,0,0,0,0,0,0,0,0,0,0,0,0
1950,두부부침+양념장,75.2,112.721,7.05012,6.82563,5.04644,1.5498,42.281,1.16449,253.713,21.09741667,0.03304,0.20412,0.38808,2183.15993,516.16635,0,0,0,0,0,0,0,0,0,0,1,0,0,0,0,0,0,0,0,0,0,0,0,0,0,0,0,0,0,0,0,0,0,0,0,0,0,0,0,0
1951,두부양념구이,68.9,98.196,6.20526,6.48986,3.31696,1.8815,44.725,1.06541,34.255,0.780666667,0.022852,0.131953,0.02485,2311.32929,564.88264,0,0,0,0,0,0,0,0,0,0,1,0,0,0,0,0,0,0,0,0,0,0,0,0,0,0,0,0,0,0,0,0,0,0,0,0,0,0,0,0
1952,두부찹쌀구이,63.3,95.83,5.65824,5.41254,5.55016,1.6576,36.408,0.8707,101.505,0,0.020608,0.101248,0,1898.9208,534.37888,0,0,0,0,0,0,0,0,0,0,1,0,0,0,0,0,0,0,0,0,0,0,0,0,0,0,0,0,0,0,0,0,0,0,0,0,0,0,0,0
1953,맛살구이,61.6,104.86,6.48368,3.89788,10.43812,0.0756,99.344,0.6132,351.036,19.04,0.028028,0.116732,0.00476,721.50624,321.32016,0,0,0,0,0,0,0,0,0,0,1,0,0,0,0,0,0,0,0,0,0,0,0,0,0,0,0,0,0,0,0,0,0,0,0,0,0,0,0,0
1954,삼색채소달걀말이,65.8,88.41,5.48436,5.9129,2.6915,0.413,29.638,0.97986,56.868,94.43583334,0.0399,0.21238,1.5813,1022.89152,330.75448,0,0,0,0,0,0,0,0,0,0,1,0,0,0,0,0,0,0,0,0,0,0,0,0,0,0,0,0,0,0,0,0,0,0,0,0,0,0,0,0
1955,삼치양념구이,47.9,84.126,8.57826,4.80356,0.95446,0.0545,6.505,0.13721,50.005,0.780666667,0.036292,0.044383,0.02485,824.95559,331.25554,0,0,0,0,0,0,0,0,0,0,1,0,0,0,0,0,0,0,0,0,0,0,0,0,0,0,0,0,0,0,0,0,0,0,0,0,0,0,0,0
1956,양송이치즈구이,90.2,133.425,8.89331,8.93194,5.09615,0.9045,178.462,0.36608,413.683,24.031,0.053106,0.222868,1.01278,662.57293,357.27076,0,0,0,0,0,0,0,0,0,0,1,0,0,0,0,0,0,0,0,0,0,0,0,0,0,0,0,0,0,0,0,0,0,0,0,0,0,0,0,0
1957,(우유제외)두유달걀말이,53.5,86.926,5.46196,6.04674,1.8837,0.0826,24.256,0.83458,161.873,64.58316667,0.035868,0.20174,0.31626,1014.73232,327.86152,0,0,0,0,0,0,0,0,0,0,1,0,0,0,0,0,0,0,0,0,0,0,0,0,0,0,0,0,0,0,0,0,0,0,0,0,0,0,0,0
1958,우유달걀말이,53.5,86.716,5.40652,6.03498,1.91856,0.0826,28.288,0.80728,157.715,66.89316667,0.03507,0.206864,0.34944,1017.83108,328.18072,0,0,0,0,0,0,0,0,0,0,1,0,0,0,0,0,0,0,0,0,0,0,0,0,0,0,0,0,0,0,0,0,0,0,0,0,0,0,0,0
1959,(우유제외)햄알감자버터구이,88.2,103.348,5.614,4.23962,10.51932,1.512,7.56,0.5768,292.992,3.9305,0.0616,0.07434,19.0456,177.4143,21.0518,0,0,0,0,0,0,0,0,0,0,1,0,0,0,0,0,0,0,0,0,0,0,0,0,0,0,0,0,0,0,0,0,0,0,0,0,0,0,0,0
1960,햄알감자버터구이,88.2,105.322,5.63038,4.64408,10.08882,1.512,7.392,0.57806,280.98,22.0045,0.0616,0.075852,19.0456,68.82078,8.3804,0,0,0,0,0,0,0,0,0,0,1,0,0,0,0,0,0,0,0,0,0,0,0,0,0,0,0,0,0,0,0,0,0,0,0,0,0,0,0,0
1961,(저염·저당)돼지갈비찜,83,121.972,8.40822,7.50979,5.28018,0.7966,10.308,0.56109,164.44,33.92875,0.272354,0.160002,2.66014,747.87747,42.06641,0,0,0,0,0,0,0,0,0,0,1,0,0,0,0,0,0,0,0,0,0,0,0,0,0,0,0,0,0,0,0,0,0,0,0,0,0,0,0,0
1962,(저염·저당)찜닭,82.3,95.841,8.72511,4.80555,4.48113,0.5005,11.372,0.61555,165.336,53.26041667,0.100518,0.16913,1.88762,133.51876,2.28961,0,0,0,0,0,0,0,0,0,0,1,0,0,0,0,0,0,0,0,0,0,0,0,0,0,0,0,0,0,0,0,0,0,0,0,0,0,0,0,0
1963,가자미양념찜,73.4,66.834,9.82318,1.9358,2.10564,0.2805,24.59,0.46619,232.829,4.082416667,0.089692,0.166759,3.06106,152.94208,3.57423,0,0,0,0,0,0,0,0,0,0,1,0,0,0,0,0,0,0,0,0,0,0,0,0,0,0,0,0,0,0,0,0,0,0,0,0,0,0,0,0
1964,간장찜닭,94.2,120.572,8.94113,4.78575,10.36901,0.8699,12.401,0.65861,232.072,53.24941667,0.103046,0.202618,3.28786,134.38318,2.54721,0,0,0,0,0,0,0,0,0,0,1,0,0,0,0,0,0,0,0,0,0,0,0,0,0,0,0,0,0,0,0,0,0,0,0,0,0,0,0,0
1965,간장해물찜,103,77.9,11.81729,0.9925,5.51713,0.7847,42.869,1.7884,302.012,13.35066667,0.043454,0.182598,2.41206,152.53343,31.88304,0,0,0,0,0,0,0,0,0,0,1,0,0,0,0,0,0,0,0,0,0,0,0,0,0,0,0,0,0,0,0,0,0,0,0,0,0,0,0,0
1966,감자돼지갈비찜,92.3,171.699,11.97495,11.23228,5.03294,0.6664,13.36,0.6891,175.594,21.84683333,0.399998,0.176372,2.56984,1043.69082,61.8874,0,0,0,0,0,0,0,0,0,0,1,0,0,0,0,0,0,0,0,0,0,0,0,0,0,0,0,0,0,0,0,0,0,0,0,0,0,0,0,0
1967,고구마찜닭,99.3,144.935,8.90071,5.09616,15.56345,1.2677,13.656,0.63994,232.734,53.95216667,0.112154,0.188832,3.11122,270.24891,5.42902,0,0,0,0,0,0,0,0,0,0,1,0,0,0,0,0,0,0,0,0,0,0,0,0,0,0,0,0,0,0,0,0,0,0,0,0,0,0,0,0
1968,고등어찜,79.8,106.659,10.47176,5.60001,3.12145,0.3464,23.617,0.95614,172.163,14.20333333,0.105179,0.293905,2.27906,138.71809,5.81268,0,0,0,0,0,0,0,0,0,0,1,0,0,0,0,0,0,0,0,0,0,0,0,0,0,0,0,0,0,0,0,0,0,0,0,0,0,0,0,0
1969,낙지떡찜,73.1,66.533,8.08162,0.30522,7.44869,0.1614,17.028,0.91925,438.765,0.624583333,0.019527,0.049947,0.01186,23.87588,1.12011,0,0,0,0,0,0,0,0,0,0,1,0,0,0,0,0,0,0,0,0,0,0,0,0,0,0,0,0,0,0,0,0,0,0,0,0,0,0,0,0
1970,낙지해물찜,87.3,79.724,11.04461,2.28116,3.4015,0.4549,43.317,2.08107,392.23,8.2465,0.031461,0.158595,1.29178,518.70694,99.25787,0,0,0,0,0,0,0,0,0,0,1,0,0,0,0,0,0,0,0,0,0,0,0,0,0,0,0,0,0,0,0,0,0,0,0,0,0,0,0,0
1971,(우유제외)단호박달걀찜,105.3,95.13,7.4515,4.2987,6.5037,1.456,33.58,1.178,174.151,146.0433333,0.05418,0.31934,30.8763,664.8558,38.1934,0,0,0,0,0,0,0,0,0,0,1,0,0,0,0,0,0,0,0,0,0,0,0,0,0,0,0,0,0,0,0,0,0,0,0,0,0,0,0,0
1972,단호박달걀찜,119.3,136.85,10.0779,7.2807,7.3675,1.456,121.22,1.1906,304.071,157.1966667,0.06244,0.34314,30.8861,695.4122,58.2946,0,0,0,0,0,0,0,0,0,0,1,0,0,0,0,0,0,0,0,0,0,0,0,0,0,0,0,0,0,0,0,0,0,0,0,0,0,0,0,0
1973,단호박사태찜,105,99.624,10.6876,2.63438,8.51368,1.5932,12.432,1.4273,232.274,103.7353333,0.046928,0.209762,4.60782,125.2083,21.2604,0,0,0,0,0,0,0,0,0,0,1,0,0,0,0,0,0,0,0,0,0,0,0,0,0,0,0,0,0,0,0,0,0,0,0,0,0,0,0,0
1974,(우유제외)단호박오징어찜,103.3,84.921,11.33821,1.30415,6.98153,1.7815,13.472,0.31315,247.306,117.8354167,0.043468,0.11054,4.10242,183.31676,25.12081,0,0,0,0,0,0,0,0,0,0,1,0,0,0,0,0,0,0,0,0,0,0,0,0,0,0,0,0,0,0,0,0,0,0,0,0,0,0,0,0
1975,단호박오징어찜,110.3,105.781,12.65141,2.79515,7.41343,1.7815,57.292,0.31945,312.266,123.4120833,0.047598,0.12244,4.10732,198.59496,35.17141,0,0,0,0,0,0,0,0,0,0,1,0,0,0,0,0,0,0,0,0,0,0,0,0,0,0,0,0,0,0,0,0,0,0,0,0,0,0,0,0
1976,단호박찜닭,88.9,81.489,10.08859,1.78877,6.30023,1.4183,9.45,0.58147,156.368,97.73375,0.378856,0.216676,4.08508,363.62224,29.31241,0,0,0,0,0,0,0,0,0,0,1,0,0,0,0,0,0,0,0,0,0,0,0,0,0,0,0,0,0,0,0,0,0,0,0,0,0,0,0,0
1977,단호박해물찜,117.8,88.53,11.80489,1.04304,8.3606,1.7835,42.164,1.82773,301.969,78.15424999,0.043027,0.209299,4.91638,148.91619,41.19455,0,0,0,0,0,0,0,0,0,0,1,0,0,0,0,0,0,0,0,0,0,0,0,0,0,0,0,0,0,0,0,0,0,0,0,0,0,0,0,0
1978,(우유제외)달걀두유찜,77,90.86,7.8904,4.8832,2.8966,0,32.69,1.155,101.71,76.16,0.05208,0.27104,0,612.9144,13.552,0,0,0,0,0,0,0,0,0,0,1,0,0,0,0,0,0,0,0,0,0,0,0,0,0,0,0,0,0,0,0,0,0,0,0,0,0,0,0,0
1979,달걀우유찜,77,89.81,7.6132,4.8244,3.0709,0,52.85,1.0185,80.92,87.71,0.04809,0.29666,0.1659,628.4082,15.148,0,0,0,0,0,0,0,0,0,0,1,0,0,0,0,0,0,0,0,0,0,0,0,0,0,0,0,0,0,0,0,0,0,0,0,0,0,0,0,0
1980,달걀찜(40g),64.8,79.083,7.0659,4.1432,2.5618,0.217,31.551,1.0617,176.045,108.357,0.04666,0.26776,0.3654,618.7258,14.105,0,0,0,0,0,0,0,0,0,0,1,0,0,0,0,0,0,0,0,0,0,0,0,0,0,0,0,0,0,0,0,0,0,0,0,0,0,0,0,0
1981,달걀찜(30g),50.8,59.959,5.33242,3.1107,2.0578,0.2394,24.257,0.80718,157.467,89.63083334,0.036384,0.202856,0.2611,466.15464,11.06686,0,0,0,0,0,0,0,0,0,0,1,0,0,0,0,0,0,0,0,0,0,0,0,0,0,0,0,0,0,0,0,0,0,0,0,0,0,0,0,0
1982,닭날개북어찜,56.7,109.893,12.64011,4.64072,3.68011,0.0567,25.368,0.50204,266.728,18.9,0.068404,0.132412,0.08302,670.31601,40.7946,0,0,0,0,0,0,0,0,0,0,1,0,0,0,0,0,0,0,0,0,0,0,0,0,0,0,0,0,0,0,0,0,0,0,0,0,0,0,0,0
1983,닭다리살콩가루부추찜,98.7,123.069,11.75879,5.07681,8.19093,0.3795,27.566,1.90531,240.214,45.53125,0.118022,0.180528,2.47858,629.22184,29.90881,0,0,0,0,0,0,0,0,0,0,1,0,0,0,0,0,0,0,0,0,0,0,0,0,0,0,0,0,0,0,0,0,0,0,0,0,0,0,0,0
1984,닭다리카레찜,98.1,110.835,9.23282,3.67406,10.3871,1.1746,13.469,0.63032,107.034,76.584,0.097116,0.086642,3.38282,512.79074,29.26168,0,0,0,0,0,0,0,0,0,0,1,0,0,0,0,0,0,0,0,0,0,0,0,0,0,0,0,0,0,0,0,0,0,0,0,0,0,0,0,0
1985,닭살카레찜,120.4,119.56,11.85408,3.0485,11.7894,1.736,18.844,1.10558,28.574,85.21916667,0.12593,0.11564,5.3361,294.81466,160.43874,0,0,0,0,0,0,0,0,0,0,1,0,0,0,0,0,0,0,0,0,0,0,0,0,0,0,0,0,0,0,0,0,0,0,0,0,0,0,0,0
1986,닭살콩나물찜,77.7,78.591,11.823,1.40896,4.87331,0.5589,21.956,0.75428,158.72,19.897,0.119809,0.187194,0.67004,366.73412,34.33354,0,0,0,0,0,0,0,0,0,0,1,0,0,0,0,0,0,0,0,0,0,0,0,0,0,0,0,0,0,0,0,0,0,0,0,0,0,0,0,0
1987,닭안심애호박찜,82.9,78.989,10.77061,2.12205,3.88205,0.7187,11.602,0.65361,158.586,26.10441667,0.10037,0.166704,1.32506,325.95354,170.02521,0,0,0,0,0,0,0,0,0,0,1,0,0,0,0,0,0,0,0,0,0,0,0,0,0,0,0,0,0,0,0,0,0,0,0,0,0,0,0,0
1988,닭애호박찜,76,74.058,10.2848,1.94705,3.43307,0.6374,7.691,0.3001,152.929,11.16633333,0.099607,0.102573,0.91346,400.69059,173.28312,0,0,0,0,0,0,0,0,0,0,1,0,0,0,0,0,0,0,0,0,0,0,0,0,0,0,0,0,0,0,0,0,0,0,0,0,0,0,0,0
1989,닭찜,80.1,105.126,8.75294,4.77954,6.63516,0.7952,9.306,0.56903,130.381,53.20216667,0.102249,0.150388,2.27094,134.33818,2.56268,0,0,0,0,0,0,0,0,0,0,1,0,0,0,0,0,0,0,0,0,0,0,0,0,0,0,0,0,0,0,0,0,0,0,0,0,0,0,0,0
1990,대구양념찜,73.4,49.194,8.73118,0.5078,2.10564,0.2805,22.49,0.34019,136.229,10.38241667,0.064492,0.124759,2.64106,152.94208,3.57423,0,0,0,0,0,0,0,0,0,0,1,0,0,0,0,0,0,0,0,0,0,0,0,0,0,0,0,0,0,0,0,0,0,0,0,0,0,0,0,0
1991,동태찜,77.2,50.912,7.37637,0.98759,2.83373,0.2996,29.024,0.23878,290.928,4.494416667,0.062582,0.117091,2.22124,322.41847,7.01671,0,0,0,0,0,0,0,0,0,0,1,0,0,0,0,0,0,0,0,0,0,0,0,0,0,0,0,0,0,0,0,0,0,0,0,0,0,0,0,0
1992,돼지갈비고구마찜,74.6,132.466,8.04319,7.34156,8.14378,0.7538,10.552,0.47912,163.684,34.25466667,0.272005,0.140096,1.99706,680.88273,41.80958,0,0,0,0,0,0,0,0,0,0,1,0,0,0,0,0,0,0,0,0,0,0,0,0,0,0,0,0,0,0,0,0,0,0,0,0,0,0,0,0
1993,돼지갈비찜,78.8,123.932,8.31932,7.51693,5.78908,0.4158,10.364,0.56053,231.276,33.92875,0.27164,0.187064,1.92444,740.81797,41.93761,0,0,0,0,0,0,0,0,0,0,1,0,0,0,0,0,0,0,0,0,0,0,0,0,0,0,0,0,0,0,0,0,0,0,0,0,0,0,0,0
1994,돼지고기갈비찜,78.8,124.562,8.24582,7.49873,5.82968,0.5348,10.994,0.53253,231.136,33.94041667,0.26849,0.171734,2.33604,742.03597,42.00481,0,0,0,0,0,0,0,0,0,0,1,0,0,0,0,0,0,0,0,0,0,0,0,0,0,0,0,0,0,0,0,0,0,0,0,0,0,0,0,0
1995,돼지고기단호박찜,91.7,88.349,10.21669,1.78891,7.93123,1.4295,9.856,0.60611,223.344,97.73375,0.379402,0.247728,4.08508,363.62224,29.31241,0,0,0,0,0,0,0,0,0,0,1,0,0,0,0,0,0,0,0,0,0,0,0,0,0,0,0,0,0,0,0,0,0,0,0,0,0,0,0,0
1996,돼지갈비단호박찜,92.8,134.642,8.42922,7.63243,8.22438,1.4658,12.464,0.59413,230.926,98.15375,0.27234,0.199524,4.47174,778.23997,58.94341,0,0,0,0,0,0,0,0,0,0,1,0,0,0,0,0,0,0,0,0,0,0,0,0,0,0,0,0,0,0,0,0,0,0,0,0,0,0,0,0
1997,돼지고기보쌈,65.1,172.599,6.1565,15.06204,2.93384,0.2478,9.079,0.52724,26.054,8.216833333,0.213906,0.089376,2.28592,1470.38472,132.54822,0,0,0,0,0,0,0,0,0,0,1,0,0,0,0,0,0,0,0,0,0,0,0,0,0,0,0,0,0,0,0,0,0,0,0,0,0,0,0,0
1998,돼지고기사태찜,90.9,119.857,13.04455,5.36894,4.12616,0.4228,15.502,0.70814,179.752,4.579,0.344656,0.250544,2.19562,666.09234,37.7906,0,0,0,0,0,0,0,0,0,0,1,0,0,0,0,0,0,0,0,0,0,0,0,0,0,0,0,0,0,0,0,0,0,0,0,0,0,0,0,0
1999,돼지고기수육,65.1,78.099,8.8907,3.31044,2.93384,0.2478,10.759,0.69944,32.774,3.176833333,0.227766,0.147336,2.26072,356.56572,21.92442,0,0,0,0,0,0,0,0,0,0,1,0,0,0,0,0,0,0,0,0,0,0,0,0,0,0,0,0,0,0,0,0,0,0,0,0,0,0,0,0
2000,돼지고기수육+쌈장,79.1,111.699,10.2739,3.98384,8.41904,1.6058,19.439,0.94584,399.434,10.35183333,0.245686,0.162456,2.26072,697.92212,68.68722,0,0,0,0,0,0,0,0,0,0,1,0,0,0,0,0,0,0,0,0,0,0,0,0,0,0,0,0,0,0,0,0,0,0,0,0,0,0,0,0
2001,돼지고기연근찜,76,188.252,6.53982,15.06712,6.28446,0.9926,12.322,0.55604,232.81,7.98,0.243124,0.159372,8.28884,1475.75862,133.7378,0,0,0,0,0,0,0,0,0,0,1,0,0,0,0,0,0,0,0,0,0,0,0,0,0,0,0,0,0,0,0,0,0,0,0,0,0,0,0,0
2002,돼지고기찜,92.8,94.952,9.27412,3.60323,6.49188,0.5768,13.444,0.62913,234.846,35.22375,0.24126,0.241804,2.64404,487.27657,24.40471,0,0,0,0,0,0,0,0,0,0,1,0,0,0,0,0,0,0,0,0,0,0,0,0,0,0,0,0,0,0,0,0,0,0,0,0,0,0,0,0
2003,돼지고기콩나물찜,98.4,101.49,10.52222,4.03793,6.19452,0.8526,21.354,0.66651,158.364,34.06875,0.260454,0.143888,2.51664,841.72857,57.21161,0,0,0,0,0,0,0,0,0,0,1,0,0,0,0,0,0,0,0,0,0,0,0,0,0,0,0,0,0,0,0,0,0,0,0,0,0,0,0,0
2004,삼겹살콩나물찜,91.7,192.481,7.4648,15.82406,5.51241,0.7759,23.566,0.52328,160.12,40.34283334,0.257779,0.173894,1.76624,1837.98852,166.93874,0,0,0,0,0,0,0,0,0,0,1,0,0,0,0,0,0,0,0,0,0,0,0,0,0,0,0,0,0,0,0,0,0,0,0,0,0,0,0,0
2005,돼지고기편육,63,238.77,8.3601,22.491,0,0,3.78,0.2646,34.65,11.97,0.30807,0.10269,0.2772,2198.1645,198.0783,0,0,0,0,0,0,0,0,0,0,1,0,0,0,0,0,0,0,0,0,0,0,0,0,0,0,0,0,0,0,0,0,0,0,0,0,0,0,0,0
2006,돼지고기표고찜,85.8,124.282,8.52792,7.54983,6.15098,0.1988,9.524,0.62493,230.366,1.752083333,0.28025,0.214924,1.71304,735.00657,41.38461,0,0,0,0,0,0,0,0,0,0,1,0,0,0,0,0,0,0,0,0,0,0,0,0,0,0,0,0,0,0,0,0,0,0,0,0,0,0,0,0
2007,돼지사태떡찜,98,120.194,9.70021,3.94652,11.50311,0.6097,13.251,0.63382,270.986,35.20316667,0.237284,0.232116,2.04722,627.09351,25.96842,0,0,0,0,0,0,0,0,0,0,1,0,0,0,0,0,0,0,0,0,0,0,0,0,0,0,0,0,0,0,0,0,0,0,0,0,0,0,0,0
2008,돼지사태찜,98,97.54,9.44447,3.72204,6.41856,0.974,16.678,0.67812,234.6,35.227,0.244367,0.219716,4.03242,542.47591,25.17684,0,0,0,0,0,0,0,0,0,0,1,0,0,0,0,0,0,0,0,0,0,0,0,0,0,0,0,0,0,0,0,0,0,0,0,0,0,0,0,0
2009,돼지수육,65.8,173.558,6.2342,15.08794,3.03884,0.2478,9.646,0.57624,60.991,8.216833333,0.219226,0.091616,2.28592,1470.38472,132.54822,0,0,0,0,0,0,0,0,0,0,1,0,0,0,0,0,0,0,0,0,0,0,0,0,0,0,0,0,0,0,0,0,0,0,0,0,0,0,0,0
2010,두부달걀찜,57,70.854,6.5842,3.7457,1.9859,0.406,31.116,0.996,155.972,57.17075,0.03836,0.2226,0.035,793.6964,64.4238,0,0,0,0,0,0,0,0,0,0,1,0,0,0,0,0,0,0,0,0,0,0,0,0,0,0,0,0,0,0,0,0,0,0,0,0,0,0,0,0
2011,맛살달걀찜,77.4,80.077,6.942,3.1394,5.5312,0.336,57.241,0.9917,269.747,89.366,0.04351,0.22191,1.393,466.7152,10.7842,0,0,0,0,0,0,0,0,0,0,1,0,0,0,0,0,0,0,0,0,0,0,0,0,0,0,0,0,0,0,0,0,0,0,0,0,0,0,0,0
2012,매생이달걀찜,81.6,85.075,7.56766,4.52288,3.85428,0.945,43.143,3.1673,188.645,108.3943333,0.04778,0.27336,0.9814,621.7274,32.2938,0,0,0,0,0,0,0,0,0,0,1,0,0,0,0,0,0,0,0,0,0,0,0,0,0,0,0,0,0,0,0,0,0,0,0,0,0,0,0,0
2013,명란달걀찜,64.8,65.307,5.745,3.1674,2.965,0.336,27.113,0.8965,208.301,90.29,0.04603,0.21239,1.393,466.7152,10.7842,0,0,0,0,0,0,0,0,0,0,1,0,0,0,0,0,0,0,0,0,0,0,0,0,0,0,0,0,0,0,0,0,0,0,0,0,0,0,0,0
2014,묵은지김치찜,78.1,66.901,10.68842,1.60838,1.7516,0.0132,24.679,0.49188,132.525,8.615833335,0.151952,0.099524,2.71584,181.98372,9.303,0,0,0,0,0,0,0,0,0,0,1,0,0,0,0,0,0,0,0,0,0,0,0,0,0,0,0,0,0,0,0,0,0,0,0,0,0,0,0,0
2015,미나리달걀찜,74.6,81.631,7.20912,4.1649,3.1239,0.364,34.841,1.13408,177.207,111.7648333,0.04862,0.278358,1.13554,623.08708,16.95638,0,0,0,0,0,0,0,0,0,0,1,0,0,0,0,0,0,0,0,0,0,0,0,0,0,0,0,0,0,0,0,0,0,0,0,0,0,0,0,0
2016,베이컨달걀찜,77.4,97.857,7.5958,5.5222,3.8288,0.336,27.281,0.9343,250.427,89.506,0.07053,0.21981,9.7608,725.1692,27.993,0,0,0,0,0,0,0,0,0,0,1,0,0,0,0,0,0,0,0,0,0,0,0,0,0,0,0,0,0,0,0,0,0,0,0,0,0,0,0,0
2017,북어찜,21.5,56.741,9.06172,0.43886,3.66646,0.0468,35.495,0.47288,270.408,0.011,0.02322,0.116964,0.04744,0.23292,0,0,0,0,0,0,0,0,0,0,0,1,0,0,0,0,0,0,0,0,0,0,0,0,0,0,0,0,0,0,0,0,0,0,0,0,0,0,0,0,0
2018,북어채소찜,39.8,42.633,5.00008,0.70995,4.06694,0.6762,26.8,0.38103,171.73,51.83191667,0.024742,0.083482,1.37718,138.07065,2.97127,0,0,0,0,0,0,0,0,0,0,1,0,0,0,0,0,0,0,0,0,0,0,0,0,0,0,0,0,0,0,0,0,0,0,0,0,0,0,0,0
2019,브로콜리달걀찜,49.1,59.36,5.4404,3.1094,1.8746,0.217,24.61,0.8122,88.827,58.66,0.03507,0.20699,2.0419,461.8061,14.5138,0,0,0,0,0,0,0,0,0,0,1,0,0,0,0,0,0,0,0,0,0,0,0,0,0,0,0,0,0,0,0,0,0,0,0,0,0,0,0,0
2020,브로콜리숙회,53.5,24.048,1.66423,0.28833,4.75357,1.6149,23.255,0.46923,36.309,14.8575,0.026142,0.079674,14.37632,25.09801,31.69824,0,0,0,0,0,0,0,0,0,0,1,0,0,0,0,0,0,0,0,0,0,0,0,0,0,0,0,0,0,0,0,0,0,0,0,0,0,0,0,0
2021,브로콜리숙회(들깨소스),56.8,59.249,1.99726,4.23155,4.30828,1.8382,25.864,0.55205,87.887,11.45366667,0.022639,0.107292,14.2933,1772.44191,685.4532,0,0,0,0,0,0,0,0,0,0,1,0,0,0,0,0,0,0,0,0,0,0,0,0,0,0,0,0,0,0,0,0,0,0,0,0,0,0,0,0
2022,브로콜리숙회(흑임자소스),56.8,59.372,1.97766,4.26712,4.28266,1.8004,38.782,0.51454,87.891,11.44266667,0.019419,0.127488,14.2933,1985.14617,280.14196,0,0,0,0,0,0,0,0,0,0,1,0,0,0,0,0,0,0,0,0,0,0,0,0,0,0,0,0,0,0,0,0,0,0,0,0,0,0,0,0
2023,브로콜리숙회+들깨소스,56,58.38,1.86914,3.8318,5.17594,1.827,25.48,0.52528,20.902,11.431,0.022078,0.091028,14.2933,1734.79838,621.29046,0,0,0,0,0,0,0,0,0,0,1,0,0,0,0,0,0,0,0,0,0,0,0,0,0,0,0,0,0,0,0,0,0,0,0,0,0,0,0,0
2024,브로콜리숙회+초고추장,50.7,21.385,1.56226,0.41315,3.85014,1.5526,19.505,0.41503,28.986,13.13591667,0.01617,0.072884,14.2933,148.39887,32.85203,0,0,0,0,0,0,0,0,0,0,1,0,0,0,0,0,0,0,0,0,0,0,0,0,0,0,0,0,0,0,0,0,0,0,0,0,0,0,0,0
2025,브로콜리숙회+흑임자소스,56,58.506,1.84954,3.86764,5.15018,1.7892,38.43,0.4914,20.902,11.424,0.018858,0.111216,14.2933,1918.96222,277.47426,0,0,0,0,0,0,0,0,0,0,1,0,0,0,0,0,0,0,0,0,0,0,0,0,0,0,0,0,0,0,0,0,0,0,0,0,0,0,0,0
2026,삼겹단호박찜,98,198.24,6.32814,15.19154,9.33128,1.9306,9.688,0.35994,269.038,99.74649999,0.224434,0.141708,7.9926,1521.2659,156.30874,0,0,0,0,0,0,0,0,0,0,1,0,0,0,0,0,0,0,0,0,0,0,0,0,0,0,0,0,0,0,0,0,0,0,0,0,0,0,0,0
2027,(우유제외)삼색달걀찜,143.2,130.155,10.24404,6.66712,6.34432,0.3668,46.167,1.6259,270.517,110.4103333,0.07767,0.300086,1.00632,621.21164,15.3706,0,0,0,0,0,0,0,0,0,0,1,0,0,0,0,0,0,0,0,0,0,0,0,0,0,0,0,0,0,0,0,0,0,0,0,0,0,0,0,0
2028,삼색달걀찜,143.2,126.655,9.32004,6.47112,6.92532,0.3668,113.367,1.1709,201.217,148.9103333,0.06437,0.385486,1.55932,672.85764,20.6906,0,0,0,0,0,0,0,0,0,0,1,0,0,0,0,0,0,0,0,0,0,0,0,0,0,0,0,0,0,0,0,0,0,0,0,0,0,0,0,0
2029,삼색채소달걀찜,77.3,81.69,7.2254,4.1489,3.1661,0.413,37.01,1.2277,175.971,113.4758333,0.05082,0.27804,1.5813,623.1134,17.1682,0,0,0,0,0,0,0,0,0,0,1,0,0,0,0,0,0,0,0,0,0,0,0,0,0,0,0,0,0,0,0,0,0,0,0,0,0,0,0,0
2030,삼치무찜,86.2,63.242,8.97098,1.29696,3.74339,0.422,11.993,0.18647,120.273,5.77725,0.066325,0.066419,2.80112,42.7432,16.63463,0,0,0,0,0,0,0,0,0,0,1,0,0,0,0,0,0,0,0,0,0,0,0,0,0,0,0,0,0,0,0,0,0,0,0,0,0,0,0,0
2031,삼치양념찜,71.7,92.072,8.92963,4.05509,4.52445,0.304,6.895,0.20014,152.283,0.685166667,0.041537,0.085815,1.60656,577.49265,328.03878,0,0,0,0,0,0,0,0,0,0,1,0,0,0,0,0,0,0,0,0,0,0,0,0,0,0,0,0,0,0,0,0,0,0,0,0,0,0,0,0
2032,새우살채소달걀찜,77.4,76.717,8.272,3.2514,2.9412,0.336,37.501,1.2437,196.667,89.366,0.03931,0.21771,1.533,466.7152,10.7842,0,0,0,0,0,0,0,0,0,0,1,0,0,0,0,0,0,0,0,0,0,0,0,0,0,0,0,0,0,0,0,0,0,0,0,0,0,0,0,0
2033,소갈비찜,78.8,152.702,7.86222,10.58993,6.65358,0.6188,10.084,1.49853,257.806,32.24875,0.0251,0.228644,1.55904,139.16097,2.22241,0,0,0,0,0,0,0,0,0,0,1,0,0,0,0,0,0,0,0,0,0,0,0,0,0,0,0,0,0,0,0,0,0,0,0,0,0,0,0,0
2034,소고기단호박찜,106.8,102.512,10.87432,2.69183,9.11898,1.5848,13.094,1.46913,232.326,97.32541666,0.05695,0.224794,4.79934,240.29977,21.10141,0,0,0,0,0,0,0,0,0,0,1,0,0,0,0,0,0,0,0,0,0,0,0,0,0,0,0,0,0,0,0,0,0,0,0,0,0,0,0,0
2035,소고기등심떡찜,76.2,168.787,6.71032,9.77131,13.38247,0.4501,12.555,0.96728,176.161,28.73891667,0.017931,0.180656,0.8638,323.669,12.33447,0,0,0,0,0,0,0,0,0,0,1,0,0,0,0,0,0,0,0,0,0,0,0,0,0,0,0,0,0,0,0,0,0,0,0,0,0,0,0,0
2036,소고기떡찜,106.8,135.272,11.40352,2.63303,16.50468,0.6818,12.674,1.42293,287.136,33.10041667,0.05212,0.198964,2.25204,228.50827,5.06791,0,0,0,0,0,0,0,0,0,0,1,0,0,0,0,0,0,0,0,0,0,0,0,0,0,0,0,0,0,0,0,0,0,0,0,0,0,0,0,0
2037,순살가자미찜,50.1,67.655,9.63725,1.95754,2.31007,0.0903,18.456,0.37716,230.616,4.01,0.079366,0.167832,1.02242,168.20749,2.836,0,0,0,0,0,0,0,0,0,0,1,0,0,0,0,0,0,0,0,0,0,0,0,0,0,0,0,0,0,0,0,0,0,0,0,0,0,0,0,0
2038,순살찜닭,84.5,76.133,10.98733,0.93117,6.01873,0.6949,11.87,0.70387,229.01,52.00041667,0.097416,0.200626,1.81646,139.62198,2.28961,0,0,0,0,0,0,0,0,0,0,1,0,0,0,0,0,0,0,0,0,0,0,0,0,0,0,0,0,0,0,0,0,0,0,0,0,0,0,0,0
2039,시금치달걀찜,84.4,85.327,7.5671,4.2244,3.777,0.217,38.551,1.4817,184.557,141.9476667,0.06458,0.3176,9.3814,618.7258,14.105,0,0,0,0,0,0,0,0,0,0,1,0,0,0,0,0,0,0,0,0,0,0,0,0,0,0,0,0,0,0,0,0,0,0,0,0,0,0,0,0
2040,아몬드달걀찜,73.2,96.975,7.78942,5.55328,3.49952,0.623,43.255,1.25098,177.165,108.434,0.048592,0.313288,0.9814,980.73416,14.78232,0,0,0,0,0,0,0,0,0,0,1,0,0,0,0,0,0,0,0,0,0,0,0,0,0,0,0,0,0,0,0,0,0,0,0,0,0,0,0,0
2041,애호박생선살찜,86.5,60.846,8.90062,0.62312,4.80136,0.9484,21.002,0.29704,101.171,21.66516667,0.074784,0.112278,3.2743,201.30954,19.51084,0,0,0,0,0,0,0,0,0,0,1,0,0,0,0,0,0,0,0,0,0,0,0,0,0,0,0,0,0,0,0,0,0,0,0,0,0,0,0,0
2042,애호박소고기찜,83.7,93.746,11.0814,3.35074,4.2121,0.9358,13.176,1.40836,129.185,7.143666667,0.0362,0.115918,1.11984,486.78746,54.76214,0,0,0,0,0,0,0,0,0,0,1,0,0,0,0,0,0,0,0,0,0,0,0,0,0,0,0,0,0,0,0,0,0,0,0,0,0,0,0,0
2043,영양찜닭,98.4,127.544,9.36778,4.89137,11.86578,1.2404,14.242,0.75093,232.48,54.15758334,0.114882,0.230408,4.08828,168.61655,8.24605,0,0,0,0,0,0,0,0,0,0,1,0,0,0,0,0,0,0,0,0,0,0,0,0,0,0,0,0,0,0,0,0,0,0,0,0,0,0,0,0
2044,오징어브로콜리숙회,64.4,49.154,8.61266,0.66318,2.14732,0.6846,13.076,0.26138,111.678,6.973166666,0.02793,0.041034,6.1257,15.89392,14.01862,0,0,0,0,0,0,0,0,0,0,1,0,0,0,0,0,0,0,0,0,0,0,0,0,0,0,0,0,0,0,0,0,0,0,0,0,0,0,0,0
2045,오징어숙회,43.4,42.434,7.96586,0.62118,0.82012,0.0336,4.886,0.09338,111.048,2.353166666,0.021,0.011004,0,9.53302,0.96922,0,0,0,0,0,0,0,0,0,0,1,0,0,0,0,0,0,0,0,0,0,0,0,0,0,0,0,0,0,0,0,0,0,0,0,0,0,0,0,0
2046,오징어숙회+유자소스,72.3,74.578,10.74694,0.83608,5.57781,0.0462,9.761,0.20388,213.592,0.046666667,0.033218,0.019264,3.31604,1.93708,0.224,0,0,0,0,0,0,0,0,0,0,1,0,0,0,0,0,0,0,0,0,0,0,0,0,0,0,0,0,0,0,0,0,0,0,0,0,0,0,0,0
2047,오징어찜,48.6,50.328,8.09169,0.76043,2.45284,0.1382,7.728,0.11591,118.446,4.08075,0.030687,0.030538,0.08302,65.49774,1.93217,0,0,0,0,0,0,0,0,0,0,1,0,0,0,0,0,0,0,0,0,0,0,0,0,0,0,0,0,0,0,0,0,0,0,0,0,0,0,0,0
2048,옥수수달걀찜,77.4,90.647,7.4761,4.2384,4.995,0.217,34.421,1.2717,177.067,108.6976667,0.06528,0.2777,0.9814,618.7258,14.105,0,0,0,0,0,0,0,0,0,0,1,0,0,0,0,0,0,0,0,0,0,0,0,0,0,0,0,0,0,0,0,0,0,0,0,0,0,0,0,0
2049,(우유제외)두유달걀찜,91.4,95.407,8.0571,4.9104,3.924,0.217,36.521,1.2647,205.347,108.3943333,0.05618,0.2784,0.9814,618.7258,14.105,0,0,0,0,0,0,0,0,0,0,1,0,0,0,0,0,0,0,0,0,0,0,0,0,0,0,0,0,0,0,0,0,0,0,0,0,0,0,0,0
2050,우유달걀찜,91.4,94.357,7.7799,4.8516,4.0983,0.217,56.681,1.1282,184.557,119.9443333,0.05219,0.30402,1.1473,634.2196,15.701,0,0,0,0,0,0,0,0,0,0,1,0,0,0,0,0,0,0,0,0,0,0,0,0,0,0,0,0,0,0,0,0,0,0,0,0,0,0,0,0
2051,조기찜,42.7,49.721,8.00086,1.69785,0.0336,0.0112,8.148,0.18634,21.42,0.161583333,0.021462,0.088858,0.02485,77.77672,9.79293,0,0,0,0,0,0,0,0,0,0,1,0,0,0,0,0,0,0,0,0,0,0,0,0,0,0,0,0,0,0,0,0,0,0,0,0,0,0,0,0
2052,찜닭,84.5,102.173,8.88733,4.79517,6.01873,0.6949,11.45,0.61987,232.37,53.26041667,0.097416,0.200626,1.81646,139.62198,2.28961,0,0,0,0,0,0,0,0,0,0,1,0,0,0,0,0,0,0,0,0,0,0,0,0,0,0,0,0,0,0,0,0,0,0,0,0,0,0,0,0
2053,채소달걀찜,91.4,85.397,7.3333,4.1733,4.064,0.448,35.261,1.2486,177.627,111.4568333,0.05541,0.28183,19.1555,623.5908,16.2239,0,0,0,0,0,0,0,0,0,0,1,0,0,0,0,0,0,0,0,0,0,0,0,0,0,0,0,0,0,0,0,0,0,0,0,0,0,0,0,0
2054,치즈달걀찜,87.1,121.968,11.07554,6.50762,3.74262,0.3668,167.966,1.1346,235.331,117.236,0.05348,0.317646,1.01472,660.56844,32.27,0,0,0,0,0,0,0,0,0,0,1,0,0,0,0,0,0,0,0,0,0,0,0,0,0,0,0,0,0,0,0,0,0,0,0,0,0,0,0,0
2055,코다리양념찜,75.6,61.308,9.87738,1.18674,2.45676,0.3397,27.116,0.38071,290.567,0.724583333,0.083236,0.159215,2.29222,189.55356,3.91725,0,0,0,0,0,0,0,0,0,0,1,0,0,0,0,0,0,0,0,0,0,0,0,0,0,0,0,0,0,0,0,0,0,0,0,0,0,0,0,0
2056,코다리찜,82.3,65.531,9.73591,1.05005,4.03243,0.3675,25.512,0.36915,223.856,0.130416667,0.083788,0.13483,2.70382,131.15976,3.11001,0,0,0,0,0,0,0,0,0,0,1,0,0,0,0,0,0,0,0,0,0,0,0,0,0,0,0,0,0,0,0,0,0,0,0,0,0,0,0,0
2057,콘달걀찜,88.6,94.357,7.43144,4.23896,5.919,0.4816,34.225,1.1709,200.279,108.5366667,0.05023,0.283986,1.925,648.319,15.81188,0,0,0,0,0,0,0,0,0,0,1,0,0,0,0,0,0,0,0,0,0,0,0,0,0,0,0,0,0,0,0,0,0,0,0,0,0,0,0,0
2058,해물찜,103.1,78.219,11.83058,1.0009,5.57775,0.8224,42.948,1.79329,302.025,13.96425,0.043881,0.184757,2.41206,157.75208,32.24295,0,0,0,0,0,0,0,0,0,0,1,0,0,0,0,0,0,0,0,0,0,0,0,0,0,0,0,0,0,0,0,0,0,0,0,0,0,0,0,0
2059,훈제오리단호박찜,92.1,85.411,9.74011,1.75999,7.78023,1.3237,13.038,1.45499,239.102,102.16125,0.102324,0.166862,15.14072,368.36176,27.10321,0,0,0,0,0,0,0,0,0,0,1,0,0,0,0,0,0,0,0,0,0,0,0,0,0,0,0,0,0,0,0,0,0,0,0,0,0,0,0,0
2060,가지양념찜,59.9,21.397,0.86353,0.18276,4.62382,1.3249,11.085,0.2431,101.89,2.493916667,0.020259,0.119887,1.19346,66.24718,1.13269,0,0,0,0,0,0,0,0,0,0,0,1,0,0,0,0,0,0,0,0,0,0,0,0,0,0,0,0,0,0,0,0,0,0,0,0,0,0,0,0
2061,가지찜,66.1,18.551,0.98569,0.18332,3.77164,1.5098,12.805,0.2674,136.954,34.057,0.022695,0.12512,1.40486,66.83993,1.32578,0,0,0,0,0,0,0,0,0,0,0,1,0,0,0,0,0,0,0,0,0,0,0,0,0,0,0,0,0,0,0,0,0,0,0,0,0,0,0,0
2062,깻잎멸치찜,19.6,22.803,2.94621,0.36558,2.13123,0.6839,142.005,0.82682,233.888,70.61716667,0.046092,0.113522,0.38878,9.01971,27.64244,0,0,0,0,0,0,0,0,0,0,0,1,0,0,0,0,0,0,0,0,0,0,0,0,0,0,0,0,0,0,0,0,0,0,0,0,0,0,0,0
2063,깻잎찜,19.3,30.461,0.69068,0.36429,6.59855,0.7104,33.878,0.25626,67.177,71.223,0.038843,0.100565,0.38878,138.27513,29.40548,0,0,0,0,0,0,0,0,0,0,0,1,0,0,0,0,0,0,0,0,0,0,0,0,0,0,0,0,0,0,0,0,0,0,0,0,0,0,0,0
2064,단배추시래기찜,67.9,35.343,3.46122,1.13295,3.28244,2.3128,176.351,1.62645,357.938,83.74041668,0.083566,0.054642,1.91212,304.26697,79.96527,0,0,0,0,0,0,0,0,0,0,0,1,0,0,0,0,0,0,0,0,0,0,0,0,0,0,0,0,0,0,0,0,0,0,0,0,0,0,0,0
2065,단호박견과류찜,58.8,76.076,1.78178,3.74178,10.76838,2.849,12.852,0.42406,0.532,149.912,0.021896,0.094402,5.9437,1082.6354,200.91078,0,0,0,0,0,0,0,0,0,0,0,1,0,0,0,0,0,0,0,0,0,0,0,0,0,0,0,0,0,0,0,0,0,0,0,0,0,0,0,0
2066,단호박꿀찜,54.6,47.824,0.88942,0.9107,10.40998,2.7202,24.346,0.29288,0.266,149.8898333,0.016422,0.097874,5.9437,343.89992,42.39858,0,0,0,0,0,0,0,0,0,0,0,1,0,0,0,0,0,0,0,0,0,0,0,0,0,0,0,0,0,0,0,0,0,0,0,0,0,0,0,0
2067,(우유제외)단호박두유찜,109.3,93.072,2.58888,5.28178,9.66392,2.688,15.832,0.49986,91.137,171.8861667,0.0364,0.086912,6.7669,153.71958,47.1646,0,0,0,0,0,0,0,0,0,0,0,1,0,0,0,0,0,0,0,0,0,0,0,0,0,0,0,0,0,0,0,0,0,0,0,0,0,0,0,0
2068,단호박우유찜,109.3,90.972,2.03448,5.16418,10.01252,2.688,56.152,0.22686,49.557,194.9861667,0.02842,0.138152,7.0987,184.70718,50.3566,0,0,0,0,0,0,0,0,0,0,0,1,0,0,0,0,0,0,0,0,0,0,0,0,0,0,0,0,0,0,0,0,0,0,0,0,0,0,0,0
2069,단호박찜,112,63.84,1.3328,0.728,15.2656,5.6,13.44,0.4032,0,342.5333333,0.0336,0.15232,13.5856,199.584,90.6976,0,0,0,0,0,0,0,0,0,0,0,1,0,0,0,0,0,0,0,0,0,0,0,0,0,0,0,0,0,0,0,0,0,0,0,0,0,0,0,0
2070,브로콜리양배추찜,58.7,27.427,1.61298,0.82953,4.33613,1.6905,24.641,0.38157,69.815,7.935,0.020263,0.084836,14.36454,323.57972,32.0388,0,0,0,0,0,0,0,0,0,0,0,1,0,0,0,0,0,0,0,0,0,0,0,0,0,0,0,0,0,0,0,0,0,0,0,0,0,0,0,0
2071,삶은달걀,42,60.06,5.8548,3.3474,0.9198,0,21.84,0.7434,58.8,23.695,0.03066,0.2331,0,487.1118,13.2384,0,0,0,0,0,0,0,0,0,0,0,1,0,0,0,0,0,0,0,0,0,0,0,0,0,0,0,0,0,0,0,0,0,0,0,0,0,0,0,0
2072,새우미더덕찜,76.1,59.139,9.98275,0.76146,2.9216,0.4203,46.351,1.66859,132.895,2.930583333,0.023851,0.086327,1.5008,105.56295,18.49103,0,0,0,0,0,0,0,0,0,0,0,1,0,0,0,0,0,0,0,0,0,0,0,0,0,0,0,0,0,0,0,0,0,0,0,0,0,0,0,0
2073,새우살달걀찜,51.4,65.233,6.92034,3.17191,1.48981,0.0217,28.596,0.97696,178.652,60.33766667,0.033019,0.204974,0.10514,460.26694,10.2193,0,0,0,0,0,0,0,0,0,0,0,1,0,0,0,0,0,0,0,0,0,0,0,0,0,0,0,0,0,0,0,0,0,0,0,0,0,0,0,0
2074,양념가지찜,46.6,25.166,0.93735,0.62013,4.19518,1.2764,11.031,0.17607,33.581,1.89725,0.021059,0.09279,0.01541,254.421,3.85517,0,0,0,0,0,0,0,0,0,0,0,1,0,0,0,0,0,0,0,0,0,0,0,0,0,0,0,0,0,0,0,0,0,0,0,0,0,0,0,0
2075,양배추숙쌈+쌈장,53.2,26.25,1.23816,0.24122,5.52636,1.7304,24.654,0.20622,113.918,2.683333333,0.022526,0.020706,9.5844,110.02642,28.91504,0,0,0,0,0,0,0,0,0,0,0,1,0,0,0,0,0,0,0,0,0,0,0,0,0,0,0,0,0,0,0,0,0,0,0,0,0,0,0,0
2076,양배추쌈,37.2,19.968,0.74206,0.77024,3.02637,0.9703,17.255,0.13596,69.876,0.386666667,0.013141,0.037708,6.846,314.9223,14.543,0,0,0,0,0,0,0,0,0,0,0,1,0,0,0,0,0,0,0,0,0,0,0,0,0,0,0,0,0,0,0,0,0,0,0,0,0,0,0,0
2077,양배추찜,49,16.17,0.8232,0.0392,3.8808,1.323,22.05,0.1323,3.92,0.530833333,0.01715,0.01617,9.5844,7.6195,14.8862,0,0,0,0,0,0,0,0,0,0,0,1,0,0,0,0,0,0,0,0,0,0,0,0,0,0,0,0,0,0,0,0,0,0,0,0,0,0,0,0
2078,양배추찜+쌈장,37.1,18.809,0.90804,0.41111,3.47333,1.1795,22.596,0.16387,39.48,1.10425,0.016457,0.033586,6.846,166.49549,16.50985,0,0,0,0,0,0,0,0,0,0,0,1,0,0,0,0,0,0,0,0,0,0,0,0,0,0,0,0,0,0,0,0,0,0,0,0,0,0,0,0
2079,찐감자,112,75.04,2.2512,0.0448,16.8896,3.024,10.08,0.6496,1.12,0,0.0672,0.03024,11.7712,9.7104,2.0608,0,0,0,0,0,0,0,0,0,0,0,1,0,0,0,0,0,0,0,0,0,0,0,0,0,0,0,0,0,0,0,0,0,0,0,0,0,0,0,0
2080,찐고구마,112,172.48,1.1312,0.1232,41.6528,3.024,16.8,0.504,7.84,2.986666667,0.0728,0.03024,7.9744,47.4656,6.1488,0,0,0,0,0,0,0,0,0,0,0,1,0,0,0,0,0,0,0,0,0,0,0,0,0,0,0,0,0,0,0,0,0,0,0,0,0,0,0,0
2081,찐단호박,112,63.84,1.3328,0.728,15.2656,5.6,13.44,0.4032,0,342.5333333,0.0336,0.15232,13.5856,199.584,90.6976,0,0,0,0,0,0,0,0,0,0,0,1,0,0,0,0,0,0,0,0,0,0,0,0,0,0,0,0,0,0,0,0,0,0,0,0,0,0,0,0
2082,찐달걀,42,57.12,5.2248,3.0954,1.4322,0,21.84,0.756,55.02,57.12,0.03276,0.19698,0,459.6858,10.164,0,0,0,0,0,0,0,0,0,0,0,1,0,0,0,0,0,0,0,0,0,0,0,0,0,0,0,0,0,0,0,0,0,0,0,0,0,0,0,0
2083,찐당근스틱,42,13.02,0.4284,0.0546,2.9526,1.302,10.08,0.1176,9.66,193.06,0.01554,0.02604,1.2684,34.8684,3.318,0,0,0,0,0,0,0,0,0,0,0,1,0,0,0,0,0,0,0,0,0,0,0,0,0,0,0,0,0,0,0,0,0,0,0,0,0,0,0,0
2084,찐옥수수,70,99.4,3.43,0.84,20.58,0,14.7,1.54,0.7,3.033333333,0.175,0.077,0,0,0,0,0,0,0,0,0,0,0,0,0,0,1,0,0,0,0,0,0,0,0,0,0,0,0,0,0,0,0,0,0,0,0,0,0,0,0,0,0,0,0
2085,콩가루부추찜,73.1,54.201,3.7506,1.92571,6.83802,0.1302,28.885,2.50789,70.174,3.613583333,0.091896,0.116032,3.6316,126.08175,1.66941,0,0,0,0,0,0,0,0,0,0,0,1,0,0,0,0,0,0,0,0,0,0,0,0,0,0,0,0,0,0,0,0,0,0,0,0,0,0,0,0
2086,콩나물찜,32.3,19,1.43131,0.69258,2.52583,0.5704,14.419,0.21526,101.373,1.639083333,0.034219,0.034598,0.71041,318.72167,34.9339,0,0,0,0,0,0,0,0,0,0,0,1,0,0,0,0,0,0,0,0,0,0,0,0,0,0,0,0,0,0,0,0,0,0,0,0,0,0,0,0
2087,꼬막찜,66.3,41.638,7.32645,0.35463,1.91969,0.198,52.269,3.94303,33.635,24.27475,0.022138,0.157537,4.77064,8.44978,1.82011,0,0,0,0,0,0,0,0,0,0,1,0,0,0,0,0,0,0,0,0,0,0,0,0,0,0,0,0,0,0,0,0,0,0,0,0,0,0,0,0
2088,두부양념찜,70.4,83.71,4.52546,5.06301,4.91128,1.4784,31.924,0.82177,136.09,0.08375,0.020942,0.133738,1.5932,1682.33827,481.49029,0,0,0,0,0,0,0,0,0,0,1,0,0,0,0,0,0,0,0,0,0,0,0,0,0,0,0,0,0,0,0,0,0,0,0,0,0,0,0,0
2089,두부찜,67.5,68.789,6.4253,3.41139,2.7363,1.701,40.631,1.03187,77.062,16.28125,0.025368,0.1582,0.09198,1539.34017,220.79587,0,0,0,0,0,0,0,0,0,0,1,0,0,0,0,0,0,0,0,0,0,0,0,0,0,0,0,0,0,0,0,0,0,0,0,0,0,0,0,0
2090,두부찜+김치볶음,85.7,94.857,5.70066,5.72671,4.86766,1.743,47.113,1.04223,34.054,3.320750001,0.03381,0.119616,1.8536,2015.13087,535.68289,0,0,0,0,0,0,0,0,0,0,1,0,0,0,0,0,0,0,0,0,0,0,0,0,0,0,0,0,0,0,0,0,0,0,0,0,0,0,0,0
2091,두부찜+흑임자소스,61.2,82.874,5.7198,5.3336,2.82008,1.825,49.86,0.94918,61.361,0.437666667,0.020199,0.140498,0,2667.48323,383.0977,0,0,0,0,0,0,0,0,0,0,1,0,0,0,0,0,0,0,0,0,0,0,0,0,0,0,0,0,0,0,0,0,0,0,0,0,0,0,0,0
2092,물만두,106.8,182.674,11.36798,4.0483,23.5468,1.7912,28.312,0.98776,91.022,14.70466667,0.25929,0.192484,1.76944,1444.18032,108.4636,0,0,0,0,0,0,0,0,0,0,1,0,0,0,0,0,0,0,0,0,0,0,0,0,0,0,0,0,0,0,0,0,0,0,0,0,0,0,0,0
2093,물만두+간장,109.6,184.13,11.49636,4.0483,23.78312,1.8024,28.704,1.01058,157.998,14.70466667,0.260046,0.21522,1.76944,1444.189,108.4636,0,0,0,0,0,0,0,0,0,0,1,0,0,0,0,0,0,0,0,0,0,0,0,0,0,0,0,0,0,0,0,0,0,0,0,0,0,0,0,0
2094,순두부+양념장,143.1,68.479,9.80809,2.72344,1.29371,0.4812,24.717,1.05279,72.68,0.522416667,0.396591,0.063851,0.09583,1389.18486,183.43062,0,0,0,0,0,0,0,0,0,0,1,0,0,0,0,0,0,0,0,0,0,0,0,0,0,0,0,0,0,0,0,0,0,0,0,0,0,0,0,0
2095,연두부+양념장,143.1,96.479,6.09809,4.75344,6.90771,0.0612,56.917,1.75279,74.08,0.522416667,0.197791,0.061051,0.09583,346.05886,4.55262,0,0,0,0,0,0,0,0,0,0,1,0,0,0,0,0,0,0,0,0,0,0,0,0,0,0,0,0,0,0,0,0,0,0,0,0,0,0,0,0
2096,연두부+흑임자소스,147.8,130.492,6.34846,8.08912,7.76586,0.2814,72.872,1.80254,93.421,0.662666667,0.199249,0.085418,0,1970.30407,249.69336,0,0,0,0,0,0,0,0,0,0,1,0,0,0,0,0,0,0,0,0,0,0,0,0,0,0,0,0,0,0,0,0,0,0,0,0,0,0,0,0
2097,연두부찜,65.9,39.197,2.73633,1.57792,3.41857,0.1027,27.028,0.90396,136.726,5.1275,0.08171,0.067238,0.97016,3.22783,2.996,0,0,0,0,0,0,0,0,0,0,1,0,0,0,0,0,0,0,0,0,0,0,0,0,0,0,0,0,0,0,0,0,0,0,0,0,0,0,0,0
2098,온두부+양념장,59.1,63.999,5.60529,3.42624,2.42771,1.6852,39.557,0.93519,67.64,0.522416667,0.019711,0.133291,0.09583,1682.10126,221.59182,0,0,0,0,0,0,0,0,0,0,1,0,0,0,0,0,0,0,0,0,0,0,0,0,0,0,0,0,0,0,0,0,0,0,0,0,0,0,0,0
2099,온두부찜,59.1,63.999,5.60529,3.42624,2.42771,1.6852,39.557,0.93519,67.64,0.522416667,0.019711,0.133291,0.09583,1682.10126,221.59182,0,0,0,0,0,0,0,0,0,0,1,0,0,0,0,0,0,0,0,0,0,0,0,0,0,0,0,0,0,0,0,0,0,0,0,0,0,0,0,0
2100,주꾸미숙회,32.5,23.208,3.17903,0.33033,1.79677,0.0959,9.465,0.46923,34.839,4.0775,0.018372,0.060004,0.08302,10.25591,1.24964,0,0,0,0,0,0,0,0,0,0,1,0,0,0,0,0,0,0,0,0,0,0,0,0,0,0,0,0,0,0,0,0,0,0,0,0,0,0,0,0
2101,찐만두,106.8,182.674,11.36798,4.0483,23.5468,1.7912,28.312,0.98776,91.022,14.70466667,0.25929,0.192484,1.76944,1444.18032,108.4636,0,0,0,0,0,0,0,0,0,0,1,0,0,0,0,0,0,0,0,0,0,0,0,0,0,0,0,0,0,0,0,0,0,0,0,0,0,0,0,0
2102,(저당)닭갈비,103,105.998,10.95475,3.29858,8.14045,1.4245,26.587,0.48962,224.956,39.0465,0.135056,0.109448,5.69268,652.57619,337.37522,0,0,0,0,0,0,0,0,0,0,1,0,0,0,0,0,0,0,0,0,0,0,0,0,0,0,0,0,0,0,0,0,0,0,0,0,0,0,0,0
2103,(저염)닭가슴살피망볶음,90.3,87.971,10.37685,3.54143,3.27119,0.8093,8.862,0.39821,154.632,17.29208333,0.106206,0.1007,12.64118,754.60696,326.30029,0,0,0,0,0,0,0,0,0,0,1,0,0,0,0,0,0,0,0,0,0,0,0,0,0,0,0,0,0,0,0,0,0,0,0,0,0,0,0,0
2104,간장닭갈비,113.5,111.423,11.08579,3.27464,9.34606,1.5071,28.617,0.53288,224.396,63.08683334,0.124087,0.131456,6.21208,638.70835,335.42894,0,0,0,0,0,0,0,0,0,0,1,0,0,0,0,0,0,0,0,0,0,0,0,0,0,0,0,0,0,0,0,0,0,0,0,0,0,0,0,0
2105,간장돼지불고기,104,231.366,6.58971,19.23486,7.93487,1.0305,17.441,0.4694,228.644,41.97716667,0.224128,0.165912,4.98108,2612.83481,464.50656,0,0,0,0,0,0,0,0,0,0,1,0,0,0,0,0,0,0,0,0,0,0,0,0,0,0,0,0,0,0,0,0,0,0,0,0,0,0,0,0
2106,간장마파두부,112.8,155.152,7.73034,10.17643,8.14542,2.0258,36.345,1.30183,212.349,4.096666667,0.03021,0.22744,4.90224,2773.37298,497.5922,0,0,0,0,0,0,0,0,0,0,1,0,0,0,0,0,0,0,0,0,0,0,0,0,0,0,0,0,0,0,0,0,0,0,0,0,0,0,0,0
2107,게살스크램블에그,82.8,113.229,7.76646,6.4469,5.2337,0.217,59.569,1.15706,211.247,99.9255,0.04988,0.25299,11.8594,1095.11822,329.38528,0,0,0,0,0,0,0,0,0,0,1,0,0,0,0,0,0,0,0,0,0,0,0,0,0,0,0,0,0,0,0,0,0,0,0,0,0,0,0,0
2108,고추장불고기,82.4,82.543,10.81379,2.31696,4.70614,0.8769,10.975,0.42203,121.627,37.36808334,0.13843,0.134273,2.03636,517.48758,19.02391,0,0,0,0,0,0,0,0,0,0,1,0,0,0,0,0,0,0,0,0,0,0,0,0,0,0,0,0,0,0,0,0,0,0,0,0,0,0,0,0
2109,고추장소고기볶음,83.8,161.489,7.08047,11.86844,6.67304,0.7786,13.178,1.13484,96.437,52.90875,0.035151,0.18598,2.39388,386.42916,96.47086,0,0,0,0,0,0,0,0,0,0,1,0,0,0,0,0,0,0,0,0,0,0,0,0,0,0,0,0,0,0,0,0,0,0,0,0,0,0,0,0
2110,김치돼지고기볶음,87,123.222,7.76414,8.37515,3.84027,0.4691,21.785,0.55229,72.246,43.84958334,0.304045,0.153008,2.5046,1099.26481,209.03205,0,0,0,0,0,0,0,0,0,0,1,0,0,0,0,0,0,0,0,0,0,0,0,0,0,0,0,0,0,0,0,0,0,0,0,0,0,0,0,0
2111,낙지볶음,95.5,64.842,7.70701,1.70463,4.61097,0.7884,22.295,0.99044,307.921,69.116,0.036231,0.026917,2.02936,307.25009,161.4609,0,0,0,0,0,0,0,0,0,0,1,0,0,0,0,0,0,0,0,0,0,0,0,0,0,0,0,0,0,0,0,0,0,0,0,0,0,0,0,0
2112,낙지채소볶음,105.4,74.048,8.20559,3.09426,3.48623,0.9241,26.457,1.0882,405.898,42.6585,0.037172,0.086112,2.0961,571.45505,324.2666,0,0,0,0,0,0,0,0,0,0,1,0,0,0,0,0,0,0,0,0,0,0,0,0,0,0,0,0,0,0,0,0,0,0,0,0,0,0,0,0
2113,낙지콩나물볶음,101.5,77.989,8.72625,3.64573,2.65169,0.7043,29.582,1.12271,405.036,32.33508334,0.048176,0.07137,1.49858,826.58306,343.47129,0,0,0,0,0,0,0,0,0,0,1,0,0,0,0,0,0,0,0,0,0,0,0,0,0,0,0,0,0,0,0,0,0,0,0,0,0,0,0,0
2114,난자완스,117,139.066,13.3862,2.68188,14.79199,0.4942,22.317,0.78908,428.026,25.9285,0.157813,0.226376,21.7896,378.53522,19.88098,0,0,0,0,0,0,0,0,0,0,1,0,0,0,0,0,0,0,0,0,0,0,0,0,0,0,0,0,0,0,0,0,0,0,0,0,0,0,0,0
2115,너비아니채소볶음,135.1,222.959,11.50889,14.75025,10.26951,1.9811,41.468,1.81081,174.582,66.37725,0.053776,0.314256,11.747,1721.1895,452.94849,0,0,0,0,0,0,0,0,0,0,1,0,0,0,0,0,0,0,0,0,0,0,0,0,0,0,0,0,0,0,0,0,0,0,0,0,0,0,0,0
2116,늙은호박닭가슴살볶음,95.3,72.478,10.50409,1.30011,4.58244,0.6764,11.641,0.44353,154.603,13.45166667,0.101241,0.092662,2.01238,275.03867,88.27915,0,0,0,0,0,0,0,0,0,0,1,0,0,0,0,0,0,0,0,0,0,0,0,0,0,0,0,0,0,0,0,0,0,0,0,0,0,0,0,0
2117,늙은호박소고기볶음,95.3,155.218,7.41289,11.93871,4.58244,0.6764,14.581,1.26673,159.223,20.17166667,0.023961,0.214882,2.34838,405.15887,96.12055,0,0,0,0,0,0,0,0,0,0,1,0,0,0,0,0,0,0,0,0,0,0,0,0,0,0,0,0,0,0,0,0,0,0,0,0,0,0,0,0
2118,달래소불고기,84.7,145.189,7.43209,11.41573,3.13189,0.9773,22.554,1.82635,161.548,63.48508334,0.028856,0.21732,1.45658,347.10574,26.40811,0,0,0,0,0,0,0,0,0,0,1,0,0,0,0,0,0,0,0,0,0,0,0,0,0,0,0,0,0,0,0,0,0,0,0,0,0,0,0,0
2119,닭가슴살가지볶음,97.3,89.021,10.46225,3.54143,3.42449,1.0543,11.732,0.36741,156.172,37.37041667,0.103056,0.11232,1.84018,757.02896,322.22909,0,0,0,0,0,0,0,0,0,0,1,0,0,0,0,0,0,0,0,0,0,0,0,0,0,0,0,0,0,0,0,0,0,0,0,0,0,0,0,0
2120,닭가슴살고구마볶음,101.5,127.395,10.48115,3.56481,12.73505,1.1957,12.152,0.43321,158.048,37.20241667,0.112926,0.085342,3.66914,768.40816,323.73941,0,0,0,0,0,0,0,0,0,0,1,0,0,0,0,0,0,0,0,0,0,0,0,0,0,0,0,0,0,0,0,0,0,0,0,0,0,0,0,0
2121,닭가슴살굴소스볶음,84.7,92.885,10.14823,3.54353,4.59293,0.6189,9.226,0.29419,215.784,38.07741667,0.097652,0.058504,2.05788,758.17332,325.29159,0,0,0,0,0,0,0,0,0,0,1,0,0,0,0,0,0,0,0,0,0,0,0,0,0,0,0,0,0,0,0,0,0,0,0,0,0,0,0,0
2122,닭가슴살깻잎볶음,69.3,84.261,10.39925,3.55823,2.17149,0.5503,26.362,0.41291,154.422,48.40125,0.113696,0.10854,1.40828,754.86526,338.76099,0,0,0,0,0,0,0,0,0,0,1,0,0,0,0,0,0,0,0,0,0,0,0,0,0,0,0,0,0,0,0,0,0,0,0,0,0,0,0,0
2123,닭가슴살버섯볶음,87.5,86.403,10.68779,3.56089,3.28575,1.0025,6.93,0.43587,155.948,23.57808333,0.11063,0.120384,1.38812,770.9395,325.63389,0,0,0,0,0,0,0,0,0,0,1,0,0,0,0,0,0,0,0,0,0,0,0,0,0,0,0,0,0,0,0,0,0,0,0,0,0,0,0,0
2124,닭가슴살부추볶음,97.3,89.651,10.60295,3.59813,3.36989,0.4873,14.252,1.02681,156.802,37.98291667,0.129306,0.09489,2.89018,757.02896,322.22909,0,0,0,0,0,0,0,0,0,0,1,0,0,0,0,0,0,0,0,0,0,0,0,0,0,0,0,0,0,0,0,0,0,0,0,0,0,0,0,0
2125,닭가슴살브로콜리볶음,90.3,89.861,10.80525,3.57433,3.36849,1.0193,15.512,0.46681,156.592,41.06875,0.100186,0.10735,7.55428,762.17186,335.21129,0,0,0,0,0,0,0,0,0,0,1,0,0,0,0,0,0,0,0,0,0,0,0,0,0,0,0,0,0,0,0,0,0,0,0,0,0,0,0,0
2126,닭가슴살삼색파프리카볶음,91.7,87.243,10.34969,3.55753,3.05545,0.4355,8.092,0.47227,154.94,9.743750001,0.099486,0.093658,36.92348,760.16314,326.95381,0,0,0,0,0,0,0,0,0,0,1,0,0,0,0,0,0,0,0,0,0,0,0,0,0,0,0,0,0,0,0,0,0,0,0,0,0,0,0,0
2127,닭가슴살숙주볶음,90.3,85.591,10.51685,3.53653,2.50819,0.6273,9.422,0.33941,155.402,4.37125,0.107816,0.08593,3.14918,753.10126,323.58079,0,0,0,0,0,0,0,0,0,0,1,0,0,0,0,0,0,0,0,0,0,0,0,0,0,0,0,0,0,0,0,0,0,0,0,0,0,0,0,0
2128,닭가슴살애호박볶음,97.3,89.651,10.44965,3.55403,3.58829,0.9493,11.522,0.36111,156.172,41.18541667,0.103686,0.09489,2.49328,760.29446,331.41659,0,0,0,0,0,0,0,0,0,0,1,0,0,0,0,0,0,0,0,0,0,0,0,0,0,0,0,0,0,0,0,0,0,0,0,0,0,0,0,0
2129,닭가슴살양배추볶음,90.3,89.791,10.50635,3.54283,3.67999,0.8373,16.142,0.34991,156.242,4.51125,0.100466,0.08068,5.73638,754.48306,328.05589,0,0,0,0,0,0,0,0,0,0,1,0,0,0,0,0,0,0,0,0,0,0,0,0,0,0,0,0,0,0,0,0,0,0,0,0,0,0,0,0
2130,닭가슴살채소볶음,90.3,88.335,10.63179,3.55669,3.38305,0.9115,10.01,0.36657,155.444,25.95925,0.09992,0.106594,11.07752,766.89,328.12379,0,0,0,0,0,0,0,0,0,0,1,0,0,0,0,0,0,0,0,0,0,0,0,0,0,0,0,0,0,0,0,0,0,0,0,0,0,0,0,0
2131,닭가슴살칠리떡볶음,112.3,128.735,10.87487,4.70982,10.22365,0.8303,10.538,0.46488,142.036,44.16416667,0.109218,0.07724,29.49018,773.07045,335.00474,0,0,0,0,0,0,0,0,0,0,1,0,0,0,0,0,0,0,0,0,0,0,0,0,0,0,0,0,0,0,0,0,0,0,0,0,0,0,0,0
2132,닭가슴살칠리소스볶음,89.9,97.445,10.29555,4.65326,3.01561,0.5531,9.712,0.41924,106.434,40.40866667,0.10555,0.061224,13.18018,750.14825,331.07382,0,0,0,0,0,0,0,0,0,0,1,0,0,0,0,0,0,0,0,0,0,0,0,0,0,0,0,0,0,0,0,0,0,0,0,0,0,0,0,0
2133,닭가슴살파프리카볶음,83.3,86.501,10.28095,3.54423,2.91559,0.4943,7.532,0.34501,154.562,8.227083334,0.095076,0.09447,14.47378,758.51156,325.77949,0,0,0,0,0,0,0,0,0,0,1,0,0,0,0,0,0,0,0,0,0,0,0,0,0,0,0,0,0,0,0,0,0,0,0,0,0,0,0,0
2134,닭가슴살피망볶음,87.8,85.087,10.12065,3.54143,2.80807,0.7869,8.282,0.35317,121.499,17.29208333,0.105114,0.055228,12.64118,754.60696,326.30029,0,0,0,0,0,0,0,0,0,0,1,0,0,0,0,0,0,0,0,0,0,0,0,0,0,0,0,0,0,0,0,0,0,0,0,0,0,0,0,0
2135,닭갈비,95.6,103.98,11.25759,3.4297,6.64869,0.9675,17.343,0.80736,295.676,60.8235,0.108544,0.20808,3.3498,563.61575,321.3497,0,0,0,0,0,0,0,0,0,0,1,0,0,0,0,0,0,0,0,0,0,0,0,0,0,0,0,0,0,0,0,0,0,0,0,0,0,0,0,0
2136,닭다리살굴소스볶음,91.7,114.865,8.81333,6.36243,5.34193,0.8429,16.576,0.45869,233.284,44.21408334,0.081412,0.062564,4.57858,1185.67942,351.20349,0,0,0,0,0,0,0,0,0,0,1,0,0,0,0,0,0,0,0,0,0,0,0,0,0,0,0,0,0,0,0,0,0,0,0,0,0,0,0,0
2137,닭다리살채소볶음,87.5,106.773,8.98889,6.37209,3.09605,0.7645,12.95,0.53177,171.908,36.22475,0.07969,0.106594,10.02612,1186.7598,356.12589,0,0,0,0,0,0,0,0,0,0,1,0,0,0,0,0,0,0,0,0,0,0,0,0,0,0,0,0,0,0,0,0,0,0,0,0,0,0,0,0
2138,닭다리살피망볶음,94.5,108.173,8.92449,6.36089,3.56645,0.9395,11.97,0.55277,171.978,44.15808333,0.08928,0.108344,12.76802,1184.5114,351.35329,0,0,0,0,0,0,0,0,0,0,1,0,0,0,0,0,0,0,0,0,0,0,0,0,0,0,0,0,0,0,0,0,0,0,0,0,0,0,0,0
2139,닭볶음탕,95.9,104.363,8.9414,4.55642,7.16025,1.04,12.708,0.69365,133.301,59.17591667,0.116587,0.158431,3.31158,35.13146,3.27437,0,0,0,0,0,0,0,0,0,0,1,0,0,0,0,0,0,0,0,0,0,0,0,0,0,0,0,0,0,0,0,0,0,0,0,0,0,0,0,0
2140,닭살굴소스볶음,106.8,105.928,11.37216,3.75835,7.05328,1.3132,14.844,0.78131,222.386,53.58241667,0.10686,0.16976,4.74824,702.62135,323.74249,0,0,0,0,0,0,0,0,0,0,1,0,0,0,0,0,0,0,0,0,0,0,0,0,0,0,0,0,0,0,0,0,0,0,0,0,0,0,0,0
2141,닭살데리야끼볶음,83.3,82.189,11.03807,2.33127,4.18203,0.8163,12.474,0.70425,161.072,53.49375,0.099346,0.188746,3.11208,420.8037,165.12655,0,0,0,0,0,0,0,0,0,0,1,0,0,0,0,0,0,0,0,0,0,0,0,0,0,0,0,0,0,0,0,0,0,0,0,0,0,0,0,0
2142,닭살버섯볶음,94,87.382,11.23009,3.44752,3.60527,1.3347,9.067,0.84142,159.704,21.36566667,0.12277,0.195418,1.19136,577.37245,327.49038,0,0,0,0,0,0,0,0,0,0,1,0,0,0,0,0,0,0,0,0,0,0,0,0,0,0,0,0,0,0,0,0,0,0,0,0,0,0,0,0
2143,닭살버섯불고기,104.3,85.899,11.58127,2.38097,5.39653,1.1803,13.174,0.87995,161.982,53.49375,0.114186,0.247336,3.11208,437.8907,168.81975,0,0,0,0,0,0,0,0,0,0,1,0,0,0,0,0,0,0,0,0,0,0,0,0,0,0,0,0,0,0,0,0,0,0,0,0,0,0,0,0
2144,닭살브로콜리볶음,90.3,93.221,11.23785,3.75493,3.41049,1.0193,18.452,0.81121,162.052,56.60875,0.098926,0.17287,7.55428,691.43546,332.24609,0,0,0,0,0,0,0,0,0,0,1,0,0,0,0,0,0,0,0,0,0,0,0,0,0,0,0,0,0,0,0,0,0,0,0,0,0,0,0,0
2145,닭살숙주볶음,97.3,90.211,11.02435,3.73043,2.78469,0.7253,13.832,0.78041,162.682,53.15541667,0.110896,0.15572,14.28898,686.95826,321.10139,0,0,0,0,0,0,0,0,0,0,1,0,0,0,0,0,0,0,0,0,0,0,0,0,0,0,0,0,0,0,0,0,0,0,0,0,0,0,0,0
2146,닭살스테이크볶음,88.9,84.261,10.88687,2.34387,4.81931,0.8401,14,0.73001,107.41,55.17375,0.102874,0.147054,3.11208,422.8197,165.42055,0,0,0,0,0,0,0,0,0,0,1,0,0,0,0,0,0,0,0,0,0,0,0,0,0,0,0,0,0,0,0,0,0,0,0,0,0,0,0,0
2147,닭살양배추볶음,96.9,94.115,10.96886,3.72037,3.95864,1.1984,19.757,0.63805,162.07,53.74525,0.102592,0.152292,5.3599,690.47187,328.70619,0,0,0,0,0,0,0,0,0,0,1,0,0,0,0,0,0,0,0,0,0,0,0,0,0,0,0,0,0,0,0,0,0,0,0,0,0,0,0,0
2148,닭살채소볶음,108.2,95.68,11.17315,3.75059,4.39773,1.2885,14.151,0.77131,161.148,58.02808334,0.10943,0.1874,26.10366,702.71962,329.72217,0,0,0,0,0,0,0,0,0,0,1,0,0,0,0,0,0,0,0,0,0,0,0,0,0,0,0,0,0,0,0,0,0,0,0,0,0,0,0,0
2149,닭살청경채볶음,90.3,88.601,10.88715,3.73183,2.42769,0.6203,28.532,0.72301,164.992,65.16625,0.106276,0.15187,5.31568,686.31986,328.03349,0,0,0,0,0,0,0,0,0,0,1,0,0,0,0,0,0,0,0,0,0,0,0,0,0,0,0,0,0,0,0,0,0,0,0,0,0,0,0,0
2150,닭살케첩볶음,78.4,91.644,10.5602,3.41516,4.12622,0.7434,9.366,0.57134,166.936,44.57016667,0.09247,0.1379,15.33854,568.47546,321.19108,0,0,0,0,0,0,0,0,0,0,1,0,0,0,0,0,0,0,0,0,0,0,0,0,0,0,0,0,0,0,0,0,0,0,0,0,0,0,0,0
2151,닭살파프리카볶음,97.3,91.989,10.82905,3.74289,3.42029,0.6063,11.69,0.82801,160.974,45.35275,0.10048,0.163616,41.84322,694.36552,325.08397,0,0,0,0,0,0,0,0,0,0,1,0,0,0,0,0,0,0,0,0,0,0,0,0,0,0,0,0,0,0,0,0,0,0,0,0,0,0,0,0
2152,닭살표고버섯볶음,68.8,67.323,10.44858,2.0292,1.7281,0.238,7.727,0.57928,58.997,19.77433333,0.09797,0.11572,0.8232,278.93936,158.62154,0,0,0,0,0,0,0,0,0,0,1,0,0,0,0,0,0,0,0,0,0,0,0,0,0,0,0,0,0,0,0,0,0,0,0,0,0,0,0,0
2153,닭살피망볶음,93.1,91.681,10.94833,3.72385,3.49645,1.0739,11.466,0.74877,160.596,49.51541667,0.113332,0.17588,10.21932,689.24362,322.72861,0,0,0,0,0,0,0,0,0,0,1,0,0,0,0,0,0,0,0,0,0,0,0,0,0,0,0,0,0,0,0,0,0,0,0,0,0,0,0,0
2154,닭안심배추볶음,96.9,89.075,10.89326,3.70077,2.66644,0.5964,16.257,0.68565,163.82,52.05941667,0.139482,0.150122,3.6414,686.74577,319.89879,0,0,0,0,0,0,0,0,0,0,1,0,0,0,0,0,0,0,0,0,0,0,0,0,0,0,0,0,0,0,0,0,0,0,0,0,0,0,0,0
2155,닭안심사과볶음,96.9,99.085,10.70076,3.70917,5.50564,1.2334,13.247,0.60515,160.95,52.45608334,0.095032,0.146062,2.6999,690.33957,321.61939,0,0,0,0,0,0,0,0,0,0,1,0,0,0,0,0,0,0,0,0,0,0,0,0,0,0,0,0,0,0,0,0,0,0,0,0,0,0,0,0
2156,닭주물럭,71.7,82.059,10.62609,2.02154,5.04071,0.3431,10.146,0.64618,194.928,23.90033333,0.099348,0.142914,1.62878,595.14781,8.86102,0,0,0,0,0,0,0,0,0,0,1,0,0,0,0,0,0,0,0,0,0,0,0,0,0,0,0,0,0,0,0,0,0,0,0,0,0,0,0,0
2157,닭채볶음,79.1,72.648,10.51876,2.14913,2.46349,0.8263,12.987,0.61075,127.387,58.46425,0.100405,0.116956,6.7466,341.44761,162.03477,0,0,0,0,0,0,0,0,0,0,1,0,0,0,0,0,0,0,0,0,0,0,0,0,0,0,0,0,0,0,0,0,0,0,0,0,0,0,0,0
2158,닭피망볶음,85.5,120.245,8.70271,7.71265,3.7038,0.9304,13.242,0.60285,163.825,63.62133334,0.103827,0.174618,9.77406,743.03717,323.46434,0,0,0,0,0,0,0,0,0,0,1,0,0,0,0,0,0,0,0,0,0,0,0,0,0,0,0,0,0,0,0,0,0,0,0,0,0,0,0,0
2159,당근새우짜장볶음,114.8,112.91,12.09754,3.46724,7.97636,1.2012,54.138,1.6849,251.566,67.57333334,0.019712,0.11872,3.0114,629.42726,332.53962,0,0,0,0,0,0,0,0,0,0,1,0,0,0,0,0,0,0,0,0,0,0,0,0,0,0,0,0,0,0,0,0,0,0,0,0,0,0,0,0
2160,대패삼겹볶음,94.5,177.221,6.45909,15.33573,3.30129,0.8443,12.054,0.41165,161.114,40.31041667,0.228076,0.13276,3.45018,1601.20264,135.67881,0,0,0,0,0,0,0,0,0,0,1,0,0,0,0,0,0,0,0,0,0,0,0,0,0,0,0,0,0,0,0,0,0,0,0,0,0,0,0,0
2161,대패삼겹파채볶음,80.5,175.541,6.23439,15.33993,2.97509,0.4873,10.934,0.43685,161.534,40.28708334,0.217226,0.12667,2.79498,1598.72884,134.34181,0,0,0,0,0,0,0,0,0,0,1,0,0,0,0,0,0,0,0,0,0,0,0,0,0,0,0,0,0,0,0,0,0,0,0,0,0,0,0,0
2162,데리야끼닭우동볶음,122.2,137.568,11.96226,4.06887,12.28662,1.281,26.478,0.77431,337.242,60.76791667,0.13276,0.11145,4.1328,815.45757,331.38439,0,0,0,0,0,0,0,0,0,0,1,0,0,0,0,0,0,0,0,0,0,0,0,0,0,0,0,0,0,0,0,0,0,0,0,0,0,0,0,0
2163,돼지간장불고기,81.7,180.083,6.29033,15.34123,4.38003,0.7327,9.364,0.43913,160.494,40.24041667,0.22084,0.144514,2.00126,1606.80518,138.03501,0,0,0,0,0,0,0,0,0,0,1,0,0,0,0,0,0,0,0,0,0,0,0,0,0,0,0,0,0,0,0,0,0,0,0,0,0,0,0,0
2164,돼지고기가지볶음,90.3,98.611,10.83605,4.63693,2.93239,0.8373,10.052,0.38981,152.042,1.41375,0.129866,0.16048,1.84718,862.23196,328.01389,0,0,0,0,0,0,0,0,0,0,1,0,0,0,0,0,0,0,0,0,0,0,0,0,0,0,0,0,0,0,0,0,0,0,0,0,0,0,0,0
2165,돼지고기간장볶음,71.3,114.386,9.16828,6.88879,3.44844,0.287,8.212,0.48157,156.746,1.770083333,0.227441,0.10843,2.08388,1387.51484,343.80289,0,0,0,0,0,0,0,0,0,0,1,0,0,0,0,0,0,0,0,0,0,0,0,0,0,0,0,0,0,0,0,0,0,0,0,0,0,0,0,0
2166,돼지고기간장불고기,101.2,178.952,6.6984,15.35777,4.09074,1.0024,11.33,0.52259,161.808,41.33125,0.227442,0.160912,13.741,1612.67735,134.40901,0,0,0,0,0,0,0,0,0,0,1,0,0,0,0,0,0,0,0,0,0,0,0,0,0,0,0,0,0,0,0,0,0,0,0,0,0,0,0,0
2167,돼지고기곤약볶음,90.3,105.961,9.16655,6.44713,2.65939,0.7743,21.182,0.48851,157.082,1.76375,0.227096,0.11575,2.10338,1203.03256,341.48329,0,0,0,0,0,0,0,0,0,0,1,0,0,0,0,0,0,0,0,0,0,0,0,0,0,0,0,0,0,0,0,0,0,0,0,0,0,0,0,0
2168,돼지고기굴소스볶음,84.7,105.345,10.73413,4.65583,4.67553,0.6819,10.906,0.37609,213.474,34.26241667,0.126702,0.115414,4.10048,870.21952,332.91669,0,0,0,0,0,0,0,0,0,0,1,0,0,0,0,0,0,0,0,0,0,0,0,0,0,0,0,0,0,0,0,0,0,0,0,0,0,0,0,0
2169,돼지고기안심굴소스볶음,98.1,99.341,9.98007,4.16512,5.19391,0.8083,9.71,0.517,216.596,35.56116667,0.382276,0.169592,9.26656,760.99351,330.49968,0,0,0,0,0,0,0,0,0,0,1,0,0,0,0,0,0,0,0,0,0,0,0,0,0,0,0,0,0,0,0,0,0,0,0,0,0,0,0,0
2170,돼지고기김치볶음,81.6,100.566,10.52236,4.66471,3.51366,0.336,15.614,0.40653,52.006,35.94708334,0.13381,0.100236,2.5914,866.65067,328.49969,0,0,0,0,0,0,0,0,0,0,1,0,0,0,0,0,0,0,0,0,0,0,0,0,0,0,0,0,0,0,0,0,0,0,0,0,0,0,0,0
2171,삼겹살김치볶음,88.6,205.566,6.32796,18.24191,3.77966,0.448,19.814,0.47023,58.796,43.54208334,0.23251,0.099466,2.6838,2197.00837,459.30309,0,0,0,0,0,0,0,0,0,0,1,0,0,0,0,0,0,0,0,0,0,0,0,0,0,0,0,0,0,0,0,0,0,0,0,0,0,0,0,0
2172,돼지고기김치불고기,101.5,199.857,6.42985,17.87002,3.6876,0.9646,18.669,0.61061,93.009,43.53066667,0.237643,0.124628,2.9694,2655.471,155.07996,0,0,0,0,0,0,0,0,0,0,1,0,0,0,0,0,0,0,0,0,0,0,0,0,0,0,0,0,0,0,0,0,0,0,0,0,0,0,0,0
2173,돼지고기깻잎볶음,87.5,112.275,9.75847,6.50663,3.56687,1.0977,43.414,0.69823,157.334,72.44625,0.266394,0.156056,3.75734,1211.71298,371.05325,0,0,0,0,0,0,0,0,0,0,1,0,0,0,0,0,0,0,0,0,0,0,0,0,0,0,0,0,0,0,0,0,0,0,0,0,0,0,0,0
2174,돼지고기안심깻잎볶음,83.1,92.661,10.21263,4.27395,3.01233,0.8639,18.184,0.60079,156.322,52.69158334,0.385968,0.203544,3.75972,801.24904,339.49059,0,0,0,0,0,0,0,0,0,0,1,0,0,0,0,0,0,0,0,0,0,0,0,0,0,0,0,0,0,0,0,0,0,0,0,0,0,0,0,0
2175,돼지고기데리야끼소스볶음,80.3,109.971,9.35759,6.45529,3.08167,0.4653,9.826,0.55673,292.654,33.94041667,0.230458,0.060066,2.27006,1208.5343,342.03629,0,0,0,0,0,0,0,0,0,0,1,0,0,0,0,0,0,0,0,0,0,0,0,0,0,0,0,0,0,0,0,0,0,0,0,0,0,0,0,0
2176,돼지고기두루치기,89.4,193.292,6.24175,16.74858,4.34139,0.9273,11.24,0.37676,127.223,47.47375,0.23078,0.117984,2.10906,1890.54906,298.95759,0,0,0,0,0,0,0,0,0,0,1,0,0,0,0,0,0,0,0,0,0,0,0,0,0,0,0,0,0,0,0,0,0,0,0,0,0,0,0,0
2177,돼지고기떡볶음,97.3,139.071,9.99395,6.51643,9.84559,0.7743,14.392,0.55991,193.972,3.379583333,0.232836,0.11099,5.49348,1223.13516,348.60789,0,0,0,0,0,0,0,0,0,0,1,0,0,0,0,0,0,0,0,0,0,0,0,0,0,0,0,0,0,0,0,0,0,0,0,0,0,0,0,0
2178,돼지고기마늘간장볶음,99.8,101.056,10.32958,4.47151,4.72158,0.8428,8.39,0.59623,154.794,5.863416667,0.382268,0.209156,24.96732,889.71805,334.97077,0,0,0,0,0,0,0,0,0,0,1,0,0,0,0,0,0,0,0,0,0,0,0,0,0,0,0,0,0,0,0,0,0,0,0,0,0,0,0,0
2179,돼지고기마늘종볶음,90.4,97.306,11.00243,3.28568,6.27166,1.4674,17.808,0.39774,152.674,40.08983334,0.125941,0.152688,10.60628,611.07805,170.99886,0,0,0,0,0,0,0,0,0,0,1,0,0,0,0,0,0,0,0,0,0,0,0,0,0,0,0,0,0,0,0,0,0,0,0,0,0,0,0,0
2180,돼지고기마파두부,102.3,113.691,8.11688,5.32123,8.24832,1.9642,35.078,0.99257,145.058,6.6085,0.074814,0.146492,4.84484,1630.4834,484.86648,0,0,0,0,0,0,0,0,0,0,1,0,0,0,0,0,0,0,0,0,0,0,0,0,0,0,0,0,0,0,0,0,0,0,0,0,0,0,0,0
2181,돼지고기목살볶음,71.3,125.726,8.84068,8.28739,3.44844,0.287,8.632,0.46477,156.326,3.030083333,0.286241,0.10129,2.10068,1549.13504,350.45989,0,0,0,0,0,0,0,0,0,0,1,0,0,0,0,0,0,0,0,0,0,0,0,0,0,0,0,0,0,0,0,0,0,0,0,0,0,0,0,0
2182,돼지고기미나리볶음,90.3,99.521,10.98375,4.68943,2.97579,1.1033,16.772,0.42271,154.492,49.52125,0.126856,0.17161,2.41768,888.63176,342.75659,0,0,0,0,0,0,0,0,0,0,1,0,0,0,0,0,0,0,0,0,0,0,0,0,0,0,0,0,0,0,0,0,0,0,0,0,0,0,0,0
2183,돼지고기버섯볶음,81.9,106.633,9.57367,6.48731,2.83789,0.4355,6.846,0.54745,157.53,1.752083333,0.23621,0.1441,1.67078,1210.655,341.41609,0,0,0,0,0,0,0,0,0,0,1,0,0,0,0,0,0,0,0,0,0,0,0,0,0,0,0,0,0,0,0,0,0,0,0,0,0,0,0,0
2184,돼지고기안심버섯볶음,92.8,94.588,10.36948,4.48201,3.67116,1.1144,7.62,0.63053,156.894,33.50175,0.385166,0.222134,1.6058,900.75383,334.51857,0,0,0,0,0,0,0,0,0,0,1,0,0,0,0,0,0,0,0,0,0,0,0,0,0,0,0,0,0,0,0,0,0,0,0,0,0,0,0,0
2185,돼지고기볶음,76.3,96.791,10.67015,4.63973,2.50889,0.4873,8.372,0.35481,153.652,32.68041667,0.125106,0.13059,2.05858,868.04336,328.56689,0,0,0,0,0,0,0,0,0,0,1,0,0,0,0,0,0,0,0,0,0,0,0,0,0,0,0,0,0,0,0,0,0,0,0,0,0,0,0,0
2186,돼지고기부추볶음,97.3,203.891,6.52895,18.18473,3.36989,0.4873,15.092,1.08561,161.002,41.76291667,0.249426,0.14067,3.07498,2151.73556,451.31609,0,0,0,0,0,0,0,0,0,0,1,0,0,0,0,0,0,0,0,0,0,0,0,0,0,0,0,0,0,0,0,0,0,0,0,0,0,0,0,0
2187,돼지고기브로콜리볶음,97.3,103.511,11.31695,4.68173,3.83609,1.1383,16.562,0.52281,154.282,37.30041667,0.132036,0.16062,8.18428,874.40426,341.61629,0,0,0,0,0,0,0,0,0,0,1,0,0,0,0,0,0,0,0,0,0,0,0,0,0,0,0,0,0,0,0,0,0,0,0,0,0,0,0,0
2188,돼지고기숙주볶음,101.3,214.481,6.45189,18.12709,6.21487,1.0043,13.466,0.33763,349.214,40.42708334,0.230878,0.123346,4.12086,2154.6844,455.34739,0,0,0,0,0,0,0,0,0,0,1,0,0,0,0,0,0,0,0,0,0,0,0,0,0,0,0,0,0,0,0,0,0,0,0,0,0,0,0,0
2189,돼지고기씻은김치볶음,89.2,205.31,6.12241,18.14541,4.03074,0.4606,17.398,0.42924,92.371,43.50775,0.227143,0.105434,2.9694,2151.56087,451.31609,0,0,0,0,0,0,0,0,0,0,1,0,0,0,0,0,0,0,0,0,0,0,0,0,0,0,0,0,0,0,0,0,0,0,0,0,0,0,0,0
2190,돼지고기양배추볶음,97.3,103.721,11.02295,4.65653,4.17209,1.0543,17.822,0.41151,155.332,32.90791667,0.132456,0.13752,6.16618,871.30886,334.94669,0,0,0,0,0,0,0,0,0,0,1,0,0,0,0,0,0,0,0,0,0,0,0,0,0,0,0,0,0,0,0,0,0,0,0,0,0,0,0,0
2191,돼지고기양송이볶음,80.2,102.419,11.22693,4.6708,3.84071,0.7134,12.072,0.44798,153.289,32.95008334,0.133954,0.212378,0.98268,887.3248,328.44791,0,0,0,0,0,0,0,0,0,0,1,0,0,0,0,0,0,0,0,0,0,0,0,0,0,0,0,0,0,0,0,0,0,0,0,0,0,0,0,0
2192,돼지고기양파볶음,97.3,102.741,10.87455,4.65443,3.93619,0.9423,12.152,0.40241,155.682,64.88041667,0.132596,0.13647,3.09318,876.29076,329.25429,0,0,0,0,0,0,0,0,0,0,1,0,0,0,0,0,0,0,0,0,0,0,0,0,0,0,0,0,0,0,0,0,0,0,0,0,0,0,0,0
2193,돼지고기양파불고기,87.2,107.354,9.46069,6.15928,3.23199,0.8233,12.919,0.566,158.588,35.49633334,0.233886,0.1126,4.43928,1699.51359,42.83076,0,0,0,0,0,0,0,0,0,0,1,0,0,0,0,0,0,0,0,0,0,0,0,0,0,0,0,0,0,0,0,0,0,0,0,0,0,0,0,0
2194,돼지고기어묵볶음,81.9,87.271,8.61327,3.25443,5.84649,0.7463,17.108,0.54283,248.208,38.31541667,0.255796,0.15236,3.95488,829.7479,204.97195,0,0,0,0,0,0,0,0,0,0,1,0,0,0,0,0,0,0,0,0,0,0,0,0,0,0,0,0,0,0,0,0,0,0,0,0,0,0,0,0
2195,돼지고기오이볶음,104.3,111.351,9.66915,6.47023,3.73949,0.8583,14.182,0.59841,157.992,2.907083333,0.235216,0.11918,5.81408,1213.84056,348.73319,0,0,0,0,0,0,0,0,0,0,1,0,0,0,0,0,0,0,0,0,0,0,0,0,0,0,0,0,0,0,0,0,0,0,0,0,0,0,0,0
2196,돼지고기우엉두루치기,96,201.898,6.60082,16.45669,6.83082,1.505,18.733,0.52119,129.413,44.31516667,0.226322,0.130448,2.1175,1765.82098,293.99258,0,0,0,0,0,0,0,0,0,0,1,0,0,0,0,0,0,0,0,0,0,0,0,0,0,0,0,0,0,0,0,0,0,0,0,0,0,0,0,0
2197,돼지고기우엉볶음,83.1,99.135,10.17309,4.44489,4.12719,1.1247,12.626,0.56317,156.238,33.47375,0.37603,0.192618,1.24106,884.1669,330.35889,0,0,0,0,0,0,0,0,0,0,1,0,0,0,0,0,0,0,0,0,0,0,0,0,0,0,0,0,0,0,0,0,0,0,0,0,0,0,0,0
2198,돼지고기짜장볶음,86.1,104.293,11.04166,3.04437,7.749,1.0024,8.106,0.36393,179.417,2.018333333,0.134078,0.148778,2.7307,523.1772,179.44458,0,0,0,0,0,0,0,0,0,0,1,0,0,0,0,0,0,0,0,0,0,0,0,0,0,0,0,0,0,0,0,0,0,0,0,0,0,0,0,0
2199,돼지고기짜장채소볶음,105.7,108.759,10.20439,4.22436,7.24136,1.1872,11.641,0.57617,104.237,36.66833334,0.387149,0.181118,3.4965,789.5006,338.17504,0,0,0,0,0,0,0,0,0,0,1,0,0,0,0,0,0,0,0,0,0,0,0,0,0,0,0,0,0,0,0,0,0,0,0,0,0,0,0,0
2200,돼지고기채소볶음,83.3,97.771,10.74015,4.64673,2.71889,0.4873,9.212,0.44581,154.072,33.75958334,0.129306,0.13129,13.39858,868.04336,328.56689,0,0,0,0,0,0,0,0,0,0,1,0,0,0,0,0,0,0,0,0,0,0,0,0,0,0,0,0,0,0,0,0,0,0,0,0,0,0,0,0
2201,돼지고기안심채소볶음,97.3,94.341,10.24455,4.48433,3.21519,0.8793,19.712,0.65511,158.902,43.15125,0.388446,0.20241,11.87118,891.84266,340.63139,0,0,0,0,0,0,0,0,0,0,1,0,0,0,0,0,0,0,0,0,0,0,0,0,0,0,0,0,0,0,0,0,0,0,0,0,0,0,0,0
2202,돼지고기청경채볶음,90.3,97.001,10.89975,4.65583,2.38569,0.6203,25.592,0.42061,157.012,45.84625,0.136936,0.13885,5.53408,868.07066,337.33649,0,0,0,0,0,0,0,0,0,0,1,0,0,0,0,0,0,0,0,0,0,0,0,0,0,0,0,0,0,0,0,0,0,0,0,0,0,0,0,0
2203,돼지고기카레볶음,91.7,125.169,9.60895,7.07643,5.90977,0.8079,12.502,0.71027,24.418,36.16991667,0.240494,0.067408,3.24718,1210.34616,345.22759,0,0,0,0,0,0,0,0,0,0,1,0,0,0,0,0,0,0,0,0,0,0,0,0,0,0,0,0,0,0,0,0,0,0,0,0,0,0,0,0
2204,돼지고기파인애플볶음,83.1,102.705,10.61829,4.64019,4.24549,0.5507,8.776,0.41547,152.038,2.644583334,0.1325,0.143128,21.88056,861.2293,329.43979,0,0,0,0,0,0,0,0,0,0,1,0,0,0,0,0,0,0,0,0,0,0,0,0,0,0,0,0,0,0,0,0,0,0,0,0,0,0,0,0
2205,돼지고기파프리카볶음,75.8,113.604,8.83679,7.55232,2.10237,0.3477,6.337,0.49562,155.21,6.871,0.28811,0.100148,26.39836,1245.52105,350.28868,0,0,0,0,0,0,0,0,0,0,1,0,0,0,0,0,0,0,0,0,0,0,0,0,0,0,0,0,0,0,0,0,0,0,0,0,0,0,0,0
2206,돼지고기폭찹,84.3,76.041,10.14706,1.67077,5.23348,0.9212,7.465,0.50645,131.83,7.253583333,0.375718,0.205184,17.10856,338.14927,19.92121,0,0,0,0,0,0,0,0,0,0,1,0,0,0,0,0,0,0,0,0,0,0,0,0,0,0,0,0,0,0,0,0,0,0,0,0,0,0,0,0
2207,돼지고기피망볶음,91.7,100.221,10.83059,4.64519,3.39439,0.7967,9.268,0.43041,152.266,10.91975,0.134948,0.148426,10.98638,865.91788,331.76701,0,0,0,0,0,0,0,0,0,0,1,0,0,0,0,0,0,0,0,0,0,0,0,0,0,0,0,0,0,0,0,0,0,0,0,0,0,0,0,0
2208,돼지고기안심피망볶음,98,94.094,10.2368,4.16206,3.71322,1.2208,11.074,0.5768,155.736,45.416,0.387884,0.208698,12.3249,761.19274,335.8488,0,0,0,0,0,0,0,0,0,0,1,0,0,0,0,0,0,0,0,0,0,0,0,0,0,0,0,0,0,0,0,0,0,0,0,0,0,0,0,0
2209,돼지고기피망케첩볶음,102.2,100.66,10.1052,4.16766,5.4712,1.4784,11.774,0.54026,96.222,48.09933334,0.388612,0.172746,12.9605,764.69694,335.8488,0,0,0,0,0,0,0,0,0,0,1,0,0,0,0,0,0,0,0,0,0,0,0,0,0,0,0,0,0,0,0,0,0,0,0,0,0,0,0,0
2210,돼지불고기,74.7,179.103,6.18743,15.32863,3.93903,0.5507,11.324,0.37193,160.704,40.30458334,0.21559,0.133174,2.95886,1598.48288,136.40121,0,0,0,0,0,0,0,0,0,0,1,0,0,0,0,0,0,0,0,0,0,0,0,0,0,0,0,0,0,0,0,0,0,0,0,0,0,0,0,0
2211,팽이버섯돼지불고기,83,174.374,6.3953,15.35147,3.09254,1.0164,8.39,0.46869,159.694,41.77575,0.225342,0.151952,1.3335,1614.81025,144.72351,0,0,0,0,0,0,0,0,0,0,1,0,0,0,0,0,0,0,0,0,0,0,0,0,0,0,0,0,0,0,0,0,0,0,0,0,0,0,0,0
2212,두부김치볶음,72.4,79.891,5.58362,5.01642,2.71852,1.624,44.95,0.98322,33.109,3.281083334,0.03052,0.10885,0.98,1875.66119,456.37212,0,0,0,0,0,0,0,0,0,0,1,0,0,0,0,0,0,0,0,0,0,0,0,0,0,0,0,0,0,0,0,0,0,0,0,0,0,0,0,0
2213,두부두루치기,109.7,177.143,8.30885,13.69231,4.98987,1.8793,36.272,0.96035,121.126,41.66958334,0.16988,0.156806,2.35126,2399.72416,412.90779,0,0,0,0,0,0,0,0,0,0,1,0,0,0,0,0,0,0,0,0,0,0,0,0,0,0,0,0,0,0,0,0,0,0,0,0,0,0,0,0
2214,두부채소굴소스볶음,109.7,119.729,6.37825,5.77391,10.35971,2.5247,44.644,1.11141,197.622,38.81241667,0.041948,0.14478,7.5356,2047.48444,540.08561,0,0,0,0,0,0,0,0,0,0,1,0,0,0,0,0,0,0,0,0,0,0,0,0,0,0,0,0,0,0,0,0,0,0,0,0,0,0,0,0
2215,등심피망볶음,84.3,87.771,10.75251,2.94176,4.25811,0.6777,7.85,0.3911,151.962,10.89433333,0.132388,0.155542,10.57478,463.33277,171.61046,0,0,0,0,0,0,0,0,0,0,1,0,0,0,0,0,0,0,0,0,0,0,0,0,0,0,0,0,0,0,0,0,0,0,0,0,0,0,0,0
2216,떡갈비채소볶음,125.2,182.054,9.55285,11.07633,10.82509,2.0973,41.131,1.48191,168.866,58.36525,0.052896,0.27562,5.43118,1655.80936,445.44589,0,0,0,0,0,0,0,0,0,0,1,0,0,0,0,0,0,0,0,0,0,0,0,0,0,0,0,0,0,0,0,0,0,0,0,0,0,0,0,0
2217,마파두부,89,126.55,7.29858,7.44013,7.41812,1.7262,33.685,1.22917,181.815,8.125166667,0.038274,0.156432,4.07904,1606.4874,483.75348,0,0,0,0,0,0,0,0,0,0,1,0,0,0,0,0,0,0,0,0,0,0,0,0,0,0,0,0,0,0,0,0,0,0,0,0,0,0,0,0
2218,맛살스크램블에그,80,113.187,7.74196,6.442,5.2806,0.119,59.149,1.10246,210.141,66.70933333,0.04638,0.2504,1.1816,1090.52482,328.89948,0,0,0,0,0,0,0,0,0,0,1,0,0,0,0,0,0,0,0,0,0,0,0,0,0,0,0,0,0,0,0,0,0,0,0,0,0,0,0,0
2219,매콤낙지채소볶음,110.1,69.43,8.06699,1.72285,5.91537,1.2212,27.103,1.08566,307.583,37.091,0.044499,0.041733,4.62752,312.15787,168.8543,0,0,0,0,0,0,0,0,0,0,1,0,0,0,0,0,0,0,0,0,0,0,0,0,0,0,0,0,0,0,0,0,0,0,0,0,0,0,0,0
2220,매콤오삼불고기,95.6,140.502,8.65825,9.45734,5.13696,0.9157,16.629,0.31508,106.457,40.46675,0.138289,0.06128,4.67098,1071.84482,231.34955,0,0,0,0,0,0,0,0,0,0,1,0,0,0,0,0,0,0,0,0,0,0,0,0,0,0,0,0,0,0,0,0,0,0,0,0,0,0,0,0
2221,매콤오징어볶음,108.7,85.681,11.22074,2.27841,4.96753,1.1008,19.519,0.29488,150.62,38.66441667,0.052401,0.039787,4.77256,304.25276,168.32379,0,0,0,0,0,0,0,0,0,0,1,0,0,0,0,0,0,0,0,0,0,0,0,0,0,0,0,0,0,0,0,0,0,0,0,0,0,0,0,0
2222,매콤주꾸미볶음,118.4,62.178,6.92369,0.36799,8.15528,1.1087,26.077,1.0677,107.316,38.71108334,0.043225,0.154647,5.5307,26.57117,9.61265,0,0,0,0,0,0,0,0,0,0,1,0,0,0,0,0,0,0,0,0,0,0,0,0,0,0,0,0,0,0,0,0,0,0,0,0,0,0,0,0
2223,메추리알채소폭찹,98.5,120.723,7.76187,7.36725,5.07989,0.8475,46.912,1.79293,186.548,118.20875,0.115756,0.380204,7.49822,1067.51216,179.32325,0,0,0,0,0,0,0,0,0,0,1,0,0,0,0,0,0,0,0,0,0,0,0,0,0,0,0,0,0,0,0,0,0,0,0,0,0,0,0,0
2224,메추리알폭찹,100.1,133.219,7.76781,8.76609,4.95119,0.6441,47.222,1.84245,187.056,112.7895833,0.114872,0.368366,13.56154,1343.04628,335.53189,0,0,0,0,0,0,0,0,0,0,1,0,0,0,0,0,0,0,0,0,0,0,0,0,0,0,0,0,0,0,0,0,0,0,0,0,0,0,0,0
2225,목이버섯실파제육볶음,77.8,199.971,6.35534,18.13252,3.02565,1.1675,27.598,0.41918,160.138,48.58366667,0.219074,0.14243,4.20488,2159.72025,452.06332,0,0,0,0,0,0,0,0,0,0,1,0,0,0,0,0,0,0,0,0,0,0,0,0,0,0,0,0,0,0,0,0,0,0,0,0,0,0,0,0
2226,미트볼데리야끼볶음,119.1,147.809,12.0982,6.11076,10.14686,1.5792,33.307,1.18262,301.34,42.0495,0.284954,0.224234,15.19924,1555.03796,442.28338,0,0,0,0,0,0,0,0,0,0,1,0,0,0,0,0,0,0,0,0,0,0,0,0,0,0,0,0,0,0,0,0,0,0,0,0,0,0,0,0
2227,미트볼채소볶음,130.6,151.554,12.22546,6.43263,10.48314,1.9334,35.662,1.19865,167.212,45.28975,0.287516,0.283468,25.73984,1686.37783,450.52607,0,0,0,0,0,0,0,0,0,0,1,0,0,0,0,0,0,0,0,0,0,0,0,0,0,0,0,0,0,0,0,0,0,0,0,0,0,0,0,0
2228,미트볼케첩볶음,120.4,152.124,11.9245,6.11086,11.44402,1.8634,33.026,1.07604,174.356,44.72183333,0.28511,0.25137,15.83484,1558.54216,442.28338,0,0,0,0,0,0,0,0,0,0,1,0,0,0,0,0,0,0,0,0,0,0,0,0,0,0,0,0,0,0,0,0,0,0,0,0,0,0,0,0
2229,바베큐폭찹,106.5,131.849,9.23632,8.39066,5.35592,1.4602,11.299,1.42384,133.662,40.29016667,0.048368,0.185328,17.78196,718.42484,330.81048,0,0,0,0,0,0,0,0,0,0,1,0,0,0,0,0,0,0,0,0,0,0,0,0,0,0,0,0,0,0,0,0,0,0,0,0,0,0,0,0
2230,베이컨브로콜리볶음,86.8,139.51,6.37056,8.848,8.6569,1.106,14.238,0.37506,554.148,37.24,0.0931,0.10647,28.0798,1213.84312,373.73308,0,0,0,0,0,0,0,0,0,0,1,0,0,0,0,0,0,0,0,0,0,0,0,0,0,0,0,0,0,0,0,0,0,0,0,0,0,0,0,0
2231,베이컨숙주볶음,86.8,135.52,6.08706,8.8165,7.8211,0.812,8.778,0.25326,554.358,32.7075,0.10087,0.08862,23.4745,1209.36592,362.58838,0,0,0,0,0,0,0,0,0,0,1,0,0,0,0,0,0,0,0,0,0,0,0,0,0,0,0,0,0,0,0,0,0,0,0,0,0,0,0,0
2232,베이컨스크램블에그,75.8,129.749,8.34536,8.8164,3.2968,0.119,28.139,1.00306,190.107,66.82133333,0.07256,0.24662,9.0874,1348.97882,346.10828,0,0,0,0,0,0,0,0,0,0,1,0,0,0,0,0,0,0,0,0,0,0,0,0,0,0,0,0,0,0,0,0,0,0,0,0,0,0,0,0
2233,부추돼지불고기,101.3,179.285,6.66833,15.40409,3.84159,0.7327,15.188,1.15131,161.11,41.76291667,0.25444,0.152998,3.05126,1606.80518,138.03501,0,0,0,0,0,0,0,0,0,0,1,0,0,0,0,0,0,0,0,0,0,0,0,0,0,0,0,0,0,0,0,0,0,0,0,0,0,0,0,0
2234,불고기,97.4,156.764,7.78417,11.55082,6.35792,1.181,14.25,1.27408,161.746,43.18366667,0.029991,0.257834,2.15246,409.51713,17.30394,0,0,0,0,0,0,0,0,0,0,1,0,0,0,0,0,0,0,0,0,0,0,0,0,0,0,0,0,0,0,0,0,0,0,0,0,0,0,0,0
2235,불고기떡볶음,105.5,200.915,7.74325,14.23929,10.20403,0.9035,12.402,1.15901,196.138,47.66041667,0.02113,0.22129,24.04566,915.73522,336.82717,0,0,0,0,0,0,0,0,0,0,1,0,0,0,0,0,0,0,0,0,0,0,0,0,0,0,0,0,0,0,0,0,0,0,0,0,0,0,0,0
2236,뼈없는닭갈비,108.2,116.762,10.85775,3.2631,10.68643,1.2657,17.399,0.45582,292.162,36.98266667,0.110798,0.140068,5.57538,640.27541,325.64868,0,0,0,0,0,0,0,0,0,0,1,0,0,0,0,0,0,0,0,0,0,0,0,0,0,0,0,0,0,0,0,0,0,0,0,0,0,0,0,0
2237,새송이버섯새우살볶음,85.9,79.241,9.72019,3.54399,3.06753,1.0435,37.476,1.34955,183.09,1.58175,0.014564,0.145732,2.93576,705.8594,322.92629,0,0,0,0,0,0,0,0,0,0,1,0,0,0,0,0,0,0,0,0,0,0,0,0,0,0,0,0,0,0,0,0,0,0,0,0,0,0,0,0
2238,새우감바스,96.9,131.217,12.61721,7.5749,3.06954,0.8695,50.769,1.77886,187.157,3.601166667,0.019514,0.147699,5.43296,599.65308,60.3443,0,0,0,0,0,0,0,0,0,0,1,0,0,0,0,0,0,0,0,0,0,0,0,0,0,0,0,0,0,0,0,0,0,0,0,0,0,0,0,0
2239,새우굴소스볶음,101.3,109.131,11.73983,3.64115,6.76143,0.4583,50.552,1.70837,349.116,33.38158334,0.013696,0.080772,13.71646,686.3112,319.29665,0,0,0,0,0,0,0,0,0,0,1,0,0,0,0,0,0,0,0,0,0,0,0,0,0,0,0,0,0,0,0,0,0,0,0,0,0,0,0,0
2240,새우살스크램블에그,84.2,110.079,9.1008,6.55246,2.72686,0.2492,39.507,1.38722,137.257,87.04783333,0.046534,0.246704,12.01844,1094.01166,329.23128,0,0,0,0,0,0,0,0,0,0,1,0,0,0,0,0,0,0,0,0,0,0,0,0,0,0,0,0,0,0,0,0,0,0,0,0,0,0,0,0
2241,새우살채소볶음,106.9,93.199,11.98385,3.64339,2.65691,0.7439,56.992,1.67799,223.144,36.69958334,0.022264,0.092028,4.48304,687.59584,323.22533,0,0,0,0,0,0,0,0,0,0,1,0,0,0,0,0,0,0,0,0,0,0,0,0,0,0,0,0,0,0,0,0,0,0,0,0,0,0,0,0
2242,새우살칠리소스볶음,100.1,97.111,11.76861,3.35468,4.52508,0.9044,49.203,1.58571,266.189,40.71666667,0.018361,0.090524,16.14046,580.45596,322.72912,0,0,0,0,0,0,0,0,0,0,1,0,0,0,0,0,0,0,0,0,0,0,0,0,0,0,0,0,0,0,0,0,0,0,0,0,0,0,0,0
2243,새우살케첩볶음,107.8,100.1,12.08046,3.3572,5.0414,1.281,54.208,1.65536,228.088,39.935,0.01491,0.09618,12.7365,572.64592,328.41298,0,0,0,0,0,0,0,0,0,0,1,0,0,0,0,0,0,0,0,0,0,0,0,0,0,0,0,0,0,0,0,0,0,0,0,0,0,0,0,0
2244,새우살크림소스볶음,143.1,179.39,13.39729,11.48072,4.54845,0.2063,116.067,1.57018,208.813,88.1235,0.016888,0.168286,15.17876,741.64145,346.04808,0,0,0,0,0,0,0,0,0,0,1,0,0,0,0,0,0,0,0,0,0,0,0,0,0,0,0,0,0,0,0,0,0,0,0,0,0,0,0,0
2245,새우채소볶음,102.7,94.963,11.96089,3.65389,3.13893,0.7775,52.666,1.70375,221.716,34.65791667,0.013094,0.096242,12.16036,691.9091,325.37979,0,0,0,0,0,0,0,0,0,0,1,0,0,0,0,0,0,0,0,0,0,0,0,0,0,0,0,0,0,0,0,0,0,0,0,0,0,0,0,0
2246,새우파프리카볶음,103.7,116.869,11.90129,6.14248,2.85913,0.4779,49.442,1.74564,287.968,23.27266667,0.012914,0.117092,27.3848,1118.03621,638.16536,0,0,0,0,0,0,0,0,0,0,1,0,0,0,0,0,0,0,0,0,0,0,0,0,0,0,0,0,0,0,0,0,0,0,0,0,0,0,0,0
2247,소고기가래떡볶음,108.4,213.221,7.83509,14.26309,13.15467,0.9483,16.936,1.15333,115.831,44.83125,0.023678,0.164926,3.73936,914.8402,336.23189,0,0,0,0,0,0,0,0,0,0,1,0,0,0,0,0,0,0,0,0,0,0,0,0,0,0,0,0,0,0,0,0,0,0,0,0,0,0,0,0
2248,소고기가지볶음,94.5,170.949,7.33745,14.17443,3.23689,1.0543,13.972,1.16261,160.316,44.07175,0.025216,0.23342,1.86818,887.14916,330.07049,0,0,0,0,0,0,0,0,0,0,1,0,0,0,0,0,0,0,0,0,0,0,0,0,0,0,0,0,0,0,0,0,0,0,0,0,0,0,0,0
2249,소고기가지불고기,90.3,102.881,10.45385,5.32923,2.82459,0.8723,11.312,1.35791,163.172,3.397083333,0.048176,0.17245,1.71628,749.30306,323.51219,0,0,0,0,0,0,0,0,0,0,1,0,0,0,0,0,0,0,0,0,0,0,0,0,0,0,0,0,0,0,0,0,0,0,0,0,0,0,0,0
2250,소고기감자볶음,90.1,179.705,7.47529,14.17909,5.15479,0.9287,12.136,1.24217,160.788,43.16875,0.02834,0.204658,3.94796,887.6354,330.38969,0,0,0,0,0,0,0,0,0,0,1,0,0,0,0,0,0,0,0,0,0,0,0,0,0,0,0,0,0,0,0,0,0,0,0,0,0,0,0,0
2251,소고기굴소스볶음,86.8,112.21,10.34796,5.0435,5.9164,0.756,10.178,1.28506,352.338,37.4675,0.04284,0.14532,17.1108,638.46062,327.56808,0,0,0,0,0,0,0,0,0,0,1,0,0,0,0,0,0,0,0,0,0,0,0,0,0,0,0,0,0,0,0,0,0,0,0,0,0,0,0,0
2252,소고기깻잎볶음,78.9,168.281,7.37687,14.18469,2.72901,0.8433,17.974,1.14445,160.046,60.78541667,0.028662,0.229382,1.4589,895.43158,336.93133,0,0,0,0,0,0,0,0,0,0,1,0,0,0,0,0,0,0,0,0,0,0,0,0,0,0,0,0,0,0,0,0,0,0,0,0,0,0,0,0
2253,소고기단호박볶음,101.2,191.818,7.28066,14.31337,8.47372,1.505,13.948,1.18171,349.422,107.4754167,0.02391,0.21638,4.6879,924.48957,347.07629,0,0,0,0,0,0,0,0,0,0,1,0,0,0,0,0,0,0,0,0,0,0,0,0,0,0,0,0,0,0,0,0,0,0,0,0,0,0,0,0
2254,소고기당근볶음,76.1,101.725,10.27529,5.34089,2.50459,0.6767,10.876,1.33037,167.788,97.43041667,0.04325,0.144318,1.69746,764.3143,322.04149,0,0,0,0,0,0,0,0,0,0,1,0,0,0,0,0,0,0,0,0,0,0,0,0,0,0,0,0,0,0,0,0,0,0,0,0,0,0,0,0
2255,소고기당면볶음,87,188.868,7.26683,13.87094,8.34119,0.7187,19.273,1.49046,161.594,43.23133334,0.02498,0.207738,2.45066,1375.51343,27.87036,0,0,0,0,0,0,0,0,0,0,1,0,0,0,0,0,0,0,0,0,0,0,0,0,0,0,0,0,0,0,0,0,0,0,0,0,0,0,0,0
2256,소고기당면불고기,96.8,126.61,10.53303,5.04044,9.64179,1.1947,20.113,1.72356,165.43,34.7275,0.05193,0.156918,2.91896,1253.94023,26.54946,0,0,0,0,0,0,0,0,0,0,1,0,0,0,0,0,0,0,0,0,0,0,0,0,0,0,0,0,0,0,0,0,0,0,0,0,0,0,0,0
2257,소고기떡볶음,97.1,132.805,10.84859,5.38919,9.73699,0.6907,11.436,1.36467,201.528,35.07208334,0.04493,0.149358,8.52036,775.8615,323.76979,0,0,0,0,0,0,0,0,0,0,1,0,0,0,0,0,0,0,0,0,0,0,0,0,0,0,0,0,0,0,0,0,0,0,0,0,0,0,0,0
2258,소고기마늘종볶음,87.7,127.031,8.73213,8.393,4.57043,1.2313,18.059,1.42953,34.838,9.652916667,0.038544,0.114975,11.11794,1014.19482,171.99883,0,0,0,0,0,0,0,0,0,0,1,0,0,0,0,0,0,0,0,0,0,0,0,0,0,0,0,0,0,0,0,0,0,0,0,0,0,0,0,0
2259,소고기무볶음,79.3,107.35,8.36047,7.25783,1.74847,0.3529,10.647,1.30569,123.819,34.39608334,0.046134,0.102888,2.71798,545.3148,167.68365,0,0,0,0,0,0,0,0,0,0,1,0,0,0,0,0,0,0,0,0,0,0,0,0,0,0,0,0,0,0,0,0,0,0,0,0,0,0,0,0
2260,소고기버섯볶음,94.3,103.923,10.87799,5.38429,3.64139,0.7677,8.986,1.41437,165.842,33.07008334,0.05648,0.203888,1.37826,766.8147,321.00269,0,0,0,0,0,0,0,0,0,0,1,0,0,0,0,0,0,0,0,0,0,0,0,0,0,0,0,0,0,0,0,0,0,0,0,0,0,0,0,0
2261,소고기안심버섯볶음,94,123.082,9.20149,8.37832,3.56327,1.3347,6.547,1.54702,154.244,3.725666667,0.06817,0.197518,1.35096,710.15545,332.47158,0,0,0,0,0,0,0,0,0,0,1,0,0,0,0,0,0,0,0,0,0,0,0,0,0,0,0,0,0,0,0,0,0,0,0,0,0,0,0,0
2262,소고기버섯불고기,98.5,79.563,10.92293,2.57239,4.05299,1.5517,9.168,1.52511,164.694,34.64508334,0.07412,0.194088,1.68416,223.99228,14.47731,0,0,0,0,0,0,0,0,0,0,1,0,0,0,0,0,0,0,0,0,0,0,0,0,0,0,0,0,0,0,0,0,0,0,0,0,0,0,0,0
2263,소고기등심버섯불고기,77.5,140.463,7.59373,11.42179,2.67889,0.4317,7.908,1.19121,159.794,10.96175,0.02666,0.261358,0.80986,338.68378,12.40881,0,0,0,0,0,0,0,0,0,0,1,0,0,0,0,0,0,0,0,0,0,0,0,0,0,0,0,0,0,0,0,0,0,0,0,0,0,0,0,0
2264,소고기볶음,90.8,160.103,7.43859,11.8375,6.19578,0.8934,13.248,1.19882,161.243,44.33375,0.022341,0.240664,3.68258,372.95962,91.20658,0,0,0,0,0,0,0,0,0,0,1,0,0,0,0,0,0,0,0,0,0,0,0,0,0,0,0,0,0,0,0,0,0,0,0,0,0,0,0,0
2265,소고기볶음우동,119.3,209.419,8.04944,14.43387,11.22198,1.33,14.801,1.10663,250.102,43.28141667,0.053928,0.188986,3.3978,985.45313,336.80589,0,0,0,0,0,0,0,0,0,0,1,0,0,0,0,0,0,0,0,0,0,0,0,0,0,0,0,0,0,0,0,0,0,0,0,0,0,0,0,0
2266,소고기부추볶음,83.1,168.225,7.34719,14.21969,2.37999,0.3617,14.376,1.76437,160.018,44.64458334,0.04794,0.212988,2.02086,885.8147,330.00329,0,0,0,0,0,0,0,0,0,0,1,0,0,0,0,0,0,0,0,0,0,0,0,0,0,0,0,0,0,0,0,0,0,0,0,0,0,0,0,0
2267,소고기브로콜리볶음,94.3,118.301,10.74639,5.35979,6.49627,1.1093,16.196,1.38973,353.064,37.74375,0.048038,0.152746,7.45356,761.5815,334.11929,0,0,0,0,0,0,0,0,0,0,1,0,0,0,0,0,0,0,0,0,0,0,0,0,0,0,0,0,0,0,0,0,0,0,0,0,0,0,0,0
2268,소고기굴소스숙주볶음,101.4,158.87,8.78285,10.94543,6.08987,1.0389,12.361,0.98687,348.822,38.94025,0.029264,0.165818,5.02308,807.46046,331.88559,0,0,0,0,0,0,0,0,0,0,1,0,0,0,0,0,0,0,0,0,0,0,0,0,0,0,0,0,0,0,0,0,0,0,0,0,0,0,0,0
2269,소고기숙주볶음,97.3,103.511,10.63445,5.33273,2.88339,0.8163,11.662,1.38241,164.292,2.16625,0.056226,0.14837,4.93698,752.16186,322.71909,0,0,0,0,0,0,0,0,0,0,1,0,0,0,0,0,0,0,0,0,0,0,0,0,0,0,0,0,0,0,0,0,0,0,0,0,0,0,0,0
2270,소고기양배추볶음,83.3,104.561,10.49935,5.33973,3.23689,0.8163,16.982,1.34951,166.252,33.30458334,0.045656,0.14312,5.40598,756.07346,327.31529,0,0,0,0,0,0,0,0,0,0,1,0,0,0,0,0,0,0,0,0,0,0,0,0,0,0,0,0,0,0,0,0,0,0,0,0,0,0,0,0
2271,소고기양송이볶음,89,89.648,10.79663,4.06534,2.81632,0.6204,8.372,1.29262,156.23,0.924833333,0.058391,0.218432,1.85558,518.29725,162.44066,0,0,0,0,0,0,0,0,0,0,1,0,0,0,0,0,0,0,0,0,0,0,0,0,0,0,0,0,0,0,0,0,0,0,0,0,0,0,0,0
2272,소고기양파볶음,90.1,170.325,7.33109,14.18399,3.34179,1.0057,11.786,1.16657,159.948,44.72041667,0.02715,0.216208,2.01176,897.532,336.89339,0,0,0,0,0,0,0,0,0,0,1,0,0,0,0,0,0,0,0,0,0,0,0,0,0,0,0,0,0,0,0,0,0,0,0,0,0,0,0,0
2273,소고기오이볶음,88.9,91.821,10.02307,4.41713,2.65589,0.4173,10.038,1.31983,160.218,2.41125,0.030956,0.13969,4.62968,504.0743,165.25325,0,0,0,0,0,0,0,0,0,0,1,0,0,0,0,0,0,0,0,0,0,0,0,0,0,0,0,0,0,0,0,0,0,0,0,0,0,0,0,0
2274,소고기우엉볶음,77.5,157.543,8.71079,10.93333,5.63863,0.9917,14.712,1.12219,159.612,5.100416667,0.01049,0.183294,1.30056,800.7871,326.45989,0,0,0,0,0,0,0,0,0,0,1,0,0,0,0,0,0,0,0,0,0,0,0,0,0,0,0,0,0,0,0,0,0,0,0,0,0,0,0,0
2275,소고기짜장볶음,98.5,110.742,10.3242,3.83795,8.74325,1.6561,15.121,1.11855,70.756,76.02091666,0.05673,0.12829,5.73508,411.76748,180.94669,0,0,0,0,0,0,0,0,0,0,1,0,0,0,0,0,0,0,0,0,0,0,0,0,0,0,0,0,0,0,0,0,0,0,0,0,0,0,0,0
2276,소고기채굴소스볶음,98.1,182.095,7.33176,13.925,6.7093,0.658,14.309,1.30176,352.678,62.83483334,0.02755,0.22436,20.1971,769.46352,332.28608,0,0,0,0,0,0,0,0,0,0,1,0,0,0,0,0,0,0,0,0,0,0,0,0,0,0,0,0,0,0,0,0,0,0,0,0,0,0,0,0
2277,소고기채소볶음,76.3,101.761,10.42865,5.33973,2.48369,0.5853,11.312,1.36281,164.992,34.62875,0.043066,0.14697,3.75188,756.14626,325.35249,0,0,0,0,0,0,0,0,0,0,1,0,0,0,0,0,0,0,0,0,0,0,0,0,0,0,0,0,0,0,0,0,0,0,0,0,0,0,0,0
2278,소고기청경채볶음,94.3,102.453,10.52799,5.34159,2.61239,0.7327,27.186,1.37097,168.082,46.25925,0.05669,0.145088,5.67696,756.3728,329.90669,0,0,0,0,0,0,0,0,0,0,1,0,0,0,0,0,0,0,0,0,0,0,0,0,0,0,0,0,0,0,0,0,0,0,0,0,0,0,0,0
2279,소고기카레볶음,91.7,186.069,7.52995,14.79603,5.90977,0.8079,15.022,1.36127,26.938,45.40991667,0.029234,0.166528,3.12958,888.84456,333.26179,0,0,0,0,0,0,0,0,0,0,1,0,0,0,0,0,0,0,0,0,0,0,0,0,0,0,0,0,0,0,0,0,0,0,0,0,0,0,0,0
2280,소고기케첩볶음,93.8,175.14,7.38066,13.8992,4.9854,1.281,15.708,1.14016,100.408,50.855,0.02289,0.19068,12.5125,773.50252,339.21958,0,0,0,0,0,0,0,0,0,0,1,0,0,0,0,0,0,0,0,0,0,0,0,0,0,0,0,0,0,0,0,0,0,0,0,0,0,0,0,0
2281,소고기토마토볶음,136,177.237,7.47246,13.9516,5.7104,1.925,15.749,1.27186,62.721,84.781,0.03098,0.2119,9.3296,805.39872,333.37528,0,0,0,0,0,0,0,0,0,0,1,0,0,0,0,0,0,0,0,0,0,0,0,0,0,0,0,0,0,0,0,0,0,0,0,0,0,0,0,0
2282,소고기파인애플볶음,104.3,179.531,7.29265,14.18913,5.68339,0.9073,14.252,1.25221,159.602,15.13958333,0.031936,0.2253,29.26758,886.53456,333.12949,0,0,0,0,0,0,0,0,0,0,1,0,0,0,0,0,0,0,0,0,0,0,0,0,0,0,0,0,0,0,0,0,0,0,0,0,0,0,0,0
2283,소고기파채볶음,87.5,146.071,7.30119,11.40593,3.44409,0.4873,14.784,1.27125,163.144,43.27375,0.021226,0.20591,3.71618,334.14244,13.09621,0,0,0,0,0,0,0,0,0,0,1,0,0,0,0,0,0,0,0,0,0,0,0,0,0,0,0,0,0,0,0,0,0,0,0,0,0,0,0,0
2284,소고기파프리카볶음,91.7,126.457,8.76069,8.66837,3.04369,0.5139,9.87,1.52801,156.634,37.44741667,0.045908,0.151996,32.11938,823.63788,327.00365,0,0,0,0,0,0,0,0,0,0,1,0,0,0,0,0,0,0,0,0,0,0,0,0,0,0,0,0,0,0,0,0,0,0,0,0,0,0,0,0
2285,소고기폭찹,99.5,109.379,10.23592,5.55076,4.62302,1.1452,10.739,1.39934,138.702,38.55766667,0.042208,0.148648,23.17826,673.91884,327.37698,0,0,0,0,0,0,0,0,0,0,1,0,0,0,0,0,0,0,0,0,0,0,0,0,0,0,0,0,0,0,0,0,0,0,0,0,0,0,0,0
2286,소고기표고버섯볶음,80.2,153.654,7.15361,12.79669,2.55813,0.4695,10.273,1.11487,93.612,43.14141667,0.025654,0.200882,1.69046,610.52934,171.58335,0,0,0,0,0,0,0,0,0,0,1,0,0,0,0,0,0,0,0,0,0,0,0,0,0,0,0,0,0,0,0,0,0,0,0,0,0,0,0,0
2287,소고기피망볶음,87.5,106.423,9.95349,5.82329,3.13749,0.8947,8.428,1.33901,160.512,43.89675,0.042268,0.156616,10.74418,787.13708,326.54921,0,0,0,0,0,0,0,0,0,0,1,0,0,0,0,0,0,0,0,0,0,0,0,0,0,0,0,0,0,0,0,0,0,0,0,0,0,0,0,0
2288,소불고기,94.5,82.301,10.11449,3.05493,3.61069,0.6063,10.234,1.44205,162.164,34.61125,0.045376,0.15446,14.23018,232.88044,5.95621,0,0,0,0,0,0,0,0,0,0,1,0,0,0,0,0,0,0,0,0,0,0,0,0,0,0,0,0,0,0,0,0,0,0,0,0,0,0,0,0
2289,소불고기(안심),84.8,133.244,8.90977,8.81676,4.34052,0.523,14.194,1.56416,159.968,51.14033334,0.049045,0.18607,6.17606,873.35225,324.75962,0,0,0,0,0,0,0,0,0,0,1,0,0,0,0,0,0,0,0,0,0,0,0,0,0,0,0,0,0,0,0,0,0,0,0,0,0,0,0,0
2290,소불고기(등심),98.9,179.203,7.57483,14.3387,5.43072,1.1526,14.979,1.2957,161.256,43.18433334,0.032301,0.243732,2.58778,959.14591,338.03862,0,0,0,0,0,0,0,0,0,0,1,0,0,0,0,0,0,0,0,0,0,0,0,0,0,0,0,0,0,0,0,0,0,0,0,0,0,0,0,0
2291,순살간장닭갈비,99.8,99.262,10.73287,3.25106,6.52325,1.1061,18.267,0.4337,155.788,13.2585,0.11112,0.089052,5.8768,630.71775,328.0151,0,0,0,0,0,0,0,0,0,0,1,0,0,0,0,0,0,0,0,0,0,0,0,0,0,0,0,0,0,0,0,0,0,0,0,0,0,0,0,0
2292,순살닭갈비,102.6,107.41,11.12431,3.42536,7.81391,1.2433,17.693,0.72896,162.13,52.12133334,0.107102,0.15012,5.58798,564.81961,322.17248,0,0,0,0,0,0,0,0,0,0,1,0,0,0,0,0,0,0,0,0,0,0,0,0,0,0,0,0,0,0,0,0,0,0,0,0,0,0,0,0
2293,순살닭볶음탕,100.1,80.255,11.01074,0.67968,7.49611,1.2892,14.766,0.76141,130.767,77.23358334,0.114991,0.145705,3.85002,39.8363,3.67337,0,0,0,0,0,0,0,0,0,0,1,0,0,0,0,0,0,0,0,0,0,0,0,0,0,0,0,0,0,0,0,0,0,0,0,0,0,0,0,0
2294,순살돼지고기김치볶음,85.7,96.117,9.81106,4.48001,3.56776,0.336,18.693,0.58303,70.664,38.39658334,0.38934,0.153076,2.6642,879.03227,329.28089,0,0,0,0,0,0,0,0,0,0,1,0,0,0,0,0,0,0,0,0,0,0,0,0,0,0,0,0,0,0,0,0,0,0,0,0,0,0,0,0
2295,순살된장닭볶음,97,96.882,10.99635,3.61716,4.96995,1.3539,17.581,0.87162,167.968,94.89016666,0.121284,0.128238,4.90758,587.46531,331.12548,0,0,0,0,0,0,0,0,0,0,1,0,0,0,0,0,0,0,0,0,0,0,0,0,0,0,0,0,0,0,0,0,0,0,0,0,0,0,0,0
2296,(우유제외)스크램블에그,96.8,118.829,7.83226,7.4514,4.2516,0.455,36.329,1.20606,128.437,108.3896667,0.05744,0.27546,1.3426,1174.16852,331.21368,0,0,0,0,0,0,0,0,0,0,1,0,0,0,0,0,0,0,0,0,0,0,0,0,0,0,0,0,0,0,0,0,0,0,0,0,0,0,0,0
2297,스크램블에그,96.8,118.129,7.64746,7.4122,4.3678,0.455,49.769,1.11506,114.577,116.0896667,0.05478,0.29254,1.4532,1184.49772,332.27768,0,0,0,0,0,0,0,0,0,0,1,0,0,0,0,0,0,0,0,0,0,0,0,0,0,0,0,0,0,0,0,0,0,0,0,0,0,0,0,0
2298,(우유제외)시금치스크램블에그,108,123.057,8.38316,7.548,4.8564,0.336,42.979,1.71006,139.091,158.6893333,0.07963,0.34497,13.223,1172.95052,331.14648,0,0,0,0,0,0,0,0,0,0,1,0,0,0,0,0,0,0,0,0,0,0,0,0,0,0,0,0,0,0,0,0,0,0,0,0,0,0,0,0
2299,시금치스크램블에그,108,122.357,8.19836,7.5088,4.9726,0.336,56.419,1.61906,125.231,166.3893333,0.07697,0.36205,13.3336,1183.27972,332.21048,0,0,0,0,0,0,0,0,0,0,1,0,0,0,0,0,0,0,0,0,0,0,0,0,0,0,0,0,0,0,0,0,0,0,0,0,0,0,0,0
2300,안매운김치돼지고기볶음,87,87.102,10.62854,3.01595,3.84027,0.4691,20.105,0.40529,67.206,37.54958334,0.141505,0.105128,2.723,484.63261,168.64905,0,0,0,0,0,0,0,0,0,0,1,0,0,0,0,0,0,0,0,0,0,0,0,0,0,0,0,0,0,0,0,0,0,0,0,0,0,0,0,0
2301,안매운마파두부,91.8,132.878,7.35192,7.42291,8.88084,1.6534,33.839,1.22651,340.547,4.089666667,0.031246,0.173624,4.07904,1596.70364,482.50384,0,0,0,0,0,0,0,0,0,0,1,0,0,0,0,0,0,0,0,0,0,0,0,0,0,0,0,0,0,0,0,0,0,0,0,0,0,0,0,0
2302,안매운오삼불고기,94.1,121.905,8.8305,8.25007,3.14244,0.7294,11.679,0.47019,205.022,37.31858334,0.136122,0.107772,13.237,874.58545,72.12091,0,0,0,0,0,0,0,0,0,0,1,0,0,0,0,0,0,0,0,0,0,0,0,0,0,0,0,0,0,0,0,0,0,0,0,0,0,0,0,0
2303,양배추낙지볶음,111,79.972,8.21726,3.37657,4.17754,1.2334,32.078,1.02715,406.556,32.51708334,0.035292,0.061022,6.5114,691.98387,327.88229,0,0,0,0,0,0,0,0,0,0,1,0,0,0,0,0,0,0,0,0,0,0,0,0,0,0,0,0,0,0,0,0,0,0,0,0,0,0,0,0
2304,언양식불고기,77.8,191.694,9.42427,15.01036,5.01532,0.306,10.974,1.42906,158.778,5.232,0.031755,0.17487,1.99566,2225.09915,331.00712,0,0,0,0,0,0,0,0,0,0,1,0,0,0,0,0,0,0,0,0,0,0,0,0,0,0,0,0,0,0,0,0,0,0,0,0,0,0,0,0
2305,오리불고기,84.6,115.106,8.12765,6.55755,5.66427,0.5601,12.977,1.25609,205.756,54.27141667,0.117058,0.145644,2.05018,696.13218,320.51353,0,0,0,0,0,0,0,0,0,0,1,0,0,0,0,0,0,0,0,0,0,0,0,0,0,0,0,0,0,0,0,0,0,0,0,0,0,0,0,0
2306,오리엔탈닭살볶음,99.4,125.146,10.72988,6.22678,6.12906,0.8022,10.78,0.63868,160.594,56.63233334,0.096362,0.178696,23.6978,802.13308,343.68404,0,0,0,0,0,0,0,0,0,0,1,0,0,0,0,0,0,0,0,0,0,0,0,0,0,0,0,0,0,0,0,0,0,0,0,0,0,0,0,0
2307,오리주물럭,71.7,96.339,7.98009,4.83554,4.99871,0.3431,10.566,1.10818,204.168,21.80033333,0.107748,0.138714,1.62878,595.14781,8.86102,0,0,0,0,0,0,0,0,0,0,1,0,0,0,0,0,0,0,0,0,0,0,0,0,0,0,0,0,0,0,0,0,0,0,0,0,0,0,0,0
2308,오리채소볶음,98.6,109.646,8.71355,6.56903,4.08675,1.1845,17.401,1.30663,238.348,52.96941667,0.113152,0.194826,5.92398,698.72596,331.65669,0,0,0,0,0,0,0,0,0,0,1,0,0,0,0,0,0,0,0,0,0,0,0,0,0,0,0,0,0,0,0,0,0,0,0,0,0,0,0,0
2309,(우유제외)오믈렛,73,108.609,7.46938,7.19268,2.65112,0.0672,31.443,1.14642,117.209,76.18966667,0.049544,0.284546,0.308,1171.25764,330.52628,0,0,0,0,0,0,0,0,0,0,1,0,0,0,0,0,0,0,0,0,0,0,0,0,0,0,0,0,0,0,0,0,0,0,0,0,0,0,0,0
2310,오믈렛,73,108.259,7.37698,7.17308,2.70922,0.0672,38.163,1.10092,110.279,80.03966667,0.048214,0.293086,0.3633,1176.42224,331.05828,0,0,0,0,0,0,0,0,0,0,1,0,0,0,0,0,0,0,0,0,0,0,0,0,0,0,0,0,0,0,0,0,0,0,0,0,0,0,0,0
2311,오삼불고기,94.5,116.251,10.22033,5.23445,6.82103,0.5489,12.782,0.61927,171.544,37.68541667,0.15242,0.069858,2.41698,957.87128,332.01173,0,0,0,0,0,0,0,0,0,0,1,0,0,0,0,0,0,0,0,0,0,0,0,0,0,0,0,0,0,0,0,0,0,0,0,0,0,0,0,0
2312,오이닭살참깨볶음,74.6,60.47,10.27116,0.75702,2.73881,0.2325,8.459,0.2327,153.728,5.627166667,0.087257,0.08913,3.15,216.0244,6.64572,0,0,0,0,0,0,0,0,0,0,1,0,0,0,0,0,0,0,0,0,0,0,0,0,0,0,0,0,0,0,0,0,0,0,0,0,0,0,0,0
2313,오이소고기볶음,89.8,165.544,7.30449,13.86982,2.60357,0.4107,13.267,1.15152,159.76,12.0685,0.01602,0.202348,4.30356,758.07745,329.34538,0,0,0,0,0,0,0,0,0,0,1,0,0,0,0,0,0,0,0,0,0,0,0,0,0,0,0,0,0,0,0,0,0,0,0,0,0,0,0,0
2314,(우유제외)오이오믈렛,87,110.569,7.64018,7.19548,3.07812,0.1652,33.963,1.17442,117.629,76.90133333,0.049824,0.289306,1.883,1172.40424,331.47968,0,0,0,0,0,0,0,0,0,0,1,0,0,0,0,0,0,0,0,0,0,0,0,0,0,0,0,0,0,0,0,0,0,0,0,0,0,0,0,0
2315,오이오믈렛,87,110.219,7.54778,7.17588,3.13622,0.1652,40.683,1.12892,110.699,80.75133333,0.048494,0.297846,1.9383,1177.56884,332.01168,0,0,0,0,0,0,0,0,0,0,1,0,0,0,0,0,0,0,0,0,0,0,0,0,0,0,0,0,0,0,0,0,0,0,0,0,0,0,0,0
2316,오징어간장볶음,90,92.362,11.10686,3.93377,2.51854,0.4774,12.828,0.29355,248.706,32.26041667,0.038092,0.065782,1.8046,687.23787,319.48789,0,0,0,0,0,0,0,0,0,0,1,0,0,0,0,0,0,0,0,0,0,0,0,0,0,0,0,0,0,0,0,0,0,0,0,0,0,0,0,0
2317,오징어굴소스볶음,108.3,107.171,11.32529,3.94719,6.14207,0.7663,16.896,0.30263,438.254,32.45291667,0.047548,0.064056,3.78766,688.5155,322.81709,0,0,0,0,0,0,0,0,0,0,1,0,0,0,0,0,0,0,0,0,0,0,0,0,0,0,0,0,0,0,0,0,0,0,0,0,0,0,0,0
2318,오징어두루치기,91.2,92.1,11.13307,3.65304,3.24771,0.8111,18.251,0.25552,215.886,45.19016667,0.050726,0.052828,2.45388,574.33361,324.69234,0,0,0,0,0,0,0,0,0,0,1,0,0,0,0,0,0,0,0,0,0,0,0,0,0,0,0,0,0,0,0,0,0,0,0,0,0,0,0,0
2319,오징어떡볶음,112.5,137.873,11.95543,4.01859,12.91765,0.7075,19.08,0.35051,303.532,41.08625,0.044286,0.0759,1.85468,713.89974,323.89061,0,0,0,0,0,0,0,0,0,0,1,0,0,0,0,0,0,0,0,0,0,0,0,0,0,0,0,0,0,0,0,0,0,0,0,0,0,0,0,0
2320,오징어볶음,98.5,95.873,11.34503,3.94929,3.31085,0.8195,22.23,0.34491,249.632,41.22625,0.045266,0.07702,4.18148,689.22824,327.10431,0,0,0,0,0,0,0,0,0,0,1,0,0,0,0,0,0,0,0,0,0,0,0,0,0,0,0,0,0,0,0,0,0,0,0,0,0,0,0,0
2321,오징어볶음+소면,126.5,199.053,14.19473,4.30209,24.18485,1.3095,25.45,0.56961,606.002,41.16208334,0.077466,0.0976,3.31908,877.93214,335.09971,0,0,0,0,0,0,0,0,0,0,1,0,0,0,0,0,0,0,0,0,0,0,0,0,0,0,0,0,0,0,0,0,0,0,0,0,0,0,0,0
2322,오징어불고기,104,98.186,11.26093,3.96031,4.08077,0.9203,18.855,0.30343,217.624,36.47858334,0.04986,0.050816,4.55486,699.31272,324.99073,0,0,0,0,0,0,0,0,0,0,1,0,0,0,0,0,0,0,0,0,0,0,0,0,0,0,0,0,0,0,0,0,0,0,0,0,0,0,0,0
2323,오징어새우볶음,106.7,97.951,11.80844,3.80367,3.79316,1.015,45.615,1.04293,269.688,50.05275,0.038094,0.104006,4.89944,690.80115,330.48993,0,0,0,0,0,0,0,0,0,0,1,0,0,0,0,0,0,0,0,0,0,0,0,0,0,0,0,0,0,0,0,0,0,0,0,0,0,0,0,0
2324,오징어채소볶음,97.3,94.971,11.34355,3.94813,3.04089,0.7043,15.582,0.35201,248.922,33.80041667,0.040756,0.07662,3.88208,689.53286,323.83769,0,0,0,0,0,0,0,0,0,0,1,0,0,0,0,0,0,0,0,0,0,0,0,0,0,0,0,0,0,0,0,0,0,0,0,0,0,0,0,0
2325,오징어청경채볶음,113.8,95.554,11.52357,3.96269,3.07221,0.8923,39.113,0.40815,252.26,63.07858334,0.061592,0.089092,5.78,690.48768,335.18553,0,0,0,0,0,0,0,0,0,0,1,0,0,0,0,0,0,0,0,0,0,0,0,0,0,0,0,0,0,0,0,0,0,0,0,0,0,0,0,0
2326,우엉불고기,98.7,157.089,7.80169,11.40033,6.05719,1.7053,20.384,1.34335,161.688,43.16175,0.027106,0.23517,1.99628,348.12284,18.30561,0,0,0,0,0,0,0,0,0,0,1,0,0,0,0,0,0,0,0,0,0,0,0,0,0,0,0,0,0,0,0,0,0,0,0,0,0,0,0,0
2327,우엉소고기볶음,70.5,179.453,7.37939,14.15753,5.16963,0.9917,15.482,1.18659,158.842,10.93375,0.01329,0.222494,0.47596,884.5729,330.89929,0,0,0,0,0,0,0,0,0,0,1,0,0,0,0,0,0,0,0,0,0,0,0,0,0,0,0,0,0,0,0,0,0,0,0,0,0,0,0,0
2328,유산슬,90.1,79.591,9.58089,2.57757,4.46739,0.8097,19.878,0.66635,207.982,38.86375,0.0674,0.122478,6.97126,472.87966,166.29583,0,0,0,0,0,0,0,0,0,0,1,0,0,0,0,0,0,0,0,0,0,0,0,0,0,0,0,0,0,0,0,0,0,0,0,0,0,0,0,0
2329,제육깻잎볶음,78.8,118.528,9.05894,7.86777,2.73666,0.889,15.866,0.52133,156.824,52.80541667,0.301194,0.117526,1.58144,1380.23535,359.24733,0,0,0,0,0,0,0,0,0,0,1,0,0,0,0,0,0,0,0,0,0,0,0,0,0,0,0,0,0,0,0,0,0,0,0,0,0,0,0,0
2330,제육볶음,94.4,214.982,6.37555,18.14535,6.51407,0.8681,13.481,0.39859,195.9,44.39441667,0.228218,0.129824,3.80578,2163.88168,454.75953,0,0,0,0,0,0,0,0,0,0,1,0,0,0,0,0,0,0,0,0,0,0,0,0,0,0,0,0,0,0,0,0,0,0,0,0,0,0,0,0
2331,제육불고기,90.1,205.073,6.29523,18.15201,4.05747,0.9203,15.496,0.39853,129.33,44.46958334,0.22735,0.108296,4.73966,2163.63572,456.81893,0,0,0,0,0,0,0,0,0,0,1,0,0,0,0,0,0,0,0,0,0,0,0,0,0,0,0,0,0,0,0,0,0,0,0,0,0,0,0,0
2332,제육숙주불고기,96.9,203.133,6.4561,18.14989,3.43392,0.966,13.737,0.39151,129.352,44.45858334,0.236922,0.1169,4.4674,2163.15469,456.52983,0,0,0,0,0,0,0,0,0,0,1,0,0,0,0,0,0,0,0,0,0,0,0,0,0,0,0,0,0,0,0,0,0,0,0,0,0,0,0,0
2333,제육짜장볶음,105.7,122.759,9.72349,6.24946,6.84306,1.3412,16.891,0.59717,107.877,69.195,0.239519,0.113008,6.965,1124.9945,353.86204,0,0,0,0,0,0,0,0,0,0,1,0,0,0,0,0,0,0,0,0,0,0,0,0,0,0,0,0,0,0,0,0,0,0,0,0,0,0,0,0
2334,조랭이떡소불고기,109.9,195.589,8.05369,11.46487,14.98093,0.9073,15.54,1.19257,215.798,44.76708334,0.025006,0.217726,2.80548,362.07944,17.19821,0,0,0,0,0,0,0,0,0,0,1,0,0,0,0,0,0,0,0,0,0,0,0,0,0,0,0,0,0,0,0,0,0,0,0,0,0,0,0,0
2335,주꾸미떡볶음,119.3,109.389,7.45696,3.60319,11.9252,1.5428,25.833,1.07387,142.904,45.06875,0.0455,0.172186,4.543,788.28259,330.45367,0,0,0,0,0,0,0,0,0,0,1,0,0,0,0,0,0,0,0,0,0,0,0,0,0,0,0,0,0,0,0,0,0,0,0,0,0,0,0,0
2336,주꾸미볶음,98.5,77.659,6.93629,3.55841,4.51975,1.2871,21.152,1.09279,105.502,46.46808334,0.042158,0.176252,3.85836,771.19712,329.90207,0,0,0,0,0,0,0,0,0,0,1,0,0,0,0,0,0,0,0,0,0,0,0,0,0,0,0,0,0,0,0,0,0,0,0,0,0,0,0,0
2337,주꾸미채소간장볶음,102.1,61.421,7.05599,1.85342,4.40844,1.0588,23.866,0.97482,136.911,21.05691667,0.033785,0.192408,3.68412,345.49414,166.71637,0,0,0,0,0,0,0,0,0,0,1,0,0,0,0,0,0,0,0,0,0,0,0,0,0,0,0,0,0,0,0,0,0,0,0,0,0,0,0,0
2338,주꾸미채소볶음,105,67.844,6.6661,1.73866,6.41536,0.847,19.04,0.9744,105.014,39.47416667,0.03906,0.154826,2.24,296.76738,166.54918,0,0,0,0,0,0,0,0,0,0,1,0,0,0,0,0,0,0,0,0,0,0,0,0,0,0,0,0,0,0,0,0,0,0,0,0,0,0,0,0
2339,짜장닭볶음,97.4,90.766,10.53391,1.90866,7.53446,1.1032,10.858,0.39379,103.709,38.03266667,0.107049,0.074378,3.4937,387.90164,169.568,0,0,0,0,0,0,0,0,0,0,1,0,0,0,0,0,0,0,0,0,0,0,0,0,0,0,0,0,0,0,0,0,0,0,0,0,0,0,0,0
2340,쪽파소고기볶음,76.1,166.545,7.21139,14.17629,2.11259,0.5157,18.576,1.42137,159.388,53.37708334,0.01854,0.216768,2.88746,892.1539,335.99529,0,0,0,0,0,0,0,0,0,0,1,0,0,0,0,0,0,0,0,0,0,0,0,0,0,0,0,0,0,0,0,0,0,0,0,0,0,0,0,0
2341,차돌볶음,105.7,220.635,7.93343,18.24843,6.05873,1.1089,14.616,0.88849,225.444,37.68075,0.044102,0.097704,5.87498,947.87122,335.61729,0,0,0,0,0,0,0,0,0,0,1,0,0,0,0,0,0,0,0,0,0,0,0,0,0,0,0,0,0,0,0,0,0,0,0,0,0,0,0,0
2342,차돌숙주볶음,105.8,193.15,7.87553,15.53554,5.52994,1.1706,12.852,0.88102,168.48,36.25033334,0.058685,0.103814,3.37108,413.99571,15.29366,0,0,0,0,0,0,0,0,0,0,1,0,0,0,0,0,0,0,0,0,0,0,0,0,0,0,0,0,0,0,0,0,0,0,0,0,0,0,0,0
2343,차돌양배추볶음,94.3,211.443,7.79169,18.23349,3.93119,1.0477,18.366,0.82287,166.192,36.24925,0.03506,0.108128,5.85966,946.9814,336.24869,0,0,0,0,0,0,0,0,0,0,1,0,0,0,0,0,0,0,0,0,0,0,0,0,0,0,0,0,0,0,0,0,0,0,0,0,0,0,0,0
2344,(우유제외)채소스크램블에그,101,118.927,7.86586,7.4591,4.2558,0.448,35.839,1.28096,128.171,111.4101667,0.05961,0.28463,18.3855,1176.59752,333.19818,0,0,0,0,0,0,0,0,0,0,1,0,0,0,0,0,0,0,0,0,0,0,0,0,0,0,0,0,0,0,0,0,0,0,0,0,0,0,0,0
2345,채소스크램블에그,101,118.227,7.68106,7.4199,4.372,0.448,49.279,1.18996,114.311,119.1101667,0.05695,0.30171,18.4961,1186.92672,334.26218,0,0,0,0,0,0,0,0,0,0,1,0,0,0,0,0,0,0,0,0,0,0,0,0,0,0,0,0,0,0,0,0,0,0,0,0,0,0,0,0
2346,청경채불고기,98.7,144.699,7.54969,11.40663,3.19069,0.9913,28.994,1.25515,163.998,56.33925,0.037396,0.2211,5.75528,343.58054,25.62621,0,0,0,0,0,0,0,0,0,0,1,0,0,0,0,0,0,0,0,0,0,0,0,0,0,0,0,0,0,0,0,0,0,0,0,0,0,0,0,0
2347,춘천닭갈비,105.2,107.836,9.10755,4.53518,7.85581,1.4579,26.623,0.72662,134.056,75.1385,0.123582,0.154146,6.1027,23.48233,13.30868,0,0,0,0,0,0,0,0,0,0,1,0,0,0,0,0,0,0,0,0,0,0,0,0,0,0,0,0,0,0,0,0,0,0,0,0,0,0,0,0
2348,치즈닭갈비,111,130.076,12.79703,4.472,9.51225,1.2517,85.957,0.46996,255.076,24.83183333,0.12799,0.11813,5.881,670.07539,338.96408,0,0,0,0,0,0,0,0,0,0,1,0,0,0,0,0,0,0,0,0,0,0,0,0,0,0,0,0,0,0,0,0,0,0,0,0,0,0,0,0
2349,치즈스크램블에그,89.8,129.889,8.52946,8.4384,4.0255,0.455,77.769,1.11436,174.497,113.9663333,0.05597,0.28176,1.3475,1189.44672,341.26428,0,0,0,0,0,0,0,0,0,0,1,0,0,0,0,0,0,0,0,0,0,0,0,0,0,0,0,0,0,0,0,0,0,0,0,0,0,0,0,0
2350,치즈오믈렛,87,149.979,10.00338,10.15508,3.57302,0.0672,125.803,1.11352,240.199,91.193,0.056474,0.316886,0.3731,1206.97864,351.15948,0,0,0,0,0,0,0,0,0,0,1,0,0,0,0,0,0,0,0,0,0,0,0,0,0,0,0,0,0,0,0,0,0,0,0,0,0,0,0,0
2351,카레닭가슴살볶음,91.7,101.229,10.68765,4.16513,5.40437,0.8009,14.182,0.55137,22.668,38.66658334,0.104414,0.047598,4.29368,760.36726,326.64609,0,0,0,0,0,0,0,0,0,0,1,0,0,0,0,0,0,0,0,0,0,0,0,0,0,0,0,0,0,0,0,0,0,0,0,0,0,0,0,0
2352,콩나물돼지불고기,105.3,210.077,7.54586,18.49807,3.6582,0.9366,22.697,0.56007,227.562,40.36941667,0.247828,0.169358,2.4934,2338.22287,483.53289,0,0,0,0,0,0,0,0,0,0,1,0,0,0,0,0,0,0,0,0,0,0,0,0,0,0,0,0,0,0,0,0,0,0,0,0,0,0,0,0
2353,파돼지불고기,95.7,77.757,11.16793,1.88289,4.11585,0.6949,12.318,0.53783,223.382,32.77375,0.130876,0.176574,3.57486,321.37278,11.59261,0,0,0,0,0,0,0,0,0,0,1,0,0,0,0,0,0,0,0,0,0,0,0,0,0,0,0,0,0,0,0,0,0,0,0,0,0,0,0,0
2354,파삼겹돼지불고기,98.2,203.092,6.58643,17.85884,4.15365,0.7439,14.233,0.64388,230.222,40.35666667,0.224186,0.166284,3.54126,2647.33643,151.38676,0,0,0,0,0,0,0,0,0,0,1,0,0,0,0,0,0,0,0,0,0,0,0,0,0,0,0,0,0,0,0,0,0,0,0,0,0,0,0,0
2355,해물굴소스볶음,104.1,109.117,11.69321,3.79543,6.78873,0.6585,36.23,0.96455,458.092,23.85108333,0.032022,0.09564,3.0948,690.82186,322.68437,0,0,0,0,0,0,0,0,0,0,1,0,0,0,0,0,0,0,0,0,0,0,0,0,0,0,0,0,0,0,0,0,0,0,0,0,0,0,0,0
2356,해물우동숙주볶음,137.6,147.13,10.60447,4.04207,16.25657,1.3963,45.231,1.63609,452.306,45.33358334,0.064448,0.127466,5.51666,815.96632,332.65937,0,0,0,0,0,0,0,0,0,0,1,0,0,0,0,0,0,0,0,0,0,0,0,0,0,0,0,0,0,0,0,0,0,0,0,0,0,0,0,0
2357,(우유제외)햄오믈렛,73,107.489,7.96778,6.74888,2.95772,0.0672,25.003,1.02042,238.869,57.14966667,0.052624,0.248286,6.888,1018.02904,327.13828,0,0,0,0,0,0,0,0,0,0,1,0,0,0,0,0,0,0,0,0,0,0,0,0,0,0,0,0,0,0,0,0,0,0,0,0,0,0,0,0
2358,햄오믈렛,73,107.139,7.87538,6.72928,3.01582,0.0672,31.723,0.97492,231.939,60.99966667,0.051294,0.256826,6.9433,1023.19364,327.67028,0,0,0,0,0,0,0,0,0,0,1,0,0,0,0,0,0,0,0,0,0,0,0,0,0,0,0,0,0,0,0,0,0,0,0,0,0,0,0,0
2359,훈제오리굴소스볶음,81.2,67.788,9.24658,1.3237,4.48056,0.658,9.814,1.20162,230.426,39.69116667,0.095228,0.083496,15.3881,215.41996,12.4474,0,0,0,0,0,0,0,0,0,0,1,0,0,0,0,0,0,0,0,0,0,0,0,0,0,0,0,0,0,0,0,0,0,0,0,0,0,0,0,0
2360,훈제오리단호박볶음,91.5,71.45,9.37313,1.49662,5.31845,1.8513,11.539,1.27742,137.519,124.4243333,0.099908,0.097306,10.64276,260.48763,33.2885,0,0,0,0,0,0,0,0,0,0,1,0,0,0,0,0,0,0,0,0,0,0,0,0,0,0,0,0,0,0,0,0,0,0,0,0,0,0,0,0
2361,훈제오리볶음,73.1,57.786,9.14423,1.33142,2.03335,0.5423,9.373,1.29242,70.409,39.8515,0.097108,0.065176,15.12836,214.20433,12.3802,0,0,0,0,0,0,0,0,0,0,1,0,0,0,0,0,0,0,0,0,0,0,0,0,0,0,0,0,0,0,0,0,0,0,0,0,0,0,0,0
2362,훈제오리볶음+무쌈,100.9,67.172,9.27458,1.34064,4.403,0.784,14.278,1.23052,71.775,39.71916667,0.10745,0.075936,16.9295,220.55138,14.5075,0,0,0,0,0,0,0,0,0,0,1,0,0,0,0,0,0,0,0,0,0,0,0,0,0,0,0,0,0,0,0,0,0,0,0,0,0,0,0,0
2363,훈제오리숙주볶음,98.3,61.65,9.66223,1.33912,2.73125,1.0043,16.219,1.30082,73.195,37.0585,0.113978,0.070216,4.99026,210.54473,13.2286,0,0,0,0,0,0,0,0,0,0,1,0,0,0,0,0,0,0,0,0,0,0,0,0,0,0,0,0,0,0,0,0,0,0,0,0,0,0,0,0
2364,훈제오리양파볶음,81.5,60.404,9.26883,1.33772,2.62905,0.5773,12.705,1.39112,72.061,37.19383334,0.103548,0.056566,2.62706,209.38063,8.6968,0,0,0,0,0,0,0,0,0,0,1,0,0,0,0,0,0,0,0,0,0,0,0,0,0,0,0,0,0,0,0,0,0,0,0,0,0,0,0,0
2365,훈제오리우동볶음,123.6,151.96,10.45817,4.76867,15.91917,1.2773,25.351,1.29029,402.256,45.70691667,0.132558,0.095476,4.33366,1015.50552,339.34297,0,0,0,0,0,0,0,0,0,0,1,0,0,0,0,0,0,0,0,0,0,0,0,0,0,0,0,0,0,0,0,0,0,0,0,0,0,0,0,0
2366,훈제오리채소볶음,81.5,60.054,9.48513,1.35662,2.64445,0.9203,12.145,1.44712,70.801,40.6355,0.105788,0.085476,9.49826,220.90473,18.6571,0,0,0,0,0,0,0,0,0,0,1,0,0,0,0,0,0,0,0,0,0,0,0,0,0,0,0,0,0,0,0,0,0,0,0,0,0,0,0,0
2367,감말랭이감자볶음,88.4,97.209,1.71248,1.55349,20.35054,3.458,10.037,0.52793,35.223,6.424583333,0.04396,0.05145,8.3804,324.19361,164.32301,0,0,0,0,0,0,0,0,0,0,0,1,0,0,0,0,0,0,0,0,0,0,0,0,0,0,0,0,0,0,0,0,0,0,0,0,0,0,0,0
2368,감자당근채볶음,94.9,62.704,1.78243,0.8507,12.41395,2.4641,11.484,0.50142,71.359,64.37525,0.05081,0.052544,8.38098,198.95742,82.23884,0,0,0,0,0,0,0,0,0,0,0,1,0,0,0,0,0,0,0,0,0,0,0,0,0,0,0,0,0,0,0,0,0,0,0,0,0,0,0,0
2369,감자볶음,93,67.871,1.70789,1.58015,12.14314,2.3906,12.985,0.49567,36.395,32.21425,0.050753,0.034072,8.40346,345.27114,160.97707,0,0,0,0,0,0,0,0,0,0,0,1,0,0,0,0,0,0,0,0,0,0,0,0,0,0,0,0,0,0,0,0,0,0,0,0,0,0,0,0
2370,감자어묵볶음,95.6,87.065,3.9435,1.31556,15.37257,1.8495,18.987,0.51874,281.699,5.536916667,0.040035,0.070314,6.7088,517.29817,84.98174,0,0,0,0,0,0,0,0,0,0,0,1,0,0,0,0,0,0,0,0,0,0,0,0,0,0,0,0,0,0,0,0,0,0,0,0,0,0,0,0
2371,감자채볶음,87.9,60.254,1.70613,0.8353,11.89735,2.1491,9.174,0.47622,68.349,0.033583333,0.04808,0.044634,8.36978,188.55262,81.20004,0,0,0,0,0,0,0,0,0,0,0,1,0,0,0,0,0,0,0,0,0,0,0,0,0,0,0,0,0,0,0,0,0,0,0,0,0,0,0,0
2372,감자채소볶음,87,71.117,1.40486,2.8398,10.3164,2.156,10.149,0.43186,36.331,33.366,0.04211,0.02402,8.4266,566.95492,318.98958,0,0,0,0,0,0,0,0,0,0,0,1,0,0,0,0,0,0,0,0,0,0,0,0,0,0,0,0,0,0,0,0,0,0,0,0,0,0,0,0
2373,감자채파프리카볶음,52,52.357,0.84906,2.83,6.0065,1.057,4.759,0.34436,34.441,3.061833334,0.02629,0.02073,21.441,559.68822,319.66998,0,0,0,0,0,0,0,0,0,0,0,1,0,0,0,0,0,0,0,0,0,0,0,0,0,0,0,0,0,0,0,0,0,0,0,0,0,0,0,0
2374,감자채피망볶음,98.3,75.157,1.66189,2.84782,11.19021,2.3955,11.098,0.49764,69.838,42.61366667,0.052252,0.06653,15.83738,568.75193,322.378,0,0,0,0,0,0,0,0,0,0,0,1,0,0,0,0,0,0,0,0,0,0,0,0,0,0,0,0,0,0,0,0,0,0,0,0,0,0,0,0
2375,감자햄볶음,116.3,94.175,3.91919,3.44062,12.22891,2.2895,13.826,0.6458,211.052,33.41333334,0.060514,0.079782,16.20006,568.23115,319.05678,0,0,0,0,0,0,0,0,0,0,0,1,0,0,0,0,0,0,0,0,0,0,0,0,0,0,0,0,0,0,0,0,0,0,0,0,0,0,0,0
2376,건새우견과류볶음,17.2,77.368,3.22829,5.36563,4.54865,0.7719,121.503,3.08607,135.864,3.25775,0.005578,0.08121,0.01186,1231.46854,161.63159,0,0,0,0,0,0,0,0,0,0,0,1,0,0,0,0,0,0,0,0,0,0,0,0,0,0,0,0,0,0,0,0,0,0,0,0,0,0,0,0
2377,건새우볶음,11.6,44.86,1.77369,2.63479,3.41745,0.1615,110.191,2.90127,135.696,3.211083333,0.002862,0.037222,0.01186,401.42534,160.08935,0,0,0,0,0,0,0,0,0,0,0,1,0,0,0,0,0,0,0,0,0,0,0,0,0,0,0,0,0,0,0,0,0,0,0,0,0,0,0,0
2378,건새우애호박볶음,66.9,44.896,2.33928,1.788,5.31847,1.3595,118.864,3.03451,102.747,14.25991667,0.024217,0.067076,2.20208,188.88512,101.28234,0,0,0,0,0,0,0,0,0,0,0,1,0,0,0,0,0,0,0,0,0,0,0,0,0,0,0,0,0,0,0,0,0,0,0,0,0,0,0,0
2379,건새우애호박채소볶음,70.1,76.482,3.20026,4.3428,6.4211,1.4602,184.602,4.72506,145.527,45.20833334,0.02415,0.05628,2.1231,566.69662,332.97418,0,0,0,0,0,0,0,0,0,0,0,1,0,0,0,0,0,0,0,0,0,0,0,0,0,0,0,0,0,0,0,0,0,0,0,0,0,0,0,0
2380,건취나물간장볶음,10.9,27.606,1.66448,0.9641,4.08927,0.0155,16.944,0.65381,33.867,1.164083334,0.003147,0.018706,0.68658,180.04762,79.77764,0,0,0,0,0,0,0,0,0,0,0,1,0,0,0,0,0,0,0,0,0,0,0,0,0,0,0,0,0,0,0,0,0,0,0,0,0,0,0,0
2381,건취나물볶음,16,53.411,3.14127,2.0639,7.5543,0.0174,33.385,1.24704,33.663,2.302166667,0.004663,0.014618,0.85186,419.55639,160.26086,0,0,0,0,0,0,0,0,0,0,0,1,0,0,0,0,0,0,0,0,0,0,0,0,0,0,0,0,0,0,0,0,0,0,0,0,0,0,0,0
2382,건파래볶음,11.2,46.312,1.14926,4.21666,2.24252,0.0112,29.414,0.78568,67.242,0.852833333,0.018046,0.046676,0.756,1135.70422,324.45126,0,0,0,0,0,0,0,0,0,0,0,1,0,0,0,0,0,0,0,0,0,0,0,0,0,0,0,0,0,0,0,0,0,0,0,0,0,0,0,0
2383,건파래자반,12.4,24.413,0.81346,1.77055,2.32637,0.0911,24.347,0.67985,33.752,5.214166667,0.013645,0.03215,1.2383,260.78744,14.72666,0,0,0,0,0,0,0,0,0,0,0,1,0,0,0,0,0,0,0,0,0,0,0,0,0,0,0,0,0,0,0,0,0,0,0,0,0,0,0,0
2384,게맛살파프리카볶음,51.9,37.66,1.8312,1.44326,4.59564,0.4172,34.69,0.32962,145.583,4.904666667,0.017388,0.036036,29.2432,284.77456,161.90426,0,0,0,0,0,0,0,0,0,0,0,1,0,0,0,0,0,0,0,0,0,0,0,0,0,0,0,0,0,0,0,0,0,0,0,0,0,0,0,0
2385,게맛살팽이버섯볶음,62.6,61.332,2.51085,3.57449,6.19725,1.2783,34.233,0.49351,245.93,0.02975,0.031546,0.11665,0.85878,879.73736,335.61997,0,0,0,0,0,0,0,0,0,0,0,1,0,0,0,0,0,0,0,0,0,0,0,0,0,0,0,0,0,0,0,0,0,0,0,0,0,0,0,0
2386,게맛살피망채볶음,45,38.087,1.78752,1.53515,4.47524,0.7434,34.873,0.23113,146.341,42.59358334,0.019222,0.043386,9.3506,327.62193,163.32733,0,0,0,0,0,0,0,0,0,0,0,1,0,0,0,0,0,0,0,0,0,0,0,0,0,0,0,0,0,0,0,0,0,0,0,0,0,0,0,0
2387,견과류멸치볶음,22.8,81.912,6.19145,5.32601,2.59939,0.4383,82.737,0.37983,431.796,0.09425,0.01014,0.10853,0.03558,685.27598,164.93117,0,0,0,0,0,0,0,0,0,0,0,1,0,0,0,0,0,0,0,0,0,0,0,0,0,0,0,0,0,0,0,0,0,0,0,0,0,0,0,0
2388,고구마줄기볶음,66.8,33.614,0.78325,1.86796,3.58476,1.8862,70.896,0.31126,81.95,5.914500002,0.040909,0.024824,1.52098,460.10765,162.62618,0,0,0,0,0,0,0,0,0,0,0,1,0,0,0,0,0,0,0,0,0,0,0,0,0,0,0,0,0,0,0,0,0,0,0,0,0,0,0,0
2389,곤드레나물볶음,11.7,27.394,0.58669,0.54641,5.81564,0.0286,5.707,0.21417,67.478,1.562833333,0.004369,0.03355,0.45986,57.43177,186.25884,0,0,0,0,0,0,0,0,0,0,0,1,0,0,0,0,0,0,0,0,0,0,0,0,0,0,0,0,0,0,0,0,0,0,0,0,0,0,0,0
2390,곰취나물볶음,51.8,28.107,1.70275,1.37327,3.15212,2.0658,69.206,0.83325,68.005,156.561,0.004639,0.195678,3.91716,356.02201,227.34601,0,0,0,0,0,0,0,0,0,0,0,1,0,0,0,0,0,0,0,0,0,0,0,0,0,0,0,0,0,0,0,0,0,0,0,0,0,0,0,0
2391,곶감감자볶음,88.4,91.469,1.71108,1.54229,18.78814,3.08,9.057,0.52513,34.943,3.35625,0.04382,0.05411,8.0388,324.19361,162.07461,0,0,0,0,0,0,0,0,0,0,0,1,0,0,0,0,0,0,0,0,0,0,0,0,0,0,0,0,0,0,0,0,0,0,0,0,0,0,0,0
2392,김부각멸치볶음,28.7,101.409,6.06284,3.38772,11.09794,0.0112,72.422,0.45192,365.498,8.50675,0.02422,0.076104,1.099,557.97504,322.20692,0,0,0,0,0,0,0,0,0,0,0,1,0,0,0,0,0,0,0,0,0,0,0,0,0,0,0,0,0,0,0,0,0,0,0,0,0,0,0,0
2393,김자반,4,6.756,0.66166,0.36976,0.78824,0.0384,6.724,0.30737,51.649,27.27933333,0.017956,0.058144,1.50552,143.68695,2.37292,0,0,0,0,0,0,0,0,0,0,0,1,0,0,0,0,0,0,0,0,0,0,0,0,0,0,0,0,0,0,0,0,0,0,0,0,0,0,0,0
2394,김자반볶음,7.8,39.655,1.2628,3.15567,2.68401,0.0987,15.79,0.56643,70.095,52.52041667,0.036015,0.11242,2.604,986.11821,167.16469,0,0,0,0,0,0,0,0,0,0,0,1,0,0,0,0,0,0,0,0,0,0,0,0,0,0,0,0,0,0,0,0,0,0,0,0,0,0,0,0
2395,김치볶음,68.6,60.466,0.79296,4.2889,4.6795,0.455,31.346,0.41468,99.736,42.04783334,0.04529,0.040376,3.9746,1143.95162,325.13866,0,0,0,0,0,0,0,0,0,0,0,1,0,0,0,0,0,0,0,0,0,0,0,0,0,0,0,0,0,0,0,0,0,0,0,0,0,0,0,0
2396,깻잎들깨볶음,25.3,80.087,3.26998,5.61125,5.20814,3.1136,80.151,1.08087,67.664,70.87825,0.09653,0.114534,0.30576,818.70413,2852.05113,0,0,0,0,0,0,0,0,0,0,0,1,0,0,0,0,0,0,0,0,0,0,0,0,0,0,0,0,0,0,0,0,0,0,0,0,0,0,0,0
2397,깻잎순나물볶음,15.9,15.065,1.61723,0.49632,1.1304,0.387,32.183,0.15498,141.354,26.493,0.017893,0.050948,0.53812,148.43253,13.44034,0,0,0,0,0,0,0,0,0,0,0,1,0,0,0,0,0,0,0,0,0,0,0,0,0,0,0,0,0,0,0,0,0,0,0,0,0,0,0,0
2398,깻잎순멸치볶음,16.9,44.107,5.81854,1.88109,0.60186,0.1708,287.127,1.42443,333.244,17.68058333,0.025214,0.054166,0.07644,322.27617,166.41293,0,0,0,0,0,0,0,0,0,0,0,1,0,0,0,0,0,0,0,0,0,0,0,0,0,0,0,0,0,0,0,0,0,0,0,0,0,0,0,0
2399,꼬마새송이버섯볶음,50.9,28.158,1.11334,1.81248,3.42635,1.1621,6.077,0.22422,38.351,32.23883334,0.017425,0.083852,1.393,452.33796,160.88106,0,0,0,0,0,0,0,0,0,0,0,1,0,0,0,0,0,0,0,0,0,0,0,0,0,0,0,0,0,0,0,0,0,0,0,0,0,0,0,0
2400,느타리버섯당근볶음,39.8,11.943,0.89763,0.38096,2.51626,1.4286,3.719,0.22882,36.505,51.4865,0.046607,0.065242,0.5265,163.58207,2.65852,0,0,0,0,0,0,0,0,0,0,0,1,0,0,0,0,0,0,0,0,0,0,0,0,0,0,0,0,0,0,0,0,0,0,0,0,0,0,0,0
2401,느타리버섯들깨볶음,55,30.335,1.63257,2.01837,3.54555,2.0305,3.763,0.42985,67.88,0.036,0.077055,0.125415,0.55156,457.28828,333.35664,0,0,0,0,0,0,0,0,0,0,0,1,0,0,0,0,0,0,0,0,0,0,0,0,0,0,0,0,0,0,0,0,0,0,0,0,0,0,0,0
2402,느타리버섯볶음,46.9,15.031,1.09705,0.38414,3.16106,1.4352,4.787,0.28332,69.594,32.21083334,0.048845,0.087816,1.14298,161.42969,2.39392,0,0,0,0,0,0,0,0,0,0,0,1,0,0,0,0,0,0,0,0,0,0,0,0,0,0,0,0,0,0,0,0,0,0,0,0,0,0,0,0
2403,느타리버섯양파볶음,53.6,38.838,1.12561,2.87207,3.41894,1.4562,4.406,0.26323,67.908,0.036083333,0.050595,0.083686,1.44678,586.19726,317.34739,0,0,0,0,0,0,0,0,0,0,0,1,0,0,0,0,0,0,0,0,0,0,0,0,0,0,0,0,0,0,0,0,0,0,0,0,0,0,0,0
2404,느타리버섯채소볶음,53.6,39.468,1.27961,2.88957,3.41824,1.6522,6.716,0.31083,69.308,33.72941667,0.050595,0.096496,2.87688,591.69296,322.11579,0,0,0,0,0,0,0,0,0,0,0,1,0,0,0,0,0,0,0,0,0,0,0,0,0,0,0,0,0,0,0,0,0,0,0,0,0,0,0,0
2405,느타리파프리카볶음,60.6,26.658,1.20625,1.49433,3.53738,1.3974,4.308,0.41989,68.146,4.894083334,0.053983,0.099842,29.04358,313.0931,162.00857,0,0,0,0,0,0,0,0,0,0,0,1,0,0,0,0,0,0,0,0,0,0,0,0,0,0,0,0,0,0,0,0,0,0,0,0,0,0,0,0
2406,다시마북어볶음,21,34.072,6.30342,0.54748,0.75416,0.2468,30.482,0.40159,84.287,2.965166667,0.018112,0.049062,1.93398,97.03469,1.3461,0,0,0,0,0,0,0,0,0,0,0,1,0,0,0,0,0,0,0,0,0,0,0,0,0,0,0,0,0,0,0,0,0,0,0,0,0,0,0,0
2407,당근고구마볶음,76.2,123.136,0.96516,3.1744,22.57682,1.9684,12.629,0.34724,141.143,65.84941667,0.042672,0.071264,4.41,713.22607,322.75689,0,0,0,0,0,0,0,0,0,0,0,1,0,0,0,0,0,0,0,0,0,0,0,0,0,0,0,0,0,0,0,0,0,0,0,0,0,0,0,0
2408,당근숙주굴소스볶음,64.7,48.895,0.93674,3.13797,4.55518,1.148,9.971,0.16513,198.68,64.56491667,0.032788,0.050806,3.5224,693.90663,322.92419,0,0,0,0,0,0,0,0,0,0,0,1,0,0,0,0,0,0,0,0,0,0,0,0,0,0,0,0,0,0,0,0,0,0,0,0,0,0,0,0
2409,당근양파볶음,52.7,23.118,0.62737,0.83366,3.67505,1.0435,9.368,0.14978,71.495,64.42191667,0.018374,0.036172,2.64666,197.64396,81.21964,0,0,0,0,0,0,0,0,0,0,0,1,0,0,0,0,0,0,0,0,0,0,0,0,0,0,0,0,0,0,0,0,0,0,0,0,0,0,0,0
2410,도라지볶음,43.9,35.796,0.70037,1.55035,5.12849,1.4799,15.871,0.18879,35.873,0.222583333,0.004204,0.026448,2.57658,340.7098,160.90421,0,0,0,0,0,0,0,0,0,0,0,1,0,0,0,0,0,0,0,0,0,0,0,0,0,0,0,0,0,0,0,0,0,0,0,0,0,0,0,0
2411,들깨열무볶음,49.6,47.878,1.99154,3.42996,2.95523,1.5515,76.177,0.97362,84.25,78.81083332,0.041607,0.079174,2.9491,647.99916,1199.44854,0,0,0,0,0,0,0,0,0,0,0,1,0,0,0,0,0,0,0,0,0,0,0,0,0,0,0,0,0,0,0,0,0,0,0,0,0,0,0,0
2412,마늘종볶음,27.7,28.206,0.95037,0.47073,5.99509,1.0297,36.346,0.76841,80.936,8.097583333,0.005408,0.041608,9.40072,43.43586,1.28167,0,0,0,0,0,0,0,0,0,0,0,1,0,0,0,0,0,0,0,0,0,0,0,0,0,0,0,0,0,0,0,0,0,0,0,0,0,0,0,0
2413,마늘종잡채,63.3,97.643,0.93968,3.14371,17.56398,2.345,36.865,0.88487,138.242,38.32775,0.01085,0.07434,8.7612,698.88153,321.30201,0,0,0,0,0,0,0,0,0,0,0,1,0,0,0,0,0,0,0,0,0,0,0,0,0,0,0,0,0,0,0,0,0,0,0,0,0,0,0,0
2414,맛살당근볶음,57.8,43.841,1.94138,1.75687,5.26582,0.987,43.723,0.26823,151.329,132.9210833,0.02051,0.04074,2.9372,425.83071,162.36855,0,0,0,0,0,0,0,0,0,0,0,1,0,0,0,0,0,0,0,0,0,0,0,0,0,0,0,0,0,0,0,0,0,0,0,0,0,0,0,0
2415,맛살미역줄기볶음,60.4,51.552,2.31619,2.98231,4.94275,0.1335,73.999,0.29615,360.098,10.51258333,0.017814,0.061652,4.62346,595.9042,317.57555,0,0,0,0,0,0,0,0,0,0,0,1,0,0,0,0,0,0,0,0,0,0,0,0,0,0,0,0,0,0,0,0,0,0,0,0,0,0,0,0
2416,맛살볶음,33.8,41.014,1.88421,1.47386,5.19467,0.408,35.47,0.20468,179.169,20.24275,0.010648,0.056282,1.77544,300.66966,161.66753,0,0,0,0,0,0,0,0,0,0,0,1,0,0,0,0,0,0,0,0,0,0,0,0,0,0,0,0,0,0,0,0,0,0,0,0,0,0,0,0
2417,맛살양파볶음,53.6,60.468,2.66771,2.87347,6.11254,0.5112,51.236,0.26043,234.158,0.04775,0.017345,0.054776,1.68198,576.18446,317.41459,0,0,0,0,0,0,0,0,0,0,0,1,0,0,0,0,0,0,0,0,0,0,0,0,0,0,0,0,0,0,0,0,0,0,0,0,0,0,0,0
2418,맛살채소볶음,64.8,59.098,2.36533,3.16735,5.91729,0.8937,39.253,0.35901,181.126,21.77625,0.018808,0.078886,11.5158,696.03714,325.15859,0,0,0,0,0,0,0,0,0,0,0,1,0,0,0,0,0,0,0,0,0,0,0,0,0,0,0,0,0,0,0,0,0,0,0,0,0,0,0,0
2419,멸치꽈리볶음,18.1,48.753,5.00301,2.34972,1.59919,0.1375,72.74,0.15693,329.957,1.112,0.00583,0.033758,1.5876,462.50546,166.16776,0,0,0,0,0,0,0,0,0,0,0,1,0,0,0,0,0,0,0,0,0,0,0,0,0,0,0,0,0,0,0,0,0,0,0,0,0,0,0,0
2420,멸치볶음,15.6,45.168,4.94497,2.01169,1.45801,0.0145,69.855,0.12969,363.346,0.000916667,0.003226,0.033834,0.01186,323.15116,164.25385,0,0,0,0,0,0,0,0,0,0,0,1,0,0,0,0,0,0,0,0,0,0,0,0,0,0,0,0,0,0,0,0,0,0,0,0,0,0,0,0
2421,멸치아몬드볶음,21.7,82.551,6.5786,5.40918,2.25631,1.0262,95.564,0.46032,363.748,0.099166667,0.005089,0.141708,0,1186.49258,165.41308,0,0,0,0,0,0,0,0,0,0,0,1,0,0,0,0,0,0,0,0,0,0,0,0,0,0,0,0,0,0,0,0,0,0,0,0,0,0,0,0
2422,멸치피망볶음,37.5,48.767,5.19073,2.02649,2.3077,0.5475,72.447,0.22653,363.574,10.41691667,0.015845,0.056562,9.17478,326.95354,168.00697,0,0,0,0,0,0,0,0,0,0,0,1,0,0,0,0,0,0,0,0,0,0,0,0,0,0,0,0,0,0,0,0,0,0,0,0,0,0,0,0
2423,멸치호두볶음,21.9,89.891,6.06483,6.79969,1.6118,0.0145,75.385,0.36069,366.636,0.135083333,0.016477,0.054134,0.01186,323.15116,164.25385,0,0,0,0,0,0,0,0,0,0,0,1,0,0,0,0,0,0,0,0,0,0,0,0,0,0,0,0,0,0,0,0,0,0,0,0,0,0,0,0
2424,명엽채볶음,15.8,64.124,9.41702,2.01058,1.41763,0.0253,34.947,0.58564,121.01,0.003833333,0.014429,0.053878,0,419.49816,160.26086,0,0,0,0,0,0,0,0,0,0,0,1,0,0,0,0,0,0,0,0,0,0,0,0,0,0,0,0,0,0,0,0,0,0,0,0,0,0,0,0
2425,명엽채아몬드볶음,22.7,112.623,11.03186,6.86057,1.64108,1.0262,59.867,0.91483,121.442,0.101916667,0.016016,0.159166,0,1582.89137,320.26979,0,0,0,0,0,0,0,0,0,0,0,1,0,0,0,0,0,0,0,0,0,0,0,0,0,0,0,0,0,0,0,0,0,0,0,0,0,0,0,0
2426,모듬버섯볶음,57.9,16.423,1.61009,0.4287,3.57956,1.0926,5.261,0.39718,71.004,33.3355,0.033279,0.139274,1.72966,170.80803,6.31742,0,0,0,0,0,0,0,0,0,0,0,1,0,0,0,0,0,0,0,0,0,0,0,0,0,0,0,0,0,0,0,0,0,0,0,0,0,0,0,0
2427,미니새송이버섯볶음,57.9,26.266,1.19533,1.51337,3.60668,1.326,6.112,0.25853,37.539,34.84358334,0.023239,0.08797,12.21628,328.7374,162.34135,0,0,0,0,0,0,0,0,0,0,0,1,0,0,0,0,0,0,0,0,0,0,0,0,0,0,0,0,0,0,0,0,0,0,0,0,0,0,0,0
2428,미니새송이볶음,63.5,27.75,1.24517,1.51841,3.9487,1.3736,7.204,0.31719,38.883,53.22908334,0.026123,0.085856,19.17638,331.86654,159.65097,0,0,0,0,0,0,0,0,0,0,0,1,0,0,0,0,0,0,0,0,0,0,0,0,0,0,0,0,0,0,0,0,0,0,0,0,0,0,0,0
2429,미역볶음,53.3,36.145,1.60569,2.94292,2.76001,0.0145,73.396,0.5674,365.892,77.175,0.030064,0.091612,7.36186,553.06495,316.97428,0,0,0,0,0,0,0,0,0,0,0,1,0,0,0,0,0,0,0,0,0,0,0,0,0,0,0,0,0,0,0,0,0,0,0,0,0,0,0,0
2430,미역줄기고추볶음,48.3,24.495,0.90237,1.922,2.29924,0.1926,53.743,0.21242,218.54,13.677,0.014467,0.036764,6.36478,459.09393,161.0474,0,0,0,0,0,0,0,0,0,0,0,1,0,0,0,0,0,0,0,0,0,0,0,0,0,0,0,0,0,0,0,0,0,0,0,0,0,0,0,0
2431,미역줄기당근볶음,58.1,40.931,1.08087,3.3248,3.03158,0.3452,55.787,0.24882,287.182,44.78966667,0.018359,0.06202,5.51022,738.86405,319.68434,0,0,0,0,0,0,0,0,0,0,0,1,0,0,0,0,0,0,0,0,0,0,0,0,0,0,0,0,0,0,0,0,0,0,0,0,0,0,0,0
2432,미역줄기볶음,53.3,34.185,1.01769,2.89392,2.51501,0.0145,59.186,0.2244,321.792,14.7,0.015364,0.052412,5.89186,553.06495,316.97428,0,0,0,0,0,0,0,0,0,0,0,1,0,0,0,0,0,0,0,0,0,0,0,0,0,0,0,0,0,0,0,0,0,0,0,0,0,0,0,0
2433,미역줄기채소볶음,67.3,39.155,1.09609,2.89462,3.62031,0.4695,54.566,0.244,287.422,44.8,0.020754,0.054092,6.08646,561.31235,317.66168,0,0,0,0,0,0,0,0,0,0,0,1,0,0,0,0,0,0,0,0,0,0,0,0,0,0,0,0,0,0,0,0,0,0,0,0,0,0,0,0
2434,뱅어포볶음,25.4,95.876,12.81969,3.80761,1.67417,0.0145,206.635,0.65777,209.794,0.000916667,0.038562,0.044082,0.01186,318.18284,159.02121,0,0,0,0,0,0,0,0,0,0,0,1,0,0,0,0,0,0,0,0,0,0,0,0,0,0,0,0,0,0,0,0,0,0,0,0,0,0,0,0
2435,버섯볶음,52.1,26.839,1.16171,1.57871,3.35495,0.9315,5.876,0.32727,71.31,32.24691667,0.029964,0.108842,1.44896,343.36674,159.64141,0,0,0,0,0,0,0,0,0,0,0,1,0,0,0,0,0,0,0,0,0,0,0,0,0,0,0,0,0,0,0,0,0,0,0,0,0,0,0,0
2436,버섯부추볶음,65.1,31.319,1.35748,1.86607,3.99222,1.148,10.446,0.71323,105.963,33.25275,0.03999,0.09226,2.093,434.20691,160.70955,0,0,0,0,0,0,0,0,0,0,0,1,0,0,0,0,0,0,0,0,0,0,0,0,0,0,0,0,0,0,0,0,0,0,0,0,0,0,0,0
2437,버섯채소볶음,60.6,28.824,1.12877,1.56365,4.08955,1.6661,5.891,0.34371,69.686,33.78525,0.04283,0.088874,1.53008,349.6362,170.15751,0,0,0,0,0,0,0,0,0,0,0,1,0,0,0,0,0,0,0,0,0,0,0,0,0,0,0,0,0,0,0,0,0,0,0,0,0,0,0,0
2438,북어채볶음,13.9,51.299,6.27395,2.53452,0.37938,0.0634,27.065,0.32368,115.708,0.009666667,0.016635,0.05441,0.03558,622.41995,162.74016,0,0,0,0,0,0,0,0,0,0,0,1,0,0,0,0,0,0,0,0,0,0,0,0,0,0,0,0,0,0,0,0,0,0,0,0,0,0,0,0
2439,브로콜리견과류볶음,54.6,86.884,3.48782,6.76606,4.50366,2.485,35.028,0.69244,68.712,9.3135,0.031962,0.156632,12.2514,1770.94204,345.37678,0,0,0,0,0,0,0,0,0,0,0,1,0,0,0,0,0,0,0,0,0,0,0,0,0,0,0,0,0,0,0,0,0,0,0,0,0,0,0,0
2440,브로콜리마늘볶음,53.5,39.529,1.93088,1.79187,4.84708,1.5442,17.783,0.43785,68.662,9.252083333,0.022946,0.102886,13.2356,418.16501,186.18815,0,0,0,0,0,0,0,0,0,0,0,1,0,0,0,0,0,0,0,0,0,0,0,0,0,0,0,0,0,0,0,0,0,0,0,0,0,0,0,0
2441,브로콜리맛살볶음,74.3,58.73,2.60162,2.8966,6.22944,1.3118,44.014,0.43,145.555,10.69833333,0.01925,0.080122,31.2424,574.32144,340.54916,0,0,0,0,0,0,0,0,0,0,0,1,0,0,0,0,0,0,0,0,0,0,0,0,0,0,0,0,0,0,0,0,0,0,0,0,0,0,0,0
2442,브로콜리버섯볶음,69,36.558,1.96661,1.81789,4.58113,1.9395,19.541,0.46807,71.212,41.43808334,0.022994,0.125142,12.78266,432.86374,186.74115,0,0,0,0,0,0,0,0,0,0,0,1,0,0,0,0,0,0,0,0,0,0,0,0,0,0,0,0,0,0,0,0,0,0,0,0,0,0,0,0
2443,(우유제외)브로콜리버터볶음,57.4,37.982,1.5442,2.12268,3.97264,1.4322,19.39,0.41482,77.434,11.9,0.017696,0.085526,13.125,128.9792,39.5136,0,0,0,0,0,0,0,0,0,0,0,1,0,0,0,0,0,0,0,0,0,0,0,0,0,0,0,0,0,0,0,0,0,0,0,0,0,0,0,0
2444,브로콜리버터볶음,57.4,39.298,1.55512,2.39232,3.68564,1.4322,19.278,0.41566,69.426,23.94933333,0.017696,0.086534,13.125,56.58352,31.066,0,0,0,0,0,0,0,0,0,0,0,1,0,0,0,0,0,0,0,0,0,0,0,0,0,0,0,0,0,0,0,0,0,0,0,0,0,0,0,0
2445,브로콜리볶음,70.4,37.944,1.68325,1.80543,4.63755,1.8541,21.949,0.44903,71.674,60.76275,0.023148,0.092578,13.56806,425.39418,187.18047,0,0,0,0,0,0,0,0,0,0,0,1,0,0,0,0,0,0,0,0,0,0,0,0,0,0,0,0,0,0,0,0,0,0,0,0,0,0,0,0
2446,브로콜리새우볶음,73.3,71.569,6.99859,3.42149,3.26815,1.1219,36.356,1.09839,279.536,38.36908334,0.014256,0.139614,8.97886,692.2213,336.52869,0,0,0,0,0,0,0,0,0,0,0,1,0,0,0,0,0,0,0,0,0,0,0,0,0,0,0,0,0,0,0,0,0,0,0,0,0,0,0,0
2447,브로콜리채소볶음,63.4,48.388,1.60079,3.19619,4.06313,1.6525,20.325,0.43125,70.596,41.44975,0.020124,0.089512,13.19426,697.6799,345.29549,0,0,0,0,0,0,0,0,0,0,0,1,0,0,0,0,0,0,0,0,0,0,0,0,0,0,0,0,0,0,0,0,0,0,0,0,0,0,0,0
2448,삼색감자채볶음,102.4,75.177,1.5737,2.85156,11.3188,2.4934,11.745,0.49206,36.485,42.627,0.053632,0.043396,16.0594,569.79524,322.4452,0,0,0,0,0,0,0,0,0,0,0,1,0,0,0,0,0,0,0,0,0,0,0,0,0,0,0,0,0,0,0,0,0,0,0,0,0,0,0,0
2449,새송이버섯볶음,51.9,37.59,1.07016,2.8553,3.4041,1.267,4.408,0.15896,37.335,32.2,0.01813,0.07868,1.0346,587.06452,317.66168,0,0,0,0,0,0,0,0,0,0,0,1,0,0,0,0,0,0,0,0,0,0,0,0,0,0,0,0,0,0,0,0,0,0,0,0,0,0,0,0
2450,새송이버섯시금치볶음,72.1,36.202,1.81626,2.0077,4.73001,1.1903,16.185,0.783,49.695,82.57100001,0.043315,0.161116,13.993,488.60006,161.22408,0,0,0,0,0,0,0,0,0,0,0,1,0,0,0,0,0,0,0,0,0,0,0,0,0,0,0,0,0,0,0,0,0,0,0,0,0,0,0,0
2451,새우살호박볶음,73,57.957,4.73686,3.0288,2.9566,1.071,24.499,0.68246,92.401,38.511,0.01824,0.0474,2.1154,565.60812,329.91168,0,0,0,0,0,0,0,0,0,0,0,1,0,0,0,0,0,0,0,0,0,0,0,0,0,0,0,0,0,0,0,0,0,0,0,0,0,0,0,0
2452,새우청경채볶음,74.7,38.621,4.11857,0.34975,4.95875,1.2699,51.672,0.71433,238.894,29.12141667,0.049562,0.059134,9.19438,77.9655,24.19127,0,0,0,0,0,0,0,0,0,0,0,1,0,0,0,0,0,0,0,0,0,0,0,0,0,0,0,0,0,0,0,0,0,0,0,0,0,0,0,0
2453,숙주나물볶음,39.7,10.244,0.80019,0.36791,1.28664,0.6236,6.687,0.15117,68.878,0.180333333,0.026069,0.04755,2.85386,60.57127,189.43334,0,0,0,0,0,0,0,0,0,0,0,1,0,0,0,0,0,0,0,0,0,0,0,0,0,0,0,0,0,0,0,0,0,0,0,0,0,0,0,0
2454,시금치감자볶음,61.6,56.224,1.53706,2.9148,6.41592,0.8974,12.698,0.7728,145.782,50.34166667,0.045542,0.125202,15.9544,556.65232,317.55668,0,0,0,0,0,0,0,0,0,0,0,1,0,0,0,0,0,0,0,0,0,0,0,0,0,0,0,0,0,0,0,0,0,0,0,0,0,0,0,0
2455,실치볶음,15.5,44.251,4.94497,1.9121,1.45787,0.0145,69.812,0.12794,363.33,0,0.003226,0.033764,0.01186,281.52991,163.71978,0,0,0,0,0,0,0,0,0,0,0,1,0,0,0,0,0,0,0,0,0,0,0,0,0,0,0,0,0,0,0,0,0,0,0,0,0,0,0,0
2456,아몬드잔멸치볶음,21.8,82.674,6.58563,5.4093,2.28296,1.0295,95.572,0.46114,363.75,0.099166667,0.005207,0.141984,0.01186,1186.55081,165.41308,0,0,0,0,0,0,0,0,0,0,0,1,0,0,0,0,0,0,0,0,0,0,0,0,0,0,0,0,0,0,0,0,0,0,0,0,0,0,0,0
2457,애호박건새우볶음,57.8,48.777,2.18717,2.52132,4.67142,1.2074,117.999,2.99214,102.511,12.672,0.020973,0.051648,1.72966,344.06289,177.63492,0,0,0,0,0,0,0,0,0,0,0,1,0,0,0,0,0,0,0,0,0,0,0,0,0,0,0,0,0,0,0,0,0,0,0,0,0,0,0,0
2458,애호박당근볶음,65.9,41.23,0.65926,2.8546,3.6134,1.477,10.778,0.15476,37.055,73.815,0.02359,0.04305,2.1406,572.37852,336.52248,0,0,0,0,0,0,0,0,0,0,0,1,0,0,0,0,0,0,0,0,0,0,0,0,0,0,0,0,0,0,0,0,0,0,0,0,0,0,0,0
2459,애호박버섯볶음,65,30.241,0.92927,1.8,3.5412,1.6904,9.025,0.22364,35.413,41.6305,0.040013,0.068798,1.61766,437.51419,179.18886,0,0,0,0,0,0,0,0,0,0,0,1,0,0,0,0,0,0,0,0,0,0,0,0,0,0,0,0,0,0,0,0,0,0,0,0,0,0,0,0
2460,애호박볶음,53.4,19.793,0.62912,0.84836,2.84947,1.0869,8.283,0.15587,33.982,11.04458333,0.019571,0.052034,1.84376,187.55066,101.21514,0,0,0,0,0,0,0,0,0,0,0,1,0,0,0,0,0,0,0,0,0,0,0,0,0,0,0,0,0,0,0,0,0,0,0,0,0,0,0,0
2461,애호박새우젓볶음,53.8,16.896,0.79459,0.34953,3.10997,1.0529,15.203,0.25831,0.74,9.483083333,0.019324,0.036528,2.06138,132.78744,20.04441,0,0,0,0,0,0,0,0,0,0,0,1,0,0,0,0,0,0,0,0,0,0,0,0,0,0,0,0,0,0,0,0,0,0,0,0,0,0,0,0
2462,애호박양파볶음,61.6,45.896,0.74718,2.88623,4.65918,1.15,11.746,0.19738,34.189,7.922083333,0.021594,0.045106,2.33516,580.2925,332.65989,0,0,0,0,0,0,0,0,0,0,0,1,0,0,0,0,0,0,0,0,0,0,0,0,0,0,0,0,0,0,0,0,0,0,0,0,0,0,0,0
2463,애호박콩가루볶음,54.7,47.992,1.53874,3.25178,3.44512,1.7948,14.698,0.30414,33.681,11.05066667,0.034104,0.049952,1.61546,771.14898,372.34302,0,0,0,0,0,0,0,0,0,0,0,1,0,0,0,0,0,0,0,0,0,0,0,0,0,0,0,0,0,0,0,0,0,0,0,0,0,0,0,0
2464,양배추건새우볶음,64.8,49.817,2.63048,1.7901,6.54137,1.4855,133.739,3.08911,107.29,3.78675,0.021277,0.045236,10.38998,187.66712,94.66384,0,0,0,0,0,0,0,0,0,0,0,1,0,0,0,0,0,0,0,0,0,0,0,0,0,0,0,0,0,0,0,0,0,0,0,0,0,0,0,0
2465,양배추볶음,52.9,25.744,0.98933,0.8409,4.28695,1.3441,22.824,0.17452,71.149,0.541083333,0.01833,0.040364,9.77398,187.66712,94.66384,0,0,0,0,0,0,0,0,0,0,0,1,0,0,0,0,0,0,0,0,0,0,0,0,0,0,0,0,0,0,0,0,0,0,0,0,0,0,0,0
2466,양송이버섯볶음,52.1,25.999,1.36541,1.58081,2.79355,0.7985,5.736,0.39727,71.73,32.24691667,0.023174,0.149652,1.40486,360.78904,159.64141,0,0,0,0,0,0,0,0,0,0,0,1,0,0,0,0,0,0,0,0,0,0,0,0,0,0,0,0,0,0,0,0,0,0,0,0,0,0,0,0
2467,양송이볶음,59.1,27.539,1.42841,1.58361,3.16875,0.9875,6.716,0.43227,71.8,33.40191667,0.024084,0.152452,2.91126,361.63464,159.93891,0,0,0,0,0,0,0,0,0,0,0,1,0,0,0,0,0,0,0,0,0,0,0,0,0,0,0,0,0,0,0,0,0,0,0,0,0,0,0,0
2468,열무볶음,52.4,26.514,1.14636,1.923,1.60227,0.7185,69.625,0.77762,87.4,94.44766665,0.022511,0.072832,3.4566,464.44586,207.69008,0,0,0,0,0,0,0,0,0,0,0,1,0,0,0,0,0,0,0,0,0,0,0,0,0,0,0,0,0,0,0,0,0,0,0,0,0,0,0,0
2469,오이들깨볶음,55,28.375,0.91717,1.98897,2.10005,0.5115,12.583,0.20445,68.86,2.526833333,0.004535,0.046035,5.75536,441.64748,336.69354,0,0,0,0,0,0,0,0,0,0,0,1,0,0,0,0,0,0,0,0,0,0,0,0,0,0,0,0,0,0,0,0,0,0,0,0,0,0,0,0
2470,오이볶음,51.4,24.531,0.69705,1.84216,1.64176,0.3952,11.589,0.12746,35.141,2.496833333,0.002369,0.026494,5.54808,459.94805,163.94078,0,0,0,0,0,0,0,0,0,0,0,1,0,0,0,0,0,0,0,0,0,0,0,0,0,0,0,0,0,0,0,0,0,0,0,0,0,0,0,0
2471,오징어채볶음,21.4,41.926,4.09114,1.68104,2.41247,0.0253,6.228,0.58358,205.707,0.04775,0.011251,0.04481,0.77,294.63441,158.65865,0,0,0,0,0,0,0,0,0,0,0,1,0,0,0,0,0,0,0,0,0,0,0,0,0,0,0,0,0,0,0,0,0,0,0,0,0,0,0,0
2472,(우유제외)옥수수토마토소스볶음,143.1,84.737,1.90406,2.48738,14.46327,2.851,13.508,0.44166,132.709,58.65216667,0.021104,0.084979,24.41846,295.02203,26.6708,0,0,0,0,0,0,0,0,0,0,0,1,0,0,0,0,0,0,0,0,0,0,0,0,0,0,0,0,0,0,0,0,0,0,0,0,0,0,0,0
2473,옥수수토마토소스볶음,155.7,118.799,5.82126,4.2245,14.88019,2.851,146.928,0.45986,183.879,62.95133334,0.025024,0.130479,24.42686,333.96247,40.17954,0,0,0,0,0,0,0,0,0,0,0,1,0,0,0,0,0,0,0,0,0,0,0,0,0,0,0,0,0,0,0,0,0,0,0,0,0,0,0,0
2474,우엉볶음,51.8,79.142,1.25356,5.61302,5.9423,1.6576,17.892,0.37982,204.862,32.214,0.011998,0.106078,0.7938,1733.14792,334.57004,0,0,0,0,0,0,0,0,0,0,0,1,0,0,0,0,0,0,0,0,0,0,0,0,0,0,0,0,0,0,0,0,0,0,0,0,0,0,0,0
2475,우엉잡채,55.3,99.801,0.99961,3.17224,16.88162,1.3694,27.005,0.9941,137.018,1.094666667,0.012431,0.074012,11.92368,705.01861,320.771,0,0,0,0,0,0,0,0,0,0,0,1,0,0,0,0,0,0,0,0,0,0,0,0,0,0,0,0,0,0,0,0,0,0,0,0,0,0,0,0
2476,유자청잔멸치볶음,21.7,70.581,5.08704,4.00701,3.03114,0.0224,71.183,0.18557,431.046,0.023916667,0.006076,0.063434,2.52,849.32379,325.94541,0,0,0,0,0,0,0,0,0,0,0,1,0,0,0,0,0,0,0,0,0,0,0,0,0,0,0,0,0,0,0,0,0,0,0,0,0,0,0,0
2477,잔멸치볶음,15.4,37.856,5.11938,0.82992,2.28235,0.1099,75.796,0.17038,363.335,0.007583333,0.005523,0.05817,0,131.88567,6.43321,0,0,0,0,0,0,0,0,0,0,0,1,0,0,0,0,0,0,0,0,0,0,0,0,0,0,0,0,0,0,0,0,0,0,0,0,0,0,0,0
2478,잔멸치아몬드볶음,20.3,76.391,5.7155,5.63269,0.83398,0.3038,73.857,0.26677,430.528,0.097416667,0.00553,0.068558,0,2313.70783,648.83665,0,0,0,0,0,0,0,0,0,0,0,1,0,0,0,0,0,0,0,0,0,0,0,0,0,0,0,0,0,0,0,0,0,0,0,0,0,0,0,0
2479,참나물볶음,49.7,12.674,0.78123,0.39199,2.03117,1.2773,28.187,0.68287,109.661,66.39775,0.001588,0.047526,1.87876,154.71398,27.72901,0,0,0,0,0,0,0,0,0,0,0,1,0,0,0,0,0,0,0,0,0,0,0,0,0,0,0,0,0,0,0,0,0,0,0,0,0,0,0,0
2480,참치애호박볶음,70.2,37.167,4.6586,0.7258,3.2268,1.26,12.291,1.2699,147.463,41.64933334,0.02391,0.04733,1.9292,13.5604,18.9952,0,0,0,0,0,0,0,0,0,0,0,1,0,0,0,0,0,0,0,0,0,0,0,0,0,0,0,0,0,0,0,0,0,0,0,0,0,0,0,0
2481,참치양파볶음,63.4,37.377,4.5417,0.702,3.406,0.931,11.321,1.2437,215.707,32.25766667,0.0202,0.01758,2.681,13.1194,0.9562,0,0,0,0,0,0,0,0,0,0,0,1,0,0,0,0,0,0,0,0,0,0,0,0,0,0,0,0,0,0,0,0,0,0,0,0,0,0,0,0
2482,참치채소볶음,57.6,35.417,4.46386,0.7188,2.92104,0.7798,8.497,1.26234,147.673,36.73766667,0.01376,0.037012,23.6978,19.86292,6.79588,0,0,0,0,0,0,0,0,0,0,0,1,0,0,0,0,0,0,0,0,0,0,0,0,0,0,0,0,0,0,0,0,0,0,0,0,0,0,0,0
2483,참치피망볶음,57.6,35.417,4.50754,0.70536,2.9132,0.9814,9.617,1.2825,147.897,42.627,0.022832,0.036676,10.1738,11.93332,4.44052,0,0,0,0,0,0,0,0,0,0,0,1,0,0,0,0,0,0,0,0,0,0,0,0,0,0,0,0,0,0,0,0,0,0,0,0,0,0,0,0
2484,채소잡채,76.9,123.415,1.23694,3.32027,22.98685,1.5277,31.097,1.40993,141.853,52.09766667,0.030617,0.132626,12.8086,755.80112,322.71982,0,0,0,0,0,0,0,0,0,0,0,1,0,0,0,0,0,0,0,0,0,0,0,0,0,0,0,0,0,0,0,0,0,0,0,0,0,0,0,0
2485,청경채볶음,61.3,16.14,1.06143,0.8542,1.72355,0.8751,43.754,0.28862,75.867,30.76708333,0.04528,0.059544,9.45758,185.76102,100.39684,0,0,0,0,0,0,0,0,0,0,0,1,0,0,0,0,0,0,0,0,0,0,0,0,0,0,0,0,0,0,0,0,0,0,0,0,0,0,0,0
2486,취나물볶음,52.9,36.152,1.43097,1.18684,6.06653,2.3665,66.504,2.97918,69.707,94.01041665,0.028874,0.267312,6.46726,310.75266,170.25608,0,0,0,0,0,0,0,0,0,0,0,1,0,0,0,0,0,0,0,0,0,0,0,0,0,0,0,0,0,0,0,0,0,0,0,0,0,0,0,0
2487,콩나물잡채,71.6,24.732,2.37729,0.63393,3.67854,1.3446,26.132,0.39403,69.486,33.56608334,0.057289,0.070324,3.30886,307.27528,49.48161,0,0,0,0,0,0,0,0,0,0,0,1,0,0,0,0,0,0,0,0,0,0,0,0,0,0,0,0,0,0,0,0,0,0,0,0,0,0,0,0
2488,크래미채소볶음,66.3,47.993,2.56661,1.78279,6.20493,1.1065,42.432,0.41897,182.012,35.34041667,0.021144,0.087142,5.90026,420.36594,169.47635,0,0,0,0,0,0,0,0,0,0,0,1,0,0,0,0,0,0,0,0,0,0,0,0,0,0,0,0,0,0,0,0,0,0,0,0,0,0,0,0
2489,파래자반,12.2,23.842,0.78778,1.72334,2.30594,0.077,23.467,0.67564,0.069,5.13025,0.0133,0.029218,1.2383,404.53671,163.08535,0,0,0,0,0,0,0,0,0,0,0,1,0,0,0,0,0,0,0,0,0,0,0,0,0,0,0,0,0,0,0,0,0,0,0,0,0,0,0,0
2490,파프리카볶음,42.9,18.12,0.51943,0.85186,2.44949,0.3393,4.958,0.31722,68.849,6.300916667,0.012144,0.049514,41.58906,191.54668,85.88612,0,0,0,0,0,0,0,0,0,0,0,1,0,0,0,0,0,0,0,0,0,0,0,0,0,0,0,0,0,0,0,0,0,0,0,0,0,0,0,0
2491,파프리카양파볶음,51.3,21.732,0.58747,0.85326,3.39505,0.6585,6.078,0.21838,68.597,5.729250001,0.011164,0.055562,29.93406,196.88656,87.54764,0,0,0,0,0,0,0,0,0,0,0,1,0,0,0,0,0,0,0,0,0,0,0,0,0,0,0,0,0,0,0,0,0,0,0,0,0,0,0,0
2492,파프리카잡채,63.3,91.945,0.68628,3.14483,15.37368,0.8946,20.373,0.94689,137.822,37.08408334,0.01687,0.069258,29.463,693.78987,322.98621,0,0,0,0,0,0,0,0,0,0,0,1,0,0,0,0,0,0,0,0,0,0,0,0,0,0,0,0,0,0,0,0,0,0,0,0,0,0,0,0
2493,팽이맛살볶음,65.9,53.06,2.34346,2.8903,5.9017,1.344,39.128,0.49496,147.025,36.38833334,0.03374,0.07903,2.303,592.80732,332.36728,0,0,0,0,0,0,0,0,0,0,0,1,0,0,0,0,0,0,0,0,0,0,0,0,0,0,0,0,0,0,0,0,0,0,0,0,0,0,0,0
2494,팽이버섯볶음,35.6,10.851,0.71833,0.37859,2.67357,1.0113,2.768,0.38417,35.443,0.060416667,0.022628,0.055026,0.78186,157.69318,16.37501,0,0,0,0,0,0,0,0,0,0,0,1,0,0,0,0,0,0,0,0,0,0,0,0,0,0,0,0,0,0,0,0,0,0,0,0,0,0,0,0
2495,팽이버섯잡채,68.9,47.565,1.51116,3.24087,4.84484,1.4854,10.797,0.75565,144.15,65.75608334,0.046382,0.150682,9.4346,718.88907,334.03669,0,0,0,0,0,0,0,0,0,0,0,1,0,0,0,0,0,0,0,0,0,0,0,0,0,0,0,0,0,0,0,0,0,0,0,0,0,0,0,0
2496,편마늘멸치볶음,19.2,49.518,5.26274,2.21411,1.82819,0.1148,70.507,0.17815,430.394,0.00275,0.006909,0.064162,0.33208,407.96587,165.32199,0,0,0,0,0,0,0,0,0,0,0,1,0,0,0,0,0,0,0,0,0,0,0,0,0,0,0,0,0,0,0,0,0,0,0,0,0,0,0,0
2497,표고버섯간장볶음,37.1,11.207,0.87341,0.23455,2.6982,0.1758,6.493,0.28331,68.718,0.047916667,0.026879,0.097638,0.42346,55.66938,0.58173,0,0,0,0,0,0,0,0,0,0,0,1,0,0,0,0,0,0,0,0,0,0,0,0,0,0,0,0,0,0,0,0,0,0,0,0,0,0,0,0
2498,표고버섯당근볶음,36.5,20.09,0.63168,1.491,2.2015,0.217,3.414,0.19018,36.621,32.17666667,0.02499,0.06874,0.2114,282.31476,159.04014,0,0,0,0,0,0,0,0,0,0,0,1,0,0,0,0,0,0,0,0,0,0,0,0,0,0,0,0,0,0,0,0,0,0,0,0,0,0,0,0
2499,표고버섯볶음,41,23.7,0.95867,1.60145,2.65105,0.2381,5.541,0.28141,69.084,1.559583333,0.02617,0.099164,2.38548,320.4196,163.37101,0,0,0,0,0,0,0,0,0,0,0,1,0,0,0,0,0,0,0,0,0,0,0,0,0,0,0,0,0,0,0,0,0,0,0,0,0,0,0,0
2500,피망잡채,63.3,93.065,0.7042,3.13363,15.69624,1.2418,20.933,0.85505,137.374,42.61875,0.021014,0.073738,10.1822,691.64059,323.45661,0,0,0,0,0,0,0,0,0,0,0,1,0,0,0,0,0,0,0,0,0,0,0,0,0,0,0,0,0,0,0,0,0,0,0,0,0,0,0,0
2501,피망채죽순볶음,59.4,33.864,0.74135,1.84148,4.2844,0.6754,9.112,0.2946,2.52,13.0815,0.025913,0.051658,12.20586,424.20341,164.96864,0,0,0,0,0,0,0,0,0,0,0,1,0,0,0,0,0,0,0,0,0,0,0,0,0,0,0,0,0,0,0,0,0,0,0,0,0,0,0,0
2502,해초볶음,36.9,21.704,0.62331,1.82279,1.61747,0.0033,45.901,1.17065,34.851,8.869416667,0.004318,0.022886,1.90186,401.42534,160.08935,0,0,0,0,0,0,0,0,0,0,0,1,0,0,0,0,0,0,0,0,0,0,0,0,0,0,0,0,0,0,0,0,0,0,0,0,0,0,0,0
2503,호두마늘종볶음,44.3,69.122,1.77887,5.60486,4.74115,1.2185,18.328,0.39268,70.907,7.613416667,0.020754,0.058572,10.15276,183.77416,80.65964,0,0,0,0,0,0,0,0,0,0,0,1,0,0,0,0,0,0,0,0,0,0,0,0,0,0,0,0,0,0,0,0,0,0,0,0,0,0,0,0
2504,호박채소볶음,53.2,39.984,0.71736,2.8427,3.1745,1.029,14.378,0.23856,2.058,38.89666667,0.01645,0.03304,8.1102,568.16662,328.90088,0,0,0,0,0,0,0,0,0,0,0,1,0,0,0,0,0,0,0,0,0,0,0,0,0,0,0,0,0,0,0,0,0,0,0,0,0,0,0,0
2505,(우유제외)감자그라탕,154,158.69,4.6004,7.1974,18.641,1.939,20.93,0.9779,98.21,8.7325,0.08057,0.04284,29.4007,333.067,36.9285,0,0,0,0,0,0,0,0,0,0,1,0,0,0,0,0,0,0,0,0,0,0,0,0,0,0,0,0,0,0,0,0,0,0,0,0,0,0,0,0
2506,감자그라탕,165.2,179.592,6.49838,8.39958,19.20142,1.939,161.602,0.62776,152.39,66.1395,0.07819,0.136192,29.8529,181.30728,35.2667,0,0,0,0,0,0,0,0,0,0,1,0,0,0,0,0,0,0,0,0,0,0,0,0,0,0,0,0,0,0,0,0,0,0,0,0,0,0,0,0
2507,고구마베이컨볶음,87,163.447,4.84956,7.6516,18.4518,1.47,10.499,0.35626,221.551,33.59933334,0.09489,0.04607,20.349,1094.74372,354.31788,0,0,0,0,0,0,0,0,0,0,1,0,0,0,0,0,0,0,0,0,0,0,0,0,0,0,0,0,0,0,0,0,0,0,0,0,0,0,0,0
2508,궁중떡볶음,90,143.686,5.39731,2.90863,24.24133,0.7747,10.007,0.57811,253.142,32.62275,0.0304,0.105794,1.07726,487.30694,163.55015,0,0,0,0,0,0,0,0,0,0,1,0,0,0,0,0,0,0,0,0,0,0,0,0,0,0,0,0,0,0,0,0,0,0,0,0,0,0,0,0
2509,달걀채소볶음,108,114.097,7.51516,6.9677,4.7402,0.805,41.229,1.38666,109.691,116.1643333,0.06269,0.2861,13.9622,1179.64462,337.33938,0,0,0,0,0,0,0,0,0,0,1,0,0,0,0,0,0,0,0,0,0,0,0,0,0,0,0,0,0,0,0,0,0,0,0,0,0,0,0,0
2510,돼지고기미나리잡채,96.2,113.4,7.89283,1.57031,17.23705,1.7827,32.395,1.01943,149.19,49.33958334,0.101456,0.178064,2.03898,353.42814,23.87415,0,0,0,0,0,0,0,0,0,0,1,0,0,0,0,0,0,0,0,0,0,0,0,0,0,0,0,0,0,0,0,0,0,0,0,0,0,0,0,0
2511,돼지고기부추잡채,96,113.154,7.87667,1.58057,17.11025,1.0411,28.809,1.64989,148.766,34.00958334,0.13062,0.152522,2.29456,331.50528,9.61725,0,0,0,0,0,0,0,0,0,0,1,0,0,0,0,0,0,0,0,0,0,0,0,0,0,0,0,0,0,0,0,0,0,0,0,0,0,0,0,0
2512,돼지고기우엉잡채,86.2,112.902,7.28139,1.39829,17.96173,1.5563,27.801,1.13749,150.768,33.04708334,0.265748,0.181362,1.24008,342.8464,10.94669,0,0,0,0,0,0,0,0,0,0,1,0,0,0,0,0,0,0,0,0,0,0,0,0,0,0,0,0,0,0,0,0,0,0,0,0,0,0,0,0
2513,돼지고기잡채,83.1,132.105,7.84086,4.22122,15.65347,1.0011,23.076,1.15618,218.748,50.44283334,0.104713,0.1744,9.04064,831.84604,327.24082,0,0,0,0,0,0,0,0,0,0,1,0,0,0,0,0,0,0,0,0,0,0,0,0,0,0,0,0,0,0,0,0,0,0,0,0,0,0,0,0
2514,두부잡채,101.2,81.75,6.16948,4.32227,5.04218,2.8112,41.374,1.08735,69.87,33.36875,0.047976,0.159526,2.6292,1752.11791,378.11345,0,0,0,0,0,0,0,0,0,0,1,0,0,0,0,0,0,0,0,0,0,0,0,0,0,0,0,0,0,0,0,0,0,0,0,0,0,0,0,0
2515,두부채소볶음,96.7,102.2,6.09238,5.44138,6.94162,2.3436,41.634,1.067,36.733,33.27916667,0.038318,0.109382,13.11506,1913.17434,535.78756,0,0,0,0,0,0,0,0,0,0,1,0,0,0,0,0,0,0,0,0,0,0,0,0,0,0,0,0,0,0,0,0,0,0,0,0,0,0,0,0
2516,떡범벅,96.7,136.045,2.73826,1.71869,28.27538,1.3524,11.187,0.32837,265.204,32.24758334,0.03451,0.088032,1.8928,391.79191,161.97731,0,0,0,0,0,0,0,0,0,0,1,0,0,0,0,0,0,0,0,0,0,0,0,0,0,0,0,0,0,0,0,0,0,0,0,0,0,0,0,0
2517,맛살어묵볶음,81.5,111.475,6.89878,3.62237,13.16084,0.7014,57.403,0.48167,540.476,44.75608334,0.012642,0.088102,2.6649,1275.76721,264.42715,0,0,0,0,0,0,0,0,0,0,1,0,0,0,0,0,0,0,0,0,0,0,0,0,0,0,0,0,0,0,0,0,0,0,0,0,0,0,0,0
2518,매콤어묵볶음,77.6,116.94,5.28648,5.08286,12.98336,0.8041,26.074,0.36763,397.273,50.73741667,0.015982,0.069403,14.79936,1590.65752,424.16335,0,0,0,0,0,0,0,0,0,0,1,0,0,0,0,0,0,0,0,0,0,0,0,0,0,0,0,0,0,0,0,0,0,0,0,0,0,0,0,0
2519,메추리알브로콜리볶음,87.2,95.666,6.37941,5.97939,3.83983,0.9035,41.941,1.47747,123.026,63.07275,0.088654,0.304552,7.73076,901.21064,185.47415,0,0,0,0,0,0,0,0,0,0,1,0,0,0,0,0,0,0,0,0,0,0,0,0,0,0,0,0,0,0,0,0,0,0,0,0,0,0,0,0
2520,메추리알피망볶음,88.6,94.546,5.96445,5.95195,3.89023,0.7789,36.327,1.40467,122.62,68.86875,0.094156,0.296698,10.74426,898.53566,176.17787,0,0,0,0,0,0,0,0,0,0,1,0,0,0,0,0,0,0,0,0,0,0,0,0,0,0,0,0,0,0,0,0,0,0,0,0,0,0,0,0
2521,멸치땅콩볶음,23.1,91.623,6.73974,6.28985,2.25512,0.9492,74.536,0.34531,363.699,0.023333333,0.03024,0.052486,0,1661.64334,324.35312,0,0,0,0,0,0,0,0,0,0,1,0,0,0,0,0,0,0,0,0,0,0,0,0,0,0,0,0,0,0,0,0,0,0,0,0,0,0,0,0
2522,멸치새송이버섯볶음,44.1,61.103,5.80314,3.35475,2.94392,0.8232,70.406,0.23681,365.029,0,0.01365,0.110446,0,583.78544,322.20692,0,0,0,0,0,0,0,0,0,0,1,0,0,0,0,0,0,0,0,0,0,0,0,0,0,0,0,0,0,0,0,0,0,0,0,0,0,0,0,0
2523,멸치파프리카볶음,30.1,58.023,5.07164,3.32605,1.62932,0.1232,71.106,0.24731,363.769,3.050833334,0.00819,0.048706,17.7625,561.62204,324.25862,0,0,0,0,0,0,0,0,0,0,1,0,0,0,0,0,0,0,0,0,0,0,0,0,0,0,0,0,0,0,0,0,0,0,0,0,0,0,0,0
2524,무나물볶음,49.6,10.781,0.34169,0.3881,1.6953,0.3114,12.301,0.10086,36.589,0.167166667,0.029373,0.013708,3.60846,155.13643,6.58062,0,0,0,0,0,0,0,0,0,0,1,0,0,0,0,0,0,0,0,0,0,0,0,0,0,0,0,0,0,0,0,0,0,0,0,0,0,0,0,0
2525,버섯달걀볶음,101,111.927,7.86936,6.9971,4.9579,1.029,32.829,1.31386,109.551,76.22933333,0.06346,0.32859,1.1816,1196.42992,337.97988,0,0,0,0,0,0,0,0,0,0,1,0,0,0,0,0,0,0,0,0,0,0,0,0,0,0,0,0,0,0,0,0,0,0,0,0,0,0,0,0
2526,베이컨감자볶음,101,135.097,5.54956,7.6257,10.9947,1.631,8.399,0.56346,217.981,1.381833334,0.1028,0.04621,34.3728,1075.98792,352.48948,0,0,0,0,0,0,0,0,0,0,1,0,0,0,0,0,0,0,0,0,0,0,0,0,0,0,0,0,0,0,0,0,0,0,0,0,0,0,0,0
2527,베이컨감자채볶음,101,136.287,5.55096,7.6278,11.2768,1.848,9.239,0.49206,219.171,32.47933334,0.10119,0.04985,23.2442,1081.79932,353.04248,0,0,0,0,0,0,0,0,0,0,1,0,0,0,0,0,0,0,0,0,0,0,0,0,0,0,0,0,0,0,0,0,0,0,0,0,0,0,0,0
2528,베이컨애호박볶음,73,105.277,4.71656,7.6271,4.379,0.917,8.399,0.22956,218.821,37.216,0.07802,0.0523,18.4233,1081.42762,361.26678,0,0,0,0,0,0,0,0,0,0,1,0,0,0,0,0,0,0,0,0,0,0,0,0,0,0,0,0,0,0,0,0,0,0,0,0,0,0,0,0
2529,베이컨채소볶음,66,103.177,4.73336,7.6418,4.0388,0.588,6.929,0.40036,220.361,33.60516667,0.07844,0.05111,29.4686,1085.13692,355.70528,0,0,0,0,0,0,0,0,0,0,1,0,0,0,0,0,0,0,0,0,0,0,0,0,0,0,0,0,0,0,0,0,0,0,0,0,0,0,0,0
2530,베이컨파프리카볶음,73,105.137,4.67946,7.6327,4.3755,0.658,6.999,0.31916,219.241,36.39933334,0.07634,0.05027,43.2747,1085.42182,355.89708,0,0,0,0,0,0,0,0,0,0,1,0,0,0,0,0,0,0,0,0,0,0,0,0,0,0,0,0,0,0,0,0,0,0,0,0,0,0,0,0
2531,베이컨팽이버섯볶음,80,106.887,5.03786,7.6684,5.352,1.211,7.419,0.46756,220.431,32.53766667,0.08719,0.07694,18.5402,1102.74052,363.15888,0,0,0,0,0,0,0,0,0,0,1,0,0,0,0,0,0,0,0,0,0,0,0,0,0,0,0,0,0,0,0,0,0,0,0,0,0,0,0,0
2532,볼어묵볶음,90,112.298,5.48089,5.02459,11.70559,0.6977,28.305,0.51287,431.222,45.21108334,0.01542,0.069548,20.89846,1555.0392,420.39779,0,0,0,0,0,0,0,0,0,0,1,0,0,0,0,0,0,0,0,0,0,0,0,0,0,0,0,0,0,0,0,0,0,0,0,0,0,0,0,0
2533,부추달걀볶음,80.2,101.759,7.46088,5.93727,3.88262,0,38.907,1.83483,109.273,77.37841667,0.06902,0.27993,1.47,1014.28151,173.64135,0,0,0,0,0,0,0,0,0,0,1,0,0,0,0,0,0,0,0,0,0,0,0,0,0,0,0,0,0,0,0,0,0,0,0,0,0,0,0,0
2534,부추잡채볶음,70.4,75.744,7.60651,2.81903,4.82053,0.4807,13.661,0.95891,148.016,33.65175,0.10908,0.124554,1.89206,530.83994,166.97875,0,0,0,0,0,0,0,0,0,0,1,0,0,0,0,0,0,0,0,0,0,0,0,0,0,0,0,0,0,0,0,0,0,0,0,0,0,0,0,0
2535,북어볶음,44.1,62.673,7.35999,2.07869,3.40075,0.4415,33.39,0.52517,124.396,1.26075,0.025102,0.055662,3.11146,404.70694,160.52125,0,0,0,0,0,0,0,0,0,0,1,0,0,0,0,0,0,0,0,0,0,0,0,0,0,0,0,0,0,0,0,0,0,0,0,0,0,0,0,0
2536,브로콜리달걀볶음,101,115.707,8.27186,7.0111,4.6331,1.302,45.849,1.36846,108.291,85.411,0.05765,0.32292,12.2514,1178.64292,356.62508,0,0,0,0,0,0,0,0,0,0,1,0,0,0,0,0,0,0,0,0,0,0,0,0,0,0,0,0,0,0,0,0,0,0,0,0,0,0,0,0
2537,비엔나도라지볶음,65.9,140.42,6.67086,9.9176,5.8051,0.63,18.198,0.37176,343.095,32.64333334,0.12817,0.06006,15.2992,1640.76402,394.08348,0,0,0,0,0,0,0,0,0,0,1,0,0,0,0,0,0,0,0,0,0,0,0,0,0,0,0,0,0,0,0,0,0,0,0,0,0,0,0,0
2538,비엔나소시지볶음,65.8,145.95,6.67646,9.9155,7.1106,0.616,16.758,0.35826,383.698,35.29166667,0.1295,0.06503,15.5806,1639.78612,393.70688,0,0,0,0,0,0,0,0,0,0,1,0,0,0,0,0,0,0,0,0,0,0,0,0,0,0,0,0,0,0,0,0,0,0,0,0,0,0,0,0
2539,비엔나잔멸치볶음,50.7,132.727,10.41026,8.12925,3.77328,0.0224,80.783,0.41419,686.538,0.35275,0.105756,0.098434,11.935,1303.20693,228.74899,0,0,0,0,0,0,0,0,0,0,1,0,0,0,0,0,0,0,0,0,0,0,0,0,0,0,0,0,0,0,0,0,0,0,0,0,0,0,0,0
2540,비엔나채소볶음,88.2,151.55,6.86462,9.9435,8.49604,0.9408,18.214,0.4333,383.698,39.81833334,0.13286,0.087542,38.2438,1651.40164,399.81536,0,0,0,0,0,0,0,0,0,0,1,0,0,0,0,0,0,0,0,0,0,0,0,0,0,0,0,0,0,0,0,0,0,0,0,0,0,0,0,0
2541,비엔나토마토볶음,128.9,154,7.25186,10.0009,9.1035,1.806,22.398,0.60836,346.385,74.25833334,0.14308,0.11641,22.904,1679.56992,398.61388,0,0,0,0,0,0,0,0,0,0,1,0,0,0,0,0,0,0,0,0,0,0,0,0,0,0,0,0,0,0,0,0,0,0,0,0,0,0,0,0
2542,비엔나피망볶음,79.8,149.45,6.82136,9.9246,7.9716,0.945,18.368,0.41776,383.838,41.80166667,0.13727,0.07889,21.2926,1642.08982,396.05258,0,0,0,0,0,0,0,0,0,0,1,0,0,0,0,0,0,0,0,0,0,0,0,0,0,0,0,0,0,0,0,0,0,0,0,0,0,0,0,0
2543,사각어묵볶음,90.2,114.504,5.60625,5.02063,12.24119,0.9913,33.291,0.44031,431.926,43.42608334,0.015236,0.07031,4.57858,1553.71996,422.88489,0,0,0,0,0,0,0,0,0,0,1,0,0,0,0,0,0,0,0,0,0,0,0,0,0,0,0,0,0,0,0,0,0,0,0,0,0,0,0,0
2544,새우살볶음,87,86.937,11.68786,3.3326,1.9948,0.672,49.979,1.58406,187.111,33.751,0.00991,0.06651,3.6365,563.37442,322.01148,0,0,0,0,0,0,0,0,0,0,1,0,0,0,0,0,0,0,0,0,0,0,0,0,0,0,0,0,0,0,0,0,0,0,0,0,0,0,0,0
2545,소고기잡채,94.8,182.518,6.72313,9.77081,17.20611,1.0589,30.505,1.92915,229.83,68.14975001,0.041452,0.26772,8.12268,377.83504,12.42075,0,0,0,0,0,0,0,0,0,0,1,0,0,0,0,0,0,0,0,0,0,0,0,0,0,0,0,0,0,0,0,0,0,0,0,0,0,0,0,0
2546,소시지브로콜리볶음,86.8,152.67,7.32326,9.9575,8.4378,1.267,24.948,0.52626,384.328,39.91166667,0.13643,0.09506,21.7063,1646.14702,406.75628,0,0,0,0,0,0,0,0,0,0,1,0,0,0,0,0,0,0,0,0,0,0,0,0,0,0,0,0,0,0,0,0,0,0,0,0,0,0,0,0
2547,소시지파프리카볶음,79.8,149.45,6.79406,9.933,7.9765,0.819,17.668,0.40516,383.698,38.12083334,0.1316,0.0791,29.7451,1647.04582,397.52468,0,0,0,0,0,0,0,0,0,0,1,0,0,0,0,0,0,0,0,0,0,0,0,0,0,0,0,0,0,0,0,0,0,0,0,0,0,0,0,0
2548,소시지채소볶음,75.7,133.403,6.83147,8.53508,7.17841,0.7663,21.022,0.46296,355.532,35.48416667,0.1312,0.068638,18.57222,1362.65541,237.57664,0,0,0,0,0,0,0,0,0,0,1,0,0,0,0,0,0,0,0,0,0,0,0,0,0,0,0,0,0,0,0,0,0,0,0,0,0,0,0,0
2549,소시지케첩볶음,91.7,139.489,6.92468,8.53279,8.76568,1.1494,19.838,0.46235,354.361,44.646,0.143654,0.088326,24.87716,1366.785,239.04006,0,0,0,0,0,0,0,0,0,0,1,0,0,0,0,0,0,0,0,0,0,0,0,0,0,0,0,0,0,0,0,0,0,0,0,0,0,0,0,0
2550,소시지피망볶음,86.8,156.8,6.96626,9.9757,9.5431,1.036,18.508,0.44226,398.258,41.88333334,0.13727,0.08715,21.6251,1659.82432,397.07738,0,0,0,0,0,0,0,0,0,0,1,0,0,0,0,0,0,0,0,0,0,0,0,0,0,0,0,0,0,0,0,0,0,0,0,0,0,0,0,0
2551,시금치프리타타,115,102.897,8.02756,5.1484,6.7982,1.337,41.089,1.66246,122.501,122.1493333,0.06822,0.27084,16.8763,882.73262,328.97788,0,0,0,0,0,0,0,0,0,0,1,0,0,0,0,0,0,0,0,0,0,0,0,0,0,0,0,0,0,0,0,0,0,0,0,0,0,0,0,0
2552,아몬드진미채볶음,24.1,95.921,5.75036,6.81577,3.26144,1.0374,29.865,0.87045,271.956,0.101916667,0.012082,0.168462,0,1582.89137,320.26979,0,0,0,0,0,0,0,0,0,0,1,0,0,0,0,0,0,0,0,0,0,0,0,0,0,0,0,0,0,0,0,0,0,0,0,0,0,0,0,0
2553,안매운참치김치볶음,101.9,127.887,16.81469,4.48662,4.21917,0.4747,27.478,4.73685,517.259,35.52883334,0.033308,0.073506,2.7846,427.74556,160.94826,0,0,0,0,0,0,0,0,0,0,1,0,0,0,0,0,0,0,0,0,0,0,0,0,0,0,0,0,0,0,0,0,0,0,0,0,0,0,0,0
2554,양파달걀볶음,108,115.777,7.44866,6.953,5.2764,0.931,37.449,1.13606,109.901,108.4176667,0.06108,0.27182,2.681,1179.04052,331.48248,0,0,0,0,0,0,0,0,0,0,1,0,0,0,0,0,0,0,0,0,0,0,0,0,0,0,0,0,0,0,0,0,0,0,0,0,0,0,0,0
2555,어묵당근볶음,74.5,96.915,5.35458,3.61747,11.07554,0.7014,27.583,0.40327,432.186,75.43941667,0.010122,0.068432,1.6044,1279.45831,260.63035,0,0,0,0,0,0,0,0,0,0,1,0,0,0,0,0,0,0,0,0,0,0,0,0,0,0,0,0,0,0,0,0,0,0,0,0,0,0,0,0
2556,어묵맛살볶음,81.4,103.118,6.06951,3.0574,13.27757,0.8056,55.434,0.43792,424.757,42.92858334,0.015058,0.071542,3.08836,1026.10234,246.50235,0,0,0,0,0,0,0,0,0,0,1,0,0,0,0,0,0,0,0,0,0,0,0,0,0,0,0,0,0,0,0,0,0,0,0,0,0,0,0,0
2557,어묵버섯볶음,81.5,96.985,5.86068,3.63287,11.57184,0.8764,24.643,0.44387,430.226,11.08608333,0.012922,0.114352,1.1816,1287.19331,259.52435,0,0,0,0,0,0,0,0,0,0,1,0,0,0,0,0,0,0,0,0,0,0,0,0,0,0,0,0,0,0,0,0,0,0,0,0,0,0,0,0
2558,어묵볶음,88.5,99.575,5.78228,3.63357,12.03804,1.0094,27.233,0.45087,431.626,43.27441667,0.015302,0.101262,1.8046,1287.77011,260.14455,0,0,0,0,0,0,0,0,0,0,1,0,0,0,0,0,0,0,0,0,0,0,0,0,0,0,0,0,0,0,0,0,0,0,0,0,0,0,0,0
2559,어묵잡채,64.6,84.582,2.25759,0.71233,17.89764,1.1556,26.692,0.87143,168.466,37.03108334,0.012069,0.056324,2.56126,323.98848,34.71861,0,0,0,0,0,0,0,0,0,0,1,0,0,0,0,0,0,0,0,0,0,0,0,0,0,0,0,0,0,0,0,0,0,0,0,0,0,0,0,0
2560,어묵채소볶음,88.5,100.345,5.59888,3.62867,11.89034,1.0234,28.843,0.43057,429.806,47.59691667,0.012992,0.086142,17.241,1284.24491,268.31215,0,0,0,0,0,0,0,0,0,0,1,0,0,0,0,0,0,0,0,0,0,0,0,0,0,0,0,0,0,0,0,0,0,0,0,0,0,0,0,0
2561,어묵파프리카볶음,89.9,100.205,5.45384,3.62517,11.96748,0.9282,26.659,0.40271,429.596,47.75441667,0.011942,0.084574,23.6978,1286.48043,266.25303,0,0,0,0,0,0,0,0,0,0,1,0,0,0,0,0,0,0,0,0,0,0,0,0,0,0,0,0,0,0,0,0,0,0,0,0,0,0,0,0
2562,어묵피망볶음,81.5,98.105,5.41058,3.60627,11.44304,0.9324,26.813,0.38717,429.736,49.73775,0.016352,0.075922,6.7466,1277.16861,262.49025,0,0,0,0,0,0,0,0,0,0,1,0,0,0,0,0,0,0,0,0,0,0,0,0,0,0,0,0,0,0,0,0,0,0,0,0,0,0,0,0
2563,잡채,105,199.276,8.99556,10.9697,15.81958,0.9926,28.238,1.58312,228.914,66.86750001,0.340228,0.244608,9.5781,3641.16312,363.88968,0,0,0,0,0,0,0,0,0,0,1,0,0,0,0,0,0,0,0,0,0,0,0,0,0,0,0,0,0,0,0,0,0,0,0,0,0,0,0,0
2564,쥐어채볶음,21.6,59.386,4.94491,2.09947,5.02121,0.1249,22.06,0.75102,202.004,5.1335,0.010128,0.040422,0.9583,458.92986,163.59988,0,0,0,0,0,0,0,0,0,0,1,0,0,0,0,0,0,0,0,0,0,0,0,0,0,0,0,0,0,0,0,0,0,0,0,0,0,0,0,0
2565,쪽파잔멸치볶음,21.1,43.215,5.00174,1.92197,1.17619,0.0859,74.705,0.30294,329.856,5.1275,0.004955,0.036844,0.97016,284.69951,166.71578,0,0,0,0,0,0,0,0,0,0,1,0,0,0,0,0,0,0,0,0,0,0,0,0,0,0,0,0,0,0,0,0,0,0,0,0,0,0,0,0
2566,참치감자볶음,68.1,90.276,9.06674,3.23338,5.85277,0.9047,14.401,2.55879,305.674,1.618583333,0.030039,0.065268,3.27432,407.48952,162.35385,0,0,0,0,0,0,0,0,0,0,1,0,0,0,0,0,0,0,0,0,0,0,0,0,0,0,0,0,0,0,0,0,0,0,0,0,0,0,0,0
2567,참치김치볶음,101.2,127.166,16.75064,4.48662,4.10339,0.4691,27.303,4.72544,483.778,35.52883334,0.033035,0.062138,2.7846,427.74556,160.94826,0,0,0,0,0,0,0,0,0,0,1,0,0,0,0,0,0,0,0,0,0,0,0,0,0,0,0,0,0,0,0,0,0,0,0,0,0,0,0,0
2568,참치볶음,82.6,108.654,12.75876,4.844,2.88512,0.6804,14.238,3.5049,471.982,35.02916667,0.019082,0.090622,15.1991,568.51382,321.47948,0,0,0,0,0,0,0,0,0,0,1,0,0,0,0,0,0,0,0,0,0,0,0,0,0,0,0,0,0,0,0,0,0,0,0,0,0,0,0,0
2569,참치파프리카볶음,62.2,75.687,8.69041,3.24794,2.63579,0.3255,13.822,2.57854,291.717,6.499916667,0.02141,0.070532,28.75152,410.89712,165.12137,0,0,0,0,0,0,0,0,0,0,1,0,0,0,0,0,0,0,0,0,0,0,0,0,0,0,0,0,0,0,0,0,0,0,0,0,0,0,0,0
2570,토마토달걀볶음,129.7,122.476,7.67826,7.01817,6.89242,1.47,36.497,1.29237,110.538,117.821,0.05919,0.327918,7.959,1209.20912,335.43328,0,0,0,0,0,0,0,0,0,0,1,0,0,0,0,0,0,0,0,0,0,0,0,0,0,0,0,0,0,0,0,0,0,0,0,0,0,0,0,0
2571,(우유제외)토마토스크램블에그,143,129.567,8.29426,7.5221,6.8507,1.47,38.849,1.38946,129.431,117.821,0.06479,0.32936,7.959,1209.20912,335.43328,0,0,0,0,0,0,0,0,0,0,1,0,0,0,0,0,0,0,0,0,0,0,0,0,0,0,0,0,0,0,0,0,0,0,0,0,0,0,0,0
2572,토마토스크램블에그,143,128.867,8.10946,7.4829,6.9669,1.47,52.289,1.29846,115.571,125.521,0.06213,0.34644,8.0696,1219.53832,336.49728,0,0,0,0,0,0,0,0,0,0,1,0,0,0,0,0,0,0,0,0,0,0,0,0,0,0,0,0,0,0,0,0,0,0,0,0,0,0,0,0
2573,(우유제외)파프리카달걀볶음,102.4,115.203,7.6175,7.20934,4.2453,0.3836,34.887,1.28866,117.573,79.293,0.060002,0.274256,31.3544,1174.13744,333.48644,0,0,0,0,0,0,0,0,0,0,1,0,0,0,0,0,0,0,0,0,0,0,0,0,0,0,0,0,0,0,0,0,0,0,0,0,0,0,0,0
2574,파프리카달걀볶음,102.4,114.853,7.5251,7.18974,4.3034,0.3836,41.607,1.24316,110.643,83.143,0.058672,0.282796,31.4097,1179.30204,334.01844,0,0,0,0,0,0,0,0,0,0,1,0,0,0,0,0,0,0,0,0,0,0,0,0,0,0,0,0,0,0,0,0,0,0,0,0,0,0,0,0
2575,파프리카스크램블에그,95.4,111.647,7.29942,6.9607,4.29934,0.5628,33.025,1.1355,107.451,80.721,0.05205,0.286912,23.4864,1179.97264,336.76916,0,0,0,0,0,0,0,0,0,0,1,0,0,0,0,0,0,0,0,0,0,0,0,0,0,0,0,0,0,0,0,0,0,0,0,0,0,0,0,0
2576,피망어묵볶음,82.2,97.686,5.33115,3.44868,11.86539,0.919,26.525,0.38416,361.22,21.46633333,0.01839,0.06023,9.97426,1207.68621,262.44804,0,0,0,0,0,0,0,0,0,0,1,0,0,0,0,0,0,0,0,0,0,0,0,0,0,0,0,0,0,0,0,0,0,0,0,0,0,0,0,0
2577,햄채소볶음,88.3,92.075,7.40939,4.60472,5.14211,0.7985,10.676,0.6269,489.652,36.79083334,0.057644,0.138162,40.59086,567.07965,324.06318,0,0,0,0,0,0,0,0,0,0,1,0,0,0,0,0,0,0,0,0,0,0,0,0,0,0,0,0,0,0,0,0,0,0,0,0,0,0,0,0
2578,호두멸치볶음,23.9,97.339,6.04708,6.99639,3.16987,0.4943,76.328,0.30781,363.54,0.15275,0.006841,0.05616,0,3201.08173,966.18859,0,0,0,0,0,0,0,0,0,0,1,0,0,0,0,0,0,0,0,0,0,0,0,0,0,0,0,0,0,0,0,0,0,0,0,0,0,0,0,0
2579,깻잎동태포전,79.8,108.29,9.76836,4.1783,7.1316,0.987,70.098,0.65926,106.778,111.0783333,0.11025,0.16786,0.3941,754.14402,357.06118,0,0,0,0,0,0,0,0,0,0,1,0,0,0,0,0,0,0,0,0,0,0,0,0,0,0,0,0,0,0,0,0,0,0,0,0,0,0,0,0
2580,깻잎육전,86.8,224.35,9.73616,14.5999,12.6812,1.547,74.928,1.55386,142.968,152.8275,0.09401,0.40789,0.9107,920.26732,385.77798,0,0,0,0,0,0,0,0,0,0,1,0,0,0,0,0,0,0,0,0,0,0,0,0,0,0,0,0,0,0,0,0,0,0,0,0,0,0,0,0
2581,꼬막파전,100.9,147.14,7.12726,4.1468,19.2283,1.253,47.248,2.44236,54.205,74.8125,0.06482,0.15785,4.5752,838.52342,337.22178,0,0,0,0,0,0,0,0,0,0,1,0,0,0,0,0,0,0,0,0,0,0,0,0,0,0,0,0,0,0,0,0,0,0,0,0,0,0,0,0
2582,달래전,68.9,83.328,3.12662,3.97334,8.63114,1.4098,30.43,1.3222,178.603,91.21233334,0.040656,0.159446,0.70826,772.09398,341.46588,0,0,0,0,0,0,0,0,0,0,1,0,0,0,0,0,0,0,0,0,0,0,0,0,0,0,0,0,0,0,0,0,0,0,0,0,0,0,0,0
2583,대구살쑥갓전,79.8,109.2,10.88836,4.046,6.2216,0.511,36.988,0.57596,93.688,57.54,0.07112,0.20692,1.8767,749.47362,334.53448,0,0,0,0,0,0,0,0,0,0,1,0,0,0,0,0,0,0,0,0,0,0,0,0,0,0,0,0,0,0,0,0,0,0,0,0,0,0,0,0
2584,대구전,66,107.937,10.66726,4.0284,6.0373,0.189,23.519,0.49556,52.081,28.711,0.0727,0.13476,0.4319,744.41262,322.75698,0,0,0,0,0,0,0,0,0,0,1,0,0,0,0,0,0,0,0,0,0,0,0,0,0,0,0,0,0,0,0,0,0,0,0,0,0,0,0,0
2585,동그랑땡전,96.6,140.938,13.30252,5.87874,7.50204,0.9198,21.49,0.8869,38.962,33.194,0.397166,0.220836,1.02886,1277.31618,387.45658,0,0,0,0,0,0,0,0,0,0,1,0,0,0,0,0,0,0,0,0,0,0,0,0,0,0,0,0,0,0,0,0,0,0,0,0,0,0,0,0
2586,동태살쑥갓전,79.8,103.32,9.37636,4.13,6.1376,0.511,42.448,0.49196,181.888,51.66,0.06272,0.16912,1.4567,749.47362,334.53448,0,0,0,0,0,0,0,0,0,0,1,0,0,0,0,0,0,0,0,0,0,0,0,0,0,0,0,0,0,0,0,0,0,0,0,0,0,0,0,0
2587,동태살전,65.8,101.22,9.10616,4.1062,5.8086,0.175,29.708,0.38136,161.588,22.82,0.05866,0.1568,0.0007,743.83162,322.78568,0,0,0,0,0,0,0,0,0,0,1,0,0,0,0,0,0,0,0,0,0,0,0,0,0,0,0,0,0,0,0,0,0,0,0,0,0,0,0,0
2588,동태전,56.2,81.743,7.97226,3.56696,3.52164,0.105,25.493,0.25882,164.053,13.311,0.051014,0.099494,0.00042,652.1788,320.12232,0,0,0,0,0,0,0,0,0,0,1,0,0,0,0,0,0,0,0,0,0,0,0,0,0,0,0,0,0,0,0,0,0,0,0,0,0,0,0,0
2589,동태포전,65.8,101.22,9.10616,4.1062,5.8086,0.175,29.708,0.38136,161.588,22.82,0.05866,0.1568,0.0007,743.83162,322.78568,0,0,0,0,0,0,0,0,0,0,1,0,0,0,0,0,0,0,0,0,0,0,0,0,0,0,0,0,0,0,0,0,0,0,0,0,0,0,0,0
2590,매생이육전,86.8,222.67,9.61436,15.1858,12.5342,1.715,31.878,4.99576,164.598,20.44,0.02492,0.30751,0.3374,911.29822,368.42568,0,0,0,0,0,0,0,0,0,0,1,0,0,0,0,0,0,0,0,0,0,0,0,0,0,0,0,0,0,0,0,0,0,0,0,0,0,0,0,0
2591,봄동해물전,93.8,104.72,7.33236,4.2882,8.7241,1.197,58.618,2.21886,113.778,67.445,0.04543,0.18515,6.3441,755.56992,342.84698,0,0,0,0,0,0,0,0,0,0,1,0,0,0,0,0,0,0,0,0,0,0,0,0,0,0,0,0,0,0,0,0,0,0,0,0,0,0,0,0
2592,새우채소전,87.2,136.077,10.49506,4.3098,12.5676,0.791,44.809,1.50816,215.665,56.36683334,0.04071,0.11614,1.9551,792.78892,328.76788,0,0,0,0,0,0,0,0,0,0,1,0,0,0,0,0,0,0,0,0,0,0,0,0,0,0,0,0,0,0,0,0,0,0,0,0,0,0,0,0
2593,소고기동그랑땡전,89.6,192.99,9.26828,15.04888,4.33972,0.9366,21.504,1.3552,34.916,52.64,0.029918,0.209342,1.37536,1188.00654,385.37996,0,0,0,0,0,0,0,0,0,0,1,0,0,0,0,0,0,0,0,0,0,0,0,0,0,0,0,0,0,0,0,0,0,0,0,0,0,0,0,0
2594,소고기완자전,88.3,206.416,9.6075,15.08444,7.04088,0.9436,22.174,1.37472,122.693,40.45066667,0.02821,0.269584,1.77898,1207.29672,386.73558,0,0,0,0,0,0,0,0,0,0,1,0,0,0,0,0,0,0,0,0,0,0,0,0,0,0,0,0,0,0,0,0,0,0,0,0,0,0,0,0
2595,소고기육전,58.8,188.72,8.11356,14.4263,5.5279,0.175,10.528,1.11216,87.738,20.44,0.01918,0.23947,0.3367,868.07392,331.89828,0,0,0,0,0,0,0,0,0,0,1,0,0,0,0,0,0,0,0,0,0,0,0,0,0,0,0,0,0,0,0,0,0,0,0,0,0,0,0,0
2596,소고기육전(찹쌀가루),59,189.557,7.88966,14.4017,6.0534,0.056,9.309,1.09616,66.571,20.451,0.01803,0.17963,0.336,846.93042,330.08388,0,0,0,0,0,0,0,0,0,0,1,0,0,0,0,0,0,0,0,0,0,0,0,0,0,0,0,0,0,0,0,0,0,0,0,0,0,0,0,0
2597,소고기전,72.1,86.52,11.32992,3.56055,1.4392,0.336,10.031,0.28917,45.801,51.64833334,0.06636,0.15477,0.623,575.01304,241.73891,0,0,0,0,0,0,0,0,0,0,1,0,0,0,0,0,0,0,0,0,0,0,0,0,0,0,0,0,0,0,0,0,0,0,0,0,0,0,0,0
2598,소시지전,58.8,98.56,8.46216,5.5916,2.8322,0,9.828,0.63476,438.368,19.04,0.05292,0.15386,19.74,706.23532,320.36228,0,0,0,0,0,0,0,0,0,0,1,0,0,0,0,0,0,0,0,0,0,0,0,0,0,0,0,0,0,0,0,0,0,0,0,0,0,0,0,0
2599,스팸깻잎전,72.8,147.98,8.49086,8.0038,9.8616,0.987,52.388,0.81676,290.878,109.0483333,0.0959,0.18466,8.4056,1451.67302,392.40768,0,0,0,0,0,0,0,0,0,0,1,0,0,0,0,0,0,0,0,0,0,0,0,0,0,0,0,0,0,0,0,0,0,0,0,0,0,0,0,0
2600,오징어완자(수제),81.4,114.993,10.575,4.52806,6.91356,0.4382,16.673,0.57172,136.963,38.67316667,0.054024,0.082694,0.76034,749.95746,323.32398,0,0,0,0,0,0,0,0,0,0,1,0,0,0,0,0,0,0,0,0,0,0,0,0,0,0,0,0,0,0,0,0,0,0,0,0,0,0,0,0
2601,오징어완자전,81.4,115.035,10.57416,4.52176,6.94296,0.5054,16.505,0.46336,136.837,39.33816667,0.050076,0.083282,0.69944,751.92978,324.37356,0,0,0,0,0,0,0,0,0,0,1,0,0,0,0,0,0,0,0,0,0,0,0,0,0,0,0,0,0,0,0,0,0,0,0,0,0,0,0,0
2602,오징어채소완자전,86.9,123.2,7.97566,3.9067,13.1285,0.917,14.768,0.60206,100.685,45.045,0.06034,0.06657,15.1613,720.82472,328.00768,0,0,0,0,0,0,0,0,0,0,1,0,0,0,0,0,0,0,0,0,0,0,0,0,0,0,0,0,0,0,0,0,0,0,0,0,0,0,0,0
2603,오징어치즈전,63.1,115.78,10.2256,2.6523,11.4562,0.378,53.73,0.2977,177.517,15.09666667,0.04963,0.05509,0.0287,168.9471,16.674,0,0,0,0,0,0,0,0,0,0,1,0,0,0,0,0,0,0,0,0,0,0,0,0,0,0,0,0,0,0,0,0,0,0,0,0,0,0,0,0
2604,완자전,86.9,129.85,9.22656,6.4757,7.8218,0.847,20.158,0.89466,68.345,52.8675,0.18928,0.12187,1.6989,1267.90412,365.75588,0,0,0,0,0,0,0,0,0,0,1,0,0,0,0,0,0,0,0,0,0,0,0,0,0,0,0,0,0,0,0,0,0,0,0,0,0,0,0,0
2605,참치깻잎전,91,150.22,16.83654,6.26892,5.42808,0.8484,41.762,4.37472,412.3,95.3575,0.055552,0.136738,0.82124,741.0368,339.5714,0,0,0,0,0,0,0,0,0,0,1,0,0,0,0,0,0,0,0,0,0,0,0,0,0,0,0,0,0,0,0,0,0,0,0,0,0,0,0,0
2606,참치옥수수전,98,161.63,16.81414,6.33612,7.94878,0.6314,21.322,4.29002,441.07,51.39166667,0.032522,0.117698,1.29514,771.6401,324.4689,0,0,0,0,0,0,0,0,0,0,1,0,0,0,0,0,0,0,0,0,0,0,0,0,0,0,0,0,0,0,0,0,0,0,0,0,0,0,0,0
2607,참치치즈전,65.8,159.81,13.21236,8.2243,6.7928,0.189,102.018,2.56046,372.358,30.19333333,0.03605,0.10794,0.0217,774.96902,342.85818,0,0,0,0,0,0,0,0,0,0,1,0,0,0,0,0,0,0,0,0,0,0,0,0,0,0,0,0,0,0,0,0,0,0,0,0,0,0,0,0
2608,카레두부버섯전,73.1,112.448,4.8594,5.37684,11.8174,1.6436,31.27,1.09064,103.325,0.959,0.042,0.104692,0.28056,1559.76856,479.85196,0,0,0,0,0,0,0,0,0,0,1,0,0,0,0,0,0,0,0,0,0,0,0,0,0,0,0,0,0,0,0,0,0,0,0,0,0,0,0,0
2609,카레해물영양전,105,165.942,12.16306,5.7078,15.6051,1.106,60.018,2.86706,141.078,51.88283334,0.05369,0.20965,1.1956,1123.32892,380.11638,0,0,0,0,0,0,0,0,0,0,1,0,0,0,0,0,0,0,0,0,0,0,0,0,0,0,0,0,0,0,0,0,0,0,0,0,0,0,0,0
2610,해물김치전,84,109.158,8.82924,4.46348,7.35252,0.175,46.69,2.21452,160.636,25.59666667,0.05236,0.17024,2.1707,744.05562,322.83048,0,0,0,0,0,0,0,0,0,0,1,0,0,0,0,0,0,0,0,0,0,0,0,0,0,0,0,0,0,0,0,0,0,0,0,0,0,0,0,0
2611,해물부추전,100.8,122.92,7.41426,3.8983,13.853,0.805,29.218,1.85136,176.778,45.85,0.08043,0.23149,2.856,713.49152,324.45098,0,0,0,0,0,0,0,0,0,0,1,0,0,0,0,0,0,0,0,0,0,0,0,0,0,0,0,0,0,0,0,0,0,0,0,0,0,0,0,0
2612,해물완자전,92.4,131.516,10.55082,4.98456,10.0345,0.931,48.398,2.11498,86.674,51.22833334,0.04165,0.13447,1.0689,1085.81186,377.72574,0,0,0,0,0,0,0,0,0,0,1,0,0,0,0,0,0,0,0,0,0,0,0,0,0,0,0,0,0,0,0,0,0,0,0,0,0,0,0,0
2613,해물파전,114.8,118.93,10.20656,4.4177,8.9215,0.938,68.348,3.14216,141.078,71.75,0.04375,0.22064,5.4285,765.03742,335.51308,0,0,0,0,0,0,0,0,0,0,1,0,0,0,0,0,0,0,0,0,0,0,0,0,0,0,0,0,0,0,0,0,0,0,0,0,0,0,0,0
2614,햄참치채소전,100.9,150.5,13.14096,6.0879,9.6152,1.211,26.878,2.34716,342.745,52.605,0.10584,0.13797,6.4064,1156.55652,381.50868,0,0,0,0,0,0,0,0,0,0,1,0,0,0,0,0,0,0,0,0,0,0,0,0,0,0,0,0,0,0,0,0,0,0,0,0,0,0,0,0
2615,흰살생선전,66,102.057,9.15526,4.1124,5.9533,0.189,28.979,0.41156,140.281,22.831,0.0643,0.09696,0.0119,744.41262,322.75698,0,0,0,0,0,0,0,0,0,0,1,0,0,0,0,0,0,0,0,0,0,0,0,0,0,0,0,0,0,0,0,0,0,0,0,0,0,0,0,0
2616,부추전,72.9,98.56,3.01126,3.5658,13.209,0.686,20.718,1.43576,155.705,44.24583334,0.07798,0.18942,2.3744,711.84302,324.13528,0,0,0,0,0,0,0,0,0,0,1,0,0,0,0,0,0,0,0,0,0,0,0,0,0,0,0,0,0,0,0,0,0,0,0,0,0,0,0,0
2617,(달걀제외)부추전,82.7,114.478,2.35942,3.09414,19.06254,0.6538,20.9,1.7859,148.929,48.59983334,0.093506,0.168756,2.74736,636.53338,322.67718,0,0,0,0,0,0,0,0,0,0,1,0,0,0,0,0,0,0,0,0,0,0,0,0,0,0,0,0,0,0,0,0,0,0,0,0,0,0,0,0
2618,가래떡김치전,82.6,127.274,3.10926,3.54214,20.24176,0.847,26.124,0.4326,191.786,46.6375,0.041356,0.140476,2.50558,716.13374,323.72074,0,0,0,0,0,0,0,0,0,0,1,0,0,0,0,0,0,0,0,0,0,0,0,0,0,0,0,0,0,0,0,0,0,0,0,0,0,0,0,0
2619,감자부추전,79.9,86.94,2.01796,2.9554,13.0543,1.54,12.598,1.03326,36.355,33.69916667,0.07266,0.03416,5.6875,600.63682,320.69478,0,0,0,0,0,0,0,0,0,0,1,0,0,0,0,0,0,0,0,0,0,0,0,0,0,0,0,0,0,0,0,0,0,0,0,0,0,0,0,0
2620,감자전,65.9,87.668,2.63886,3.58008,10.94506,1.4364,10.288,0.49622,46.995,13.328,0.043806,0.0602,5.15704,687.42142,321.6843,0,0,0,0,0,0,0,0,0,0,1,0,0,0,0,0,0,0,0,0,0,0,0,0,0,0,0,0,0,0,0,0,0,0,0,0,0,0,0,0
2621,감자채전,86.9,129.01,3.50966,3.4741,20.3147,2.051,13.858,0.57756,153.465,9.52,0.05474,0.17332,6.6227,710.27572,324.67428,0,0,0,0,0,0,0,0,0,0,1,0,0,0,0,0,0,0,0,0,0,0,0,0,0,0,0,0,0,0,0,0,0,0,0,0,0,0,0,0
2622,감자치즈전,86.8,157.5,5.20016,5.9416,20.041,1.89,95.088,0.44436,130.648,11.15333333,0.0644,0.04228,5.9192,664.77292,342.89528,0,0,0,0,0,0,0,0,0,0,1,0,0,0,0,0,0,0,0,0,0,0,0,0,0,0,0,0,0,0,0,0,0,0,0,0,0,0,0,0
2623,건파래전,30.8,96.88,3.90936,3.4909,14.0833,0.35,53.788,1.41596,119.238,9.52,0.04494,0.19271,0.7014,704.81362,323.51508,0,0,0,0,0,0,0,0,0,0,1,0,0,0,0,0,0,0,0,0,0,0,0,0,0,0,0,0,0,0,0,0,0,0,0,0,0,0,0,0
2624,게맛살달걀부침,54.9,102.914,5.46,4.77162,9.10798,0.035,95.768,0.47072,453.899,9.7685,0.019208,0.095578,0.00014,428.00268,32.0495,0,0,0,0,0,0,0,0,0,0,1,0,0,0,0,0,0,0,0,0,0,0,0,0,0,0,0,0,0,0,0,0,0,0,0,0,0,0,0,0
2625,고구마완자전,73.1,119.77,2.94966,3.9438,17.5931,1.47,16.528,0.50306,123.079,53.13,0.04634,0.08281,4.1349,764.15402,325.21188,0,0,0,0,0,0,0,0,0,0,1,0,0,0,0,0,0,0,0,0,0,0,0,0,0,0,0,0,0,0,0,0,0,0,0,0,0,0,0,0
2626,김치녹두전,84,138.404,8.66236,5.4453,13.4092,3.724,28.546,1.07086,43.624,11.00166667,0.19453,0.10549,3.3985,981.48442,372.57178,0,0,0,0,0,0,0,0,0,0,1,0,0,0,0,0,0,0,0,0,0,0,0,0,0,0,0,0,0,0,0,0,0,0,0,0,0,0,0,0
2627,김치베이컨전,72.8,129.01,6.02686,7.5474,8.351,0.175,28.308,0.60326,275.688,25.80666667,0.08869,0.16625,14.5124,1131.51262,348.59888,0,0,0,0,0,0,0,0,0,0,1,0,0,0,0,0,0,0,0,0,0,0,0,0,0,0,0,0,0,0,0,0,0,0,0,0,0,0,0,0
2628,김치전,58.8,95.69,2.70186,3.5077,12.5139,0.469,27.118,0.44996,184.408,16.08833333,0.04459,0.17388,2.373,706.03162,323.58228,0,0,0,0,0,0,0,0,0,0,1,0,0,0,0,0,0,0,0,0,0,0,0,0,0,0,0,0,0,0,0,0,0,0,0,0,0,0,0,0
2629,깻잎감자전,72.9,114.38,2.74526,2.9918,18.7439,2.1,27.578,0.52506,34.325,44.12916667,0.07497,0.05215,5.3648,638.47532,339.81738,0,0,0,0,0,0,0,0,0,0,1,0,0,0,0,0,0,0,0,0,0,0,0,0,0,0,0,0,0,0,0,0,0,0,0,0,0,0,0,0
2630,깻잎참치전,89.9,140.714,15.10558,5.96736,5.7715,1.113,60.544,3.99018,456.685,127.2588333,0.077686,0.166474,7.56714,743.09074,356.47542,0,0,0,0,0,0,0,0,0,0,1,0,0,0,0,0,0,0,0,0,0,0,0,0,0,0,0,0,0,0,0,0,0,0,0,0,0,0,0,0
2631,냉이전,54.6,79.73,2.79048,3.00818,10.89872,2.4906,82.754,5.6371,2.226,32.865,0.045178,0.135912,10.21846,624.91814,367.41726,0,0,0,0,0,0,0,0,0,0,1,0,0,0,0,0,0,0,0,0,0,0,0,0,0,0,0,0,0,0,0,0,0,0,0,0,0,0,0,0
2632,녹두전,77,135.814,8.58746,5.4208,12.957,3.843,20.496,0.97426,11.424,7.7525,0.18683,0.10115,2.9253,982.11232,373.20668,0,0,0,0,0,0,0,0,0,0,1,0,0,0,0,0,0,0,0,0,0,0,0,0,0,0,0,0,0,0,0,0,0,0,0,0,0,0,0,0
2633,느타리버섯채소전,84,73.29,3.50644,3.95612,7.82838,2.1364,9.352,0.73542,19.11,21.86916667,0.077532,0.174258,14.34804,772.2106,336.6965,0,0,0,0,0,0,0,0,0,0,1,0,0,0,0,0,0,0,0,0,0,0,0,0,0,0,0,0,0,0,0,0,0,0,0,0,0,0,0,0
2634,다시마감자채전,95.2,130.018,3.60206,3.4909,20.6675,2.051,22.47,0.77896,126.168,14.938,0.05726,0.18424,7.7987,710.27572,324.67428,0,0,0,0,0,0,0,0,0,0,1,0,0,0,0,0,0,0,0,0,0,0,0,0,0,0,0,0,0,0,0,0,0,0,0,0,0,0,0,0
2635,다진돼지고기김치전,96.6,142.814,8.63506,6.98824,10.28986,0.987,36.834,0.8673,156.366,57.61583334,0.186396,0.214186,2.32918,1441.89934,393.34974,0,0,0,0,0,0,0,0,0,0,1,0,0,0,0,0,0,0,0,0,0,0,0,0,0,0,0,0,0,0,0,0,0,0,0,0,0,0,0,0
2636,단호박전,72.9,109.2,2.03896,3.297,18.2084,3.15,11.268,0.28776,143.665,171.2666666,0.02828,0.19964,6.7942,727.99132,367.16988,0,0,0,0,0,0,0,0,0,0,1,0,0,0,0,0,0,0,0,0,0,0,0,0,0,0,0,0,0,0,0,0,0,0,0,0,0,0,0,0
2637,단호박채소전,77,88.55,2.81414,4.15492,10.38338,2.5494,15.792,0.47222,20.23,179.6783333,0.035322,0.128898,5.72474,811.0151,356.4309,0,0,0,0,0,0,0,0,0,0,1,0,0,0,0,0,0,0,0,0,0,0,0,0,0,0,0,0,0,0,0,0,0,0,0,0,0,0,0,0
2638,달래새우살전,58.8,106.82,5.53196,3.6253,12.2661,0.987,29.848,1.33406,48.608,29.855,0.04144,0.06769,0.1638,720.15692,336.83678,0,0,0,0,0,0,0,0,0,0,1,0,0,0,0,0,0,0,0,0,0,0,0,0,0,0,0,0,0,0,0,0,0,0,0,0,0,0,0,0
2639,당근옥수수콘전,86.8,157.99,4.59396,4.2651,24.1017,1.54,19.628,0.53536,245.938,115.8966667,0.03591,0.29694,1.9663,907.39642,333.39068,0,0,0,0,0,0,0,0,0,0,1,0,0,0,0,0,0,0,0,0,0,0,0,0,0,0,0,0,0,0,0,0,0,0,0,0,0,0,0,0
2640,돼지고기연근채소전,80.6,119.511,8.04867,4.67894,10.52135,1.2341,16.924,0.6211,64.789,25.76,0.106386,0.146762,11.86962,845.12463,331.01838,0,0,0,0,0,0,0,0,0,0,1,0,0,0,0,0,0,0,0,0,0,0,0,0,0,0,0,0,0,0,0,0,0,0,0,0,0,0,0,0
2641,두부달걀전,52.1,76.02,4.91176,5.2563,1.8165,1.218,30.668,0.77816,110.409,9.52,0.0189,0.10801,0,1631.65282,481.44768,0,0,0,0,0,0,0,0,0,0,1,0,0,0,0,0,0,0,0,0,0,0,0,0,0,0,0,0,0,0,0,0,0,0,0,0,0,0,0,0
2642,두부당근완자전,96.7,134.568,9.07158,6.66316,8.72858,1.96,38.344,1.02906,57.383,78.253,0.113064,0.147532,0.9975,1887.43604,493.28398,0,0,0,0,0,0,0,0,0,0,1,0,0,0,0,0,0,0,0,0,0,0,0,0,0,0,0,0,0,0,0,0,0,0,0,0,0,0,0,0
2643,두부미역전,70.1,134.778,7.21238,5.60056,14.3794,3.0912,79.546,1.13616,359.825,31.1675,0.04144,0.115612,0.0238,1721.57678,507.7289,0,0,0,0,0,0,0,0,0,0,1,0,0,0,0,0,0,0,0,0,0,0,0,0,0,0,0,0,0,0,0,0,0,0,0,0,0,0,0,0
2644,두부버섯완자전,84.3,123.452,7.1379,6.91334,8.70086,1.4756,28.148,0.67232,109.681,1.176,0.046326,0.17696,0.22764,1856.28058,435.71542,0,0,0,0,0,0,0,0,0,0,1,0,0,0,0,0,0,0,0,0,0,0,0,0,0,0,0,0,0,0,0,0,0,0,0,0,0,0,0,0
2645,두부채소전,114.8,125.02,6.95086,5.8989,10.6036,2.366,41.608,1.10166,22.288,89.06333334,0.04746,0.18011,29.1753,1773.80462,494.34518,0,0,0,0,0,0,0,0,0,0,1,0,0,0,0,0,0,0,0,0,0,0,0,0,0,0,0,0,0,0,0,0,0,0,0,0,0,0,0,0
2646,맛살꼬지전,107.8,123.06,7.41496,4.0096,15.337,1.337,90.398,0.86646,297.318,23.8875,0.05719,0.20188,0.7574,780.08462,328.00488,0,0,0,0,0,0,0,0,0,0,1,0,0,0,0,0,0,0,0,0,0,0,0,0,0,0,0,0,0,0,0,0,0,0,0,0,0,0,0,0
2647,맛살전,65.8,120.12,6.88016,3.9382,13.5786,0.175,101.108,0.63336,406.028,19.04,0.02926,0.1778,0.0007,743.83162,322.78568,0,0,0,0,0,0,0,0,0,0,1,0,0,0,0,0,0,0,0,0,0,0,0,0,0,0,0,0,0,0,0,0,0,0,0,0,0,0,0,0
2648,맛살채소전,79.9,111.65,5.68946,3.9557,12.8786,0.728,73.218,0.61256,275.615,54.0575,0.03773,0.12012,14.7994,758.70172,327.19498,0,0,0,0,0,0,0,0,0,0,1,0,0,0,0,0,0,0,0,0,0,0,0,0,0,0,0,0,0,0,0,0,0,0,0,0,0,0,0,0
2649,매생이전,37.8,85.47,2.18736,3.6239,12.2955,1.715,23.618,3.92896,131.908,0,0.01148,0.12978,0.0014,633.82732,355.92508,0,0,0,0,0,0,0,0,0,0,1,0,0,0,0,0,0,0,0,0,0,0,0,0,0,0,0,0,0,0,0,0,0,0,0,0,0,0,0,0
2650,메밀봄동전,68.6,139.79,3.38772,6.1943,17.3684,2.513,46.046,0.83482,21.266,32.515,0.07917,0.07658,9.7895,1310.64654,686.30646,0,0,0,0,0,0,0,0,0,0,1,0,0,0,0,0,0,0,0,0,0,0,0,0,0,0,0,0,0,0,0,0,0,0,0,0,0,0,0,0
2651,모듬버섯전,63,68.81,3.19704,3.96522,6.59568,1.0234,9.422,0.56882,20.23,19.04,0.044702,0.161028,0.00714,758.4325,329.1855,0,0,0,0,0,0,0,0,0,0,1,0,0,0,0,0,0,0,0,0,0,0,0,0,0,0,0,0,0,0,0,0,0,0,0,0,0,0,0,0
2652,물파래옥수수전,51.8,94.29,2.12016,3.0667,14.3381,0.973,16.338,0.99596,164.528,0.163333333,0.07238,0.1694,8.2264,664.55032,329.70868,0,0,0,0,0,0,0,0,0,0,1,0,0,0,0,0,0,0,0,0,0,0,0,0,0,0,0,0,0,0,0,0,0,0,0,0,0,0,0,0
2653,배추장떡,64.4,91.896,2.24784,3.07524,13.57888,0.4956,19.656,0.51912,325.724,8.33,0.131572,0.151228,4.2014,647.87856,324.32036,0,0,0,0,0,0,0,0,0,0,1,0,0,0,0,0,0,0,0,0,0,0,0,0,0,0,0,0,0,0,0,0,0,0,0,0,0,0,0,0
2654,배추전,58.8,82.32,1.83456,2.933,11.7096,0.35,16.688,0.29596,116.368,0.175,0.09548,0.13608,4.2014,628.19932,321.82108,0,0,0,0,0,0,0,0,0,0,1,0,0,0,0,0,0,0,0,0,0,0,0,0,0,0,0,0,0,0,0,0,0,0,0,0,0,0,0,0
2655,버섯채소전,84,74.76,3.40144,3.97992,8.02298,1.4784,13.202,0.61642,22.26,51.24,0.052192,0.166908,1.04174,766.6799,329.8729,0,0,0,0,0,0,0,0,0,0,1,0,0,0,0,0,0,0,0,0,0,0,0,0,0,0,0,0,0,0,0,0,0,0,0,0,0,0,0,0
2656,부추깻잎전,79.8,87.71,3.63496,4.0439,9.2995,1.428,60.648,1.32636,76.188,141.0208333,0.10381,0.2212,2.4675,761.81042,357.77728,0,0,0,0,0,0,0,0,0,0,1,0,0,0,0,0,0,0,0,0,0,0,0,0,0,0,0,0,0,0,0,0,0,0,0,0,0,0,0,0
2657,부추참치전,65.8,110.46,8.89616,4.9672,6.6906,0.175,19.838,2.69136,242.018,20.5625,0.05446,0.1568,1.0507,743.83162,322.78568,0,0,0,0,0,0,0,0,0,0,1,0,0,0,0,0,0,0,0,0,0,0,0,0,0,0,0,0,0,0,0,0,0,0,0,0,0,0,0,0
2658,분홍소시지전,58.8,118.3,5.52636,6.9566,7.952,0,21.588,0.43316,263.648,19.95,0.01386,0.12908,6.678,1179.19312,349.92608,0,0,0,0,0,0,0,0,0,0,1,0,0,0,0,0,0,0,0,0,0,0,0,0,0,0,0,0,0,0,0,0,0,0,0,0,0,0,0,0
2659,브로콜리조갯살전,79.8,113.96,5.82456,3.7072,13.8803,1.365,32.718,1.03376,90.818,15.69166667,0.04809,0.14,9.023,716.12632,341.50158,0,0,0,0,0,0,0,0,0,0,1,0,0,0,0,0,0,0,0,0,0,0,0,0,0,0,0,0,0,0,0,0,0,0,0,0,0,0,0,0
2660,새송이버섯전,58.8,78.4,3.54746,3.9543,8.3125,1.204,9.198,0.44086,20.538,19.04,0.03549,0.15834,0.0119,776.67562,322.75698,0,0,0,0,0,0,0,0,0,0,1,0,0,0,0,0,0,0,0,0,0,0,0,0,0,0,0,0,0,0,0,0,0,0,0,0,0,0,0,0
2661,새우살파래전,72.8,119.35,7.86856,4.1895,11.8503,0.819,37.408,1.76596,100.828,19.04,0.09436,0.11732,7.7938,783.47192,330.98968,0,0,0,0,0,0,0,0,0,0,1,0,0,0,0,0,0,0,0,0,0,0,0,0,0,0,0,0,0,0,0,0,0,0,0,0,0,0,0,0
2662,프랑크소시지전,58.8,147.28,7.79436,11.2616,2.9582,0.042,11.088,0.45416,352.268,21.14,0.16842,0.12992,19.0176,1988.59192,385.64288,0,0,0,0,0,0,0,0,0,0,1,0,0,0,0,0,0,0,0,0,0,0,0,0,0,0,0,0,0,0,0,0,0,0,0,0,0,0,0,0
2663,시금치두부전,72.8,83.664,4.58626,4.81922,5.49626,1.4672,34.678,1.04384,9.8,52.87100001,0.034244,0.126154,8.93844,1559.8226,480.18544,0,0,0,0,0,0,0,0,0,0,1,0,0,0,0,0,0,0,0,0,0,0,0,0,0,0,0,0,0,0,0,0,0,0,0,0,0,0,0,0
2664,시금치베이컨전,70,113.61,6.05304,6.92272,6.51938,0.1134,23.422,1.19602,134.26,95.80666668,0.087962,0.209398,25.17494,1064.21,340.7019,0,0,0,0,0,0,0,0,0,0,1,0,0,0,0,0,0,0,0,0,0,0,0,0,0,0,0,0,0,0,0,0,0,0,0,0,0,0,0,0
2665,쑥전,79.9,114.03,4.61356,4.1335,14.5019,3.045,59.288,3.77656,164.875,196.5716667,0.03675,0.35224,2.9722,819.82712,405.10008,0,0,0,0,0,0,0,0,0,0,1,0,0,0,0,0,0,0,0,0,0,0,0,0,0,0,0,0,0,0,0,0,0,0,0,0,0,0,0,0
2666,쑥참치전,77.3,136.29,14.83244,5.93922,4.81068,0.9394,32.222,4.78762,455.621,67.49166666,0.030002,0.144788,0.92694,740.0043,348.2451,0,0,0,0,0,0,0,0,0,0,1,0,0,0,0,0,0,0,0,0,0,0,0,0,0,0,0,0,0,0,0,0,0,0,0,0,0,0,0,0
2667,쑥채소전,80.1,111.86,4.35036,4.0761,14.3647,2.296,40.468,2.33426,121.819,129.0333333,0.05698,0.17752,3.0289,811.89052,368.43688,0,0,0,0,0,0,0,0,0,0,1,0,0,0,0,0,0,0,0,0,0,0,0,0,0,0,0,0,0,0,0,0,0,0,0,0,0,0,0,0
2668,씻은김치전,51.8,93.8,2.63536,3.5049,12.0463,0.35,26.068,0.43596,184.198,16.07666667,0.04214,0.17311,1.9614,704.81362,323.51508,0,0,0,0,0,0,0,0,0,0,1,0,0,0,0,0,0,0,0,0,0,0,0,0,0,0,0,0,0,0,0,0,0,0,0,0,0,0,0,0
2669,아욱건새우전,79.8,132.44,6.99776,5.9024,12.9654,2.359,341.068,6.27676,226.268,161.9566667,0.09268,0.36036,17.3089,758.32162,394.21928,0,0,0,0,0,0,0,0,0,0,1,0,0,0,0,0,0,0,0,0,0,0,0,0,0,0,0,0,0,0,0,0,0,0,0,0,0,0,0,0
2670,안매운김치전,70,93.198,5.78914,4.17858,7.24052,0.175,33.6,0.72912,187.446,25.59666667,0.05026,0.16744,2.1007,744.20612,323.02298,0,0,0,0,0,0,0,0,0,0,1,0,0,0,0,0,0,0,0,0,0,0,0,0,0,0,0,0,0,0,0,0,0,0,0,0,0,0,0,0
2671,애호박전,68.6,66.08,2.55598,3.89998,5.14472,1.1536,15.134,0.3899,18.396,30.065,0.034048,0.105532,1.52866,729.12574,342.75766,0,0,0,0,0,0,0,0,0,0,1,0,0,0,0,0,0,0,0,0,0,0,0,0,0,0,0,0,0,0,0,0,0,0,0,0,0,0,0,0
2672,양파어묵전,100.8,150.64,7.59276,5.8163,16.828,0.973,33.768,0.62916,314.048,65.09416667,0.03178,0.09779,15.211,1625.17012,426.62998,0,0,0,0,0,0,0,0,0,0,1,0,0,0,0,0,0,0,0,0,0,0,0,0,0,0,0,0,0,0,0,0,0,0,0,0,0,0,0,0
2673,어묵채소전,121.8,155.75,7.76146,5.8485,18.0922,1.26,34.538,0.70896,313.838,70.74083334,0.03353,0.12516,43.1284,1638.47152,434.19838,0,0,0,0,0,0,0,0,0,0,1,0,0,0,0,0,0,0,0,0,0,0,0,0,0,0,0,0,0,0,0,0,0,0,0,0,0,0,0,0
2674,연근감자전,65.9,109.69,2.31056,2.9673,17.8661,1.813,10.568,0.40116,38.595,32.17666667,0.05411,0.03262,7.147,642.35052,323.67468,0,0,0,0,0,0,0,0,0,0,1,0,0,0,0,0,0,0,0,0,0,0,0,0,0,0,0,0,0,0,0,0,0,0,0,0,0,0,0,0
2675,연근전,51.9,83.02,1.37116,2.8938,12.5468,1.561,14.068,0.38156,97.465,0,0.04228,0.11382,11.9077,604.85362,321.92608,0,0,0,0,0,0,0,0,0,0,1,0,0,0,0,0,0,0,0,0,0,0,0,0,0,0,0,0,0,0,0,0,0,0,0,0,0,0,0,0
2676,연근채소전,100.8,101.36,3.29896,3.9774,13.0312,1.827,19.838,0.65016,24.668,59.71583334,0.0518,0.1407,49.0819,780.34642,336.09478,0,0,0,0,0,0,0,0,0,0,1,0,0,0,0,0,0,0,0,0,0,0,0,0,0,0,0,0,0,0,0,0,0,0,0,0,0,0,0,0
2677,오징어김치전,68.6,101.822,7.94682,4.32642,6.7984,0.3472,19.152,0.4529,97.664,34.2125,0.047516,0.081018,1.02942,748.02798,323.1305,0,0,0,0,0,0,0,0,0,0,1,0,0,0,0,0,0,0,0,0,0,0,0,0,0,0,0,0,0,0,0,0,0,0,0,0,0,0,0,0
2678,오징어부추전,93.9,118.65,6.90816,3.85,13.4232,0.805,22.118,1.24956,197.495,43.75,0.07973,0.18879,2.436,713.48102,324.28648,0,0,0,0,0,0,0,0,0,0,1,0,0,0,0,0,0,0,0,0,0,0,0,0,0,0,0,0,0,0,0,0,0,0,0,0,0,0,0,0
2679,옥수수감자전,74.5,83.818,1.70254,3.05074,12.36578,1.624,7.05,0.3786,132.193,2.772,0.033796,0.037548,6.3994,624.43626,321.33906,0,0,0,0,0,0,0,0,0,0,1,0,0,0,0,0,0,0,0,0,0,0,0,0,0,0,0,0,0,0,0,0,0,0,0,0,0,0,0,0
2680,옥수수맛살전,79.8,133.91,6.57286,4.0845,16.9911,0.448,86.268,0.65086,393.848,19.285,0.02716,0.19418,0.9982,797.03512,325.86008,0,0,0,0,0,0,0,0,0,0,1,0,0,0,0,0,0,0,0,0,0,0,0,0,0,0,0,0,0,0,0,0,0,0,0,0,0,0,0,0
2681,옥수수전,79.8,134.96,3.25066,3.7674,21.203,1.232,11.718,0.39256,207.578,42.19833334,0.02198,0.21098,2.6194,818.25002,330.28408,0,0,0,0,0,0,0,0,0,0,1,0,0,0,0,0,0,0,0,0,0,0,0,0,0,0,0,0,0,0,0,0,0,0,0,0,0,0,0,0
2682,옥수수채소전,107.8,163.24,4.78296,4.2798,25.4436,1.785,20.888,0.59556,244.748,87.68666667,0.04018,0.31486,15.4231,911.31502,337.07548,0,0,0,0,0,0,0,0,0,0,1,0,0,0,0,0,0,0,0,0,0,0,0,0,0,0,0,0,0,0,0,0,0,0,0,0,0,0,0,0
2683,옥수수치즈전,79.8,171.43,5.08886,6.2769,22.5967,1.015,91.028,0.29106,231.028,11.725,0.0308,0.08498,2.3611,784.05922,349.03848,0,0,0,0,0,0,0,0,0,0,1,0,0,0,0,0,0,0,0,0,0,0,0,0,0,0,0,0,0,0,0,0,0,0,0,0,0,0,0,0
2684,으깬두부채소전,114.8,125.02,6.95086,5.8989,10.6036,2.366,41.608,1.10166,22.288,89.06333334,0.04746,0.18011,29.1753,1773.80462,494.34518,0,0,0,0,0,0,0,0,0,0,1,0,0,0,0,0,0,0,0,0,0,0,0,0,0,0,0,0,0,0,0,0,0,0,0,0,0,0,0,0
2685,참나물전,77.1,99.372,3.0919,3.54116,13.45176,1.7192,32.086,0.83852,51.671,85.74766667,0.033264,0.079884,2.16244,736.21646,346.25108,0,0,0,0,0,0,0,0,0,0,1,0,0,0,0,0,0,0,0,0,0,0,0,0,0,0,0,0,0,0,0,0,0,0,0,0,0,0,0,0
2686,참치채소전,91,136.43,13.45274,6.09532,5.86838,0.6524,22.652,3.29392,309.4,63.5775,0.037282,0.139678,14.79464,820.0451,327.9311,0,0,0,0,0,0,0,0,0,0,1,0,0,0,0,0,0,0,0,0,0,0,0,0,0,0,0,0,0,0,0,0,0,0,0,0,0,0,0,0
2687,채소맛살전,107.8,123.06,7.41496,4.0096,15.337,1.337,90.398,0.86646,297.318,23.8875,0.05719,0.20188,0.7574,780.08462,328.00488,0,0,0,0,0,0,0,0,0,0,1,0,0,0,0,0,0,0,0,0,0,0,0,0,0,0,0,0,0,0,0,0,0,0,0,0,0,0,0,0
2688,채소전,91,112.7,3.30554,3.94142,15.93228,1.9474,21.672,0.62272,22.47,54.88,0.051842,0.102018,8.09214,751.7433,332.5966,0,0,0,0,0,0,0,0,0,0,1,0,0,0,0,0,0,0,0,0,0,0,0,0,0,0,0,0,0,0,0,0,0,0,0,0,0,0,0,0
2689,콘채소전,121.8,166.95,4.91316,4.2917,26.3606,2.016,22.358,0.63546,244.958,89.67000001,0.04361,0.32599,22.2572,916.18002,339.19438,0,0,0,0,0,0,0,0,0,0,1,0,0,0,0,0,0,0,0,0,0,0,0,0,0,0,0,0,0,0,0,0,0,0,0,0,0,0,0,0
2690,콘치즈전,126,224.952,8.694,8.74916,26.54246,1.6982,151.676,0.60662,438.984,91.54600001,0.051534,0.348824,15.35324,954.82506,367.00608,0,0,0,0,0,0,0,0,0,0,1,0,0,0,0,0,0,0,0,0,0,0,0,0,0,0,0,0,0,0,0,0,0,0,0,0,0,0,0,0
2691,콩비지김치전,103.6,113.624,3.80016,4.09444,14.90776,0.7,51.744,1.3692,139.076,46.6375,0.069286,0.150346,2.50558,690.50324,322.74844,0,0,0,0,0,0,0,0,0,0,1,0,0,0,0,0,0,0,0,0,0,0,0,0,0,0,0,0,0,0,0,0,0,0,0,0,0,0,0,0
2692,파래전,44.8,105.35,2.51636,3.0331,16.4815,0.966,18.298,0.98756,190.708,0,0.07812,0.21462,7.5621,666.67762,330.08248,0,0,0,0,0,0,0,0,0,0,1,0,0,0,0,0,0,0,0,0,0,0,0,0,0,0,0,0,0,0,0,0,0,0,0,0,0,0,0,0
2693,팽이버섯달걀전,65.8,79.45,3.38996,3.9907,9.0118,1.701,9.338,0.74046,19.278,19.04,0.05369,0.14462,0.0119,793.56942,344.91618,0,0,0,0,0,0,0,0,0,0,1,0,0,0,0,0,0,0,0,0,0,0,0,0,0,0,0,0,0,0,0,0,0,0,0,0,0,0,0,0
2694,팽이버섯전,64.5,63.28,3.3495,4.41392,3.63104,1.323,13.774,0.71252,62.829,48.566,0.04095,0.154756,1.27764,820.34582,337.3797,0,0,0,0,0,0,0,0,0,0,1,0,0,0,0,0,0,0,0,0,0,0,0,0,0,0,0,0,0,0,0,0,0,0,0,0,0,0,0,0
2695,팽이버섯카레전,85.4,122.332,4.45648,4.66956,16.82464,1.5652,14.994,1.0486,19.74,24.57583333,0.067788,0.142436,28.4438,821.19632,343.2072,0,0,0,0,0,0,0,0,0,0,1,0,0,0,0,0,0,0,0,0,0,0,0,0,0,0,0,0,0,0,0,0,0,0,0,0,0,0,0,0
2696,표고버섯달걀전,65.9,71.68,4.04166,4.9343,3.1983,0.336,18.618,0.66856,73.175,70.26833334,0.04368,0.18473,0.623,866.49332,324.37048,0,0,0,0,0,0,0,0,0,0,1,0,0,0,0,0,0,0,0,0,0,0,0,0,0,0,0,0,0,0,0,0,0,0,0,0,0,0,0,0
2697,피망참치전,84.1,116.984,9.07018,4.9476,8.36668,1.3314,31.05,2.20688,222.107,81.17083334,0.047978,0.114786,5.26876,756.89824,334.56094,0,0,0,0,0,0,0,0,0,0,1,0,0,0,0,0,0,0,0,0,0,0,0,0,0,0,0,0,0,0,0,0,0,0,0,0,0,0,0,0
2698,해산물부추전,71.5,100.73,6.54038,2.4451,12.3949,0.378,22.944,1.80298,84.501,11.55,0.0805,0.08519,1.5638,429.76276,165.19104,0,0,0,0,0,0,0,0,0,0,1,0,0,0,0,0,0,0,0,0,0,0,0,0,0,0,0,0,0,0,0,0,0,0,0,0,0,0,0,0
2699,햄달걀부침,54.9,107.114,7.728,6.49362,3.64798,0.035,6.728,0.51272,541.259,9.7685,0.048608,0.133378,19.74014,428.00268,32.0495,0,0,0,0,0,0,0,0,0,0,1,0,0,0,0,0,0,0,0,0,0,0,0,0,0,0,0,0,0,0,0,0,0,0,0,0,0,0,0,0
2700,호박전,65.8,93.94,1.90176,2.9624,14.7994,1.036,10.878,0.28196,110.068,16.00666667,0.02471,0.15092,0.6727,634.65262,330.97428,0,0,0,0,0,0,0,0,0,0,1,0,0,0,0,0,0,0,0,0,0,0,0,0,0,0,0,0,0,0,0,0,0,0,0,0,0,0,0,0
2701,홍합살부추전,93.9,116.13,5.84976,3.7996,14.0406,0.805,28.838,2.49276,155.705,50.05,0.07343,0.25389,3.276,713.06102,324.20248,0,0,0,0,0,0,0,0,0,0,1,0,0,0,0,0,0,0,0,0,0,0,0,0,0,0,0,0,0,0,0,0,0,0,0,0,0,0,0,0
2702,감자밥(55),55,155.25,2.8615,0.166,34.062,0.405,4.15,0.607,3.35,0.133333333,0.101,0.01205,1.5765,1.3005,0.276,0,0,0,0,0,0,0,0,1,0,0,0,0,0,0,1,0,0,0,0,0,0,0,0,0,0,0,0,0,0,0,0,0,0,0,0,0,0,0,1
2703,검정콩밥(55),55,202.15,5.134,0.993,41.2725,1.04,13.45,0.9595,4.05,0.416666667,0.1234,0.0441,0.336,413.1085,67.7695,0,0,0,0,0,0,0,0,1,0,0,0,0,0,0,0,1,0,0,0,0,0,0,0,0,0,0,0,0,0,0,0,0,0,0,0,0,0,0,1
2704,고구마밥(55),55,168.3,2.7115,0.1765,37.3785,0.405,5.05,0.5875,4.25,0.533333333,0.10175,0.01205,1.068,6.357,0.8235,0,0,0,0,0,0,0,0,1,0,0,0,0,0,0,0,0,1,0,0,0,0,0,0,0,0,0,0,0,0,0,0,0,0,0,0,0,0,0,1
2705,기장밥(55),55,199.75,3.823,0.3545,43.3455,0.23,3.9,0.7855,4.1,0.208333333,0.13585,0.0139,0,95.548,2.0585,0,0,0,0,0,0,0,0,1,0,0,0,0,0,0,0,0,0,1,0,0,0,0,0,0,0,0,0,0,0,0,0,0,0,0,0,0,0,0,1
2706,밤밥(55),55,167.85,3.052,0.235,36.8085,0.81,5.2,0.646,3.35,0.495833333,0.1043,0.01775,2.397,32.8335,9.105,0,0,0,0,0,0,0,0,1,0,0,0,0,0,0,0,0,0,0,1,0,0,0,0,0,0,0,0,0,0,0,0,0,0,0,0,0,0,0,1
2707,밤찹쌀팥밥(55),55,188.55,4.1895,0.2715,40.5565,1.165,7,0.9245,3.5,0.254166667,0.131,0.0269,1.0275,26.467,10.2485,0,0,0,0,0,0,0,0,1,0,0,0,0,0,0,0,0,0,0,0,1,0,0,0,0,0,0,0,0,0,0,0,0,0,0,0,0,0,0,1
2708,밤콩밥(55),55,202,4.95,1.06,41.28,0,15.45,1.055,4.2,0.166666667,0.1395,0.0185,0,0,0,0,0,0,0,0,0,0,0,1,0,0,0,0,0,0,0,0,0,0,0,0,1,0,0,0,0,0,0,0,0,0,0,0,0,0,0,0,0,0,1
2709,보리밥(55),55,198.6,3.665,0.2905,43.4695,0.64,5,0.7795,4.2,0.166666667,0.11785,0.0181,0,44.9485,3.4425,0,0,0,0,0,0,0,0,1,0,0,0,0,0,0,0,0,0,0,0,0,0,1,0,0,0,0,0,0,0,0,0,0,0,0,0,0,0,0,1
2710,수수밥(55),55,199.15,3.685,0.26,43.71,0,4.05,0.77,4.7,0.395833333,0.1315,0.0165,0,0,0,0,0,0,0,0,0,0,0,1,0,0,0,0,0,0,0,0,0,0,0,0,0,0,1,0,0,0,0,0,0,0,0,0,0,0,0,0,0,0,1
2711,쌀밥(55),55,199.65,3.52,0.22,43.725,0,3.85,0.715,4.4,0.183333333,0.1265,0.011,0,0,0,0,0,0,0,0,0,0,0,1,0,0,0,0,0,0,0,0,0,0,0,0,0,0,0,1,0,0,0,0,0,0,0,0,0,0,0,0,0,0,1
2712,쌀밥(40),40,145.2,2.56,0.16,31.8,0,2.8,0.52,3.2,0.133333333,0.092,0.008,0,0,0,0,0,0,0,0,0,0,0,1,0,0,0,0,0,0,0,0,0,0,0,0,0,0,0,1,0,0,0,0,0,0,0,0,0,0,0,0,0,0,1
2713,옥수수밥(55),55,198.9,3.685,0.39,43.345,0,4.75,0.755,4.05,1.345833333,0.1315,0.0155,0,0,0,0,0,0,0,0,0,0,0,1,0,0,0,0,0,0,0,0,0,0,0,0,0,0,0,0,1,0,0,0,0,0,0,0,0,0,0,0,0,0,1
2714,완두콩밥(55),55,187.2,3.596,0.222,40.7255,0.425,5.3,0.754,4,1.7625,0.1243,0.01705,0.595,4.379,0.443,0,0,0,0,0,0,0,0,1,0,0,0,0,0,0,0,0,0,0,0,0,0,0,0,0,0,1,0,0,0,0,0,0,0,0,0,0,0,0,1
2715,율무밥(55),55,200.35,3.97,0.36,43.275,0,4,0.835,4.2,0.166666667,0.131,0.0135,0,0,0,0,0,0,0,0,0,0,0,1,0,0,0,0,0,0,0,0,0,0,0,0,0,0,0,0,0,0,1,0,0,0,0,0,0,0,0,0,0,0,1
2716,잡곡밥(55),55,200.53,3.9484,0.4011,43.5607,0.442,4.18,0.8623,3.74,0.445833333,0.14119,0.0314,0,93.0208,2.7643,0,0,0,0,0,0,0,0,1,0,0,0,0,0,0,0,0,0,0,0,0,0,0,0,0,0,0,0,1,0,0,0,0,0,0,0,0,0,0,1
2717,차조밥(55),55,199.5,3.679,0.3795,43.307,0.255,4.2,0.8395,4.05,0.254166666,0.1405,0.0181,0,116.99,6.4395,0,0,0,0,0,0,0,0,1,0,0,0,0,0,0,0,0,0,0,0,0,0,0,0,0,0,0,0,0,1,0,0,0,0,0,0,0,0,0,1
2718,찰현미밥(55),55,201.45,3.65,0.315,43.96,0,3.6,0.905,3.65,0.133333333,0.1185,0.019,0,0,0,0,0,0,0,0,0,0,0,1,0,0,0,0,0,0,0,0,0,0,0,0,0,0,0,0,0,0,0,0,0,1,0,0,0,0,0,0,0,0,1
2719,찹쌀밥(55),55,201.75,3.67,0.22,44.085,0,3.4,0.85,3.65,0.133333333,0.113,0.02,0,0,0,0,0,0,0,0,0,0,0,1,0,0,0,0,0,0,0,0,0,0,0,0,0,0,0,0,0,0,0,0,0,0,1,0,0,0,0,0,0,0,1
2720,찹쌀밥(40),40,146.6,2.66,0.16,32.04,0,2.5,0.61,2.7,0.1,0.083,0.014,0,0,0,0,0,0,0,0,0,0,0,1,0,0,0,0,0,0,0,0,0,0,0,0,0,0,0,0,0,0,0,0,0,0,1,0,0,0,0,0,0,0,1
2721,찹쌀보리밥(55),55,200,3.765,0.2905,43.7095,0.64,4.7,0.8695,3.7,0.133333333,0.10885,0.0241,0,44.9485,3.4425,0,0,0,0,0,0,0,0,1,0,0,0,0,0,0,0,0,0,0,0,0,0,0,0,0,0,0,0,0,0,0,0,1,0,0,0,0,0,0,1
2722,찹쌀팥밥(55),55,199.85,4.3955,0.2665,42.982,0.895,6.4,0.9925,3.6,0.133333333,0.1339,0.02765,0.2285,15.5225,7.2135,0,0,0,0,0,0,0,0,1,0,0,0,0,0,0,0,0,0,0,0,0,0,0,0,0,0,0,0,0,0,0,0,0,1,0,0,0,0,0,1
2723,찹쌀현미밥(55),55,201.45,3.65,0.315,43.96,0,3.6,0.905,3.65,0.133333333,0.1185,0.019,0,0,0,0,0,0,0,0,0,0,0,1,0,0,0,0,0,0,0,0,0,0,0,0,0,0,0,0,0,0,0,0,0,0,0,0,0,1,0,0,0,0,1
2724,팥밥(55),55,198.85,4.28,0.215,42.97,0,6.9,1.015,5,0.520833333,0.138,0.0245,0.75,0,0,0,0,0,0,0,0,0,0,1,0,0,0,0,0,0,0,0,0,0,0,0,0,0,0,0,0,0,0,0,0,0,0,0,0,0,1,0,0,0,1
2725,현미밥(55),55,200.05,3.55,0.315,43.72,0,3.9,0.815,4.15,0.166666667,0.1275,0.013,0,0,0,0,0,0,0,0,0,0,0,1,0,0,0,0,0,0,0,0,0,0,0,0,0,0,0,0,0,0,0,0,0,0,0,0,0,0,0,1,0,0,1
2726,흑미밥(55),55,199.3,3.5795,0.3155,43.5155,0.38,4.45,0.6925,4.2,0.375,0.14535,0.0227,0,44.615,1.9115,0,0,0,0,0,0,0,0,1,0,0,0,0,0,0,0,0,0,0,0,0,0,0,0,0,0,0,0,0,0,0,0,0,0,0,0,0,1,0,1
2727,콩밥(55),55,201.95,5.0105,0.9355,41.3995,1.28,16.5,0.983,4.1,0.2125,0.14265,0.0292,0.1635,375.9335,60.5915,0,0,0,0,0,0,0,0,1,0,0,0,0,0,0,0,0,0,0,0,0,0,0,0,0,0,0,0,0,0,0,0,0,0,0,0,0,0,1,1
2728,감자밥(63),63,178.37,3.2857,0.1908,39.1336,0.459,4.75,0.6966,3.85,0.153333333,0.116,0.01379,1.7867,1.4739,0.3128,0,0,0,0,0,0,0,0,1,0,0,0,0,0,0,1,0,0,0,0,0,0,0,0,0,0,0,0,0,0,0,0,0,0,0,0,0,0,0,1
2729,검정콩밥(63),63,231.69,5.9688,1.1796,47.142,1.248,15.93,1.1124,4.62,0.49,0.14118,0.05232,0.4032,495.7302,81.3234,0,0,0,0,0,0,0,0,1,0,0,0,0,0,0,0,1,0,0,0,0,0,0,0,0,0,0,0,0,0,0,0,0,0,0,0,0,0,0,1
2730,고구마밥(63),63,193.16,3.1157,0.2027,42.8923,0.459,5.77,0.6745,4.87,0.606666667,0.11685,0.01379,1.2104,7.2046,0.9333,0,0,0,0,0,0,0,0,1,0,0,0,0,0,0,0,0,1,0,0,0,0,0,0,0,0,0,0,0,0,0,0,0,0,0,0,0,0,0,1
2731,기장밥(63),63,228.81,4.3956,0.4134,49.6296,0.276,4.47,0.9036,4.68,0.24,0.15612,0.01608,0,114.6576,2.4702,0,0,0,0,0,0,0,0,1,0,0,0,0,0,0,0,0,0,1,0,0,0,0,0,0,0,0,0,0,0,0,0,0,0,0,0,0,0,0,1
2732,밤밥(63),63,192.65,3.5016,0.269,42.2463,0.918,5.94,0.7408,3.85,0.564166667,0.11974,0.02025,2.7166,37.2113,10.319,0,0,0,0,0,0,0,0,1,0,0,0,0,0,0,0,0,0,0,1,0,0,0,0,0,0,0,0,0,0,0,0,0,0,0,0,0,0,0,1
2733,밤찹쌀팥밥(63),63,215.61,4.6803,0.3045,46.4794,1.219,7.62,1.0329,4.02,0.298333333,0.14702,0.02955,1.1873,28.6559,10.8555,0,0,0,0,0,0,0,0,1,0,0,0,0,0,0,0,0,0,0,0,1,0,0,0,0,0,0,0,0,0,0,0,0,0,0,0,0,0,0,1
2734,밤콩밥(63),63,231.51,5.748,1.26,47.151,0,18.33,1.227,4.8,0.19,0.1605,0.0216,0,0,0,0,0,0,0,0,0,0,0,1,0,0,0,0,0,0,0,0,0,0,0,0,1,0,0,0,0,0,0,0,0,0,0,0,0,0,0,0,0,0,1
2735,보리밥(63),63,227.43,4.206,0.3366,49.7784,0.768,5.79,0.8964,4.8,0.19,0.13452,0.02112,0,53.9382,4.131,0,0,0,0,0,0,0,0,1,0,0,0,0,0,0,0,0,0,0,0,0,0,1,0,0,0,0,0,0,0,0,0,0,0,0,0,0,0,0,1
2736,수수밥(63),63,228.09,4.23,0.3,50.067,0,4.65,0.885,5.4,0.465,0.1509,0.0192,0,0,0,0,0,0,0,0,0,0,0,1,0,0,0,0,0,0,0,0,0,0,0,0,0,0,1,0,0,0,0,0,0,0,0,0,0,0,0,0,0,0,1
2737,쌀밥(63),63,228.69,4.032,0.252,50.085,0,4.41,0.819,5.04,0.21,0.1449,0.0126,0,0,0,0,0,0,0,0,0,0,0,1,0,0,0,0,0,0,0,0,0,0,0,0,0,0,0,1,0,0,0,0,0,0,0,0,0,0,0,0,0,0,1
2738,옥수수밥(63),63,227.79,4.23,0.456,49.629,0,5.49,0.867,4.62,1.605,0.1509,0.018,0,0,0,0,0,0,0,0,0,0,0,1,0,0,0,0,0,0,0,0,0,0,0,0,0,0,0,0,1,0,0,0,0,0,0,0,0,0,0,0,0,0,1
2739,완두콩밥(63),63,213.75,4.1232,0.2544,46.4856,0.51,6.15,0.8658,4.56,2.105,0.14226,0.01986,0.714,5.2548,0.5316,0,0,0,0,0,0,0,0,1,0,0,0,0,0,0,0,0,0,0,0,0,0,0,0,0,0,1,0,0,0,0,0,0,0,0,0,0,0,0,1
2740,율무밥(63),63,229.53,4.572,0.42,49.545,0,4.59,0.963,4.8,0.19,0.1503,0.0156,0,0,0,0,0,0,0,0,0,0,0,1,0,0,0,0,0,0,0,0,0,0,0,0,0,0,0,0,0,0,1,0,0,0,0,0,0,0,0,0,0,0,1
2741,잡곡밥(63),62,226.01,4.4183,0.4482,49.1078,0.518,4.76,0.9578,4.21,0.504166667,0.16016,0.03574,0,101.9438,3.1466,0,0,0,0,0,0,0,0,1,0,0,0,0,0,0,0,0,0,0,0,0,0,0,0,0,0,0,0,1,0,0,0,0,0,0,0,0,0,0,1
2742,차조밥(63),63,228.51,4.2228,0.4434,49.5834,0.306,4.83,0.9684,4.62,0.295,0.1617,0.02112,0,140.388,7.7274,0,0,0,0,0,0,0,0,1,0,0,0,0,0,0,0,0,0,0,0,0,0,0,0,0,0,0,0,0,1,0,0,0,0,0,0,0,0,0,1
2743,찰현미밥(63),63,230.71,4.178,0.366,50.343,0,4.14,1.038,4.19,0.153333333,0.1362,0.0216,0,0,0,0,0,0,0,0,0,0,0,1,0,0,0,0,0,0,0,0,0,0,0,0,0,0,0,0,0,0,0,0,0,1,0,0,0,0,0,0,0,0,1
2744,찹쌀밥(63),63,231.07,4.202,0.252,50.493,0,3.9,0.972,4.19,0.153333333,0.1296,0.0228,0,0,0,0,0,0,0,0,0,0,0,1,0,0,0,0,0,0,0,0,0,0,0,0,0,0,0,0,0,0,0,0,0,0,1,0,0,0,0,0,0,0,1
2745,찹쌀보리밥(63),63,228.97,4.316,0.3366,50.0424,0.768,5.46,0.9954,4.25,0.153333333,0.12462,0.02772,0,53.9382,4.131,0,0,0,0,0,0,0,0,1,0,0,0,0,0,0,0,0,0,0,0,0,0,0,0,0,0,0,0,0,0,0,0,1,0,0,0,0,0,0,1
2746,찹쌀팥밥(63),63,228.79,5.0726,0.3078,49.1694,1.074,7.5,1.143,4.13,0.153333333,0.15468,0.03198,0.2742,18.627,8.6562,0,0,0,0,0,0,0,0,1,0,0,0,0,0,0,0,0,0,0,0,0,0,0,0,0,0,0,0,0,0,0,0,0,1,0,0,0,0,0,1
2747,찹쌀현미밥(63),63,230.71,4.178,0.366,50.343,0,4.14,1.038,4.19,0.153333333,0.1362,0.0216,0,0,0,0,0,0,0,0,0,0,0,1,0,0,0,0,0,0,0,0,0,0,0,0,0,0,0,0,0,0,0,0,0,0,0,0,0,1,0,0,0,0,1
2748,팥밥(63),63,227.73,4.944,0.246,49.179,0,8.07,1.179,5.76,0.615,0.1587,0.0288,0.9,0,0,0,0,0,0,0,0,0,0,1,0,0,0,0,0,0,0,0,0,0,0,0,0,0,0,0,0,0,0,0,0,0,0,0,0,0,1,0,0,0,1
2749,현미밥(63),63,229.17,4.068,0.366,50.079,0,4.47,0.939,4.74,0.19,0.1461,0.015,0,0,0,0,0,0,0,0,0,0,0,1,0,0,0,0,0,0,0,0,0,0,0,0,0,0,0,0,0,0,0,0,0,0,0,0,0,0,0,1,0,0,1
2750,흑미밥(63),63,228.27,4.1034,0.3666,49.8336,0.456,5.13,0.792,4.8,0.44,0.16752,0.02664,0,53.538,2.2938,0,0,0,0,0,0,0,0,1,0,0,0,0,0,0,0,0,0,0,0,0,0,0,0,0,0,0,0,0,0,0,0,0,0,0,0,0,1,0,1
2751,콩밥(63),63,231.45,5.8206,1.1106,47.2944,1.536,19.59,1.1406,4.68,0.245,0.16428,0.03444,0.1962,451.1202,72.7098,0,0,0,0,0,0,0,0,1,0,0,0,0,0,0,0,0,0,0,0,0,0,0,0,0,0,0,0,0,0,0,0,0,0,0,0,0,0,1,1
2752,감자밥(55),55,155.25,2.8615,0.166,34.062,0.405,4.15,0.607,3.35,0.133333333,0.101,0.01205,1.5765,1.3005,0.276,0,0,0,0,0,0,0,0,1,0,0,0,0,0,0,1,0,0,0,0,0,0,0,0,0,0,0,0,0,0,0,0,0,0,0,0,0,0,0,1
2753,검정콩밥(55),55,202.15,5.134,0.993,41.2725,1.04,13.45,0.9595,4.05,0.416666667,0.1234,0.0441,0.336,413.1085,67.7695,0,0,0,0,0,0,0,0,1,0,0,0,0,0,0,0,1,0,0,0,0,0,0,0,0,0,0,0,0,0,0,0,0,0,0,0,0,0,0,1
2754,고구마밥(55),55,168.3,2.7115,0.1765,37.3785,0.405,5.05,0.5875,4.25,0.533333333,0.10175,0.01205,1.068,6.357,0.8235,0,0,0,0,0,0,0,0,1,0,0,0,0,0,0,0,0,1,0,0,0,0,0,0,0,0,0,0,0,0,0,0,0,0,0,0,0,0,0,1
2755,기장밥(55),55,199.75,3.823,0.3545,43.3455,0.23,3.9,0.7855,4.1,0.208333333,0.13585,0.0139,0,95.548,2.0585,0,0,0,0,0,0,0,0,1,0,0,0,0,0,0,0,0,0,1,0,0,0,0,0,0,0,0,0,0,0,0,0,0,0,0,0,0,0,0,1
2756,밤밥(55),55,167.85,3.052,0.235,36.8085,0.81,5.2,0.646,3.35,0.495833333,0.1043,0.01775,2.397,32.8335,9.105,0,0,0,0,0,0,0,0,1,0,0,0,0,0,0,0,0,0,0,1,0,0,0,0,0,0,0,0,0,0,0,0,0,0,0,0,0,0,0,1
2757,밤찹쌀팥밥(55),55,188.55,4.1895,0.2715,40.5565,1.165,7,0.9245,3.5,0.254166667,0.131,0.0269,1.0275,26.467,10.2485,0,0,0,0,0,0,0,0,1,0,0,0,0,0,0,0,0,0,0,0,1,0,0,0,0,0,0,0,0,0,0,0,0,0,0,0,0,0,0,1
2758,밤콩밥(55),55,202,4.95,1.06,41.28,0,15.45,1.055,4.2,0.166666667,0.1395,0.0185,0,0,0,0,0,0,0,0,0,0,0,1,0,0,0,0,0,0,0,0,0,0,0,0,1,0,0,0,0,0,0,0,0,0,0,0,0,0,0,0,0,0,1
2759,보리밥(55),55,198.6,3.665,0.2905,43.4695,0.64,5,0.7795,4.2,0.166666667,0.11785,0.0181,0,44.9485,3.4425,0,0,0,0,0,0,0,0,1,0,0,0,0,0,0,0,0,0,0,0,0,0,1,0,0,0,0,0,0,0,0,0,0,0,0,0,0,0,0,1
2760,수수밥(55),55,199.15,3.685,0.26,43.71,0,4.05,0.77,4.7,0.395833333,0.1315,0.0165,0,0,0,0,0,0,0,0,0,0,0,1,0,0,0,0,0,0,0,0,0,0,0,0,0,0,1,0,0,0,0,0,0,0,0,0,0,0,0,0,0,0,1
2761,쌀밥(55),55,199.65,3.52,0.22,43.725,0,3.85,0.715,4.4,0.183333333,0.1265,0.011,0,0,0,0,0,0,0,0,0,0,0,1,0,0,0,0,0,0,0,0,0,0,0,0,0,0,0,1,0,0,0,0,0,0,0,0,0,0,0,0,0,0,1
2762,쌀밥(40),40,145.2,2.56,0.16,31.8,0,2.8,0.52,3.2,0.133333333,0.092,0.008,0,0,0,0,0,0,0,0,0,0,0,1,0,0,0,0,0,0,0,0,0,0,0,0,0,0,0,1,0,0,0,0,0,0,0,0,0,0,0,0,0,0,1
2763,옥수수밥(55),55,198.9,3.685,0.39,43.345,0,4.75,0.755,4.05,1.345833333,0.1315,0.0155,0,0,0,0,0,0,0,0,0,0,0,1,0,0,0,0,0,0,0,0,0,0,0,0,0,0,0,0,1,0,0,0,0,0,0,0,0,0,0,0,0,0,1
2764,완두콩밥(55),55,187.2,3.596,0.222,40.7255,0.425,5.3,0.754,4,1.7625,0.1243,0.01705,0.595,4.379,0.443,0,0,0,0,0,0,0,0,1,0,0,0,0,0,0,0,0,0,0,0,0,0,0,0,0,0,1,0,0,0,0,0,0,0,0,0,0,0,0,1
2765,율무밥(55),55,200.35,3.97,0.36,43.275,0,4,0.835,4.2,0.166666667,0.131,0.0135,0,0,0,0,0,0,0,0,0,0,0,1,0,0,0,0,0,0,0,0,0,0,0,0,0,0,0,0,0,0,1,0,0,0,0,0,0,0,0,0,0,0,1
2766,잡곡밥(55),55,200.53,3.9484,0.4011,43.5607,0.442,4.18,0.8623,3.74,0.445833333,0.14119,0.0314,0,93.0208,2.7643,0,0,0,0,0,0,0,0,1,0,0,0,0,0,0,0,0,0,0,0,0,0,0,0,0,0,0,0,1,0,0,0,0,0,0,0,0,0,0,1
2767,차조밥(55),55,199.5,3.679,0.3795,43.307,0.255,4.2,0.8395,4.05,0.254166666,0.1405,0.0181,0,116.99,6.4395,0,0,0,0,0,0,0,0,1,0,0,0,0,0,0,0,0,0,0,0,0,0,0,0,0,0,0,0,0,1,0,0,0,0,0,0,0,0,0,1
2768,찰현미밥(55),55,201.45,3.65,0.315,43.96,0,3.6,0.905,3.65,0.133333333,0.1185,0.019,0,0,0,0,0,0,0,0,0,0,0,1,0,0,0,0,0,0,0,0,0,0,0,0,0,0,0,0,0,0,0,0,0,1,0,0,0,0,0,0,0,0,1
2769,찹쌀밥(55),55,201.75,3.67,0.22,44.085,0,3.4,0.85,3.65,0.133333333,0.113,0.02,0,0,0,0,0,0,0,0,0,0,0,1,0,0,0,0,0,0,0,0,0,0,0,0,0,0,0,0,0,0,0,0,0,0,1,0,0,0,0,0,0,0,1
2770,찹쌀밥(40),40,146.6,2.66,0.16,32.04,0,2.5,0.61,2.7,0.1,0.083,0.014,0,0,0,0,0,0,0,0,0,0,0,1,0,0,0,0,0,0,0,0,0,0,0,0,0,0,0,0,0,0,0,0,0,0,1,0,0,0,0,0,0,0,1
2771,찹쌀보리밥(55),55,200,3.765,0.2905,43.7095,0.64,4.7,0.8695,3.7,0.133333333,0.10885,0.0241,0,44.9485,3.4425,0,0,0,0,0,0,0,0,1,0,0,0,0,0,0,0,0,0,0,0,0,0,0,0,0,0,0,0,0,0,0,0,1,0,0,0,0,0,0,1
2772,찹쌀팥밥(55),55,199.85,4.3955,0.2665,42.982,0.895,6.4,0.9925,3.6,0.133333333,0.1339,0.02765,0.2285,15.5225,7.2135,0,0,0,0,0,0,0,0,1,0,0,0,0,0,0,0,0,0,0,0,0,0,0,0,0,0,0,0,0,0,0,0,0,1,0,0,0,0,0,1
2773,찹쌀현미밥(55),55,201.45,3.65,0.315,43.96,0,3.6,0.905,3.65,0.133333333,0.1185,0.019,0,0,0,0,0,0,0,0,0,0,0,1,0,0,0,0,0,0,0,0,0,0,0,0,0,0,0,0,0,0,0,0,0,0,0,0,0,1,0,0,0,0,1
2774,팥밥(55),55,198.85,4.28,0.215,42.97,0,6.9,1.015,5,0.520833333,0.138,0.0245,0.75,0,0,0,0,0,0,0,0,0,0,1,0,0,0,0,0,0,0,0,0,0,0,0,0,0,0,0,0,0,0,0,0,0,0,0,0,0,1,0,0,0,1
2775,현미밥(55),55,200.05,3.55,0.315,43.72,0,3.9,0.815,4.15,0.166666667,0.1275,0.013,0,0,0,0,0,0,0,0,0,0,0,1,0,0,0,0,0,0,0,0,0,0,0,0,0,0,0,0,0,0,0,0,0,0,0,0,0,0,0,1,0,0,1
2776,흑미밥(55),55,199.3,3.5795,0.3155,43.5155,0.38,4.45,0.6925,4.2,0.375,0.14535,0.0227,0,44.615,1.9115,0,0,0,0,0,0,0,0,1,0,0,0,0,0,0,0,0,0,0,0,0,0,0,0,0,0,0,0,0,0,0,0,0,0,0,0,0,1,0,1
2777,콩밥(55),55,201.95,5.0105,0.9355,41.3995,1.28,16.5,0.983,4.1,0.2125,0.14265,0.0292,0.1635,375.9335,60.5915,0,0,0,0,0,0,0,0,1,0,0,0,0,0,0,0,0,0,0,0,0,0,0,0,0,0,0,0,0,0,0,0,0,0,0,0,0,0,1,1
2778,감자밥(63),63,178.37,3.2857,0.1908,39.1336,0.459,4.75,0.6966,3.85,0.153333333,0.116,0.01379,1.7867,1.4739,0.3128,0,0,0,0,0,0,0,0,1,0,0,0,0,0,0,1,0,0,0,0,0,0,0,0,0,0,0,0,0,0,0,0,0,0,0,0,0,0,0,1
2779,검정콩밥(63),63,231.69,5.9688,1.1796,47.142,1.248,15.93,1.1124,4.62,0.49,0.14118,0.05232,0.4032,495.7302,81.3234,0,0,0,0,0,0,0,0,1,0,0,0,0,0,0,0,1,0,0,0,0,0,0,0,0,0,0,0,0,0,0,0,0,0,0,0,0,0,0,1
2780,고구마밥(63),63,193.16,3.1157,0.2027,42.8923,0.459,5.77,0.6745,4.87,0.606666667,0.11685,0.01379,1.2104,7.2046,0.9333,0,0,0,0,0,0,0,0,1,0,0,0,0,0,0,0,0,1,0,0,0,0,0,0,0,0,0,0,0,0,0,0,0,0,0,0,0,0,0,1
2781,기장밥(63),63,228.81,4.3956,0.4134,49.6296,0.276,4.47,0.9036,4.68,0.24,0.15612,0.01608,0,114.6576,2.4702,0,0,0,0,0,0,0,0,1,0,0,0,0,0,0,0,0,0,1,0,0,0,0,0,0,0,0,0,0,0,0,0,0,0,0,0,0,0,0,1
2782,밤밥(63),63,192.65,3.5016,0.269,42.2463,0.918,5.94,0.7408,3.85,0.564166667,0.11974,0.02025,2.7166,37.2113,10.319,0,0,0,0,0,0,0,0,1,0,0,0,0,0,0,0,0,0,0,1,0,0,0,0,0,0,0,0,0,0,0,0,0,0,0,0,0,0,0,1
2783,밤찹쌀팥밥(63),63,215.61,4.6803,0.3045,46.4794,1.219,7.62,1.0329,4.02,0.298333333,0.14702,0.02955,1.1873,28.6559,10.8555,0,0,0,0,0,0,0,0,1,0,0,0,0,0,0,0,0,0,0,0,1,0,0,0,0,0,0,0,0,0,0,0,0,0,0,0,0,0,0,1
2784,밤콩밥(63),63,231.51,5.748,1.26,47.151,0,18.33,1.227,4.8,0.19,0.1605,0.0216,0,0,0,0,0,0,0,0,0,0,0,1,0,0,0,0,0,0,0,0,0,0,0,0,1,0,0,0,0,0,0,0,0,0,0,0,0,0,0,0,0,0,1
2785,보리밥(63),63,227.43,4.206,0.3366,49.7784,0.768,5.79,0.8964,4.8,0.19,0.13452,0.02112,0,53.9382,4.131,0,0,0,0,0,0,0,0,1,0,0,0,0,0,0,0,0,0,0,0,0,0,1,0,0,0,0,0,0,0,0,0,0,0,0,0,0,0,0,1
2786,수수밥(63),63,228.09,4.23,0.3,50.067,0,4.65,0.885,5.4,0.465,0.1509,0.0192,0,0,0,0,0,0,0,0,0,0,0,1,0,0,0,0,0,0,0,0,0,0,0,0,0,0,1,0,0,0,0,0,0,0,0,0,0,0,0,0,0,0,1
2787,쌀밥(63),63,228.69,4.032,0.252,50.085,0,4.41,0.819,5.04,0.21,0.1449,0.0126,0,0,0,0,0,0,0,0,0,0,0,1,0,0,0,0,0,0,0,0,0,0,0,0,0,0,0,1,0,0,0,0,0,0,0,0,0,0,0,0,0,0,1
2788,옥수수밥(63),63,227.79,4.23,0.456,49.629,0,5.49,0.867,4.62,1.605,0.1509,0.018,0,0,0,0,0,0,0,0,0,0,0,1,0,0,0,0,0,0,0,0,0,0,0,0,0,0,0,0,1,0,0,0,0,0,0,0,0,0,0,0,0,0,1
2789,완두콩밥(63),63,213.75,4.1232,0.2544,46.4856,0.51,6.15,0.8658,4.56,2.105,0.14226,0.01986,0.714,5.2548,0.5316,0,0,0,0,0,0,0,0,1,0,0,0,0,0,0,0,0,0,0,0,0,0,0,0,0,0,1,0,0,0,0,0,0,0,0,0,0,0,0,1
2790,율무밥(63),63,229.53,4.572,0.42,49.545,0,4.59,0.963,4.8,0.19,0.1503,0.0156,0,0,0,0,0,0,0,0,0,0,0,1,0,0,0,0,0,0,0,0,0,0,0,0,0,0,0,0,0,0,1,0,0,0,0,0,0,0,0,0,0,0,1
2791,잡곡밥(63),62,226.01,4.4183,0.4482,49.1078,0.518,4.76,0.9578,4.21,0.504166667,0.16016,0.03574,0,101.9438,3.1466,0,0,0,0,0,0,0,0,1,0,0,0,0,0,0,0,0,0,0,0,0,0,0,0,0,0,0,0,1,0,0,0,0,0,0,0,0,0,0,1
2792,차조밥(63),63,228.51,4.2228,0.4434,49.5834,0.306,4.83,0.9684,4.62,0.295,0.1617,0.02112,0,140.388,7.7274,0,0,0,0,0,0,0,0,1,0,0,0,0,0,0,0,0,0,0,0,0,0,0,0,0,0,0,0,0,1,0,0,0,0,0,0,0,0,0,1
2793,찰현미밥(63),63,230.71,4.178,0.366,50.343,0,4.14,1.038,4.19,0.153333333,0.1362,0.0216,0,0,0,0,0,0,0,0,0,0,0,1,0,0,0,0,0,0,0,0,0,0,0,0,0,0,0,0,0,0,0,0,0,1,0,0,0,0,0,0,0,0,1
2794,찹쌀밥(63),63,231.07,4.202,0.252,50.493,0,3.9,0.972,4.19,0.153333333,0.1296,0.0228,0,0,0,0,0,0,0,0,0,0,0,1,0,0,0,0,0,0,0,0,0,0,0,0,0,0,0,0,0,0,0,0,0,0,1,0,0,0,0,0,0,0,1
2795,찹쌀보리밥(63),63,228.97,4.316,0.3366,50.0424,0.768,5.46,0.9954,4.25,0.153333333,0.12462,0.02772,0,53.9382,4.131,0,0,0,0,0,0,0,0,1,0,0,0,0,0,0,0,0,0,0,0,0,0,0,0,0,0,0,0,0,0,0,0,1,0,0,0,0,0,0,1
2796,찹쌀팥밥(63),63,228.79,5.0726,0.3078,49.1694,1.074,7.5,1.143,4.13,0.153333333,0.15468,0.03198,0.2742,18.627,8.6562,0,0,0,0,0,0,0,0,1,0,0,0,0,0,0,0,0,0,0,0,0,0,0,0,0,0,0,0,0,0,0,0,0,1,0,0,0,0,0,1
2797,찹쌀현미밥(63),63,230.71,4.178,0.366,50.343,0,4.14,1.038,4.19,0.153333333,0.1362,0.0216,0,0,0,0,0,0,0,0,0,0,0,1,0,0,0,0,0,0,0,0,0,0,0,0,0,0,0,0,0,0,0,0,0,0,0,0,0,1,0,0,0,0,1
2798,팥밥(63),63,227.73,4.944,0.246,49.179,0,8.07,1.179,5.76,0.615,0.1587,0.0288,0.9,0,0,0,0,0,0,0,0,0,0,1,0,0,0,0,0,0,0,0,0,0,0,0,0,0,0,0,0,0,0,0,0,0,0,0,0,0,1,0,0,0,1
2799,현미밥(63),63,229.17,4.068,0.366,50.079,0,4.47,0.939,4.74,0.19,0.1461,0.015,0,0,0,0,0,0,0,0,0,0,0,1,0,0,0,0,0,0,0,0,0,0,0,0,0,0,0,0,0,0,0,0,0,0,0,0,0,0,0,1,0,0,1
2800,흑미밥(63),63,228.27,4.1034,0.3666,49.8336,0.456,5.13,0.792,4.8,0.44,0.16752,0.02664,0,53.538,2.2938,0,0,0,0,0,0,0,0,1,0,0,0,0,0,0,0,0,0,0,0,0,0,0,0,0,0,0,0,0,0,0,0,0,0,0,0,0,1,0,1
2801,콩밥(63),63,231.45,5.8206,1.1106,47.2944,1.536,19.59,1.1406,4.68,0.245,0.16428,0.03444,0.1962,451.1202,72.7098,0,0,0,0,0,0,0,0,1,0,0,0,0,0,0,0,0,0,0,0,0,0,0,0,0,0,0,0,0,0,0,0,0,0,0,0,0,0,1,1
2802,감자밥(55),55,155.25,2.8615,0.166,34.062,0.405,4.15,0.607,3.35,0.133333333,0.101,0.01205,1.5765,1.3005,0.276,0,0,0,0,0,0,0,0,1,0,0,0,0,0,0,1,0,0,0,0,0,0,0,0,0,0,0,0,0,0,0,0,0,0,0,0,0,0,0,1
2803,검정콩밥(55),55,202.15,5.134,0.993,41.2725,1.04,13.45,0.9595,4.05,0.416666667,0.1234,0.0441,0.336,413.1085,67.7695,0,0,0,0,0,0,0,0,1,0,0,0,0,0,0,0,1,0,0,0,0,0,0,0,0,0,0,0,0,0,0,0,0,0,0,0,0,0,0,1
2804,고구마밥(55),55,168.3,2.7115,0.1765,37.3785,0.405,5.05,0.5875,4.25,0.533333333,0.10175,0.01205,1.068,6.357,0.8235,0,0,0,0,0,0,0,0,1,0,0,0,0,0,0,0,0,1,0,0,0,0,0,0,0,0,0,0,0,0,0,0,0,0,0,0,0,0,0,1
2805,기장밥(55),55,199.75,3.823,0.3545,43.3455,0.23,3.9,0.7855,4.1,0.208333333,0.13585,0.0139,0,95.548,2.0585,0,0,0,0,0,0,0,0,1,0,0,0,0,0,0,0,0,0,1,0,0,0,0,0,0,0,0,0,0,0,0,0,0,0,0,0,0,0,0,1
2806,밤밥(55),55,167.85,3.052,0.235,36.8085,0.81,5.2,0.646,3.35,0.495833333,0.1043,0.01775,2.397,32.8335,9.105,0,0,0,0,0,0,0,0,1,0,0,0,0,0,0,0,0,0,0,1,0,0,0,0,0,0,0,0,0,0,0,0,0,0,0,0,0,0,0,1
2807,밤찹쌀팥밥(55),55,188.55,4.1895,0.2715,40.5565,1.165,7,0.9245,3.5,0.254166667,0.131,0.0269,1.0275,26.467,10.2485,0,0,0,0,0,0,0,0,1,0,0,0,0,0,0,0,0,0,0,0,1,0,0,0,0,0,0,0,0,0,0,0,0,0,0,0,0,0,0,1
2808,밤콩밥(55),55,202,4.95,1.06,41.28,0,15.45,1.055,4.2,0.166666667,0.1395,0.0185,0,0,0,0,0,0,0,0,0,0,0,1,0,0,0,0,0,0,0,0,0,0,0,0,1,0,0,0,0,0,0,0,0,0,0,0,0,0,0,0,0,0,1
2809,보리밥(55),55,198.6,3.665,0.2905,43.4695,0.64,5,0.7795,4.2,0.166666667,0.11785,0.0181,0,44.9485,3.4425,0,0,0,0,0,0,0,0,1,0,0,0,0,0,0,0,0,0,0,0,0,0,1,0,0,0,0,0,0,0,0,0,0,0,0,0,0,0,0,1
2810,수수밥(55),55,199.15,3.685,0.26,43.71,0,4.05,0.77,4.7,0.395833333,0.1315,0.0165,0,0,0,0,0,0,0,0,0,0,0,1,0,0,0,0,0,0,0,0,0,0,0,0,0,0,1,0,0,0,0,0,0,0,0,0,0,0,0,0,0,0,1
2811,쌀밥(55),55,199.65,3.52,0.22,43.725,0,3.85,0.715,4.4,0.183333333,0.1265,0.011,0,0,0,0,0,0,0,0,0,0,0,1,0,0,0,0,0,0,0,0,0,0,0,0,0,0,0,1,0,0,0,0,0,0,0,0,0,0,0,0,0,0,1
2812,쌀밥(40),40,145.2,2.56,0.16,31.8,0,2.8,0.52,3.2,0.133333333,0.092,0.008,0,0,0,0,0,0,0,0,0,0,0,1,0,0,0,0,0,0,0,0,0,0,0,0,0,0,0,1,0,0,0,0,0,0,0,0,0,0,0,0,0,0,1
2813,옥수수밥(55),55,198.9,3.685,0.39,43.345,0,4.75,0.755,4.05,1.345833333,0.1315,0.0155,0,0,0,0,0,0,0,0,0,0,0,1,0,0,0,0,0,0,0,0,0,0,0,0,0,0,0,0,1,0,0,0,0,0,0,0,0,0,0,0,0,0,1
2814,완두콩밥(55),55,187.2,3.596,0.222,40.7255,0.425,5.3,0.754,4,1.7625,0.1243,0.01705,0.595,4.379,0.443,0,0,0,0,0,0,0,0,1,0,0,0,0,0,0,0,0,0,0,0,0,0,0,0,0,0,1,0,0,0,0,0,0,0,0,0,0,0,0,1
2815,율무밥(55),55,200.35,3.97,0.36,43.275,0,4,0.835,4.2,0.166666667,0.131,0.0135,0,0,0,0,0,0,0,0,0,0,0,1,0,0,0,0,0,0,0,0,0,0,0,0,0,0,0,0,0,0,1,0,0,0,0,0,0,0,0,0,0,0,1
2816,잡곡밥(55),55,200.53,3.9484,0.4011,43.5607,0.442,4.18,0.8623,3.74,0.445833333,0.14119,0.0314,0,93.0208,2.7643,0,0,0,0,0,0,0,0,1,0,0,0,0,0,0,0,0,0,0,0,0,0,0,0,0,0,0,0,1,0,0,0,0,0,0,0,0,0,0,1
2817,차조밥(55),55,199.5,3.679,0.3795,43.307,0.255,4.2,0.8395,4.05,0.254166666,0.1405,0.0181,0,116.99,6.4395,0,0,0,0,0,0,0,0,1,0,0,0,0,0,0,0,0,0,0,0,0,0,0,0,0,0,0,0,0,1,0,0,0,0,0,0,0,0,0,1
2818,찰현미밥(55),55,201.45,3.65,0.315,43.96,0,3.6,0.905,3.65,0.133333333,0.1185,0.019,0,0,0,0,0,0,0,0,0,0,0,1,0,0,0,0,0,0,0,0,0,0,0,0,0,0,0,0,0,0,0,0,0,1,0,0,0,0,0,0,0,0,1
2819,찹쌀밥(55),55,201.75,3.67,0.22,44.085,0,3.4,0.85,3.65,0.133333333,0.113,0.02,0,0,0,0,0,0,0,0,0,0,0,1,0,0,0,0,0,0,0,0,0,0,0,0,0,0,0,0,0,0,0,0,0,0,1,0,0,0,0,0,0,0,1
2820,찹쌀밥(40),40,146.6,2.66,0.16,32.04,0,2.5,0.61,2.7,0.1,0.083,0.014,0,0,0,0,0,0,0,0,0,0,0,1,0,0,0,0,0,0,0,0,0,0,0,0,0,0,0,0,0,0,0,0,0,0,1,0,0,0,0,0,0,0,1
2821,찹쌀보리밥(55),55,200,3.765,0.2905,43.7095,0.64,4.7,0.8695,3.7,0.133333333,0.10885,0.0241,0,44.9485,3.4425,0,0,0,0,0,0,0,0,1,0,0,0,0,0,0,0,0,0,0,0,0,0,0,0,0,0,0,0,0,0,0,0,1,0,0,0,0,0,0,1
2822,찹쌀팥밥(55),55,199.85,4.3955,0.2665,42.982,0.895,6.4,0.9925,3.6,0.133333333,0.1339,0.02765,0.2285,15.5225,7.2135,0,0,0,0,0,0,0,0,1,0,0,0,0,0,0,0,0,0,0,0,0,0,0,0,0,0,0,0,0,0,0,0,0,1,0,0,0,0,0,1
2823,찹쌀현미밥(55),55,201.45,3.65,0.315,43.96,0,3.6,0.905,3.65,0.133333333,0.1185,0.019,0,0,0,0,0,0,0,0,0,0,0,1,0,0,0,0,0,0,0,0,0,0,0,0,0,0,0,0,0,0,0,0,0,0,0,0,0,1,0,0,0,0,1
2824,팥밥(55),55,198.85,4.28,0.215,42.97,0,6.9,1.015,5,0.520833333,0.138,0.0245,0.75,0,0,0,0,0,0,0,0,0,0,1,0,0,0,0,0,0,0,0,0,0,0,0,0,0,0,0,0,0,0,0,0,0,0,0,0,0,1,0,0,0,1
2825,현미밥(55),55,200.05,3.55,0.315,43.72,0,3.9,0.815,4.15,0.166666667,0.1275,0.013,0,0,0,0,0,0,0,0,0,0,0,1,0,0,0,0,0,0,0,0,0,0,0,0,0,0,0,0,0,0,0,0,0,0,0,0,0,0,0,1,0,0,1
2826,흑미밥(55),55,199.3,3.5795,0.3155,43.5155,0.38,4.45,0.6925,4.2,0.375,0.14535,0.0227,0,44.615,1.9115,0,0,0,0,0,0,0,0,1,0,0,0,0,0,0,0,0,0,0,0,0,0,0,0,0,0,0,0,0,0,0,0,0,0,0,0,0,1,0,1
2827,콩밥(55),55,201.95,5.0105,0.9355,41.3995,1.28,16.5,0.983,4.1,0.2125,0.14265,0.0292,0.1635,375.9335,60.5915,0,0,0,0,0,0,0,0,1,0,0,0,0,0,0,0,0,0,0,0,0,0,0,0,0,0,0,0,0,0,0,0,0,0,0,0,0,0,1,1
2828,감자밥(63),63,178.37,3.2857,0.1908,39.1336,0.459,4.75,0.6966,3.85,0.153333333,0.116,0.01379,1.7867,1.4739,0.3128,0,0,0,0,0,0,0,0,1,0,0,0,0,0,0,1,0,0,0,0,0,0,0,0,0,0,0,0,0,0,0,0,0,0,0,0,0,0,0,1
2829,검정콩밥(63),63,231.69,5.9688,1.1796,47.142,1.248,15.93,1.1124,4.62,0.49,0.14118,0.05232,0.4032,495.7302,81.3234,0,0,0,0,0,0,0,0,1,0,0,0,0,0,0,0,1,0,0,0,0,0,0,0,0,0,0,0,0,0,0,0,0,0,0,0,0,0,0,1
2830,고구마밥(63),63,193.16,3.1157,0.2027,42.8923,0.459,5.77,0.6745,4.87,0.606666667,0.11685,0.01379,1.2104,7.2046,0.9333,0,0,0,0,0,0,0,0,1,0,0,0,0,0,0,0,0,1,0,0,0,0,0,0,0,0,0,0,0,0,0,0,0,0,0,0,0,0,0,1
2831,기장밥(63),63,228.81,4.3956,0.4134,49.6296,0.276,4.47,0.9036,4.68,0.24,0.15612,0.01608,0,114.6576,2.4702,0,0,0,0,0,0,0,0,1,0,0,0,0,0,0,0,0,0,1,0,0,0,0,0,0,0,0,0,0,0,0,0,0,0,0,0,0,0,0,1
2832,밤밥(63),63,192.65,3.5016,0.269,42.2463,0.918,5.94,0.7408,3.85,0.564166667,0.11974,0.02025,2.7166,37.2113,10.319,0,0,0,0,0,0,0,0,1,0,0,0,0,0,0,0,0,0,0,1,0,0,0,0,0,0,0,0,0,0,0,0,0,0,0,0,0,0,0,1
2833,밤찹쌀팥밥(63),63,215.61,4.6803,0.3045,46.4794,1.219,7.62,1.0329,4.02,0.298333333,0.14702,0.02955,1.1873,28.6559,10.8555,0,0,0,0,0,0,0,0,1,0,0,0,0,0,0,0,0,0,0,0,1,0,0,0,0,0,0,0,0,0,0,0,0,0,0,0,0,0,0,1
2834,밤콩밥(63),63,231.51,5.748,1.26,47.151,0,18.33,1.227,4.8,0.19,0.1605,0.0216,0,0,0,0,0,0,0,0,0,0,0,1,0,0,0,0,0,0,0,0,0,0,0,0,1,0,0,0,0,0,0,0,0,0,0,0,0,0,0,0,0,0,1
2835,보리밥(63),63,227.43,4.206,0.3366,49.7784,0.768,5.79,0.8964,4.8,0.19,0.13452,0.02112,0,53.9382,4.131,0,0,0,0,0,0,0,0,1,0,0,0,0,0,0,0,0,0,0,0,0,0,1,0,0,0,0,0,0,0,0,0,0,0,0,0,0,0,0,1
2836,수수밥(63),63,228.09,4.23,0.3,50.067,0,4.65,0.885,5.4,0.465,0.1509,0.0192,0,0,0,0,0,0,0,0,0,0,0,1,0,0,0,0,0,0,0,0,0,0,0,0,0,0,1,0,0,0,0,0,0,0,0,0,0,0,0,0,0,0,1
2837,쌀밥(63),63,228.69,4.032,0.252,50.085,0,4.41,0.819,5.04,0.21,0.1449,0.0126,0,0,0,0,0,0,0,0,0,0,0,1,0,0,0,0,0,0,0,0,0,0,0,0,0,0,0,1,0,0,0,0,0,0,0,0,0,0,0,0,0,0,1
2838,옥수수밥(63),63,227.79,4.23,0.456,49.629,0,5.49,0.867,4.62,1.605,0.1509,0.018,0,0,0,0,0,0,0,0,0,0,0,1,0,0,0,0,0,0,0,0,0,0,0,0,0,0,0,0,1,0,0,0,0,0,0,0,0,0,0,0,0,0,1
2839,완두콩밥(63),63,213.75,4.1232,0.2544,46.4856,0.51,6.15,0.8658,4.56,2.105,0.14226,0.01986,0.714,5.2548,0.5316,0,0,0,0,0,0,0,0,1,0,0,0,0,0,0,0,0,0,0,0,0,0,0,0,0,0,1,0,0,0,0,0,0,0,0,0,0,0,0,1
2840,율무밥(63),63,229.53,4.572,0.42,49.545,0,4.59,0.963,4.8,0.19,0.1503,0.0156,0,0,0,0,0,0,0,0,0,0,0,1,0,0,0,0,0,0,0,0,0,0,0,0,0,0,0,0,0,0,1,0,0,0,0,0,0,0,0,0,0,0,1
2841,잡곡밥(63),62,226.01,4.4183,0.4482,49.1078,0.518,4.76,0.9578,4.21,0.504166667,0.16016,0.03574,0,101.9438,3.1466,0,0,0,0,0,0,0,0,1,0,0,0,0,0,0,0,0,0,0,0,0,0,0,0,0,0,0,0,1,0,0,0,0,0,0,0,0,0,0,1
2842,차조밥(63),63,228.51,4.2228,0.4434,49.5834,0.306,4.83,0.9684,4.62,0.295,0.1617,0.02112,0,140.388,7.7274,0,0,0,0,0,0,0,0,1,0,0,0,0,0,0,0,0,0,0,0,0,0,0,0,0,0,0,0,0,1,0,0,0,0,0,0,0,0,0,1
2843,찰현미밥(63),63,230.71,4.178,0.366,50.343,0,4.14,1.038,4.19,0.153333333,0.1362,0.0216,0,0,0,0,0,0,0,0,0,0,0,1,0,0,0,0,0,0,0,0,0,0,0,0,0,0,0,0,0,0,0,0,0,1,0,0,0,0,0,0,0,0,1
2844,찹쌀밥(63),63,231.07,4.202,0.252,50.493,0,3.9,0.972,4.19,0.153333333,0.1296,0.0228,0,0,0,0,0,0,0,0,0,0,0,1,0,0,0,0,0,0,0,0,0,0,0,0,0,0,0,0,0,0,0,0,0,0,1,0,0,0,0,0,0,0,1
2845,찹쌀보리밥(63),63,228.97,4.316,0.3366,50.0424,0.768,5.46,0.9954,4.25,0.153333333,0.12462,0.02772,0,53.9382,4.131,0,0,0,0,0,0,0,0,1,0,0,0,0,0,0,0,0,0,0,0,0,0,0,0,0,0,0,0,0,0,0,0,1,0,0,0,0,0,0,1
2846,찹쌀팥밥(63),63,228.79,5.0726,0.3078,49.1694,1.074,7.5,1.143,4.13,0.153333333,0.15468,0.03198,0.2742,18.627,8.6562,0,0,0,0,0,0,0,0,1,0,0,0,0,0,0,0,0,0,0,0,0,0,0,0,0,0,0,0,0,0,0,0,0,1,0,0,0,0,0,1
2847,찹쌀현미밥(63),63,230.71,4.178,0.366,50.343,0,4.14,1.038,4.19,0.153333333,0.1362,0.0216,0,0,0,0,0,0,0,0,0,0,0,1,0,0,0,0,0,0,0,0,0,0,0,0,0,0,0,0,0,0,0,0,0,0,0,0,0,1,0,0,0,0,1
2848,팥밥(63),63,227.73,4.944,0.246,49.179,0,8.07,1.179,5.76,0.615,0.1587,0.0288,0.9,0,0,0,0,0,0,0,0,0,0,1,0,0,0,0,0,0,0,0,0,0,0,0,0,0,0,0,0,0,0,0,0,0,0,0,0,0,1,0,0,0,1
2849,현미밥(63),63,229.17,4.068,0.366,50.079,0,4.47,0.939,4.74,0.19,0.1461,0.015,0,0,0,0,0,0,0,0,0,0,0,1,0,0,0,0,0,0,0,0,0,0,0,0,0,0,0,0,0,0,0,0,0,0,0,0,0,0,0,1,0,0,1
2850,흑미밥(63),63,228.27,4.1034,0.3666,49.8336,0.456,5.13,0.792,4.8,0.44,0.16752,0.02664,0,53.538,2.2938,0,0,0,0,0,0,0,0,1,0,0,0,0,0,0,0,0,0,0,0,0,0,0,0,0,0,0,0,0,0,0,0,0,0,0,0,0,1,0,1
2851,콩밥(63),63,231.45,5.8206,1.1106,47.2944,1.536,19.59,1.1406,4.68,0.245,0.16428,0.03444,0.1962,451.1202,72.7098,0,0,0,0,0,0,0,0,1,0,0,0,0,0,0,0,0,0,0,0,0,0,0,0,0,0,0,0,0,0,0,0,0,0,0,0,0,0,1,1
2852,B거봉(100g),100,61,0.43,0.04,16.38,0.4,4,0.17,1,2.166666667,0.026,0.047,0.13,11.89,6.09,0,0,0,0,1,0,0,1,0,0,0,0,0,0,0,0,0,0,0,0,0,0,0,0,0,0,0,0,0,0,0,0,0,0,0,0,0,0,0,0
2853,B귤(50g),50,19.5,0.35,0.05,4.95,0,6.5,0,5.5,0.208333334,0.065,0.02,22,0,0,0,0,0,0,1,0,0,1,0,0,0,0,0,0,0,0,0,0,0,0,0,0,0,0,0,0,0,0,0,0,0,0,0,0,0,0,0,0,0,0
2854,B귤(80g),80,31.2,0.56,0.08,7.92,0,10.4,0,8.8,0.333333334,0.104,0.032,35.2,0,0,0,0,0,0,1,0,0,1,0,0,0,0,0,0,0,0,0,0,0,0,0,0,0,0,0,0,0,0,0,0,0,0,0,0,0,0,0,0,0,0
2855,B단감(50g),50,25.5,0.205,0.02,6.83,3.2,3,0.075,0,3.375,0.0285,0.0255,6.975,0,5.105,0,0,0,0,1,0,0,1,0,0,0,0,0,0,0,0,0,0,0,0,0,0,0,0,0,0,0,0,0,0,0,0,0,0,0,0,0,0,0,0
2856,B당근스틱,42,13.02,0.4284,0.0546,2.9526,1.302,10.08,0.1176,9.66,193.06,0.01554,0.02604,1.2684,34.8684,3.318,0,0,0,0,1,0,0,1,0,0,0,0,0,0,0,0,0,0,0,0,0,0,0,0,0,0,0,0,0,0,0,0,0,0,0,0,0,0,0,0
2857,B딸기(100g),100,36,0.8,0.2,8.9,0,7,0.4,13,0,0.03,0.02,71,0,0,0,0,0,0,1,0,0,1,0,0,0,0,0,0,0,0,0,0,0,0,0,0,0,0,0,0,0,0,0,0,0,0,0,0,0,0,0,0,0,0
2858,B멜론(100g),100,40,1.5,0.04,9.64,2,7,0.34,13,2.416666667,0.032,0.033,2.02,5.27,10.67,0,0,0,0,1,0,0,1,0,0,0,0,0,0,0,0,0,0,0,0,0,0,0,0,0,0,0,0,0,0,0,0,0,0,0,0,0,0,0,0
2859,B멜론(50g),50,20,0.75,0.02,4.82,1,3.5,0.17,6.5,1.208333334,0.016,0.0165,1.01,2.635,5.335,0,0,0,0,1,0,0,1,0,0,0,0,0,0,0,0,0,0,0,0,0,0,0,0,0,0,0,0,0,0,0,0,0,0,0,0,0,0,0,0
2860,B멜론(75g),75,30,1.125,0.03,7.23,1.5,5.25,0.255,9.75,1.8125,0.024,0.02475,1.515,3.9525,8.0025,0,0,0,0,1,0,0,1,0,0,0,0,0,0,0,0,0,0,0,0,0,0,0,0,0,0,0,0,0,0,0,0,0,0,0,0,0,0,0,0
2861,B멜론퓨레,112,44.8,1.68,0.0448,10.7968,2.24,7.84,0.3808,14.56,2.706666667,0.03584,0.03696,2.2624,5.9024,11.9504,0,0,0,0,1,0,0,1,0,0,0,0,0,0,0,0,0,0,0,0,0,0,0,0,0,0,0,0,0,0,0,0,0,0,0,0,0,0,0,0
2862,B바나나(100g),100,84,1.1,0.1,21.94,1.9,7,0.29,0,2.083333333,0.049,0.075,5.94,24.75,9.76,0,0,0,0,1,0,0,1,0,0,0,0,0,0,0,0,0,0,0,0,0,0,0,0,0,0,0,0,0,0,0,0,0,0,0,0,0,0,0,0
2863,B바나나(50g),50,42,0.55,0.05,10.97,0.95,3.5,0.145,0,1.041666667,0.0245,0.0375,2.97,12.375,4.88,0,0,0,0,1,0,0,1,0,0,0,0,0,0,0,0,0,0,0,0,0,0,0,0,0,0,0,0,0,0,0,0,0,0,0,0,0,0,0,0
2864,B방울토마토(35g),35,8.75,0.35,0.0455,2.107,0.735,3.5,0.1295,1.75,20.825,0.0077,0.03045,3.9795,21.644,2.4535,0,0,0,0,1,0,0,1,0,0,0,0,0,0,0,0,0,0,0,0,0,0,0,0,0,0,0,0,0,0,0,0,0,0,0,0,0,0,0,0
2865,B방울토마토(70g),70,17.5,0.7,0.091,4.214,1.47,7,0.259,3.5,41.65,0.0154,0.0609,7.959,43.288,4.907,0,0,0,0,1,0,0,1,0,0,0,0,0,0,0,0,0,0,0,0,0,0,0,0,0,0,0,0,0,0,0,0,0,0,0,0,0,0,0,0
2866,B배(100g),100,46,0.3,0.04,12.35,1.4,1,0.05,0,0,0.016,0.049,2.76,18.27,1.16,0,0,0,0,1,0,0,1,0,0,0,0,0,0,0,0,0,0,0,0,0,0,0,0,0,0,0,0,0,0,0,0,0,0,0,0,0,0,0,0
2867,B배(50g),50,23,0.15,0.02,6.175,0.7,0.5,0.025,0,0,0.008,0.0245,1.38,9.135,0.58,0,0,0,0,1,0,0,1,0,0,0,0,0,0,0,0,0,0,0,0,0,0,0,0,0,0,0,0,0,0,0,0,0,0,0,0,0,0,0,0
2868,B복숭아(60g),60,19.2,0.558,0.03,4.71,2.28,3.6,0.114,0,4.7,0.0168,0.0108,1.014,10.632,3.378,0,0,0,0,1,0,0,1,0,0,0,0,0,0,0,0,0,0,0,0,0,0,0,0,0,0,0,0,0,0,0,0,0,0,0,0,0,0,0,0
2869,B복숭아(80g),80,25.6,0.744,0.04,6.28,3.04,4.8,0.152,0,6.266666666,0.0224,0.0144,1.352,14.176,4.504,0,0,0,0,1,0,0,1,0,0,0,0,0,0,0,0,0,0,0,0,0,0,0,0,0,0,0,0,0,0,0,0,0,0,0,0,0,0,0,0
2870,B복숭아(백도)-60g,60,29.4,0.354,0.024,7.86,1.56,2.4,0.066,0,0.15,0.0132,0.0138,1.26,6.39,5.208,0,0,0,0,1,0,0,1,0,0,0,0,0,0,0,0,0,0,0,0,0,0,0,0,0,0,0,0,0,0,0,0,0,0,0,0,0,0,0,0
2871,B복숭아(백도)-80g,80,39.2,0.472,0.032,10.48,2.08,3.2,0.088,0,0.2,0.0176,0.0184,1.68,8.52,6.944,0,0,0,0,1,0,0,1,0,0,0,0,0,0,0,0,0,0,0,0,0,0,0,0,0,0,0,0,0,0,0,0,0,0,0,0,0,0,0,0
2872,B복숭아(천도)-60g,60,19.2,0.558,0.03,4.71,2.28,3.6,0.114,0,4.7,0.0168,0.0108,1.014,10.632,3.378,0,0,0,0,1,0,0,1,0,0,0,0,0,0,0,0,0,0,0,0,0,0,0,0,0,0,0,0,0,0,0,0,0,0,0,0,0,0,0,0
2873,B복숭아(천도)-80g,80,25.6,0.744,0.04,6.28,3.04,4.8,0.152,0,6.266666666,0.0224,0.0144,1.352,14.176,4.504,0,0,0,0,1,0,0,1,0,0,0,0,0,0,0,0,0,0,0,0,0,0,0,0,0,0,0,0,0,0,0,0,0,0,0,0,0,0,0,0
2874,B복숭아(황도)-60g,60,29.4,0.24,0.024,7.818,2.58,3,0.054,1.2,5.25,0.0108,0.0132,1.002,6.45,3.756,0,0,0,0,1,0,0,1,0,0,0,0,0,0,0,0,0,0,0,0,0,0,0,0,0,0,0,0,0,0,0,0,0,0,0,0,0,0,0,0
2875,B복숭아(황도)-80g,80,39.2,0.32,0.032,10.424,3.44,4,0.072,1.6,7,0.0144,0.0176,1.336,8.6,5.008,0,0,0,0,1,0,0,1,0,0,0,0,0,0,0,0,0,0,0,0,0,0,0,0,0,0,0,0,0,0,0,0,0,0,0,0,0,0,0,0
2876,B블루베리(50g),50,24,0.275,0.045,6.285,1.5,4.5,0.115,0,1.083333334,0.0085,0.0655,0,16.125,8.25,0,0,0,0,1,0,0,1,0,0,0,0,0,0,0,0,0,0,0,0,0,0,0,0,0,0,0,0,0,0,0,0,0,0,0,0,0,0,0,0
2877,B사과(100g),100,53,0.2,0.03,14.36,2.7,4,0.1,0,2.083333333,0,0.019,1.41,14.92,1.09,0,0,0,0,1,0,0,1,0,0,0,0,0,0,0,0,0,0,0,0,0,0,0,0,0,0,0,0,0,0,0,0,0,0,0,0,0,0,0,0
2878,B사과(35g),35,18.55,0.07,0.0105,5.026,0.945,1.4,0.035,0,0.729166667,0,0.00665,0.4935,5.222,0.3815,0,0,0,0,1,0,0,1,0,0,0,0,0,0,0,0,0,0,0,0,0,0,0,0,0,0,0,0,0,0,0,0,0,0,0,0,0,0,0,0
2879,B사과(50g),50,26.5,0.1,0.015,7.18,1.35,2,0.05,0,1.041666667,0,0.0095,0.705,7.46,0.545,0,0,0,0,1,0,0,1,0,0,0,0,0,0,0,0,0,0,0,0,0,0,0,0,0,0,0,0,0,0,0,0,0,0,0,0,0,0,0,0
2880,B사과(75g),75,39.75,0.15,0.0225,10.77,2.025,3,0.075,0,1.5625,0,0.01425,1.0575,11.19,0.8175,0,0,0,0,1,0,0,1,0,0,0,0,0,0,0,0,0,0,0,0,0,0,0,0,0,0,0,0,0,0,0,0,0,0,0,0,0,0,0,0
2881,B수박(100g),100,31,0.79,0.05,7.83,0.2,6,0.18,0,71.08333333,0.024,0.03,0,13.86,2.93,0,0,0,0,1,0,0,1,0,0,0,0,0,0,0,0,0,0,0,0,0,0,0,0,0,0,0,0,0,0,0,0,0,0,0,0,0,0,0,0
2882,B오렌지(100g),100,44,0.9,0.1,11.2,0,33,0.2,1,7.5,0.11,0.02,43,0,0,0,0,0,0,1,0,0,1,0,0,0,0,0,0,0,0,0,0,0,0,0,0,0,0,0,0,0,0,0,0,0,0,0,0,0,0,0,0,0,0
2883,B오렌지(50g),50,22,0.45,0.05,5.6,0,16.5,0.1,0.5,3.75,0.055,0.01,21.5,0,0,0,0,0,0,1,0,0,1,0,0,0,0,0,0,0,0,0,0,0,0,0,0,0,0,0,0,0,0,0,0,0,0,0,0,0,0,0,0,0,0
2884,B자두(50g),50,13,0.25,0.3,2.65,0,1.5,0.1,0.5,0,0.02,0.015,2.5,0,0,0,0,0,0,1,0,0,1,0,0,0,0,0,0,0,0,0,0,0,0,0,0,0,0,0,0,0,0,0,0,0,0,0,0,0,0,0,0,0,0
2885,B참외(100g),100,47,1.57,0.29,11.01,1.7,6,0.26,2,0.5,0.006,0.08,1.99,167.43,9.08,0,0,0,0,1,0,0,1,0,0,0,0,0,0,0,0,0,0,0,0,0,0,0,0,0,0,0,0,0,0,0,0,0,0,0,0,0,0,0,0
2886,B참외(50g),50,23.5,0.785,0.145,5.505,0.85,3,0.13,1,0.25,0.003,0.04,0.995,83.715,4.54,0,0,0,0,1,0,0,1,0,0,0,0,0,0,0,0,0,0,0,0,0,0,0,0,0,0,0,0,0,0,0,0,0,0,0,0,0,0,0,0
2887,B청포도(100g),100,48,0.3,0.2,12.6,0,5,0.3,2,0.916666667,0.06,0.01,2,0,0,0,0,0,0,1,0,0,1,0,0,0,0,0,0,0,0,0,0,0,0,0,0,0,0,0,0,0,0,0,0,0,0,0,0,0,0,0,0,0,0
2888,B키위(100g),100,64,0.8,1,14.8,0,30,1,2,2.083333333,0.13,0.03,72,0,0,0,0,0,0,1,0,0,1,0,0,0,0,0,0,0,0,0,0,0,0,0,0,0,0,0,0,0,0,0,0,0,0,0,0,0,0,0,0,0,0
2889,B키위(50g),50,32,0.4,0.5,7.4,0,15,0.5,1,1.041666667,0.065,0.015,36,0,0,0,0,0,0,1,0,0,1,0,0,0,0,0,0,0,0,0,0,0,0,0,0,0,0,0,0,0,0,0,0,0,0,0,0,0,0,0,0,0,0
2890,B토마토(100g),100,19,1.03,0.18,4.26,2.6,9,0.19,2,31.66666667,0.013,0.037,14.16,91.46,6.61,0,0,0,0,1,0,0,1,0,0,0,0,0,0,0,0,0,0,0,0,0,0,0,0,0,0,0,0,0,0,0,0,0,0,0,0,0,0,0,0
2891,B토마토(200g),200,38,2.06,0.36,8.52,5.2,18,0.38,4,63.33333334,0.026,0.074,28.32,182.92,13.22,0,0,0,0,1,0,0,1,0,0,0,0,0,0,0,0,0,0,0,0,0,0,0,0,0,0,0,0,0,0,0,0,0,0,0,0,0,0,0,0
2892,B파인애플(50g),50,26.5,0.23,0.02,7.16,1.25,8,0.045,0,2.583333334,0.026,0.0435,22.715,3.69,3.715,0,0,0,0,1,0,0,1,0,0,0,0,0,0,0,0,0,0,0,0,0,0,0,0,0,0,0,0,0,0,0,0,0,0,0,0,0,0,0,0
2893,B포도(100g),100,60,0.66,0.04,15.1,1.1,3,0.11,2,3.25,0.063,0.051,0.12,10.83,5.34,0,0,0,0,1,0,0,1,0,0,0,0,0,0,0,0,0,0,0,0,0,0,0,0,0,0,0,0,0,0,0,0,0,0,0,0,0,0,0,0
2894,B감자건포도샐러드,112,136.22,2.2253,5.3718,20.7508,2.961,15.26,0.7077,35.21,1.044166666,0.06573,0.10752,10.3159,2759.0983,409.934,0,0,0,0,1,1,0,0,0,0,0,0,0,0,0,0,0,0,0,0,0,0,0,0,0,0,0,0,0,0,0,0,0,0,0,0,0,0,0,0
2895,B감자샐러드,107.1,127.631,2.53274,6.38386,15.65039,2.9505,17.948,0.70686,33.446,1.050583333,0.061019,0.062286,10.2998,3025.89987,409.48999,0,0,0,0,1,1,0,0,0,0,0,0,0,0,0,0,0,0,0,0,0,0,0,0,0,0,0,0,0,0,0,0,0,0,0,0,0,0,0,0
2896,B감자채요거트샐러드,109.2,89.81,2.81596,0.76958,18.80102,2.765,38.262,0.59346,11.102,10.76133333,0.059542,0.12677,9.08474,26.1835,4.82174,0,0,0,0,1,1,0,0,0,0,0,0,0,0,0,0,0,0,0,0,0,0,0,0,0,0,0,0,0,0,0,0,0,0,0,0,0,0,0,0
2897,B고구마경단,85.4,154.924,1.56324,1.50388,33.88504,2.4164,15.61,0.42028,14.812,19.824,0.049644,0.046928,5.0008,119.8428,9.93916,0,0,0,0,1,1,0,0,0,0,0,0,0,0,0,0,0,0,0,0,0,0,0,0,0,0,0,0,0,0,0,0,0,0,0,0,0,0,0,0
2898,B고구마샐러드(마요네즈),78.4,161.686,0.7805,5.3725,27.5989,1.89,11.914,0.3675,37.324,2.8875,0.04711,0.0224,4.984,2775.563,411.0218,0,0,0,0,1,1,0,0,0,0,0,0,0,0,0,0,0,0,0,0,0,0,0,0,0,0,0,0,0,0,0,0,0,0,0,0,0,0,0,0
2899,B과일샐러드,77,82.74,0.4697,5.3424,9.1147,0.763,13.93,0.1365,32.69,4.083333333,0.04235,0.02121,15.7325,2751.588,407.5701,0,0,0,0,1,0,0,1,0,0,0,0,0,0,0,0,0,0,0,0,0,0,0,0,0,0,0,0,0,0,0,0,0,0,0,0,0,0,0,0
2900,B과일샐러드(마요네즈),77,83.72,0.4557,5.341,9.3961,0.945,14.35,0.1435,32.69,4.375,0.04011,0.01701,15.5435,2751.119,407.5603,0,0,0,0,1,0,0,1,0,0,0,0,0,0,0,0,0,0,0,0,0,0,0,0,0,0,0,0,0,0,0,0,0,0,0,0,0,0,0,0
2901,B과일샐러드(요거트드레싱),84,50.4,2.3576,1.6352,7,1.176,64.96,0.0686,19.46,26.41333333,0.02422,0.06902,6.9692,36.9376,5.6686,0,0,0,0,1,0,0,1,0,0,0,0,0,0,0,0,0,0,0,0,0,0,0,0,0,0,0,0,0,0,0,0,0,0,0,0,0,0,0,0
2902,B단호박샐러드,85.4,53.116,1.267,0.9198,11.431,3.5,24.234,0.273,5.124,221.7833333,0.02394,0.11802,8.6016,135.0692,57.75,0,0,0,0,1,1,0,0,0,0,0,0,0,0,0,0,0,0,0,0,0,0,0,0,0,0,0,0,0,0,0,0,0,0,0,0,0,0,0,0
2903,B단호박샐러드(마요네즈),78.4,93.786,0.9065,5.7505,11.1069,3.5,9.814,0.3045,32.424,215.1041666,0.02261,0.0987,8.491,2870.637,463.8648,0,0,0,0,1,1,0,0,0,0,0,0,0,0,0,0,0,0,0,0,0,0,0,0,0,0,0,0,0,0,0,0,0,0,0,0,0,0,0,0
2904,B마카로니채소샐러드,56.2,186.267,4.5088,5.4501,28.207,0.266,5.361,0.5468,68.503,33.56433334,0.04995,0.0278,0.9989,2752.2817,408.2085,0,0,0,0,1,1,0,0,0,0,0,0,0,0,0,0,0,0,0,0,0,0,0,0,0,0,0,0,0,0,0,0,0,0,0,0,0,0,0,0
2905,B바나나사과키위샐러드(요거트드레싱),168,116.97,1.8732,0.9723,28.0448,2.793,37.1,0.6062,7.14,11.46833333,0.08274,0.09261,30.2337,35.5558,9.1539,0,0,0,0,1,0,0,1,0,0,0,0,0,0,0,0,0,0,0,0,0,0,0,0,0,0,0,0,0,0,0,0,0,0,0,0,0,0,0,0
2906,B바나나사과키위샐러드(마요네즈),168,206.71,1.2894,11.0257,28.4746,2.653,20.16,0.679,65.38,5.249999999,0.08302,0.07903,30.0489,5516.4298,821.7237,0,0,0,0,1,0,0,1,0,0,0,0,0,0,0,0,0,0,0,0,0,0,0,0,0,0,0,0,0,0,0,0,0,0,0,0,0,0,0,0
2907,B블루베리고구마샐러드,127.4,144.746,1.9033,1.2579,31.724,2.52,51.954,0.3948,17.584,21.57166667,0.05642,0.10325,5.2605,62.2615,9.968,0,0,0,0,1,0,0,1,0,0,0,0,0,0,0,0,0,0,0,0,0,0,0,0,0,0,0,0,0,0,0,0,0,0,0,0,0,0,0,0
2908,B(우유제외)블루베리고구마샐러드,127.4,152.096,1.9488,1.4154,33.243,2.835,20.454,0.5243,31.934,2.321666667,0.07042,0.0532,5.0365,564.571,69.44,0,0,0,0,1,0,0,1,0,0,0,0,0,0,0,0,0,0,0,0,0,0,0,0,0,0,0,0,0,0,0,0,0,0,0,0,0,0,0,0
2909,B사과샐러드(마요네즈),77,86.87,0.2107,5.3165,10.5021,1.89,4.2,0.1085,32.34,2.479166666,0.00161,0.01666,0.987,2756.341,407.9418,0,0,0,0,1,0,0,1,0,0,0,0,0,0,0,0,0,0,0,0,0,0,0,0,0,0,0,0,0,0,0,0,0,0,0,0,0,0,0,0
2910,B연두부샐러드(오리엔탈드레싱),60.3,43.877,2.77105,2.01819,3.62052,0.0464,23.891,0.78153,140.656,5.64475,0.083801,0.071144,0.31458,84.48907,2.83921,0,0,0,0,1,1,0,0,0,0,0,0,0,0,0,0,0,0,0,0,0,0,0,0,0,0,0,0,0,0,0,0,0,0,0,0,0,0,0,0
2911,B오이당근스틱,42,9.45,0.4704,0.0315,2.1168,0.798,8.82,0.1008,5.46,97.59750001,0.00819,0.02016,2.9967,19.1541,3.0891,0,0,0,0,1,0,0,1,0,0,0,0,0,0,0,0,0,0,0,0,0,0,0,0,0,0,0,0,0,0,0,0,0,0,0,0,0,0,0,0
2912,B오이스틱,42,5.88,0.5124,0.0084,1.281,0.294,7.56,0.084,1.26,2.135,0.00084,0.01428,4.725,3.4398,2.8602,0,0,0,0,1,0,0,1,0,0,0,0,0,0,0,0,0,0,0,0,0,0,0,0,0,0,0,0,0,0,0,0,0,0,0,0,0,0,0,0
2913,B으깬견과류고구마샐러드(요거트),130.2,167.748,4.2672,3.66352,29.60412,2.7664,98.91,0.47432,30.8,34.94166667,0.057596,0.138432,5.7232,423.34908,11.68132,0,0,0,0,1,1,0,0,0,0,0,0,0,0,0,0,0,0,0,0,0,0,0,0,0,0,0,0,0,0,0,0,0,0,0,0,0,0,0,0
2914,B으깬견과류고구마샐러드(마요네즈),130.2,526.708,1.932,43.87712,31.32332,2.2064,31.15,0.76552,263.76,10.06833333,0.058716,0.084112,4.984,22346.84508,3261.96052,0,0,0,0,1,1,0,0,0,0,0,0,0,0,0,0,0,0,0,0,0,0,0,0,0,0,0,0,0,0,0,0,0,0,0,0,0,0,0,0
2915,B참외샐러드,60.2,68.129,1.58818,4.29182,6.82188,1.4,21.373,0.43912,136.073,1.72175,0.043338,0.092612,0.5572,761.8275,18.49379,0,0,0,0,1,0,0,1,0,0,0,0,0,0,0,0,0,0,0,0,0,0,0,0,0,0,0,0,0,0,0,0,0,0,0,0,0,0,0,0
2916,B채소스크램블에그,71.8,83.507,5.8052,4.97522,3.23254,0.336,40.791,0.81796,162.731,97.01933334,0.04085,0.22499,0.7336,1449.40782,16.84046,0,0,0,0,1,1,0,0,0,0,0,0,0,0,0,0,0,0,0,0,0,0,0,0,0,0,0,0,0,0,0,0,0,0,0,0,0,0,0,0
2917,B(우유제외)채소스크램블에그,71.8,84.207,5.99,5.01442,3.11634,0.336,27.351,0.90896,176.591,89.31933334,0.04351,0.20791,0.623,1439.07862,15.77646,0,0,0,0,1,1,0,0,0,0,0,0,0,0,0,0,0,0,0,0,0,0,0,0,0,0,0,0,0,0,0,0,0,0,0,0,0,0,0,0
2918,B토마토두부샐러드,81.2,75.446,3.32626,4.15198,6.40402,1.6884,22.666,0.59528,135.016,10.09983333,0.028602,0.135464,17.1381,923.75094,133.63938,0,0,0,0,1,0,0,1,0,0,0,0,0,0,0,0,0,0,0,0,0,0,0,0,0,0,0,0,0,0,0,0,0,0,0,0,0,0,0,0
2919,B파프리카스틱,56,14.56,0.5096,0.0728,3.5952,0.896,3.36,0.2072,0,15.77333334,0.00784,0.08288,51.38,29.176,16.4136,0,0,0,0,1,0,0,1,0,0,0,0,0,0,0,0,0,0,0,0,0,0,0,0,0,0,0,0,0,0,0,0,0,0,0,0,0,0,0,0
2920,B푸실리샐러드,56,96.39,2.9407,0.119,20.167,0.749,4.48,0.3689,75.39,9.689166667,0.03521,0.04095,16.0076,16.3107,4.3757,0,0,0,0,1,0,0,1,0,0,0,0,0,0,0,0,0,0,0,0,0,0,0,0,0,0,0,0,0,0,0,0,0,0,0,0,0,0,0,0
2921,B고구마쉐이크,190,175.5,4.847,4.723,28.202,2.1,166.7,0.28,53.9,78.54166667,0.0594,0.2393,8.786,138.737,15.75,0,0,0,0,1,0,1,0,0,0,0,0,0,0,0,0,0,0,0,0,0,0,0,0,0,0,0,0,0,0,0,0,0,0,0,0,0,0,0,0
2922,B(우유제외)고구마쉐이크,190,182.5,6.695,5.115,27.04,2.1,32.3,1.19,192.5,1.541666667,0.086,0.0685,7.68,35.445,5.11,0,0,0,0,1,0,1,0,0,0,0,0,0,0,0,0,0,0,0,0,0,0,0,0,0,0,0,0,0,0,0,0,0,0,0,0,0,0,0,0
2923,B떠먹는요구르트(100ml),100,70,5.18,3.84,3.36,1,141,0.03,46,59,0.021,0.145,1.32,78,12.77,0,0,0,0,1,0,1,0,0,0,0,0,0,0,0,0,0,0,0,0,0,0,0,0,0,0,0,0,0,0,0,0,0,0,0,0,0,0,0,0
2924,B바나나쉐이크,250,181.5,5.72,5.08,30.235,1.9,176.5,0.365,54,84.58333333,0.0805,0.318,7.125,135.42,21.16,0,0,0,0,1,0,1,0,0,0,0,0,0,0,0,0,0,0,0,0,0,0,0,0,0,0,0,0,0,0,0,0,0,0,0,0,0,0,0,0
2925,B(우유제외)바나나쉐이크,250,189,7.7,5.5,28.99,1.9,32.5,1.34,202.5,2.083333333,0.109,0.135,5.94,24.75,9.76,0,0,0,0,1,0,1,0,0,0,0,0,0,0,0,0,0,0,0,0,0,0,0,0,0,0,0,0,0,0,0,0,0,0,0,0,0,0,0,0
2926,B복숭아호두스무디,185,138.6,4.3255,6.9515,16.406,2.415,120.25,0.2625,36.15,55.30833333,0.04095,0.1945,2.47,2154.785,587.6135,0,0,0,0,1,0,1,0,0,0,0,0,0,0,0,0,0,0,0,0,0,0,0,0,0,0,0,0,0,0,0,0,0,0,0,0,0,0,0,0
2927,B(우유제외)복숭아호두스무디,185,143.6,5.6455,7.2315,15.576,2.415,24.25,0.9125,135.15,0.308333333,0.05995,0.0725,1.68,2081.005,580.0135,0,0,0,0,1,0,1,0,0,0,0,0,0,0,0,0,0,0,0,0,0,0,0,0,0,0,0,0,0,0,0,0,0,0,0,0,0,0,0,0
2928,B블루베리바나나쉐이크,230,213,5.617,10.633,27.028,3.61,130.7,0.611,36.3,57.76666667,0.0653,0.3138,4.354,4252.95,1169.495,0,0,0,0,1,0,1,0,0,0,0,0,0,0,0,0,0,0,0,0,0,0,0,0,0,0,0,0,0,0,0,0,0,0,0,0,0,0,0,0
2929,B(우유제외)블루베리바나나쉐이크,230,225,5.937,10.463,30.258,5.01,136.7,1.081,65.3,2.766666667,0.0673,0.1698,3.904,5698.69,1314.585,0,0,0,0,1,0,1,0,0,0,0,0,0,0,0,0,0,0,0,0,0,0,0,0,0,0,0,0,0,0,0,0,0,0,0,0,0,0,0,0
2930,B수제딸기우유,250,148,6.56,6.74,15.51,0,229.5,0.3,78.5,110,0.057,0.334,37.08,147.56,15.2,0,0,0,0,1,0,1,0,0,0,0,0,0,0,0,0,0,0,0,0,0,0,0,0,0,0,0,0,0,0,0,0,0,0,0,0,0,0,0,0
2931,B(우유제외)수제딸기두유,250,158,9.2,7.3,13.85,0,37.5,1.6,276.5,0,0.095,0.09,35.5,0,0,0,0,0,0,1,0,1,0,0,0,0,0,0,0,0,0,0,0,0,0,0,0,0,0,0,0,0,0,0,0,0,0,0,0,0,0,0,0,0,0
2932,B수제바나나우유,150,107,3.63,3.37,16.5,0.95,116.5,0.195,36,56.04166667,0.0455,0.1995,3.76,86.155,12.48,0,0,0,0,1,0,1,0,0,0,0,0,0,0,0,0,0,0,0,0,0,0,0,0,0,0,0,0,0,0,0,0,0,0,0,0,0,0,0,0
2933,B(우유제외)수제바나나두유,150,112,4.95,3.65,15.67,0.95,20.5,0.845,135,1.041666667,0.0645,0.0775,2.97,12.375,4.88,0,0,0,0,1,0,1,0,0,0,0,0,0,0,0,0,0,0,0,0,0,0,0,0,0,0,0,0,0,0,0,0,0,0,0,0,0,0,0,0
2934,B수제블루베리바나나우유,190,120.3,4.895,5.017,14.26,1.09,172.9,0.173,54,83.35833333,0.0415,0.2898,1.779,122.82,17.326,0,0,0,0,1,0,1,0,0,0,0,0,0,0,0,0,0,0,0,0,0,0,0,0,0,0,0,0,0,0,0,0,0,0,0,0,0,0,0,0
2935,B(우유제외)수제블루베리바나나우유,190,151.8,5.09,5.692,20.77,2.44,37.9,0.728,115.5,0.858333333,0.1015,0.0753,0.819,2275.575,272.206,0,0,0,0,1,0,1,0,0,0,0,0,0,0,0,0,0,0,0,0,0,0,0,0,0,0,0,0,0,0,0,0,0,0,0,0,0,0,0,0
2936,B수제블루베리우유,275,166,6.5725,6.7075,20.4875,2.25,232.75,0.2725,72,111.625,0.05475,0.42225,1.58,171.7475,27.575,0,0,0,0,1,0,1,0,0,0,0,0,0,0,0,0,0,0,0,0,0,0,0,0,0,0,0,0,0,0,0,0,0,0,0,0,0,0,0,0
2937,B(우유제외)수제블루베리우유,275,190,7.2125,6.3675,26.9475,5.05,244.75,1.2125,130,1.625,0.05875,0.13425,0.68,3063.2275,317.755,0,0,0,0,1,0,1,0,0,0,0,0,0,0,0,0,0,0,0,0,0,0,0,0,0,0,0,0,0,0,0,0,0,0,0,0,0,0,0,0
2938,B요구르트,80,52,1.032,0.016,12.184,0.48,36,0.016,13.6,0,0.012,0.0512,0.368,0.536,0,0,0,0,0,1,0,1,0,0,0,0,0,0,0,0,0,0,0,0,0,0,0,0,0,0,0,0,0,0,0,0,0,0,0,0,0,0,0,0,0
2939,B우유(100ml),100,65,3.08,3.32,5.53,0,113,0.05,36,55,0.021,0.162,0.79,73.78,7.6,0,0,0,0,1,0,1,0,0,0,0,0,0,0,0,0,0,0,0,0,0,0,0,0,0,0,0,0,0,0,0,0,0,0,0,0,0,0,0,0
2940,B우유(150ml),150,97.5,4.62,4.98,8.295,0,169.5,0.075,54,82.5,0.0315,0.243,1.185,110.67,11.4,0,0,0,0,1,0,1,0,0,0,0,0,0,0,0,0,0,0,0,0,0,0,0,0,0,0,0,0,0,0,0,0,0,0,0,0,0,0,0,0
2941,B우유(200ml),200,130,6.16,6.64,11.06,0,226,0.1,72,110,0.042,0.324,1.58,147.56,15.2,0,0,0,0,1,0,1,0,0,0,0,0,0,0,0,0,0,0,0,0,0,0,0,0,0,0,0,0,0,0,0,0,0,0,0,0,0,0,0,0
2942,B고칼슘우유(100ml),100,63,2.98,2.77,6.53,0,205,1.19,37,171,0.163,0.134,0.46,64.38,6.19,0,0,0,0,1,0,1,0,0,0,0,0,0,0,0,0,0,0,0,0,0,0,0,0,0,0,0,0,0,0,0,0,0,0,0,0,0,0,0,0
2943,B고칼슘우유(150ml),150,94.5,4.47,4.155,9.795,0,307.5,1.785,55.5,256.5,0.2445,0.201,0.69,96.57,9.285,0,0,0,0,1,0,1,0,0,0,0,0,0,0,0,0,0,0,0,0,0,0,0,0,0,0,0,0,0,0,0,0,0,0,0,0,0,0,0,0
2944,B고칼슘우유(200ml),200,126,5.96,5.54,13.06,0,410,2.38,74,342,0.326,0.268,0.92,128.76,12.38,0,0,0,0,1,0,1,0,0,0,0,0,0,0,0,0,0,0,0,0,0,0,0,0,0,0,0,0,0,0,0,0,0,0,0,0,0,0,0,0
2945,B우유미숫가루,167.5,166.875,6.798,5.80225,22.2195,1.92,177.7,0.67675,54.925,82.5,0.0357,0.3288,1.185,506.1225,76.9005,0,0,0,0,1,0,1,0,0,0,0,0,0,0,0,0,0,0,0,0,0,0,0,0,0,0,0,0,0,0,0,0,0,0,0,0,0,0,0,0
2946,B(우유제외)두유미숫가루,167.5,174.375,8.778,6.22225,20.9745,1.92,33.7,1.65175,203.425,0,0.0642,0.1458,0,395.4525,65.5005,0,0,0,0,1,0,1,0,0,0,0,0,0,0,0,0,0,0,0,0,0,0,0,0,0,0,0,0,0,0,0,0,0,0,0,0,0,0,0,0
2947,B고칼슘두유(190ml),190,130.91,6.042,5.035,0,0,201.4,0.7144,285,0,0.323,0.323,20.9,0,0,0,0,0,0,1,0,1,0,0,0,0,0,0,0,0,0,0,0,0,0,0,0,0,0,0,0,0,0,0,0,0,0,0,0,0,0,0,0,0,0
2948,B토마토쉐이크,168,74.64,1.8332,0.2121,17.7205,3.232,32.87,0.2387,10.87,34.83333334,0.02537,0.10399,15.9212,101.9199,7.385,0,0,0,0,1,0,1,0,0,0,0,0,0,0,0,0,0,0,0,0,0,0,0,0,0,0,0,0,0,0,0,0,0,0,0,0,0,0,0,0
2949,B호두두부쉐이크,130,144.55,7.0855,8.108,11.318,1.495,120.25,0.787,29.4,44.10833333,0.03195,0.245,0.632,3085.825,734.1775,0,0,0,0,1,0,1,0,0,0,0,0,0,0,0,0,0,0,0,0,0,0,0,0,0,0,0,0,0,0,0,0,0,0,0,0,0,0,0,0
2950,B(우유제외)호두두부쉐이크,130,148.55,8.1415,8.332,10.654,1.495,43.45,1.307,108.6,0.108333333,0.04715,0.1474,0,3026.801,728.0975,0,0,0,0,1,0,1,0,0,0,0,0,0,0,0,0,0,0,0,0,0,0,0,0,0,0,0,0,0,0,0,0,0,0,0,0,0,0,0,0
2951,B호두우유,205,163.55,6.96,10.06,11.585,0,229.95,0.265,74.35,110.0958333,0.0515,0.3385,1.58,147.56,15.2,0,0,0,0,1,0,1,0,0,0,0,0,0,0,0,0,0,0,0,0,0,0,0,0,0,0,0,0,0,0,0,0,0,0,0,0,0,0,0,0
2952,B(우유제외)호두두유,205,173.55,9.6,10.62,9.925,0,37.95,1.565,272.35,0.095833333,0.0895,0.0945,0,0,0,0,0,0,0,1,0,1,0,0,0,0,0,0,0,0,0,0,0,0,0,0,0,0,0,0,0,0,0,0,0,0,0,0,0,0,0,0,0,0,0
2953,B검은깨두유(100ml),100,77,3.4,3.15,8.76,1.4,119,0.52,65,0,0.023,0.018,0.34,1519.52,152.69,0,0,0,0,1,0,1,0,0,0,0,0,0,0,0,0,0,0,0,0,0,0,0,0,0,0,0,0,0,0,0,0,0,0,0,0,0,0,0,0
2954,B검은깨두유(150ml),150,115.5,5.1,4.725,13.14,2.1,178.5,0.78,97.5,0,0.0345,0.027,0.51,2279.28,229.035,0,0,0,0,1,0,1,0,0,0,0,0,0,0,0,0,0,0,0,0,0,0,0,0,0,0,0,0,0,0,0,0,0,0,0,0,0,0,0,0
2955,B검은깨두유(200ml),200,154,6.8,6.3,17.52,2.8,238,1.04,130,0,0.046,0.036,0.68,3039.04,305.38,0,0,0,0,1,0,1,0,0,0,0,0,0,0,0,0,0,0,0,0,0,0,0,0,0,0,0,0,0,0,0,0,0,0,0,0,0,0,0,0
2956,B검은콩두유(100ml),100,86,3.21,3.77,9.87,0.9,23,0.42,77,0,0.061,0.019,0.15,1508.95,177.52,0,0,0,0,1,0,1,0,0,0,0,0,0,0,0,0,0,0,0,0,0,0,0,0,0,0,0,0,0,0,0,0,0,0,0,0,0,0,0,0
2957,B검은콩두유(150ml),150,129,4.815,5.655,14.805,1.35,34.5,0.63,115.5,0,0.0915,0.0285,0.225,2263.425,266.28,0,0,0,0,1,0,1,0,0,0,0,0,0,0,0,0,0,0,0,0,0,0,0,0,0,0,0,0,0,0,0,0,0,0,0,0,0,0,0,0
2958,B검은콩두유(200ml),200,172,6.42,7.54,19.74,1.8,46,0.84,154,0,0.122,0.038,0.3,3017.9,355.04,0,0,0,0,1,0,1,0,0,0,0,0,0,0,0,0,0,0,0,0,0,0,0,0,0,0,0,0,0,0,0,0,0,0,0,0,0,0,0,0
2959,B과일연두부스무디,119,84.35,2.6614,1.6044,15.6009,0.756,31.64,0.756,3.08,2.683333333,0.10969,0.02212,12.4348,4.1776,0.3052,0,0,0,0,1,0,1,0,0,0,0,0,0,0,0,0,0,0,0,0,0,0,0,0,0,0,0,0,0,0,0,0,0,0,0,0,0,0,0,0
2960,B두유(100ml),100,70,4.4,3.6,4.7,0,17,0.7,135,0,0.04,0.04,0,0,0,0,0,0,0,1,0,1,0,0,0,0,0,0,0,0,0,0,0,0,0,0,0,0,0,0,0,0,0,0,0,0,0,0,0,0,0,0,0,0,0
2961,B두유(150ml),150,105,6.6,5.4,7.05,0,25.5,1.05,202.5,0,0.06,0.06,0,0,0,0,0,0,0,1,0,1,0,0,0,0,0,0,0,0,0,0,0,0,0,0,0,0,0,0,0,0,0,0,0,0,0,0,0,0,0,0,0,0,0
2962,B두유(200ml),200,140,8.8,7.2,9.4,0,34,1.4,270,0,0.08,0.08,0,0,0,0,0,0,0,1,0,1,0,0,0,0,0,0,0,0,0,0,0,0,0,0,0,0,0,0,0,0,0,0,0,0,0,0,0,0,0,0,0,0,0
2963,B베지밀,200,140,8.8,7.2,9.4,0,34,1.4,270,0,0.08,0.08,0,0,0,0,0,0,0,1,0,1,0,0,0,0,0,0,0,0,0,0,0,0,0,0,0,0,0,0,0,0,0,0,0,0,0,0,0,0,0,0,0,0,0
2964,B콩두유,200,114,9.68,5.14,7.48,2.2,54,1.24,310,0,0.022,0.078,0.04,2747.72,475.7,0,0,0,0,1,0,1,0,0,0,0,0,0,0,0,0,0,0,0,0,0,0,0,0,0,0,0,0,0,0,0,0,0,0,0,0,0,0,0,0
2965,B간장닭강정,62.3,129.132,10.11188,5.13667,9.35726,0.2954,13.671,0.41543,412.564,13.031,0.092454,0.13188,0.16604,3095.70282,21.82208,0,0,0,0,1,1,0,0,0,0,0,0,0,0,0,0,0,0,0,0,0,0,0,0,0,0,0,0,0,0,0,0,0,0,0,0,0,0,0,0
2966,B닭강정,68.6,141.921,9.93933,5.14402,12.70648,0.5418,14.441,0.36517,447.368,15.74933333,0.092951,0.090097,0.80164,3099.25357,21.82208,0,0,0,0,1,1,0,0,0,0,0,0,0,0,0,0,0,0,0,0,0,0,0,0,0,0,0,0,0,0,0,0,0,0,0,0,0,0,0,0
2967,B두부,56,54.32,5.3872,2.5928,2.1,1.624,35.84,0.8624,0.56,0,0.01792,0.10024,0,1336.0424,217.0392,0,0,0,0,1,1,0,0,0,0,0,0,0,0,0,0,0,0,0,0,0,0,0,0,0,0,0,0,0,0,0,0,0,0,0,0,0,0,0,0
2968,B삶은달걀(30g),30,42.9,4.182,2.391,0.657,0,15.6,0.531,42,16.925,0.0219,0.1665,0,347.937,9.456,0,0,0,0,1,1,0,0,0,0,0,0,0,0,0,0,0,0,0,0,0,0,0,0,0,0,0,0,0,0,0,0,0,0,0,0,0,0,0,0
2969,B삶은달걀(50g),50,71.5,6.97,3.985,1.095,0,26,0.885,70,28.20833334,0.0365,0.2775,0,579.895,15.76,0,0,0,0,1,1,0,0,0,0,0,0,0,0,0,0,0,0,0,0,0,0,0,0,0,0,0,0,0,0,0,0,0,0,0,0,0,0,0,0
2970,B스크램블에그(버터),52.1,82.978,5.45692,5.62492,1.86998,0,30.318,0.76094,158.611,75.63966667,0.03423,0.209608,0.0553,507.49412,15.596,0,0,0,0,1,1,0,0,0,0,0,0,0,0,0,0,0,0,0,0,0,0,0,0,0,0,0,0,0,0,0,0,0,0,0,0,0,0,0,0
2971,B(우유제외)스크램블에그(마가린),52.1,82.012,5.5384,5.37488,2.09888,0,23.71,0.8056,173.549,59.74033333,0.03556,0.20006,0,574.7252,23.5116,0,0,0,0,1,1,0,0,0,0,0,0,0,0,0,0,0,0,0,0,0,0,0,0,0,0,0,0,0,0,0,0,0,0,0,0,0,0,0,0
2972,B스크램블에그,57.8,79.447,5.6673,4.96332,2.27284,0,38.061,0.78436,160.911,64.831,0.03581,0.21988,0.1106,1442.37842,16.22026,0,0,0,0,1,1,0,0,0,0,0,0,0,0,0,0,0,0,0,0,0,0,0,0,0,0,0,0,0,0,0,0,0,0,0,0,0,0,0,0
2973,B(우유제외)스크램블에그,57.8,80.147,5.8521,5.00252,2.15664,0,24.621,0.87536,174.771,57.131,0.03847,0.2028,0,1432.04922,15.15626,0,0,0,0,1,1,0,0,0,0,0,0,0,0,0,0,0,0,0,0,0,0,0,0,0,0,0,0,0,0,0,0,0,0,0,0,0,0,0,0
2974,B시금치스크램블에그,71.8,84.067,6.1013,5.03332,3.11284,0,43.661,1.14836,168.471,98.38433334,0.05261,0.26748,8.5106,1442.37842,16.22026,0,0,0,0,1,1,0,0,0,0,0,0,0,0,0,0,0,0,0,0,0,0,0,0,0,0,0,0,0,0,0,0,0,0,0,0,0,0,0,0
2975,B(우유제외)시금치스크램블에그,71.8,84.767,6.2861,5.07252,2.99664,0,30.221,1.23936,182.331,90.68433334,0.05527,0.2504,8.4,1432.04922,15.15626,0,0,0,0,1,1,0,0,0,0,0,0,0,0,0,0,0,0,0,0,0,0,0,0,0,0,0,0,0,0,0,0,0,0,0,0,0,0,0,0
2976,B연두부+양념장,101.1,70.439,4.33409,3.57744,4.93371,0.0612,40.957,1.24879,71.98,0.522416667,0.138991,0.052651,0.09583,346.05886,4.55262,0,0,0,0,1,1,0,0,0,0,0,0,0,0,0,0,0,0,0,0,0,0,0,0,0,0,0,0,0,0,0,0,0,0,0,0,0,0,0,0
2977,B치즈스크램블에그,57.8,112.067,7.8625,7.48052,2.36244,0,109.881,0.78996,285.791,68.28433333,0.04113,0.221,0.0098,1462.60562,35.25746,0,0,0,0,1,1,0,0,0,0,0,0,0,0,0,0,0,0,0,0,0,0,0,0,0,0,0,0,0,0,0,0,0,0,0,0,0,0,0,0
2978,B치즈스틱,58.8,190.4,15.6912,12.25644,3.01868,0,535.92,0.07532,237.468,27.34666666,0.01568,0.18312,0.0336,2102.15404,77.58212,0,0,0,0,1,1,0,0,0,0,0,0,0,0,0,0,0,0,0,0,0,0,0,0,0,0,0,0,0,0,0,0,0,0,0,0,0,0,0,0
2979,B토마토스크램블에그,163.5,114.937,6.8629,6.02263,8.55961,2.058,55.771,1.15109,168.338,126.991,0.05884,0.31648,11.3085,1994.32793,26.11819,0,0,0,0,1,1,0,0,0,0,0,0,0,0,0,0,0,0,0,0,0,0,0,0,0,0,0,0,0,0,0,0,0,0,0,0,0,0,0,0
2980,B(우유제외)토마토스크램블에그,163.5,115.987,7.1401,6.08143,8.38531,2.058,35.611,1.28759,189.128,115.441,0.06283,0.29086,11.1426,1978.83413,24.52219,0,0,0,0,1,1,0,0,0,0,0,0,0,0,0,0,0,0,0,0,0,0,0,0,0,0,0,0,0,0,0,0,0,0,0,0,0,0,0,0
2981,B(가공)소고기스프,34.5,140.07,3.8985,3.5535,23.1495,0,3.45,0.276,1251.315,0,0.13455,0.0483,0,0,0,0,0,0,0,1,1,0,0,0,0,0,0,0,0,0,0,0,0,0,0,0,0,0,0,0,0,0,0,0,0,0,0,0,0,0,0,0,0,0,0
2982,B(가공)크림스프,34.5,152.835,2.346,5.4855,23.4945,0,7.59,0,1046.04,0,0.1035,0.05175,0,0,0,0,0,0,0,1,1,0,0,0,0,0,0,0,0,0,0,0,0,0,0,0,0,0,0,0,0,0,0,0,0,0,0,0,0,0,0,0,0,0,0
2983,B가지두부죽,118.3,263.266,6.28245,4.09377,48.08312,1.5985,25.669,1.2414,173.263,1.712333333,0.151685,0.110865,0,1714.1267,104.09506,0,0,0,0,1,1,0,0,0,0,0,0,0,0,0,0,0,0,0,0,0,0,0,0,0,0,0,0,0,0,0,0,0,0,0,0,0,0,0,0
2984,B가지죽,95.3,240.956,4.06985,3.02887,47.22062,0.9315,10.949,0.8872,173.033,1.712333333,0.144325,0.069695,0,1165.395,14.95396,0,0,0,0,1,1,0,0,0,0,0,0,0,0,0,0,0,0,0,0,0,0,0,0,0,0,0,0,0,0,0,0,0,0,0,0,0,0,0,0
2985,B감자된장죽,97.1,261.955,4.68924,3.19907,51.35464,1.1684,10.151,1.04421,105.19,0.217333333,0.166474,0.042026,3.88355,1253.76238,29.02467,0,0,0,0,1,1,0,0,0,0,0,0,0,0,0,0,0,0,0,0,0,0,0,0,0,0,0,0,0,0,0,0,0,0,0,0,0,0,0,0
2986,B감자우유죽,210.3,293.626,7.2887,6.80892,48.90422,1.127,139.404,0.9286,214.203,63.44816667,0.154675,0.20804,5.21065,1255.23415,24.43916,0,0,0,0,1,1,0,0,0,0,0,0,0,0,0,0,0,0,0,0,0,0,0,0,0,0,0,0,0,0,0,0,0,0,0,0,0,0,0,0
2987,B(우유제외)감자두유죽,210.3,299.376,8.8067,7.13092,47.94972,1.127,29.004,1.6761,328.053,0.198166667,0.176525,0.06774,4.30215,1170.38715,15.69916,0,0,0,0,1,1,0,0,0,0,0,0,0,0,0,0,0,0,0,0,0,0,0,0,0,0,0,0,0,0,0,0,0,0,0,0,0,0,0,0
2988,B감자죽,102.2,220.44,3.83088,3.00564,42.85269,1.3984,11.11,0.89387,174.045,34.4835,0.133423,0.033953,4.19198,1175.90278,21.16511,0,0,0,0,1,1,0,0,0,0,0,0,0,0,0,0,0,0,0,0,0,0,0,0,0,0,0,0,0,0,0,0,0,0,0,0,0,0,0,0
2989,B감자찹쌀죽,95.3,260.736,4.60345,3.03232,51.47102,0.9315,7.844,1.2046,172.228,0.140666667,0.13225,0.036575,3.62595,1168.38615,15.58876,0,0,0,0,1,1,0,0,0,0,0,0,0,0,0,0,0,0,0,0,0,0,0,0,0,0,0,0,0,0,0,0,0,0,0,0,0,0,0,0
2990,B감자채소죽,125.2,227.225,4.29433,3.03324,44.34769,1.9504,17.32,1.00887,174.735,37.03266667,0.141243,0.051663,8.22273,1181.38713,28.42161,0,0,0,0,1,1,0,0,0,0,0,0,0,0,0,0,0,0,0,0,0,0,0,0,0,0,0,0,0,0,0,0,0,0,0,0,0,0,0,0
2991,B감자치즈죽,92.5,224.365,5.79485,2.6473,42.48215,0.9315,78.515,0.80945,278.73,9.315,0.133285,0.038065,3.634,28.09105,17.1465,0,0,0,0,1,1,0,0,0,0,0,0,0,0,0,0,0,0,0,0,0,0,0,0,0,0,0,0,0,0,0,0,0,0,0,0,0,0,0,0
2992,B검은깨죽,83.3,347.622,8.95505,11.39236,52.40435,5.6672,294.163,2.2159,172.585,1.056083333,0.303278,0.099797,0,5017.21011,48.68479,0,0,0,0,1,1,0,0,0,0,0,0,0,0,0,0,0,0,0,0,0,0,0,0,0,0,0,0,0,0,0,0,0,0,0,0,0,0,0,0
2993,B검은콩죽,82.2,314.729,12.5764,5.07293,52.71963,4.784,50.461,2.1922,185.147,1.352666666,0.17089,0.1692,1.5456,2399.7541,318.14854,0,0,0,0,1,1,0,0,0,0,0,0,0,0,0,0,0,0,0,0,0,0,0,0,0,0,0,0,0,0,0,0,0,0,0,0,0,0,0,0
2994,B검정콩두유죽,149.5,352.015,15.6124,6.3618,55.959,4.784,61.525,2.6542,97.98,1.341666666,0.19849,0.19596,1.5456,1900.2991,311.7397,0,0,0,0,1,1,0,0,0,0,0,0,0,0,0,0,0,0,0,0,0,0,0,0,0,0,0,0,0,0,0,0,0,0,0,0,0,0,0,0
2995,B게맛살죽,117.8,281.781,7.56355,3.07257,53.71007,0.552,84.924,1.1277,281.278,53.09816667,0.15088,0.063255,1.0235,1176.9433,15.97286,0,0,0,0,1,1,0,0,0,0,0,0,0,0,0,0,0,0,0,0,0,0,0,0,0,0,0,0,0,0,0,0,0,0,0,0,0,0,0,0
2996,B게살죽,122.9,266.21,9.13675,3.25427,47.63577,0.552,52.464,1.1402,259.605,53.12883334,0.2139,0.220345,1.5295,1177.9783,16.31786,0,0,0,0,1,1,0,0,0,0,0,0,0,0,0,0,0,0,0,0,0,0,0,0,0,0,0,0,0,0,0,0,0,0,0,0,0,0,0,0
2997,B게살채소스프,167.9,230.989,17.04921,11.16236,13.68224,1.058,100.349,1.72822,204.93,182.89025,0.18124,0.601404,1.71925,937.93356,34.29645,0,0,0,0,1,1,0,0,0,0,0,0,0,0,0,0,0,0,0,0,0,0,0,0,0,0,0,0,0,0,0,0,0,0,0,0,0,0,0,0
2998,B(우유제외)게살채소스프,167.9,227.746,17.0223,10.49789,14.38949,1.058,100.625,1.72615,224.664,153.19725,0.18124,0.59892,1.71925,1116.3372,55.11375,0,0,0,0,1,1,0,0,0,0,0,0,0,0,0,0,0,0,0,0,0,0,0,0,0,0,0,0,0,0,0,0,0,0,0,0,0,0,0,0
2999,B게살치즈죽,127.7,284.474,11.23895,4.10113,48.03488,0.552,122.416,1.07555,197.302,62.24516667,0.219765,0.236935,1.03155,537.1382,24.28444,0,0,0,0,1,1,0,0,0,0,0,0,0,0,0,0,0,0,0,0,0,0,0,0,0,0,0,0,0,0,0,0,0,0,0,0,0,0,0,0
3000,B견과죽,71.8,296.286,6.36479,8.64455,47.64519,1.4628,35.206,1.24875,173.206,0.438916667,0.137494,0.137632,0,3752.12133,792.50502,0,0,0,0,1,1,0,0,0,0,0,0,0,0,0,0,0,0,0,0,0,0,0,0,0,0,0,0,0,0,0,0,0,0,0,0,0,0,0,0
3001,B고구마두부죽,104,242.42,5.50505,1.28685,50.26305,1.5985,23.315,1.10845,174.31,1.073333333,0.135585,0.059685,2.4564,563.3528,91.03515,0,0,0,0,1,1,0,0,0,0,0,0,0,0,0,0,0,0,0,0,0,0,0,0,0,0,0,0,0,0,0,0,0,0,0,0,0,0,0,0
3002,B고구마스프,207.7,283.134,5.50465,13.43675,34.15765,1.9435,144.857,0.4379,214.652,124.7874167,0.080835,0.20974,5.55565,346.2075,35.54535,0,0,0,0,1,1,0,0,0,0,0,0,0,0,0,0,0,0,0,0,0,0,0,0,0,0,0,0,0,0,0,0,0,0,0,0,0,0,0,0
3003,B(우유제외)고구마스프,207.7,283.479,6.9778,12.6513,34.3819,1.9435,34.917,1.18195,361.392,12.04908333,0.102685,0.0653,4.64715,558.6999,61.50085,0,0,0,0,1,1,0,0,0,0,0,0,0,0,0,0,0,0,0,0,0,0,0,0,0,0,0,0,0,0,0,0,0,0,0,0,0,0,0,0
3004,B고구마죽,83.8,245.786,3.29245,3.01047,49.40447,0.9315,9.799,0.80325,174.528,1.099,0.128225,0.020475,2.4564,1180.0161,16.84801,0,0,0,0,1,1,0,0,0,0,0,0,0,0,0,0,0,0,0,0,0,0,0,0,0,0,0,0,0,0,0,0,0,0,0,0,0,0,0,0
3005,B고구마청경채죽,106.8,248.086,3.61675,3.03117,49.78167,1.2075,29.809,0.89065,178.438,15.5315,0.143865,0.030365,6.7137,1181.38,26.52641,0,0,0,0,1,1,0,0,0,0,0,0,0,0,0,0,0,0,0,0,0,0,0,0,0,0,0,0,0,0,0,0,0,0,0,0,0,0,0,0
3006,B고구마타락죽,196,294.86,6.83445,4.03995,55.76005,0.9315,138.545,0.81175,215.48,64.32333333,0.152375,0.204815,3.3649,99.4681,10.63405,0,0,0,0,1,1,0,0,0,0,0,0,0,0,0,0,0,0,0,0,0,0,0,0,0,0,0,0,0,0,0,0,0,0,0,0,0,0,0,0
3007,B(우유제외)고구마타락죽,196,300.61,8.35245,4.36195,54.80555,0.9315,28.145,1.55925,329.33,1.073333333,0.174225,0.064515,2.4564,14.6211,1.89405,0,0,0,0,1,1,0,0,0,0,0,0,0,0,0,0,0,0,0,0,0,0,0,0,0,0,0,0,0,0,0,0,0,0,0,0,0,0,0,0
3008,B근대된장죽,120.1,250.685,4.84219,3.26922,48.64294,1.6169,27.401,1.07641,164.875,90.39649999,0.186599,0.080436,2.94745,1266.91148,63.24637,0,0,0,0,1,1,0,0,0,0,0,0,0,0,0,0,0,0,0,0,0,0,0,0,0,0,0,0,0,0,0,0,0,0,0,0,0,0,0,0
3009,B근대죽,118.3,247.281,4.52065,3.10707,48.42467,1.4835,26.819,1.03555,235.708,140.6706667,0.17296,0.059115,2.6795,1189.2943,45.68771,0,0,0,0,1,1,0,0,0,0,0,0,0,0,0,0,0,0,0,0,0,0,0,0,0,0,0,0,0,0,0,0,0,0,0,0,0,0,0,0
3010,B김가루찹쌀죽,97.6,222.073,4.83575,3.10937,43.01047,1.173,17.389,1.2874,180.117,80.93391667,0.12535,0.122825,7.0518,1178.9374,16.39606,0,0,0,0,1,1,0,0,0,0,0,0,0,0,0,0,0,0,0,0,0,0,0,0,0,0,0,0,0,0,0,0,0,0,0,0,0,0,0,0
3011,B김가루채소죽,109.1,221.383,4.7288,3.11972,43.04957,1.426,19.804,1.10685,181.267,83.59808334,0.15042,0.118225,7.40945,1180.72565,21.42731,0,0,0,0,1,1,0,0,0,0,0,0,0,0,0,0,0,0,0,0,0,0,0,0,0,0,0,0,0,0,0,0,0,0,0,0,0,0,0,0
3012,B김치누룽지죽,92,217.35,4.163,0.299,47.2305,0,26.105,1.0235,84.64,8.270416668,0.1633,0.0322,2.415,0,0,0,0,0,0,1,1,0,0,0,0,0,0,0,0,0,0,0,0,0,0,0,0,0,0,0,0,0,0,0,0,0,0,0,0,0,0,0,0,0,0
3013,B김치죽,95.3,243.026,4.163,3.08752,47.23442,0,27.509,1.0735,253.073,8.296083334,0.1633,0.03416,2.415,1165.395,14.95396,0,0,0,0,1,1,0,0,0,0,0,0,0,0,0,0,0,0,0,0,0,0,0,0,0,0,0,0,0,0,0,0,0,0,0,0,0,0,0,0
3014,B김치치즈죽,104,251.62,6.3204,2.7485,47.94005,0,98.295,1.03485,359.345,17.43208333,0.170085,0.05175,2.42305,25.0999,16.5117,0,0,0,0,1,1,0,0,0,0,0,0,0,0,0,0,0,0,0,0,0,0,0,0,0,0,0,0,0,0,0,0,0,0,0,0,0,0,0,0
3015,B깨죽,83.3,347.622,8.95505,11.39236,52.40435,5.6672,294.163,2.2159,172.585,1.056083333,0.303278,0.099797,0,5017.21011,48.68479,0,0,0,0,1,1,0,0,0,0,0,0,0,0,0,0,0,0,0,0,0,0,0,0,0,0,0,0,0,0,0,0,0,0,0,0,0,0,0,0
3016,B녹두죽,83.8,315.361,9.3173,3.36812,59.55092,5.152,28.429,1.7428,173.263,4.874833333,0.16813,0.0958,1.2167,1295.2737,75.87636,0,0,0,0,1,1,0,0,0,0,0,0,0,0,0,0,0,0,0,0,0,0,0,0,0,0,0,0,0,0,0,0,0,0,0,0,0,0,0,0
3017,B누룽지죽,57.5,208.725,3.68,0.23,45.7125,0,4.025,0.7475,4.6,0.191666666,0.13225,0.0115,0,0,0,0,0,0,0,1,1,0,0,0,0,0,0,0,0,0,0,0,0,0,0,0,0,0,0,0,0,0,0,0,0,0,0,0,0,0,0,0,0,0,0
3018,B누룽지치즈죽,69.5,242.995,5.8374,2.6795,46.42205,0,76.215,0.75885,279.305,9.353333334,0.139035,0.03105,0.00805,25.0999,16.5117,0,0,0,0,1,1,0,0,0,0,0,0,0,0,0,0,0,0,0,0,0,0,0,0,0,0,0,0,0,0,0,0,0,0,0,0,0,0,0,0
3019,B느타리버섯죽,94.8,236.026,4.6046,2.54817,47.78572,1.311,5.214,1.01645,173.298,0.21275,0.184,0.08073,0.21735,971.1267,12.28361,0,0,0,0,1,1,0,0,0,0,0,0,0,0,0,0,0,0,0,0,0,0,0,0,0,0,0,0,0,0,0,0,0,0,0,0,0,0,0,0
3020,B늙은호박죽,92.5,223.675,4.2826,0.2507,49.2384,0.483,8.02,1.0935,171.435,11.385,0.120865,0.04462,0.47265,4.54365,6.4446,0,0,0,0,1,1,0,0,0,0,0,0,0,0,0,0,0,0,0,0,0,0,0,0,0,0,0,0,0,0,0,0,0,0,0,0,0,0,0,0
3021,B다시마흰살생선죽,106.3,260.966,9.292,3.21402,46.23392,0,33.634,1.1415,86.123,10.73983333,0.1702,0.05256,1.61,1165.395,14.95396,0,0,0,0,1,1,0,0,0,0,0,0,0,0,0,0,0,0,0,0,0,0,0,0,0,0,0,0,0,0,0,0,0,0,0,0,0,0,0,0
3022,B단팥죽,108.6,381.777,17.6709,1.05616,74.14326,12.351,45.924,4.25048,170.446,0,0.43332,0.215694,3.1533,214.2105,99.5463,0,0,0,0,1,1,0,0,0,0,0,0,0,0,0,0,0,0,0,0,0,0,0,0,0,0,0,0,0,0,0,0,0,0,0,0,0,0,0,0
3023,B단호박스프,92.7,167.214,2.07305,9.9373,17.7598,3.381,13.182,0.3574,169.687,236.14575,0.04001,0.087955,7.6705,342.3297,70.73305,0,0,0,0,1,1,0,0,0,0,0,0,0,0,0,0,0,0,0,0,0,0,0,0,0,0,0,0,0,0,0,0,0,0,0,0,0,0,0,0
3024,B(우유제외)단호박스프,92.7,161.809,2.0282,8.82985,18.93855,3.381,13.642,0.35395,202.577,186.6574166,0.04001,0.083815,7.6705,639.6691,105.42855,0,0,0,0,1,1,0,0,0,0,0,0,0,0,0,0,0,0,0,0,0,0,0,0,0,0,0,0,0,0,0,0,0,0,0,0,0,0,0,0
3025,B단호박죽,108.6,187.197,3.3741,0.58696,42.25836,3.45,10.044,1.01438,169.066,211.025,0.069,0.148764,8.3697,122.958,55.8762,0,0,0,0,1,1,0,0,0,0,0,0,0,0,0,0,0,0,0,0,0,0,0,0,0,0,0,0,0,0,0,0,0,0,0,0,0,0,0,0
3026,B단호박크림스프,207.7,238.514,5.58745,13.68515,23.32005,3.0015,143.477,0.3965,211.432,264.2440833,0.064735,0.25988,7.86025,408.6847,70.27075,0,0,0,0,1,1,0,0,0,0,0,0,0,0,0,0,0,0,0,0,0,0,0,0,0,0,0,0,0,0,0,0,0,0,0,0,0,0,0,0
3027,B(우유제외)단호박크림스프,207.7,238.859,7.0606,12.8997,23.5443,3.0015,33.537,1.14055,358.172,151.50575,0.086585,0.11544,6.95175,621.1771,96.22625,0,0,0,0,1,1,0,0,0,0,0,0,0,0,0,0,0,0,0,0,0,0,0,0,0,0,0,0,0,0,0,0,0,0,0,0,0,0,0,0
3028,B달걀당근죽,118.3,300.526,9.5197,6.42367,48.09347,0.3565,32.109,1.6577,235.938,115.639,0.172385,0.23633,0.3473,1678.4077,26.99446,0,0,0,0,1,1,0,0,0,0,0,0,0,0,0,0,0,0,0,0,0,0,0,0,0,0,0,0,0,0,0,0,0,0,0,0,0,0,0,0
3029,B달걀부추죽,152.8,333.301,12.6776,8.17282,49.01232,0,47.749,2.8215,264.113,95.72483333,0.22287,0.35547,1.15,1920.5931,31.65196,0,0,0,0,1,1,0,0,0,0,0,0,0,0,0,0,0,0,0,0,0,0,0,0,0,0,0,0,0,0,0,0,0,0,0,0,0,0,0,0
3030,B달걀죽,133.9,307.104,9.75085,6.42942,49.62619,0.6693,33.496,1.71351,67.171,96.05833334,0.17986,0.24162,1.55388,1677.46056,29.84301,0,0,0,0,1,1,0,0,0,0,0,0,0,0,0,0,0,0,0,0,0,0,0,0,0,0,0,0,0,0,0,0,0,0,0,0,0,0,0,0
3031,B달걀채소죽,132.1,304.298,9.65655,6.43287,49.01577,0.552,34.409,1.7037,236.674,115.6735,0.17687,0.238515,1.2765,1680.4087,27.10486,0,0,0,0,1,1,0,0,0,0,0,0,0,0,0,0,0,0,0,0,0,0,0,0,0,0,0,0,0,0,0,0,0,0,0,0,0,0,0,0
3032,B닭가슴살옥수수죽,104,247.595,12.4522,1.1408,44.9443,1.127,8.135,1.2108,191.675,16.42583333,0.28612,0.10212,1.2489,211.8277,5.888,0,0,0,0,1,1,0,0,0,0,0,0,0,0,0,0,0,0,0,0,0,0,0,0,0,0,0,0,0,0,0,0,0,0,0,0,0,0,0,0
3033,B닭가슴살채소죽,122.9,284.219,12.30845,3.52222,48.09209,0.6693,13.571,1.26601,194.906,49.71333334,0.21298,0.09833,1.55388,1173.99516,18.71101,0,0,0,0,1,1,0,0,0,0,0,0,0,0,0,0,0,0,0,0,0,0,0,0,0,0,0,0,0,0,0,0,0,0,0,0,0,0,0,0
3034,B닭고기흑임자죽,110.9,349.416,15.7964,8.83108,50.6138,4.1216,218.884,2.1952,192.595,17.03533333,0.325634,0.148166,0,3648.88008,35.40712,0,0,0,0,1,1,0,0,0,0,0,0,0,0,0,0,0,0,0,0,0,0,0,0,0,0,0,0,0,0,0,0,0,0,0,0,0,0,0,0
3035,B닭백숙,131.2,305.53,16.82926,7.5213,40.14699,0.326,14.334,1.9,215.79,34.58316667,0.210065,0.197785,1.30598,2.76771,0.3558,0,0,0,0,1,1,0,0,0,0,0,0,0,0,0,0,0,0,0,0,0,0,0,0,0,0,0,0,0,0,0,0,0,0,0,0,0,0,0,0
3036,B닭살가지죽,118.3,278.446,12.2199,3.50842,46.75372,0.621,12.904,1.2368,193.043,17.429,0.2093,0.1234,0,1165.395,14.95396,0,0,0,0,1,1,0,0,0,0,0,0,0,0,0,0,0,0,0,0,0,0,0,0,0,0,0,0,0,0,0,0,0,0,0,0,0,0,0,0
3037,B닭살배추죽,118.3,276.836,12.213,3.50152,46.37192,0,15.894,1.292,196.493,16.52816667,0.24725,0.09281,2.3,1165.395,14.95396,0,0,0,0,1,1,0,0,0,0,0,0,0,0,0,0,0,0,0,0,0,0,0,0,0,0,0,0,0,0,0,0,0,0,0,0,0,0,0,0
3038,B닭살양배추죽,118.3,281.666,12.3464,3.51992,47.57252,0.621,19.574,1.2391,194.883,16.6815,0.2093,0.0935,4.4988,1168.9715,21.94136,0,0,0,0,1,1,0,0,0,0,0,0,0,0,0,0,0,0,0,0,0,0,0,0,0,0,0,0,0,0,0,0,0,0,0,0,0,0,0,0
3039,B닭영양죽,103.4,264.724,10.77376,3.9987,44.4274,0.8665,12.438,1.61766,194.975,49.70666667,0.172769,0.132738,1.65489,48.54254,5.65891,0,0,0,0,1,1,0,0,0,0,0,0,0,0,0,0,0,0,0,0,0,0,0,0,0,0,0,0,0,0,0,0,0,0,0,0,0,0,0,0
3040,B닭죽,95.8,271.931,11.6398,3.35377,45.84967,0.0165,6.849,0.8982,188.568,3.667333333,0.202875,0.03347,0.0593,1223.79105,17.38966,0,0,0,0,1,1,0,0,0,0,0,0,0,0,0,0,0,0,0,0,0,0,0,0,0,0,0,0,0,0,0,0,0,0,0,0,0,0,0,0
3041,B당근김죽,93.5,224.9,4.2434,0.7963,48.32105,1.0695,14.22,0.90685,181.89,164.8575,0.148965,0.05134,1.8269,236.74815,5.39585,0,0,0,0,1,1,0,0,0,0,0,0,0,0,0,0,0,0,0,0,0,0,0,0,0,0,0,0,0,0,0,0,0,0,0,0,0,0,0,0
3042,B당근스프,207.7,227.474,5.52535,13.46665,20.36455,2.4495,151.067,0.3781,226.612,440.6924167,0.068415,0.23757,3.01185,379.9945,38.25015,0,0,0,0,1,1,0,0,0,0,0,0,0,0,0,0,0,0,0,0,0,0,0,0,0,0,0,0,0,0,0,0,0,0,0,0,0,0,0,0
3043,B(우유제외)당근스프,207.7,227.819,6.9985,12.6812,20.5888,2.4495,41.127,1.12215,373.352,327.9540834,0.090265,0.09313,2.10335,592.4869,64.20565,0,0,0,0,1,1,0,0,0,0,0,0,0,0,0,0,0,0,0,0,0,0,0,0,0,0,0,0,0,0,0,0,0,0,0,0,0,0,0,0
3044,B당근죽,95.3,245.096,4.0319,3.06337,48.14177,1.0695,13.709,0.8941,180.968,158.8023333,0.145015,0.03485,1.0419,1194.0369,17.67946,0,0,0,0,1,1,0,0,0,0,0,0,0,0,0,0,0,0,0,0,0,0,0,0,0,0,0,0,0,0,0,0,0,0,0,0,0,0,0,0
3045,B당근치즈스프,207.7,257.719,7.5574,15.89085,20.2254,1.932,219.262,0.34705,328.387,344.1499167,0.070715,0.244125,3.0015,388.0008,53.05525,0,0,0,0,1,1,0,0,0,0,0,0,0,0,0,0,0,0,0,0,0,0,0,0,0,0,0,0,0,0,0,0,0,0,0,0,0,0,0,0
3046,B당근치즈죽,104,253.69,6.1893,2.72435,48.8474,1.0695,84.495,0.85545,287.24,167.9383333,0.1518,0.05244,1.04995,53.7418,19.2372,0,0,0,0,1,1,0,0,0,0,0,0,0,0,0,0,0,0,0,0,0,0,0,0,0,0,0,0,0,0,0,0,0,0,0,0,0,0,0,0
3047,B당근크림스프,207.7,226.554,5.50925,13.44595,20.28405,2.1275,148.997,0.3597,222.012,335.0074167,0.067955,0.22584,3.66965,364.9019,36.65395,0,0,0,0,1,1,0,0,0,0,0,0,0,0,0,0,0,0,0,0,0,0,0,0,0,0,0,0,0,0,0,0,0,0,0,0,0,0,0,0
3048,B(우유제외)당근크림스프,207.7,226.899,6.9824,12.6605,20.5083,2.1275,39.057,1.10375,368.752,222.2690833,0.089805,0.0814,2.76115,577.3943,62.60945,0,0,0,0,1,1,0,0,0,0,0,0,0,0,0,0,0,0,0,0,0,0,0,0,0,0,0,0,0,0,0,0,0,0,0,0,0,0,0,0
3049,B당근타락죽,230.5,300.38,7.7924,4.10205,56.03375,1.4605,145.905,0.9486,222.61,222.065,0.177215,0.22172,3.3028,117.4909,11.6863,0,0,0,0,1,1,0,0,0,0,0,0,0,0,0,0,0,0,0,0,0,0,0,0,0,0,0,0,0,0,0,0,0,0,0,0,0,0,0,0
3050,B(우유제외)당근타락죽,230.5,306.13,9.3104,4.42405,55.07925,1.4605,35.505,1.6961,336.46,158.815,0.199065,0.08142,2.3943,32.6439,2.9463,0,0,0,0,1,1,0,0,0,0,0,0,0,0,0,0,0,0,0,0,0,0,0,0,0,0,0,0,0,0,0,0,0,0,0,0,0,0,0,0
3051,B대구채소죽,115.5,245.41,10.63405,0.35305,47.39265,0.552,20.785,0.9417,175.575,61.0075,0.18193,0.075095,1.3685,11.5483,1.0189,0,0,0,0,1,1,0,0,0,0,0,0,0,0,0,0,0,0,0,0,0,0,0,0,0,0,0,0,0,0,0,0,0,0,0,0,0,0,0,0
3052,B대두콩죽,81,302.795,12.0083,3.6133,53.3002,5.888,64.025,2.2803,173.045,0.4025,0.25944,0.09982,0.7521,1729.2941,278.7209,0,0,0,0,1,1,0,0,0,0,0,0,0,0,0,0,0,0,0,0,0,0,0,0,0,0,0,0,0,0,0,0,0,0,0,0,0,0,0,0
3053,B대추우유스프,173,243.34,5.4464,13.4067,25.2632,1.794,141.88,0.27815,211.57,123.94125,0.066815,0.290605,4.4413,331.27015,35.3717,0,0,0,0,1,1,0,0,0,0,0,0,0,0,0,0,0,0,0,0,0,0,0,0,0,0,0,0,0,0,0,0,0,0,0,0,0,0,0,0
3054,B(우유제외)대추두유스프,173,243.685,6.91955,12.62125,25.48745,1.794,31.94,1.0222,358.31,11.20291667,0.088665,0.146165,3.5328,543.76255,61.3272,0,0,0,0,1,1,0,0,0,0,0,0,0,0,0,0,0,0,0,0,0,0,0,0,0,0,0,0,0,0,0,0,0,0,0,0,0,0,0,0
3055,B대추우유죽,184.5,315.215,7.65095,4.07675,60.41755,1.0925,138.66,0.89225,214.215,63.84416667,0.1725,0.291525,3.06935,89.40445,11.09175,0,0,0,0,1,1,0,0,0,0,0,0,0,0,0,0,0,0,0,0,0,0,0,0,0,0,0,0,0,0,0,0,0,0,0,0,0,0,0,0
3056,B(우유제외)대추두유죽,184.5,320.965,9.16895,4.39875,59.46305,1.0925,28.26,1.63975,328.065,0.594166666,0.19435,0.151225,2.16085,4.55745,2.35175,0,0,0,0,1,1,0,0,0,0,0,0,0,0,0,0,0,0,0,0,0,0,0,0,0,0,0,0,0,0,0,0,0,0,0,0,0,0,0,0
3057,B동태살죽,99.4,262.162,9.27866,3.19585,46.2951,0.0092,22.847,0.89287,218.833,3.337666666,0.168705,0.0452,0.32821,1165.42099,14.95396,0,0,0,0,1,1,0,0,0,0,0,0,0,0,0,0,0,0,0,0,0,0,0,0,0,0,0,0,0,0,0,0,0,0,0,0,0,0,0,0
3058,B돼지고기채소죽,129.8,307.771,10.8537,6.92967,47.88417,0.805,13.709,1.1034,192.928,58.10066667,0.37329,0.062795,1.76755,1740.57095,45.17826,0,0,0,0,1,1,0,0,0,0,0,0,0,0,0,0,0,0,0,0,0,0,0,0,0,0,0,0,0,0,0,0,0,0,0,0,0,0,0,0
3059,B된장취나물죽,101.7,269.039,7.56401,3.48542,50.08412,1.656,149.37,3.58801,221.846,66.39983332,0.174915,0.197345,4.4367,1201.00682,78.82335,0,0,0,0,1,1,0,0,0,0,0,0,0,0,0,0,0,0,0,0,0,0,0,0,0,0,0,0,0,0,0,0,0,0,0,0,0,0,0,0
3060,B두부들깨죽,129.3,390.655,14.07324,12.41402,55.39228,6.9,131.898,3.62212,172.148,0.81075,0.215579,0.299667,0,2406.16156,6440.65711,0,0,0,0,1,1,0,0,0,0,0,0,0,0,0,0,0,0,0,0,0,0,0,0,0,0,0,0,0,0,0,0,0,0,0,0,0,0,0,0
3061,B두부부추죽,141.3,287.186,8.62845,5.22192,49.15262,1.5295,43.034,2.3109,174.528,1.904,0.187795,0.115465,1.8262,2264.8594,193.34656,0,0,0,0,1,1,0,0,0,0,0,0,0,0,0,0,0,0,0,0,0,0,0,0,0,0,0,0,0,0,0,0,0,0,0,0,0,0,0,0
3062,B두부죽,129.8,285.691,8.33175,5.16787,49.01807,1.886,39.354,1.5611,176.483,53.09816667,0.15525,0.104195,1.0235,2274.4067,194.25506,0,0,0,0,1,1,0,0,0,0,0,0,0,0,0,0,0,0,0,0,0,0,0,0,0,0,0,0,0,0,0,0,0,0,0,0,0,0,0,0
3063,B두부채소죽,198.8,336.521,13.2342,7.33102,52.06097,3.8295,75.004,2.38795,177.288,58.21566667,0.178135,0.21218,4.7357,3377.1417,384.71461,0,0,0,0,1,1,0,0,0,0,0,0,0,0,0,0,0,0,0,0,0,0,0,0,0,0,0,0,0,0,0,0,0,0,0,0,0,0,0,0
3064,B들깨누룽지죽,83.3,342.815,9.41804,10.28422,53.11528,5.566,103.148,2.70672,172.838,0.887416666,0.221559,0.203527,0,1308.69816,6262.37491,0,0,0,0,1,1,0,0,0,0,0,0,0,0,0,0,0,0,0,0,0,0,0,0,0,0,0,0,0,0,0,0,0,0,0,0,0,0,0,0
3065,B들깨죽,83.3,346.035,9.64804,10.28422,53.66728,5.566,102.458,2.91372,171.688,0.81075,0.200859,0.217327,0,1308.69816,6262.37491,0,0,0,0,1,1,0,0,0,0,0,0,0,0,0,0,0,0,0,0,0,0,0,0,0,0,0,0,0,0,0,0,0,0,0,0,0,0,0,0
3066,B땅콩죽,81,331.545,9.8302,10.0211,50.4873,3.082,18.945,1.6616,172.585,0.191666666,0.20102,0.07406,0,3626.3387,7.0518,0,0,0,0,1,1,0,0,0,0,0,0,0,0,0,0,0,0,0,0,0,0,0,0,0,0,0,0,0,0,0,0,0,0,0,0,0,0,0,0
3067,B매생이죽,97.1,249.765,5.10416,4.1538,48.93205,2.2517,37.107,7.11437,181.872,0.217333333,0.133745,0.03048,0.07521,1174.66699,70.98196,0,0,0,0,1,1,0,0,0,0,0,0,0,0,0,0,0,0,0,0,0,0,0,0,0,0,0,0,0,0,0,0,0,0,0,0,0,0,0,0
3068,B멸치죽,71.8,260.391,8.6181,3.54637,45.75322,0,76.529,0.90115,309.338,0.217333333,0.13478,0.0245,0,1170.4964,20.32676,0,0,0,0,1,1,0,0,0,0,0,0,0,0,0,0,0,0,0,0,0,0,0,0,0,0,0,0,0,0,0,0,0,0,0,0,0,0,0,0
3069,B멸치채소죽,94.8,267.061,8.84465,3.56592,47.32987,0.552,81.014,0.95635,312.328,53.09816667,0.14306,0.032895,1.0235,1182.0447,21.34566,0,0,0,0,1,1,0,0,0,0,0,0,0,0,0,0,0,0,0,0,0,0,0,0,0,0,0,0,0,0,0,0,0,0,0,0,0,0,0,0
3070,B명란죽,94.8,277.526,10.7525,4.05352,46.64792,0,14.889,1.2105,1223.243,22.98733333,0.29785,0.19286,0,1165.395,14.95396,0,0,0,0,1,1,0,0,0,0,0,0,0,0,0,0,0,0,0,0,0,0,0,0,0,0,0,0,0,0,0,0,0,0,0,0,0,0,0,0
3071,B무청죽,108.6,250.57,4.88336,3.1027,49.01945,0.3657,126.117,4.80057,201.767,57.8515,0.21045,0.08591,25.26251,1174.96829,15.86246,0,0,0,0,1,1,0,0,0,0,0,0,0,0,0,0,0,0,0,0,0,0,0,0,0,0,0,0,0,0,0,0,0,0,0,0,0,0,0,0
3072,B미역죽,97.1,242.52,4.80056,3.12225,47.866,0.0092,57.117,1.18037,356.442,54.55483333,0.154445,0.06843,5.25021,1165.42099,14.95396,0,0,0,0,1,1,0,0,0,0,0,0,0,0,0,0,0,0,0,0,0,0,0,0,0,0,0,0,0,0,0,0,0,0,0,0,0,0,0,0
3073,B미역채소죽,118.3,247.281,4.94155,3.14157,49.05257,0.552,61.319,1.2322,386.473,107.4356667,0.16123,0.070155,6.1985,1176.9433,15.97286,0,0,0,0,1,1,0,0,0,0,0,0,0,0,0,0,0,0,0,0,0,0,0,0,0,0,0,0,0,0,0,0,0,0,0,0,0,0,0,0
3074,B바지락죽,129.8,269.201,8.28135,3.36932,49.07297,0.807,35.694,1.8037,170.813,55.68566667,0.159025,0.136005,2.0875,1179.47895,21.95286,0,0,0,0,1,1,0,0,0,0,0,0,0,0,0,0,0,0,0,0,0,0,0,0,0,0,0,0,0,0,0,0,0,0,0,0,0,0,0,0
3075,B밤죽,81,222.295,4.3056,0.3565,48.64155,1.863,8.25,1.0958,170.86,0.910416667,0.11339,0.045425,5.5131,75.51705,20.9415,0,0,0,0,1,1,0,0,0,0,0,0,0,0,0,0,0,0,0,0,0,0,0,0,0,0,0,0,0,0,0,0,0,0,0,0,0,0,0,0
3076,B배추달걀죽,152.8,331.001,12.5166,8.10382,48.69032,0,47.979,2.1545,266.873,94.15316667,0.23207,0.34397,2.3,1920.5931,31.65196,0,0,0,0,1,1,0,0,0,0,0,0,0,0,0,0,0,0,0,0,0,0,0,0,0,0,0,0,0,0,0,0,0,0,0,0,0,0,0,0
3077,B배추버섯죽,118.3,243.371,4.7702,3.05532,48.26942,0.667,15.894,1.0574,179.588,0.361083333,0.20999,0.08361,3.45,1186.5964,14.95396,0,0,0,0,1,1,0,0,0,0,0,0,0,0,0,0,0,0,0,0,0,0,0,0,0,0,0,0,0,0,0,0,0,0,0,0,0,0,0,0
3078,B버섯장국죽,132.1,327.758,10.68603,9.5128,48.06541,0.3312,11.225,1.63102,194.952,36.08583334,0.158723,0.155922,0.93495,1268.48928,20.7955,0,0,0,0,1,1,0,0,0,0,0,0,0,0,0,0,0,0,0,0,0,0,0,0,0,0,0,0,0,0,0,0,0,0,0,0,0,0,0,0
3079,B버섯죽,106.8,242.681,4.7564,3.10592,48.49942,0.874,6.809,1.0873,174.413,0.217333333,0.18515,0.11144,0.1449,1174.6203,14.95396,0,0,0,0,1,1,0,0,0,0,0,0,0,0,0,0,0,0,0,0,0,0,0,0,0,0,0,0,0,0,0,0,0,0,0,0,0,0,0,0
3080,B버섯채소죽,129.8,254.986,4.8277,3.14617,51.13177,0.8625,13.019,1.1264,177.863,53.09816667,0.17503,0.10431,2.23215,1177.94035,16.18446,0,0,0,0,1,1,0,0,0,0,0,0,0,0,0,0,0,0,0,0,0,0,0,0,0,0,0,0,0,0,0,0,0,0,0,0,0,0,0,0
3081,B버섯브로콜리채소죽,122.9,247.097,5.35992,3.1602,49.0229,0.8671,12.858,1.24278,176.966,23.892,0.169257,0.182947,3.49347,1201.92107,22.46346,0,0,0,0,1,1,0,0,0,0,0,0,0,0,0,0,0,0,0,0,0,0,0,0,0,0,0,0,0,0,0,0,0,0,0,0,0,0,0,0
3082,B버섯치즈죽,120.6,278.883,6.66333,5.58325,49.47646,0.3312,82.18,1.04797,283.272,41.1075,0.171603,0.117397,0.62215,1197.42388,32.077,0,0,0,0,1,1,0,0,0,0,0,0,0,0,0,0,0,0,0,0,0,0,0,0,0,0,0,0,0,0,0,0,0,0,0,0,0,0,0,0
3083,B볶음현미죽,72.3,278.906,4.623,3.72002,54.82442,0,6.579,1.637,172.228,0.140666667,0.1656,0.02956,0,1165.395,14.95396,0,0,0,0,1,1,0,0,0,0,0,0,0,0,0,0,0,0,0,0,0,0,0,0,0,0,0,0,0,0,0,0,0,0,0,0,0,0,0,0
3084,B부추닭죽,119.2,262.66,12.36068,1.46516,47.43132,0.3477,14.834,1.60747,194.948,48.99733334,0.225428,0.100497,1.2484,298.56888,4.34983,0,0,0,0,1,1,0,0,0,0,0,0,0,0,0,0,0,0,0,0,0,0,0,0,0,0,0,0,0,0,0,0,0,0,0,0,0,0,0,0
3085,B부추된장죽,110.9,253.974,5.04183,3.46012,48.77036,0.6693,20.248,2.08772,206.022,2.73775,0.218523,0.080827,2.9164,1338.14846,41.93618,0,0,0,0,1,1,0,0,0,0,0,0,0,0,0,0,0,0,0,0,0,0,0,0,0,0,0,0,0,0,0,0,0,0,0,0,0,0,0,0
3086,B부추죽,95.3,241.991,4.301,3.12202,47.13092,0,15.089,1.9705,174.068,2.718583333,0.18745,0.04106,1.725,1165.395,14.95396,0,0,0,0,1,1,0,0,0,0,0,0,0,0,0,0,0,0,0,0,0,0,0,0,0,0,0,0,0,0,0,0,0,0,0,0,0,0,0,0
3087,B부추타락죽,207.5,291.065,7.843,4.1515,53.4865,0,143.835,1.979,215.02,65.94291667,0.2116,0.2254,2.6335,84.847,8.74,0,0,0,0,1,1,0,0,0,0,0,0,0,0,0,0,0,0,0,0,0,0,0,0,0,0,0,0,0,0,0,0,0,0,0,0,0,0,0,0
3088,B(우유제외)부추타락죽,207.5,296.815,9.361,4.4735,52.532,0,33.435,2.7265,328.87,2.692916666,0.23345,0.0851,1.725,0,0,0,0,0,0,1,1,0,0,0,0,0,0,0,0,0,0,0,0,0,0,0,0,0,0,0,0,0,0,0,0,0,0,0,0,0,0,0,0,0,0
3089,B북어채소죽,110.9,290.452,13.9633,3.54752,47.88417,0.805,50.562,1.31285,87.894,55.68566667,0.16905,0.066475,1.38115,1178.73155,21.00411,0,0,0,0,1,1,0,0,0,0,0,0,0,0,0,0,0,0,0,0,0,0,0,0,0,0,0,0,0,0,0,0,0,0,0,0,0,0,0,0
3090,B브로콜리된장죽,110.9,257.884,5.49148,3.43597,49.57651,1.8998,25.078,1.19992,208.322,60.669,0.174938,0.108427,10.92615,1356.14481,64.17258,0,0,0,0,1,1,0,0,0,0,0,0,0,0,0,0,0,0,0,0,0,0,0,0,0,0,0,0,0,0,0,0,0,0,0,0,0,0,0,0
3091,B브로콜리소고기죽,132.1,330.978,10.93443,9.4898,48.11601,1.0442,18.815,1.67702,194.492,41.14583334,0.147913,0.135912,7.64405,1275.45598,35.0877,0,0,0,0,1,1,0,0,0,0,0,0,0,0,0,0,0,0,0,0,0,0,0,0,0,0,0,0,0,0,0,0,0,0,0,0,0,0,0,0
3092,B브로콜리스프,92.7,152.839,3.1598,9.67855,13.55655,2.2885,28.707,0.6104,171.412,72.94158334,0.041735,0.09198,17.4685,257.28145,59.90005,0,0,0,0,1,1,0,0,0,0,0,0,0,0,0,0,0,0,0,0,0,0,0,0,0,0,0,0,0,0,0,0,0,0,0,0,0,0,0,0
3093,B(우유제외)브로콜리스프,92.7,147.434,3.11495,8.5711,14.7353,2.2885,29.167,0.60695,204.302,23.45325,0.041735,0.08784,17.4685,554.62085,94.59555,0,0,0,0,1,1,0,0,0,0,0,0,0,0,0,0,0,0,0,0,0,0,0,0,0,0,0,0,0,0,0,0,0,0,0,0,0,0,0,0
3094,B브로콜리죽,106.8,249.006,4.8599,3.10247,48.70527,1.426,21.644,1.1057,176.713,60.669,0.14789,0.069925,10.41095,1185.39235,37.30076,0,0,0,0,1,1,0,0,0,0,0,0,0,0,0,0,0,0,0,0,0,0,0,0,0,0,0,0,0,0,0,0,0,0,0,0,0,0,0,0
3095,B브로콜리크림스프,207.7,227.014,6.45685,13.47815,19.95745,2.1275,155.897,0.5989,212.812,133.68075,0.066115,0.2631,15.69865,340.6461,61.60435,0,0,0,0,1,1,0,0,0,0,0,0,0,0,0,0,0,0,0,0,0,0,0,0,0,0,0,0,0,0,0,0,0,0,0,0,0,0,0,0
3096,B(우유제외)브로콜리크림스프,207.7,227.359,7.93,12.6927,20.1817,2.1275,45.957,1.34295,359.552,20.94241667,0.087965,0.11866,14.79015,553.1385,87.55985,0,0,0,0,1,1,0,0,0,0,0,0,0,0,0,0,0,0,0,0,0,0,0,0,0,0,0,0,0,0,0,0,0,0,0,0,0,0,0,0
3097,B새송이버섯죽,106.8,244.176,4.8691,3.08407,48.73977,1.2535,7.844,0.95505,175.103,2.804833333,0.14973,0.11236,0.35765,1198.98535,19.98521,0,0,0,0,1,1,0,0,0,0,0,0,0,0,0,0,0,0,0,0,0,0,0,0,0,0,0,0,0,0,0,0,0,0,0,0,0,0,0,0
3098,B새우살죽,99.4,269.407,10.72766,3.33385,46.2951,0.0092,32.852,1.72087,239.533,0.232666666,0.134205,0.0521,0.67321,1165.42099,14.95396,0,0,0,0,1,1,0,0,0,0,0,0,0,0,0,0,0,0,0,0,0,0,0,0,0,0,0,0,0,0,0,0,0,0,0,0,0,0,0,0
3099,B새우죽,118.3,273.501,10.84105,3.34857,47.32757,0.552,36.479,1.7497,269.173,53.09816667,0.14053,0.052905,1.3685,1176.9433,15.97286,0,0,0,0,1,1,0,0,0,0,0,0,0,0,0,0,0,0,0,0,0,0,0,0,0,0,0,0,0,0,0,0,0,0,0,0,0,0,0,0
3100,B새우채소죽,129.8,277.181,11.19525,3.37157,48.05437,0.9085,40.964,1.8417,269.518,55.62816667,0.144325,0.06935,4.72305,1180.42665,23.11896,0,0,0,0,1,1,0,0,0,0,0,0,0,0,0,0,0,0,0,0,0,0,0,0,0,0,0,0,0,0,0,0,0,0,0,0,0,0,0,0
3101,B새우애호박죽,141.3,278.561,11.08715,3.36927,48.50977,1.058,39.929,1.8026,269.173,58.27316667,0.14927,0.071305,2.0838,1180.5198,26.03536,0,0,0,0,1,1,0,0,0,0,0,0,0,0,0,0,0,0,0,0,0,0,0,0,0,0,0,0,0,0,0,0,0,0,0,0,0,0,0,0
3102,B새우치즈죽,138.5,284.625,13.1215,3.0199,48.6243,0.805,108.99,1.7375,375.445,64.82166667,0.151685,0.079695,1.7342,38.43645,22.56185,0,0,0,0,1,1,0,0,0,0,0,0,0,0,0,0,0,0,0,0,0,0,0,0,0,0,0,0,0,0,0,0,0,0,0,0,0,0,0,0
3103,B생선죽,117.3,247.319,10.71961,0.35328,47.78273,0.5612,21.068,0.94507,148.534,61.0075,0.183425,0.081765,1.44371,11.57429,1.0189,0,0,0,0,1,1,0,0,0,0,0,0,0,0,0,0,0,0,0,0,0,0,0,0,0,0,0,0,0,0,0,0,0,0,0,0,0,0,0,0
3104,B소고기감자죽,106.8,293.281,9.8164,9.39527,40.04232,0.621,8.419,1.4438,191.318,4.319,0.122705,0.101895,2.73815,1263.5544,20.60736,0,0,0,0,1,1,0,0,0,0,0,0,0,0,0,0,0,0,0,0,0,0,0,0,0,0,0,0,0,0,0,0,0,0,0,0,0,0,0,0
3105,B소고기된장죽,131.6,331.967,10.695,9.54707,48.22917,0.805,15.027,1.70155,141.806,59.82566667,0.165485,0.12294,1.702,1274.89685,26.23431,0,0,0,0,1,1,0,0,0,0,0,0,0,0,0,0,0,0,0,0,0,0,0,0,0,0,0,0,0,0,0,0,0,0,0,0,0,0,0,0
3106,B소고기무죽,120.1,324.975,10.32056,9.453,46.8793,0.1472,12.727,1.50467,166.347,4.434,0.15042,0.109485,2.08426,1267.25809,22.44046,0,0,0,0,1,1,0,0,0,0,0,0,0,0,0,0,0,0,0,0,0,0,0,0,0,0,0,0,0,0,0,0,0,0,0,0,0,0,0,0
3107,B소고기미역죽,143.1,331.875,11.08416,9.5105,48.8159,0.4002,45.157,1.76227,305.957,40.62066667,0.1587,0.139385,5.19846,1265.58829,20.40496,0,0,0,0,1,1,0,0,0,0,0,0,0,0,0,0,0,0,0,0,0,0,0,0,0,0,0,0,0,0,0,0,0,0,0,0,0,0,0,0
3108,B소고기부추죽,118.3,324.676,10.5041,9.50107,46.65942,0,13.594,2.2419,192.698,6.024833333,0.172155,0.116385,1.47085,1261.5603,20.18416,0,0,0,0,1,1,0,0,0,0,0,0,0,0,0,0,0,0,0,0,0,0,0,0,0,0,0,0,0,0,0,0,0,0,0,0,0,0,0,0
3109,B소고기브로콜리죽,136.7,352.46,10.19843,12.16999,48.38189,1.2834,24.335,1.86562,194.975,48.49433334,0.152743,0.186098,10.54803,1346.56278,45.81421,0,0,0,0,1,1,0,0,0,0,0,0,0,0,0,0,0,0,0,0,0,0,0,0,0,0,0,0,0,0,0,0,0,0,0,0,0,0,0,0
3110,B소고기스프,99.6,232.603,8.20968,15.99527,12.91002,1.2259,12.423,0.92182,190.709,96.16775001,0.039343,0.102928,3.10983,344.75643,30.26685,0,0,0,0,1,1,0,0,0,0,0,0,0,0,0,0,0,0,0,0,0,0,0,0,0,0,0,0,0,0,0,0,0,0,0,0,0,0,0,0
3111,B(우유제외)소고기스프,99.6,227.198,8.16483,14.88782,14.08877,1.2259,12.883,0.91837,223.599,46.67941667,0.039343,0.098788,3.10983,642.09583,64.96235,0,0,0,0,1,1,0,0,0,0,0,0,0,0,0,0,0,0,0,0,0,0,0,0,0,0,0,0,0,0,0,0,0,0,0,0,0,0,0,0
3112,B소고기양파죽,125.2,327.344,10.38243,9.44748,47.60748,0.5428,11.639,1.52177,192.698,5.948166667,0.146027,0.106035,1.88784,1266.63525,23.42371,0,0,0,0,1,1,0,0,0,0,0,0,0,0,0,0,0,0,0,0,0,0,0,0,0,0,0,0,0,0,0,0,0,0,0,0,0,0,0,0
3113,B소고기옥수수죽,133.9,306.774,11.24033,7.14242,47.81907,1.6514,13.356,1.87872,198.552,63.62950001,0.243478,0.160678,9.88678,314.71843,11.8749,0,0,0,0,1,1,0,0,0,0,0,0,0,0,0,0,0,0,0,0,0,0,0,0,0,0,0,0,0,0,0,0,0,0,0,0,0,0,0,0
3114,B소고기우엉죽,120.6,330.932,10.52963,9.44794,48.29035,0.7981,14.514,1.58157,192.905,5.921333333,0.142577,0.116914,1.01131,1267.00325,24.09945,0,0,0,0,1,1,0,0,0,0,0,0,0,0,0,0,0,0,0,0,0,0,0,0,0,0,0,0,0,0,0,0,0,0,0,0,0,0,0,0
3115,B소고기장국죽,131.6,330.725,10.52526,9.4622,48.27425,0.8142,13.647,1.54492,167.957,59.82566667,0.1495,0.12225,1.77721,1274.92284,26.23431,0,0,0,0,1,1,0,0,0,0,0,0,0,0,0,0,0,0,0,0,0,0,0,0,0,0,0,0,0,0,0,0,0,0,0,0,0,0,0,0
3116,B소고기죽,122.4,328.402,10.42176,9.4461,47.797,0.4002,11.462,1.53227,166.048,4.411,0.14536,0.108105,2.00146,1265.58829,20.40496,0,0,0,0,1,1,0,0,0,0,0,0,0,0,0,0,0,0,0,0,0,0,0,0,0,0,0,0,0,0,0,0,0,0,0,0,0,0,0,0
3117,B소고기채소죽,120.6,326.953,10.34425,9.45622,47.44717,0.552,12.214,1.5381,195.389,57.2535,0.144095,0.1073,1.59735,1273.1086,21.20306,0,0,0,0,1,1,0,0,0,0,0,0,0,0,0,0,0,0,0,0,0,0,0,0,0,0,0,0,0,0,0,0,0,0,0,0,0,0,0,0
3118,B소고기청경채죽,118.3,321.916,10.4144,9.45277,46.09362,0.276,27.164,1.5473,195.918,18.78983333,0.150995,0.107875,4.57815,1262.9242,29.86256,0,0,0,0,1,1,0,0,0,0,0,0,0,0,0,0,0,0,0,0,0,0,0,0,0,0,0,0,0,0,0,0,0,0,0,0,0,0,0,0
3119,B소고기타락죽,232.8,361.821,13.2457,13.23397,45.10117,0.805,142.309,1.44855,67.493,123.0373333,0.145705,0.29958,2.6105,1359.74385,34.97431,0,0,0,0,1,1,0,0,0,0,0,0,0,0,0,0,0,0,0,0,0,0,0,0,0,0,0,0,0,0,0,0,0,0,0,0,0,0,0,0
3120,B(우유제외)소고기타락죽,232.8,367.571,14.7637,13.55597,44.14667,0.805,31.909,2.19605,181.343,59.78733334,0.167555,0.15928,1.702,1274.89685,26.23431,0,0,0,0,1,1,0,0,0,0,0,0,0,0,0,0,0,0,0,0,0,0,0,0,0,0,0,0,0,0,0,0,0,0,0,0,0,0,0,0
3121,B순두부죽,233.3,305.126,14.81775,5.19662,47.59552,0.6785,31.304,1.9475,179.818,0.2365,0.590295,0.050145,0.6762,2366.9909,220.77406,0,0,0,0,1,1,0,0,0,0,0,0,0,0,0,0,0,0,0,0,0,0,0,0,0,0,0,0,0,0,0,0,0,0,0,0,0,0,0,0
3122,B순두부채소죽,267.8,318.926,15.28925,5.22652,50.72927,1.5985,36.824,2.07285,182.578,55.68566667,0.60582,0.06958,2.5898,2379.3235,226.92541,0,0,0,0,1,1,0,0,0,0,0,0,0,0,0,0,0,0,0,0,0,0,0,0,0,0,0,0,0,0,0,0,0,0,0,0,0,0,0,0
3123,B시금치감자죽,106.8,219.451,4.4758,3.15422,42.11232,0.621,20.494,1.6784,190.973,82.86400001,0.161,0.13467,23.1173,1167.3891,15.37716,0,0,0,0,1,1,0,0,0,0,0,0,0,0,0,0,0,0,0,0,0,0,0,0,0,0,0,0,0,0,0,0,0,0,0,0,0,0,0,0
3124,B시금치된장죽,97.1,250.225,5.06529,3.35777,48.22204,0.2369,20.846,1.74111,123.475,82.90233334,0.187174,0.150011,20.9576,1250.77123,28.38987,0,0,0,0,1,1,0,0,0,0,0,0,0,0,0,0,0,0,0,0,0,0,0,0,0,0,0,0,0,0,0,0,0,0,0,0,0,0,0,0
3125,B시금치스프,196.2,223.679,6.10955,13.55865,19.12025,0.7015,151.757,1.1279,230.062,206.24575,0.092335,0.31462,22.98045,326.7127,33.01995,0,0,0,0,1,1,0,0,0,0,0,0,0,0,0,0,0,0,0,0,0,0,0,0,0,0,0,0,0,0,0,0,0,0,0,0,0,0,0,0
3126,B(우유제외)시금치스프,196.2,224.024,7.5827,12.7732,19.3445,0.7015,41.817,1.87195,376.802,93.50741668,0.114185,0.17018,22.07195,539.2051,58.97545,0,0,0,0,1,1,0,0,0,0,0,0,0,0,0,0,0,0,0,0,0,0,0,0,0,0,0,0,0,0,0,0,0,0,0,0,0,0,0,0
3127,B시금치죽,120.1,254.365,5.06161,3.2108,49.75315,0.5612,23.997,1.75307,167.612,135.7831667,0.183425,0.145825,21.79871,1176.96929,15.97286,0,0,0,0,1,1,0,0,0,0,0,0,0,0,0,0,0,0,0,0,0,0,0,0,0,0,0,0,0,0,0,0,0,0,0,0,0,0,0,0
3128,B시금치치즈죽,161,318.55,10.4811,6.8287,51.7454,0,213.785,1.6882,253.23,126.5,0.19688,0.24242,21.0795,84.1386,36.5194,0,0,0,0,1,1,0,0,0,0,0,0,0,0,0,0,0,0,0,0,0,0,0,0,0,0,0,0,0,0,0,0,0,0,0,0,0,0,0,0
3129,B시금치크림스프,207.7,227.474,6.46605,13.61615,19.81025,0.7015,156.357,1.4269,236.272,233.8074167,0.106135,0.35372,29.88045,326.7127,33.01995,0,0,0,0,1,1,0,0,0,0,0,0,0,0,0,0,0,0,0,0,0,0,0,0,0,0,0,0,0,0,0,0,0,0,0,0,0,0,0,0
3130,B(우유제외)시금치크림스프,207.7,227.819,7.9392,12.8307,20.0345,0.7015,46.417,2.17095,383.012,121.0690833,0.127985,0.20928,28.97195,539.2051,58.97545,0,0,0,0,1,1,0,0,0,0,0,0,0,0,0,0,0,0,0,0,0,0,0,0,0,0,0,0,0,0,0,0,0,0,0,0,0,0,0,0
3131,B식빵두유죽,531.3,523.411,26.4569,19.94813,58.19828,2.553,96.232,3.63699,977.063,0.9775,0.30061,0.422602,0,376.1259,31.5606,0,0,0,0,1,1,0,0,0,0,0,0,0,0,0,0,0,0,0,0,0,0,0,0,0,0,0,0,0,0,0,0,0,0,0,0,0,0,0,0
3132,B아몬드견과죽,82.8,338.031,7.10079,8.69055,56.78769,1.4628,35.811,1.39725,6.141,0.47725,0.163944,0.139932,0,3752.12133,792.50502,0,0,0,0,1,1,0,0,0,0,0,0,0,0,0,0,0,0,0,0,0,0,0,0,0,0,0,0,0,0,0,0,0,0,0,0,0,0,0,0
3133,B아몬드스프,173.2,279.109,7.73565,19.13155,19.3606,2.369,180.277,0.7783,212.122,123.7236667,0.05427,0.37511,2.28045,1813.53275,35.8018,0,0,0,0,1,1,0,0,0,0,0,0,0,0,0,0,0,0,0,0,0,0,0,0,0,0,0,0,0,0,0,0,0,0,0,0,0,0,0,0
3134,B(우유제외)아몬드스프,173.2,279.454,9.2088,18.3461,19.58485,2.369,70.337,1.52235,358.862,10.98533333,0.07612,0.23067,1.37195,2026.02515,61.7573,0,0,0,0,1,1,0,0,0,0,0,0,0,0,0,0,0,0,0,0,0,0,0,0,0,0,0,0,0,0,0,0,0,0,0,0,0,0,0,0
3135,B아욱된장죽,97.1,251.605,5.05839,3.29222,48.78784,1.7894,99.161,1.04076,117.61,112.3423333,0.204769,0.201071,14.47505,1262.67373,87.06747,0,0,0,0,1,1,0,0,0,0,0,0,0,0,0,0,0,0,0,0,0,0,0,0,0,0,0,0,0,0,0,0,0,0,0,0,0,0,0,0
3136,B아욱죽,97.1,249.075,4.82816,3.1257,48.7423,1.5617,97.827,0.99752,158.757,112.3423333,0.19274,0.18849,14.29266,1177.32349,73.63156,0,0,0,0,1,1,0,0,0,0,0,0,0,0,0,0,0,0,0,0,0,0,0,0,0,0,0,0,0,0,0,0,0,0,0,0,0,0,0,0
3137,B애호박감자죽,106.8,220.831,3.88355,3.00702,42.95872,1.4375,11.179,0.901,172.458,5.354,0.13524,0.038875,4.34125,1171.96265,25.65126,0,0,0,0,1,1,0,0,0,0,0,0,0,0,0,0,0,0,0,0,0,0,0,0,0,0,0,0,0,0,0,0,0,0,0,0,0,0,0,0
3138,B애호박김죽,120.6,252.778,5.2486,3.17722,49.90587,1.311,21.989,1.17585,181.957,88.81141667,0.17181,0.132715,5.70745,1182.30805,31.06661,0,0,0,0,1,1,0,0,0,0,0,0,0,0,0,0,0,0,0,0,0,0,0,0,0,0,0,0,0,0,0,0,0,0,0,0,0,0,0,0
3139,B애호박다시마죽,118.3,244.751,4.30215,3.09557,48.45572,0.759,34.294,1.42885,190.283,22.81483333,0.15226,0.07096,4.29295,1170.75975,30.04771,0,0,0,0,1,1,0,0,0,0,0,0,0,0,0,0,0,0,0,0,0,0,0,0,0,0,0,0,0,0,0,0,0,0,0,0,0,0,0,0
3140,B애호박두부죽,129.8,267.406,6.371,4.11907,49.12042,1.6215,27.049,1.25405,173.608,7.999,0.156745,0.083495,1.74915,1721.49245,119.29921,0,0,0,0,1,1,0,0,0,0,0,0,0,0,0,0,0,0,0,0,0,0,0,0,0,0,0,0,0,0,0,0,0,0,0,0,0,0,0,0
3141,B애호박죽,120.1,250.11,4.35321,3.059,49.4162,1.1592,14.337,0.92622,146.682,8.018166667,0.154905,0.05026,2.50056,1174.78774,30.26851,0,0,0,0,1,1,0,0,0,0,0,0,0,0,0,0,0,0,0,0,0,0,0,0,0,0,0,0,0,0,0,0,0,0,0,0,0,0,0,0
3142,B양배추감자죽,106.8,219.451,3.9859,3.00932,42.77472,1.5525,22.219,0.87455,175.103,0.55275,0.131675,0.028755,9.1655,1172.75385,25.85826,0,0,0,0,1,1,0,0,0,0,0,0,0,0,0,0,0,0,0,0,0,0,0,0,0,0,0,0,0,0,0,0,0,0,0,0,0,0,0,0
3143,B양배추새우죽,118.3,274.421,11.0009,3.34742,47.57252,0.621,42.344,1.7566,268.023,0.4665,0.1403,0.0521,4.8438,1168.9715,21.94136,0,0,0,0,1,1,0,0,0,0,0,0,0,0,0,0,0,0,0,0,0,0,0,0,0,0,0,0,0,0,0,0,0,0,0,0,0,0,0,0
3144,B양배추죽,94.8,203.251,3.7168,2.51137,40.21642,1.242,25.109,0.76345,175.713,0.67275,0.1219,0.02599,8.9976,964.44175,26.25841,0,0,0,0,1,1,0,0,0,0,0,0,0,0,0,0,0,0,0,0,0,0,0,0,0,0,0,0,0,0,0,0,0,0,0,0,0,0,0,0
3145,B양배추현미죽,118.3,251.536,4.6851,3.60732,49.11122,1.3225,26.244,0.93665,175.793,0.55275,0.175375,0.034275,8.1006,1174.76175,25.65586,0,0,0,0,1,1,0,0,0,0,0,0,0,0,0,0,0,0,0,0,0,0,0,0,0,0,0,0,0,0,0,0,0,0,0,0,0,0,0,0
3146,B양송이버섯스프,207.7,223.794,6.79955,13.47355,19.72285,1.5525,138.187,0.6794,213.962,123.5415833,0.08003,0.39374,2.8129,384.15635,33.12115,0,0,0,0,1,1,0,0,0,0,0,0,0,0,0,0,0,0,0,0,0,0,0,0,0,0,0,0,0,0,0,0,0,0,0,0,0,0,0,0
3147,B(우유제외)양송이버섯스프,207.7,224.139,8.2727,12.6881,19.9471,1.5525,28.247,1.42345,360.702,10.80325,0.10188,0.2493,1.9044,596.64875,59.07665,0,0,0,0,1,1,0,0,0,0,0,0,0,0,0,0,0,0,0,0,0,0,0,0,0,0,0,0,0,0,0,0,0,0,0,0,0,0,0,0
3148,B양송이버섯죽,118.3,245.786,5.1267,3.09327,48.53277,0.943,9.569,1.1471,175.793,0.255666667,0.159965,0.161925,1.3524,1213.2327,15.17476,0,0,0,0,1,1,0,0,0,0,0,0,0,0,0,0,0,0,0,0,0,0,0,0,0,0,0,0,0,0,0,0,0,0,0,0,0,0,0,0
3149,B양송이스프,207.7,219.194,6.67765,13.47355,18.75685,1.4375,138.877,0.6357,214.192,123.56075,0.077155,0.3919,2.28045,385.1603,33.01995,0,0,0,0,1,1,0,0,0,0,0,0,0,0,0,0,0,0,0,0,0,0,0,0,0,0,0,0,0,0,0,0,0,0,0,0,0,0,0,0
3150,B(우유제외)양송이스프,207.7,219.539,8.1508,12.6881,18.9811,1.4375,28.937,1.37975,360.932,10.82241667,0.099005,0.24746,1.37195,597.6527,58.97545,0,0,0,0,1,1,0,0,0,0,0,0,0,0,0,0,0,0,0,0,0,0,0,0,0,0,0,0,0,0,0,0,0,0,0,0,0,0,0,0
3151,B양송이죽,120.1,247.695,5.21226,3.0935,48.92285,0.9522,9.852,1.15047,148.752,0.255666667,0.16146,0.168595,1.42761,1213.25869,15.17476,0,0,0,0,1,1,0,0,0,0,0,0,0,0,0,0,0,0,0,0,0,0,0,0,0,0,0,0,0,0,0,0,0,0,0,0,0,0,0,0
3152,B양송이채소죽,129.8,219.336,4.87485,3.07257,42.72182,1.7825,11.869,1.14365,177.058,55.62816667,0.14789,0.179635,3.12225,1222.56035,21.31691,0,0,0,0,1,1,0,0,0,0,0,0,0,0,0,0,0,0,0,0,0,0,0,0,0,0,0,0,0,0,0,0,0,0,0,0,0,0,0,0
3153,B양송이치즈죽,115.5,282.44,9.223,5.19455,48.41155,0.552,148.895,1.0728,388.095,18.515,0.165485,0.196535,0.0161,94.0355,33.0234,0,0,0,0,1,1,0,0,0,0,0,0,0,0,0,0,0,0,0,0,0,0,0,0,0,0,0,0,0,0,0,0,0,0,0,0,0,0,0,0
3154,B양송이크림스프,104.2,146.169,3.54505,9.6774,12.824,1.6215,9.157,0.6794,173.482,60.31075,0.05956,0.254245,1.37195,314.9252,24.27995,0,0,0,0,1,1,0,0,0,0,0,0,0,0,0,0,0,0,0,0,0,0,0,0,0,0,0,0,0,0,0,0,0,0,0,0,0,0,0,0
3155,B(우유제외)양송이크림스프,104.2,140.764,3.5002,8.56995,14.00275,1.6215,9.617,0.67595,206.372,10.82241667,0.05956,0.250105,1.37195,612.2646,58.97545,0,0,0,0,1,1,0,0,0,0,0,0,0,0,0,0,0,0,0,0,0,0,0,0,0,0,0,0,0,0,0,0,0,0,0,0,0,0,0,0
3156,B양파북어죽,101.7,289.371,13.91776,3.52705,47.6429,0.4002,48.285,1.28157,226.538,0.255666667,0.165945,0.05808,1.42761,1169.42299,15.17476,0,0,0,0,1,1,0,0,0,0,0,0,0,0,0,0,0,0,0,0,0,0,0,0,0,0,0,0,0,0,0,0,0,0,0,0,0,0,0,0
3157,B양파치즈스프,207.7,287.044,9.57335,18.29435,20.00575,1.0925,285.387,0.2976,425.562,141.9224167,0.072555,0.23895,3.64895,380.9145,66.26415,0,0,0,0,1,1,0,0,0,0,0,0,0,0,0,0,0,0,0,0,0,0,0,0,0,0,0,0,0,0,0,0,0,0,0,0,0,0,0,0
3158,B양파치즈죽,161.5,316.48,9.73935,6.67,51.98,0.5865,205.36,0.8612,403.62,43.8725,0.167555,0.128915,2.4081,90.1416,36.8506,0,0,0,0,1,1,0,0,0,0,0,0,0,0,0,0,0,0,0,0,0,0,0,0,0,0,0,0,0,0,0,0,0,0,0,0,0,0,0,0
3159,B양파타락죽,210.3,318.466,7.54975,6.85032,54.38052,0.5865,140.554,0.924,215.468,63.52483333,0.168475,0.203555,2.9371,1256.245,24.02516,0,0,0,0,1,1,0,0,0,0,0,0,0,0,0,0,0,0,0,0,0,0,0,0,0,0,0,0,0,0,0,0,0,0,0,0,0,0,0,0
3160,B(우유제외)양파타락죽,210.3,324.216,9.06775,7.17232,53.42602,0.5865,30.154,1.6715,329.318,0.274833333,0.190325,0.063255,2.0286,1171.398,15.28516,0,0,0,0,1,1,0,0,0,0,0,0,0,0,0,0,0,0,0,0,0,0,0,0,0,0,0,0,0,0,0,0,0,0,0,0,0,0,0,0
3161,B얼갈이된장죽,122.4,253.744,4.96478,3.39457,48.90606,1.7848,77.863,1.07227,223.617,45.71899999,0.191498,0.100032,9.08385,1342.34826,61.68168,0,0,0,0,1,1,0,0,0,0,0,0,0,0,0,0,0,0,0,0,0,0,0,0,0,0,0,0,0,0,0,0,0,0,0,0,0,0,0,0
3162,B얼갈이배추죽,106.8,242.796,4.2182,3.06107,47.48397,1.219,73.739,0.9608,194.308,95.97399999,0.16031,0.058195,7.8821,1177.35385,30.57671,0,0,0,0,1,1,0,0,0,0,0,0,0,0,0,0,0,0,0,0,0,0,0,0,0,0,0,0,0,0,0,0,0,0,0,0,0,0,0,0
3163,B연근채소죽,125.2,234.01,4.04018,3.02519,46.11409,2.1114,20.425,1.05947,181.405,34.50266667,0.153663,0.071788,12.23163,1187.61553,22.92921,0,0,0,0,1,1,0,0,0,0,0,0,0,0,0,0,0,0,0,0,0,0,0,0,0,0,0,0,0,0,0,0,0,0,0,0,0,0,0,0
3164,B연두부게살스프,299.7,303.144,13.87205,16.83615,22.57025,0.7015,217.997,1.7259,326.432,123.73325,0.216535,0.23412,2.28045,326.7127,33.01995,0,0,0,0,1,1,0,0,0,0,0,0,0,0,0,0,0,0,0,0,0,0,0,0,0,0,0,0,0,0,0,0,0,0,0,0,0,0,0,0
3165,B(우유제외)연두부게살스프,299.7,303.489,15.3452,16.0507,22.7945,0.7015,108.057,2.46995,473.172,10.99491667,0.238385,0.08968,1.37195,539.2051,58.97545,0,0,0,0,1,1,0,0,0,0,0,0,0,0,0,0,0,0,0,0,0,0,0,0,0,0,0,0,0,0,0,0,0,0,0,0,0,0,0,0
3166,B연두부죽,129.8,269.591,5.83855,4.32607,49.45507,0.552,27.394,1.4047,178.323,53.09816667,0.20493,0.031055,1.0235,1176.9433,15.97286,0,0,0,0,1,1,0,0,0,0,0,0,0,0,0,0,0,0,0,0,0,0,0,0,0,0,0,0,0,0,0,0,0,0,0,0,0,0,0,0
3167,B연두부채소죽,267.8,351.126,11.02275,7.56102,57.18537,1.1155,73.854,2.87785,184.188,55.68566667,0.3772,0.06636,2.5898,1179.7286,21.21571,0,0,0,0,1,1,0,0,0,0,0,0,0,0,0,0,0,0,0,0,0,0,0,0,0,0,0,0,0,0,0,0,0,0,0,0,0,0,0,0
3168,B열무죽,108.6,244.705,4.60046,3.10615,47.6015,0.8142,62.292,1.41957,165.197,130.6465,0.15318,0.06038,2.92376,1181.10239,54.48521,0,0,0,0,1,1,0,0,0,0,0,0,0,0,0,0,0,0,0,0,0,0,0,0,0,0,0,0,0,0,0,0,0,0,0,0,0,0,0,0
3169,B영양닭죽,164.8,339.666,13.37515,7.93422,51.11782,1.3275,18.349,1.59395,205.703,78.62816667,0.227715,0.147205,3.3253,1182.02075,21.32611,0,0,0,0,1,1,0,0,0,0,0,0,0,0,0,0,0,0,0,0,0,0,0,0,0,0,0,0,0,0,0,0,0,0,0,0,0,0,0,0
3170,B영양부추타락죽,207.5,291.065,7.843,4.1515,53.4865,0,143.835,1.979,215.02,65.94291667,0.2116,0.2254,2.6335,84.847,8.74,0,0,0,0,1,1,0,0,0,0,0,0,0,0,0,0,0,0,0,0,0,0,0,0,0,0,0,0,0,0,0,0,0,0,0,0,0,0,0,0
3171,B(우유제외)영양부추타락죽,207.5,296.815,9.361,4.4735,52.532,0,33.435,2.7265,328.87,2.692916666,0.23345,0.0851,1.725,0,0,0,0,0,0,1,1,0,0,0,0,0,0,0,0,0,0,0,0,0,0,0,0,0,0,0,0,0,0,0,0,0,0,0,0,0,0,0,0,0,0
3172,B오징어채소죽,129.8,276.031,10.5294,3.54522,47.93937,0.805,15.434,0.94125,244.678,55.68566667,0.16215,0.037955,1.38115,1179.42155,21.14211,0,0,0,0,1,1,0,0,0,0,0,0,0,0,0,0,0,0,0,0,0,0,0,0,0,0,0,0,0,0,0,0,0,0,0,0,0,0,0,0
3173,B오트밀죽,72.3,282.701,6.762,5.75552,49.82192,6.486,24.519,2.4995,172.573,0.226916667,0.07935,0.03301,0,1165.395,14.95396,0,0,0,0,1,1,0,0,0,0,0,0,0,0,0,0,0,0,0,0,0,0,0,0,0,0,0,0,0,0,0,0,0,0,0,0,0,0,0,0
3174,B옥수수스프,221.5,297.44,6.99988,18.32908,26.25232,0,155.368,1.62976,221.184,127.626,0.21596,0.322992,1.0695,224.96208,24.84,0,0,0,0,1,1,0,0,0,0,0,0,0,0,0,0,0,0,0,0,0,0,0,0,0,0,0,0,0,0,0,0,0,0,0,0,0,0,0,0
3175,B(우유제외)옥수수스프,205.4,234.627,8.16,11.21242,25.48412,0,39.057,2.294,351.364,19.09666667,0.23137,0.16006,0,377.9866,43.8564,0,0,0,0,1,1,0,0,0,0,0,0,0,0,0,0,0,0,0,0,0,0,0,0,0,0,0,0,0,0,0,0,0,0,0,0,0,0,0,0
3176,B옥수수양파죽,106.8,247.856,4.853,3.39572,48.25332,0.391,15.319,1.453,173.148,1.712333333,0.2001,0.05164,1.3524,1169.397,15.17476,0,0,0,0,1,1,0,0,0,0,0,0,0,0,0,0,0,0,0,0,0,0,0,0,0,0,0,0,0,0,0,0,0,0,0,0,0,0,0,0
3177,B옥수수죽,83.8,254.066,4.7863,3.68322,49.08362,1.6905,6.004,0.99645,172.113,0.26525,0.27278,0.041865,1.87335,1483.13655,23.78596,0,0,0,0,1,1,0,0,0,0,0,0,0,0,0,0,0,0,0,0,0,0,0,0,0,0,0,0,0,0,0,0,0,0,0,0,0,0,0,0
3178,B옥수수치즈스프,219.2,311.884,9.45145,16.38765,31.2838,0.7015,219.607,1.25325,318.612,134.71575,0.17272,0.26747,2.2885,351.8126,49.53165,0,0,0,0,1,1,0,0,0,0,0,0,0,0,0,0,0,0,0,0,0,0,0,0,0,0,0,0,0,0,0,0,0,0,0,0,0,0,0,0
3179,B옥수수크림스프,207.7,277.614,7.29405,13.93815,30.57425,0.7015,147.617,1.2429,211.892,125.5540833,0.165935,0.24792,2.28045,326.7127,33.01995,0,0,0,0,1,1,0,0,0,0,0,0,0,0,0,0,0,0,0,0,0,0,0,0,0,0,0,0,0,0,0,0,0,0,0,0,0,0,0,0
3180,B(우유제외)옥수수크림스프,207.7,277.959,8.7672,13.1527,30.7985,0.7015,37.677,1.98695,358.632,12.81575,0.187785,0.10348,1.37195,539.2051,58.97545,0,0,0,0,1,1,0,0,0,0,0,0,0,0,0,0,0,0,0,0,0,0,0,0,0,0,0,0,0,0,0,0,0,0,0,0,0,0,0,0
3181,B옥수수타락죽,196,290.72,8.1765,4.416,53.0725,0,140.615,1.4155,213.41,64.89833333,0.2162,0.23345,0.9085,84.847,8.74,0,0,0,0,1,1,0,0,0,0,0,0,0,0,0,0,0,0,0,0,0,0,0,0,0,0,0,0,0,0,0,0,0,0,0,0,0,0,0,0
3182,B(우유제외)옥수수타락죽,196,296.47,9.6945,4.738,52.118,0,30.215,2.163,327.26,1.648333333,0.23805,0.09315,0,0,0,0,0,0,0,1,1,0,0,0,0,0,0,0,0,0,0,0,0,0,0,0,0,0,0,0,0,0,0,0,0,0,0,0,0,0,0,0,0,0,0
3183,B우엉죽,118.3,264.416,4.79895,3.04842,52.52787,1.978,24.749,1.1195,175.793,0.255666667,0.146855,0.05394,1.56285,1178.9052,17.66566,0,0,0,0,1,1,0,0,0,0,0,0,0,0,0,0,0,0,0,0,0,0,0,0,0,0,0,0,0,0,0,0,0,0,0,0,0,0,0,0
3184,B우유크림스프,288.2,290.149,8.6913,17.20875,24.17795,0.897,269.632,0.3114,253.177,186.8299167,0.07911,0.384885,3.86515,413.5607,41.87035,0,0,0,0,1,1,0,0,0,0,0,0,0,0,0,0,0,0,0,0,0,0,0,0,0,0,0,0,0,0,0,0,0,0,0,0,0,0,0,0
3185,B(우유제외)두유크림스프,288.2,296.244,11.68245,16.7453,23.4477,0.897,49.292,1.80295,513.767,10.84158333,0.12281,0.100145,2.04815,541.2061,59.08585,0,0,0,0,1,1,0,0,0,0,0,0,0,0,0,0,0,0,0,0,0,0,0,0,0,0,0,0,0,0,0,0,0,0,0,0,0,0,0,0
3186,B잣죽,83.3,387.849,8.1328,19.205,46.9016,0,6.755,2.1653,175.368,0.191666666,0.22586,0.0368,0,0,0,0,0,0,0,1,1,0,0,0,0,0,0,0,0,0,0,0,0,0,0,0,0,0,0,0,0,0,0,0,0,0,0,0,0,0,0,0,0,0,0
3187,B잣찹쌀죽,83.3,375.475,7.9212,15.7895,50.9933,0,8.503,5.0817,173.643,0.076666667,0.24794,0.04485,0,0,0,0,0,0,0,1,1,0,0,0,0,0,0,0,0,0,0,0,0,0,0,0,0,0,0,0,0,0,0,0,0,0,0,0,0,0,0,0,0,0,0
3188,B장국죽,85.6,123.61,7.06721,9.25635,3.223,0.6532,9.277,0.85722,161.632,6.7915,0.02622,0.131335,2.10611,1267.37654,25.43621,0,0,0,0,1,1,0,0,0,0,0,0,0,0,0,0,0,0,0,0,0,0,0,0,0,0,0,0,0,0,0,0,0,0,0,0,0,0,0,0
3189,B전복죽,96,265.451,8.855,3.26002,47.47592,0,22.614,1.6269,408.212,0.217333333,0.22195,0.09971,0.69,1165.395,14.95396,0,0,0,0,1,1,0,0,0,0,0,0,0,0,0,0,0,0,0,0,0,0,0,0,0,0,0,0,0,0,0,0,0,0,0,0,0,0,0,0
3190,B조갯살죽,129.8,269.361,8.0523,3.38767,49.30327,0.7475,67.184,4.9812,176.368,53.11733334,0.154905,0.09902,2.7347,1178.9443,16.08326,0,0,0,0,1,1,0,0,0,0,0,0,0,0,0,0,0,0,0,0,0,0,0,0,0,0,0,0,0,0,0,0,0,0,0,0,0,0,0,0
3191,B찰옥수수스프,207.7,304.064,8.20255,14.20495,35.79985,0.3105,148.997,1.7029,211.432,126.5124167,0.215385,0.27069,0.92805,322.7107,32.79915,0,0,0,0,1,1,0,0,0,0,0,0,0,0,0,0,0,0,0,0,0,0,0,0,0,0,0,0,0,0,0,0,0,0,0,0,0,0,0,0
3192,B(우유제외)찰옥수수스프,207.7,304.409,9.6757,13.4195,36.0241,0.3105,39.057,2.44695,358.172,13.77408333,0.237235,0.12625,0.01955,535.2031,58.75465,0,0,0,0,1,1,0,0,0,0,0,0,0,0,0,0,0,0,0,0,0,0,0,0,0,0,0,0,0,0,0,0,0,0,0,0,0,0,0,0
3193,B참깨스프,187,351.191,10.3151,24.54851,23.7421,6.3687,427.895,1.6983,211.432,124.4251667,0.221963,0.285617,2.28045,5343.92281,81.70474,0,0,0,0,1,1,0,0,0,0,0,0,0,0,0,0,0,0,0,0,0,0,0,0,0,0,0,0,0,0,0,0,0,0,0,0,0,0,0,0
3194,B(우유제외)참깨스프,187,369.936,10.41975,23.95856,29.91185,7.4037,324.855,2.12035,291.472,11.68683333,0.267963,0.117027,1.54445,7291.70771,311.80824,0,0,0,0,1,1,0,0,0,0,0,0,0,0,0,0,0,0,0,0,0,0,0,0,0,0,0,0,0,0,0,0,0,0,0,0,0,0,0,0
3195,B참깨우유스프,256,396.041,12.4403,26.83931,27.5578,6.3687,505.865,1.7328,236.272,162.3751667,0.236453,0.397397,2.82555,5394.83101,86.94874,0,0,0,0,1,1,0,0,0,0,0,0,0,0,0,0,0,0,0,0,0,0,0,0,0,0,0,0,0,0,0,0,0,0,0,0,0,0,0,0
3196,B(우유제외)참깨두유스프,256,429.276,12.63465,26.55986,36.72215,8.0247,340.725,2.41015,344.602,11.68683333,0.310053,0.130137,1.64795,8332.88321,434.29704,0,0,0,0,1,1,0,0,0,0,0,0,0,0,0,0,0,0,0,0,0,0,0,0,0,0,0,0,0,0,0,0,0,0,0,0,0,0,0,0
3197,B참깨죽,83.3,347.622,8.95505,11.39236,52.40435,5.6672,294.163,2.2159,172.585,1.056083333,0.303278,0.099797,0,5017.21011,48.68479,0,0,0,0,1,1,0,0,0,0,0,0,0,0,0,0,0,0,0,0,0,0,0,0,0,0,0,0,0,0,0,0,0,0,0,0,0,0,0,0
3198,B참깨채소죽,116,347.032,8.75288,14.1634,46.84434,6.6401,300.703,2.25087,174.16,35.36708334,0.294676,0.117305,2.45088,6193.11979,69.5371,0,0,0,0,1,1,0,0,0,0,0,0,0,0,0,0,0,0,0,0,0,0,0,0,0,0,0,0,0,0,0,0,0,0,0,0,0,0,0,0
3199,B참깨크림스프,256,396.041,12.4403,26.83931,27.5578,6.3687,505.865,1.7328,236.272,162.3751667,0.236453,0.397397,2.82555,5394.83101,86.94874,0,0,0,0,1,1,0,0,0,0,0,0,0,0,0,0,0,0,0,0,0,0,0,0,0,0,0,0,0,0,0,0,0,0,0,0,0,0,0,0
3200,B(우유제외)참깨크림스프,256,429.276,12.63465,26.55986,36.72215,8.0247,340.725,2.41015,344.602,11.68683333,0.310053,0.130137,1.64795,8332.88321,434.29704,0,0,0,0,1,1,0,0,0,0,0,0,0,0,0,0,0,0,0,0,0,0,0,0,0,0,0,0,0,0,0,0,0,0,0,0,0,0,0,0
3201,B참깨타락죽,198.3,422.372,12.49705,15.21036,58.76385,5.6672,424.113,2.2734,213.985,64.30608333,0.327428,0.286097,0.9085,5102.05711,57.42479,0,0,0,0,1,1,0,0,0,0,0,0,0,0,0,0,0,0,0,0,0,0,0,0,0,0,0,0,0,0,0,0,0,0,0,0,0,0,0,0
3202,B(우유제외)참깨두유죽,198.3,428.122,14.01505,15.53236,57.80935,5.6672,313.713,3.0209,327.835,1.056083333,0.349278,0.145797,0,5017.21011,48.68479,0,0,0,0,1,1,0,0,0,0,0,0,0,0,0,0,0,0,0,0,0,0,0,0,0,0,0,0,0,0,0,0,0,0,0,0,0,0,0,0
3203,B참나물죽,108.6,246.775,4.42796,3.09925,48.326,1.2627,28.137,1.30917,154.847,99.8265,0.139035,0.06038,1.73696,1195.94429,34.25786,0,0,0,0,1,1,0,0,0,0,0,0,0,0,0,0,0,0,0,0,0,0,0,0,0,0,0,0,0,0,0,0,0,0,0,0,0,0,0,0
3204,B참치미역죽,118.3,296.501,14.375,4.74352,46.99292,0,46.944,3.8105,589.333,36.44233333,0.15295,0.06636,3.45,1165.395,14.95396,0,0,0,0,1,1,0,0,0,0,0,0,0,0,0,0,0,0,0,0,0,0,0,0,0,0,0,0,0,0,0,0,0,0,0,0,0,0,0,0
3205,B참치죽,118.3,298.571,13.9035,4.68372,47.35632,0.391,16.124,3.6035,449.723,0.255666667,0.1472,0.03669,1.3524,1169.397,15.17476,0,0,0,0,1,1,0,0,0,0,0,0,0,0,0,0,0,0,0,0,0,0,0,0,0,0,0,0,0,0,0,0,0,0,0,0,0,0,0,0
3206,B참치채소죽,131.6,277.081,14.08865,1.91383,48.30253,0.7935,18.163,3.60855,450.862,34.03041667,0.153893,0.04669,1.85702,11.88341,4.35942,0,0,0,0,1,1,0,0,0,0,0,0,0,0,0,0,0,0,0,0,0,0,0,0,0,0,0,0,0,0,0,0,0,0,0,0,0,0,0,0
3207,B찹쌀고구마죽,265,268.985,7.1047,6.25025,45.2755,1.955,219.62,0.41155,239.4,103.04,0.09085,0.31947,6.3664,192.027,18.7726,0,0,0,0,1,1,0,0,0,0,0,0,0,0,0,0,0,0,0,0,0,0,0,0,0,0,0,0,0,0,0,0,0,0,0,0,0,0,0,0
3208,B(우유제외)찹쌀고구마죽,265,307.625,7.3439,7.07825,53.2611,3.611,54.02,1.09235,314.84,1.84,0.16445,0.05635,5.1888,2832.7398,331.4254,0,0,0,0,1,1,0,0,0,0,0,0,0,0,0,0,0,0,0,0,0,0,0,0,0,0,0,0,0,0,0,0,0,0,0,0,0,0,0,0
3209,B찹쌀단호박죽,85.6,100.487,1.6721,0.49496,23.42136,3.45,9.124,0.50838,168.376,211.025,0.0368,0.130364,8.3697,122.958,55.8762,0,0,0,0,1,1,0,0,0,0,0,0,0,0,0,0,0,0,0,0,0,0,0,0,0,0,0,0,0,0,0,0,0,0,0,0,0,0,0,0
3210,B찹쌀닭죽,111.4,254.719,12.04943,0.57882,47.65102,0.4259,8.336,1.09852,188.902,35.30116667,0.188753,0.050853,0.94388,66.12543,3.0912,0,0,0,0,1,1,0,0,0,0,0,0,0,0,0,0,0,0,0,0,0,0,0,0,0,0,0,0,0,0,0,0,0,0,0,0,0,0,0,0
3211,B(우유제외)채소스프,207.7,234.144,7.21585,12.6352,22.14245,1.932,34.572,1.167,361.047,66.27158334,0.09521,0.07542,4.4942,552.53475,65.3384,0,0,0,0,1,1,0,0,0,0,0,0,0,0,0,0,0,0,0,0,0,0,0,0,0,0,0,0,0,0,0,0,0,0,0,0,0,0,0,0
3212,B채소스프,207.7,233.799,5.7427,13.42065,21.9182,1.932,144.512,0.42295,214.307,179.0099167,0.07336,0.21986,5.4027,340.04235,39.3829,0,0,0,0,1,1,0,0,0,0,0,0,0,0,0,0,0,0,0,0,0,0,0,0,0,0,0,0,0,0,0,0,0,0,0,0,0,0,0,0
3213,B채소죽,120.1,252.41,4.58091,3.11075,49.73245,1.0097,18.247,1.20452,155.537,83.26650001,0.16422,0.07809,9.03256,1180.75854,21.11451,0,0,0,0,1,1,0,0,0,0,0,0,0,0,0,0,0,0,0,0,0,0,0,0,0,0,0,0,0,0,0,0,0,0,0,0,0,0,0,0
3214,B청경채죽,95.3,237.851,4.16645,3.04957,46.28222,0.414,35.444,0.9286,178.898,21.86608333,0.15571,0.028295,6.38595,1167.44085,29.47156,0,0,0,0,1,1,0,0,0,0,0,0,0,0,0,0,0,0,0,0,0,0,0,0,0,0,0,0,0,0,0,0,0,0,0,0,0,0,0,0
3215,B취나물죽,141.3,264.301,5.0393,3.18412,52.67507,2.6565,59.594,2.9687,178.093,121.8873333,0.16859,0.203785,6.49405,1214.23205,84.06666,0,0,0,0,1,1,0,0,0,0,0,0,0,0,0,0,0,0,0,0,0,0,0,0,0,0,0,0,0,0,0,0,0,0,0,0,0,0,0,0
3216,B(우유제외)게살두유죽,228.7,334.405,13.29423,7.68959,51.04299,1.9159,92.76,1.48152,426.585,34.68475,0.196098,0.077538,4.94408,2910.89628,227.00476,0,0,0,0,1,1,0,0,0,0,0,0,0,0,0,0,0,0,0,0,0,0,0,0,0,0,0,0,0,0,0,0,0,0,0,0,0,0,0,0
3217,B치즈게살죽,136.7,304.045,13.91753,8.25309,41.11159,0.8809,210.29,1.01922,551.475,53.00808334,0.139518,0.094788,4.78768,1225.80358,55.88016,0,0,0,0,1,1,0,0,0,0,0,0,0,0,0,0,0,0,0,0,0,0,0,0,0,0,0,0,0,0,0,0,0,0,0,0,0,0,0,0
3218,B치즈고구마죽,138,279.795,6.92185,4.2297,51.474,0.69,134.435,0.81075,129.72,60.375,0.151915,0.115,5.3705,92.0552,23.8648,0,0,0,0,1,1,0,0,0,0,0,0,0,0,0,0,0,0,0,0,0,0,0,0,0,0,0,0,0,0,0,0,0,0,0,0,0,0,0,0
3219,B치즈누룽지죽,81,277.265,7.9948,5.129,47.1316,0,148.205,0.7692,386.025,18.515,0.14582,0.0506,0.0161,50.1998,33.0234,0,0,0,0,1,1,0,0,0,0,0,0,0,0,0,0,0,0,0,0,0,0,0,0,0,0,0,0,0,0,0,0,0,0,0,0,0,0,0,0
3220,B치즈죽,126.5,307.165,9.4116,6.6562,49.6754,0,199.985,0.7912,234.6,43.815,0.15548,0.12512,0.3795,84.1386,36.5194,0,0,0,0,1,1,0,0,0,0,0,0,0,0,0,0,0,0,0,0,0,0,0,0,0,0,0,0,0,0,0,0,0,0,0,0,0,0,0,0
3221,B캐슈넛참깨죽,87.4,377.844,9.72095,14.0622,53.66705,3.8088,142.807,2.2977,45.08,0.584583333,0.30935,0.084755,0,3752.55005,36.11345,0,0,0,0,1,1,0,0,0,0,0,0,0,0,0,0,0,0,0,0,0,0,0,0,0,0,0,0,0,0,0,0,0,0,0,0,0,0,0,0
3222,B콩나물죽,118.3,253.031,5.4993,3.49692,48.56382,0.943,25.439,1.07465,174.068,0.428166667,0.17963,0.045315,1.9734,1399.39125,54.87046,0,0,0,0,1,1,0,0,0,0,0,0,0,0,0,0,0,0,0,0,0,0,0,0,0,0,0,0,0,0,0,0,0,0,0,0,0,0,0,0
3223,B크래미게살죽,117.8,281.781,7.56355,3.07257,53.71007,0.552,84.924,1.1277,281.278,53.09816667,0.15088,0.063255,1.0235,1176.9433,15.97286,0,0,0,0,1,1,0,0,0,0,0,0,0,0,0,0,0,0,0,0,0,0,0,0,0,0,0,0,0,0,0,0,0,0,0,0,0,0,0,0
3224,B크림스프,34.5,152.835,2.346,5.4855,23.4945,0,7.59,0,1046.04,0,0.1035,0.05175,0,0,0,0,0,0,0,1,1,0,0,0,0,0,0,0,0,0,0,0,0,0,0,0,0,0,0,0,0,0,0,0,0,0,0,0,0,0,0,0,0,0,0
3225,B타락죽,173.2,284.249,7.222,4.04802,52.27192,0,134.183,0.80626,213.987,63.44166667,0.1564,0.198988,0.9085,84.847,8.74,0,0,0,0,1,1,0,0,0,0,0,0,0,0,0,0,0,0,0,0,0,0,0,0,0,0,0,0,0,0,0,0,0,0,0,0,0,0,0,0
3226,B(우유제외)두유죽,173.2,289.999,8.74,4.37002,51.31742,0,23.783,1.55376,327.837,0.191666666,0.17825,0.058688,0,0,0,0,0,0,0,1,1,0,0,0,0,0,0,0,0,0,0,0,0,0,0,0,0,0,0,0,0,0,0,0,0,0,0,0,0,0,0,0,0,0,0
3227,B파래죽,118.3,244.406,4.6506,3.07947,48.27057,1.1155,27.854,2.258,215.813,0.255666667,0.24035,0.06429,13.7724,1170.846,24.76576,0,0,0,0,1,1,0,0,0,0,0,0,0,0,0,0,0,0,0,0,0,0,0,0,0,0,0,0,0,0,0,0,0,0,0,0,0,0,0,0
3228,B(우유제외)파프리카감자크림스프,207.7,238.399,7.2906,12.63865,23.13145,1.771,30.892,1.2291,358.172,15.45116667,0.09291,0.084045,27.59195,552.1219,65.77195,0,0,0,0,1,1,0,0,0,0,0,0,0,0,0,0,0,0,0,0,0,0,0,0,0,0,0,0,0,0,0,0,0,0,0,0,0,0,0,0
3229,B파프리카감자크림스프,207.7,238.054,5.81745,13.4241,22.9072,1.771,140.832,0.48505,211.432,128.1895,0.07106,0.228485,28.50045,339.6295,39.81645,0,0,0,0,1,1,0,0,0,0,0,0,0,0,0,0,0,0,0,0,0,0,0,0,0,0,0,0,0,0,0,0,0,0,0,0,0,0,0,0
3230,B팥죽,106.4,370.831,17.5053,1.05633,71.51088,12.351,46.355,4.09399,171.291,0.057666667,0.44903,0.191732,3.1533,214.2105,99.5463,0,0,0,0,1,1,0,0,0,0,0,0,0,0,0,0,0,0,0,0,0,0,0,0,0,0,0,0,0,0,0,0,0,0,0,0,0,0,0,0
3231,B표고버섯죽,125.2,248.96,4.65888,3.14019,49.84239,0.6049,12.605,1.06982,177.035,31.97266667,0.170453,0.099618,1.56078,1175.12538,15.71986,0,0,0,0,1,1,0,0,0,0,0,0,0,0,0,0,0,0,0,0,0,0,0,0,0,0,0,0,0,0,0,0,0,0,0,0,0,0,0,0
3232,B해물죽,141.3,286.841,12.9858,3.58662,47.94397,0.805,31.879,1.51855,283.893,55.68566667,0.1564,0.056355,1.61115,1179.19155,21.09611,0,0,0,0,1,1,0,0,0,0,0,0,0,0,0,0,0,0,0,0,0,0,0,0,0,0,0,0,0,0,0,0,0,0,0,0,0,0,0,0
3233,B현미소고기죽,138.5,335.164,10.79459,10.11632,48.68457,0.8671,14.613,2.24504,165.519,38.58516667,0.158723,0.134463,2.31449,1273.10492,25.98131,0,0,0,0,1,1,0,0,0,0,0,0,0,0,0,0,0,0,0,0,0,0,0,0,0,0,0,0,0,0,0,0,0,0,0,0,0,0,0,0
3234,B현미애호박죽,118.3,251.421,4.4827,3.72462,49.03187,1.311,15.434,1.62205,174.298,60.74566667,0.16054,0.063255,2.09645,1182.30805,31.06661,0,0,0,0,1,1,0,0,0,0,0,0,0,0,0,0,0,0,0,0,0,0,0,0,0,0,0,0,0,0,0,0,0,0,0,0,0,0,0,0
3235,B호두오곡죽,87.9,378.902,8.36418,14.28001,55.05188,1.8193,21.429,2.14851,171.872,0.676583333,0.213348,0.101568,0,7895.8218,2123.70661,0,0,0,0,1,1,0,0,0,0,0,0,0,0,0,0,0,0,0,0,0,0,0,0,0,0,0,0,0,0,0,0,0,0,0,0,0,0,0,0
3236,B호두죽,76.4,335.317,6.52648,13.47616,47.16978,1.2328,19.129,1.20666,173.137,0.590333333,0.140898,0.063388,0,7626.7448,2108.89576,0,0,0,0,1,1,0,0,0,0,0,0,0,0,0,0,0,0,0,0,0,0,0,0,0,0,0,0,0,0,0,0,0,0,0,0,0,0,0,0
3237,B호두찹쌀죽,76.4,337.571,6.68748,13.47616,47.55618,1.2328,18.646,1.35156,172.332,0.536666667,0.126408,0.073048,0,7626.7448,2108.89576,0,0,0,0,1,1,0,0,0,0,0,0,0,0,0,0,0,0,0,0,0,0,0,0,0,0,0,0,0,0,0,0,0,0,0,0,0,0,0,0
3238,B호두채소죽,120.6,337.832,6.43356,16.2518,42.37797,2.4012,27.394,1.26463,175.057,34.9205,0.136321,0.082161,3.12708,8804.65548,2129.85847,0,0,0,0,1,1,0,0,0,0,0,0,0,0,0,0,0,0,0,0,0,0,0,0,0,0,0,0,0,0,0,0,0,0,0,0,0,0,0,0
3239,B호두치즈죽,99.4,403.857,10.84128,18.37516,48.58888,1.2328,163.109,1.22736,386.577,18.91366667,0.154468,0.102488,0.0161,7676.9446,2141.91916,0,0,0,0,1,1,0,0,0,0,0,0,0,0,0,0,0,0,0,0,0,0,0,0,0,0,0,0,0,0,0,0,0,0,0,0,0,0,0,0
3240,B호박죽,97.1,127.512,2.2264,0.17296,29.42436,1.15,11.654,0.29908,168.721,22.54,0.03335,0.071484,0.9453,63.1465,14.8902,0,0,0,0,1,1,0,0,0,0,0,0,0,0,0,0,0,0,0,0,0,0,0,0,0,0,0,0,0,0,0,0,0,0,0,0,0,0,0,0
3241,B황태죽,106.8,327.405,22.3675,3.90928,47.2489,0.391,105.225,1.61214,288.381,0.367666667,0.161,0.082466,1.3524,370.26524,1737.03588,0,0,0,0,1,1,0,0,0,0,0,0,0,0,0,0,0,0,0,0,0,0,0,0,0,0,0,0,0,0,0,0,0,0,0,0,0,0,0,0
3242,B흑미치즈죽,92.5,277.955,8.5146,5.79255,46.45425,2.8175,154.07,0.63695,384.99,19.85666667,0.27991,0.132595,0.6923,360.0443,46.32315,0,0,0,0,1,1,0,0,0,0,0,0,0,0,0,0,0,0,0,0,0,0,0,0,0,0,0,0,0,0,0,0,0,0,0,0,0,0,0,0
3243,B흑임자죽,83.3,345.092,9.06384,10.9319,52.64976,4.8829,337.173,2.09446,172.838,0.760916666,0.163369,0.568353,0,4636.80184,49.12501,0,0,0,0,1,1,0,0,0,0,0,0,0,0,0,0,0,0,0,0,0,0,0,0,0,0,0,0,0,0,0,0,0,0,0,0,0,0,0,0
3244,B흰살생선죽,129.8,274.191,10.7433,3.14617,48.16477,0.7475,23.714,1.0137,176.368,61.05233334,0.185955,0.07832,2.0447,1178.9443,16.08326,0,0,0,0,1,1,0,0,0,0,0,0,0,0,0,0,0,0,0,0,0,0,0,0,0,0,0,0,0,0,0,0,0,0,0,0,0,0,0,0
3245,B흰죽,60.8,234.401,3.68,3.01852,45.71642,0,5.429,0.7975,173.033,0.217333333,0.13225,0.01346,0,1165.395,14.95396,0,0,0,0,1,1,0,0,0,0,0,0,0,0,0,0,0,0,0,0,0,0,0,0,0,0,0,0,0,0,0,0,0,0,0,0,0,0,0,0
3246,B가래떡구이,92,195.96,3.4132,0.3404,44.896,0.644,9.2,0.1288,240.12,0,0.00644,0.01196,0,112.286,4.2596,0,0,0,0,1,1,0,0,0,0,0,0,0,0,0,0,0,0,0,0,0,0,0,0,0,0,0,0,0,0,0,0,0,0,0,0,0,0,0,0
3247,B개피떡,184,380.88,7.912,1.472,83.904,0,31.28,2.208,285.2,0,0.092,0.0736,0,0,0,0,0,0,0,1,1,0,0,0,0,0,0,0,0,0,0,0,0,0,0,0,0,0,0,0,0,0,0,0,0,0,0,0,0,0,0,0,0,0,0
3248,B개피떡(40g),92,190.44,3.956,0.736,41.952,0,15.64,1.104,142.6,0,0.046,0.0368,0,0,0,0,0,0,0,1,1,0,0,0,0,0,0,0,0,0,0,0,0,0,0,0,0,0,0,0,0,0,0,0,0,0,0,0,0,0,0,0,0,0,0
3249,B건포도감자볼,80.5,80.385,1.6905,0.08855,19.47755,2.3805,14.49,0.5658,3.795,0.038333333,0.05014,0.14628,7.27835,13.71145,2.8336,0,0,0,0,1,1,0,0,0,0,0,0,0,0,0,0,0,0,0,0,0,0,0,0,0,0,0,0,0,0,0,0,0,0,0,0,0,0,0,0
3250,B꿀떡,92,193.2,2.8428,1.3432,42.4488,1.472,23,0.3496,228.16,0,0,0.01104,0,623.208,30.406,0,0,0,0,1,1,0,0,0,0,0,0,0,0,0,0,0,0,0,0,0,0,0,0,0,0,0,0,0,0,0,0,0,0,0,0,0,0,0,0
3251,B꿀호떡,92,193.2,2.8428,1.3432,42.4488,1.472,23,0.3496,228.16,0,0,0.01104,0,623.208,30.406,0,0,0,0,1,1,0,0,0,0,0,0,0,0,0,0,0,0,0,0,0,0,0,0,0,0,0,0,0,0,0,0,0,0,0,0,0,0,0,0
3252,B노란시루떡,92,168.36,5.3636,0.3772,35.8248,2.852,16.56,0.8096,214.36,0.153333334,0.0276,0.02852,0,136.9144,29.6608,0,0,0,0,1,1,0,0,0,0,0,0,0,0,0,0,0,0,0,0,0,0,0,0,0,0,0,0,0,0,0,0,0,0,0,0,0,0,0,0
3253,B녹차밤양갱,85.2,175.584,8.32074,0.20334,35.7441,0.8574,33.924,1.6326,0.345,7.74575,0.079389,0.065145,1.10262,19.75677,18.7209,0,0,0,0,1,1,0,0,0,0,0,0,0,0,0,0,0,0,0,0,0,0,0,0,0,0,0,0,0,0,0,0,0,0,0,0,0,0,0,0
3254,B단팥도너츠,69,239.43,4.554,10.557,31.533,0,18.63,0.69,129.72,17.94,0.069,0.0483,0,0,0,0,0,0,0,1,1,0,0,0,0,0,0,0,0,0,0,0,0,0,0,0,0,0,0,0,0,0,0,0,0,0,0,0,0,0,0,0,0,0,0
3255,B단팥빵,69,174.57,5.2233,2.1873,33.4719,4.347,17.25,0.6831,124.2,18.6875,0.03105,0.06693,0,269.2932,48.6864,0,0,0,0,1,1,0,0,0,0,0,0,0,0,0,0,0,0,0,0,0,0,0,0,0,0,0,0,0,0,0,0,0,0,0,0,0,0,0,0
3256,B단호박견과류찜,87.5,86.52,2.7762,3.9368,12.38615,4.788,23.8,0.5208,0.21,246.2541666,0.027545,0.164465,9.76465,1181.005,67.1167,0,0,0,0,1,1,0,0,0,0,0,0,0,0,0,0,0,0,0,0,0,0,0,0,0,0,0,0,0,0,0,0,0,0,0,0,0,0,0,0
3257,B단호박구이,80.5,45.885,0.95795,0.52325,10.97215,4.025,9.66,0.2898,0,246.1958333,0.02415,0.10948,9.76465,143.451,65.1889,0,0,0,0,1,1,0,0,0,0,0,0,0,0,0,0,0,0,0,0,0,0,0,0,0,0,0,0,0,0,0,0,0,0,0,0,0,0,0,0
3258,B단호박꿀찜,85.1,59.409,0.96715,0.52325,14.63835,4.025,9.706,0.3358,0.276,246.1958333,0.02415,0.10994,9.76465,143.451,65.1889,0,0,0,0,1,1,0,0,0,0,0,0,0,0,0,0,0,0,0,0,0,0,0,0,0,0,0,0,0,0,0,0,0,0,0,0,0,0,0,0
3259,B단호박떡케익,121.9,302.703,4.8254,0.92069,67.33204,2.714,9.246,0.72657,1.449,140.6833333,0.0759,0.117346,5.5798,288.972,44.8408,0,0,0,0,1,1,0,0,0,0,0,0,0,0,0,0,0,0,0,0,0,0,0,0,0,0,0,0,0,0,0,0,0,0,0,0,0,0,0,0
3260,B단호박설기,127.7,285.454,4.24925,0.89252,64.47483,3.22,10.595,0.68195,433.565,175.8541666,0.069,0.15801,6.97475,274.965,52.8885,0,0,0,0,1,1,0,0,0,0,0,0,0,0,0,0,0,0,0,0,0,0,0,0,0,0,0,0,0,0,0,0,0,0,0,0,0,0,0,0
3261,B단호박찜,80.5,45.885,0.95795,0.52325,10.97215,4.025,9.66,0.2898,0,246.1958333,0.02415,0.10948,9.76465,143.451,65.1889,0,0,0,0,1,1,0,0,0,0,0,0,0,0,0,0,0,0,0,0,0,0,0,0,0,0,0,0,0,0,0,0,0,0,0,0,0,0,0,0
3262,B달걀미나리빵,165.6,400.2,11.4011,19.32828,44.96316,3.013,61.295,1.32434,282.141,133.515,0.04071,0.33488,1.61345,8726.28763,763.54549,0,0,0,0,1,1,0,0,0,0,0,0,0,0,0,0,0,0,0,0,0,0,0,0,0,0,0,0,0,0,0,0,0,0,0,0,0,0,0,0
3263,B달걀부추빵,165.6,400.2,11.39765,19.34553,44.84241,1.8055,55.43,2.36279,281.451,108.33,0.08901,0.293825,2.0723,8690.46283,740.12344,0,0,0,0,1,1,0,0,0,0,0,0,0,0,0,0,0,0,0,0,0,0,0,0,0,0,0,0,0,0,0,0,0,0,0,0,0,0,0,0
3264,B달걀토스트,255.8,359.385,15.76435,12.93454,44.11568,3.105,177.7,1.45427,460.943,179.7233333,0.18547,0.636475,1.932,2573.44079,60.65307,0,0,0,0,1,1,0,0,0,0,0,0,0,0,0,0,0,0,0,0,0,0,0,0,0,0,0,0,0,0,0,0,0,0,0,0,0,0,0,0
3265,B당근두부스넥,56,188.759,4.14487,8.19988,23.29805,1.1451,21.088,0.4737,244.305,29.055,0.046815,0.090735,0.18852,5296.6467,70.94997,0,0,0,0,1,1,0,0,0,0,0,0,0,0,0,0,0,0,0,0,0,0,0,0,0,0,0,0,0,0,0,0,0,0,0,0,0,0,0,0
3266,B도너츠,69,293.94,5.037,17.94,28.014,0,19.32,0.759,248.4,8.97,0.0621,0.0759,0,0,0,0,0,0,0,1,1,0,0,0,0,0,0,0,0,0,0,0,0,0,0,0,0,0,0,0,0,0,0,0,0,0,0,0,0,0,0,0,0,0,0
3267,B딸기쨈식빵,92,262.2,6.3457,3.4132,51.5407,2.806,21.85,0.4646,356.27,0.9775,0.13271,0.26404,4.6736,383.8033,39.1391,0,0,0,0,1,1,0,0,0,0,0,0,0,0,0,0,0,0,0,0,0,0,0,0,0,0,0,0,0,0,0,0,0,0,0,0,0,0,0,0
3268,B롤빵,69,218.04,6.969,6.21,33.534,1.38,30.36,0.483,338.1,0.8625,0.069,0.0414,0,759,82.8,0,0,0,0,1,1,0,0,0,0,0,0,0,0,0,0,0,0,0,0,0,0,0,0,0,0,0,0,0,0,0,0,0,0,0,0,0,0,0,0
3269,B마늘빵,69,292.56,6.762,11.868,39.675,2.07,26.91,3.726,385.02,21.2175,0.1242,0.0828,0,0,0,0,0,0,0,1,1,0,0,0,0,0,0,0,0,0,0,0,0,0,0,0,0,0,0,0,0,0,0,0,0,0,0,0,0,0,0,0,0,0,0
3270,B마들렌,69,281.52,3.9054,14.2899,34.2585,0.621,35.88,0.5106,142.83,101.6025,0.04071,0.09867,0,1494.3399,421.3485,0,0,0,0,1,1,0,0,0,0,0,0,0,0,0,0,0,0,0,0,0,0,0,0,0,0,0,0,0,0,0,0,0,0,0,0,0,0,0,0
3271,B맘모스빵,92,356.04,6.6838,10.0579,59.6551,3.082,28.06,0.5405,212.06,15.87,0.04094,0.11569,4.6736,1430.6161,46.9637,0,0,0,0,1,1,0,0,0,0,0,0,0,0,0,0,0,0,0,0,0,0,0,0,0,0,0,0,0,0,0,0,0,0,0,0,0,0,0,0
3272,B머핀,69,162.15,5.313,1.242,31.74,1.863,35.88,0.6141,320.16,0,0.12489,0.10626,0.069,0,0,0,0,0,0,1,1,0,0,0,0,0,0,0,0,0,0,0,0,0,0,0,0,0,0,0,0,0,0,0,0,0,0,0,0,0,0,0,0,0,0
3273,B모닝빵,69,218.04,6.2514,3.3879,40.7031,1.449,22.77,0.4692,179.4,4.37,0,0.09177,0,597.2916,45.5262,0,0,0,0,1,1,0,0,0,0,0,0,0,0,0,0,0,0,0,0,0,0,0,0,0,0,0,0,0,0,0,0,0,0,0,0,0,0,0,0
3274,B모닝빵+딸기잼,80.5,252.885,6.3158,3.40055,49.33385,1.5755,24.725,0.4945,179.515,4.37,0.00805,0.11132,2.3368,601.1303,49.31545,0,0,0,0,1,1,0,0,0,0,0,0,0,0,0,0,0,0,0,0,0,0,0,0,0,0,0,0,0,0,0,0,0,0,0,0,0,0,0,0
3275,B모카빵,69,244.26,5.7339,5.1957,43.6701,0.966,17.94,0.5313,218.04,19.0325,0.03726,0.08073,0,844.8774,54.786,0,0,0,0,1,1,0,0,0,0,0,0,0,0,0,0,0,0,0,0,0,0,0,0,0,0,0,0,0,0,0,0,0,0,0,0,0,0,0,0
3276,B무지개떡,184,421.36,6.44,0.552,97.52,0.368,18.4,2.576,509.68,1.993333333,0.0736,0.0736,0,0,0,0,0,0,0,1,1,0,0,0,0,0,0,0,0,0,0,0,0,0,0,0,0,0,0,0,0,0,0,0,0,0,0,0,0,0,0,0,0,0,0
3277,B무지개떡(40g),92,210.68,3.22,0.276,48.76,0.184,9.2,1.288,254.84,0.996666666,0.0368,0.0368,0,0,0,0,0,0,0,1,1,0,0,0,0,0,0,0,0,0,0,0,0,0,0,0,0,0,0,0,0,0,0,0,0,0,0,0,0,0,0,0,0,0,0
3278,B미니핫도그,80.5,214.935,6.51245,8.49275,28.15085,2.415,76.475,0.68425,365.47,10.33083333,0.05474,0.092575,1.5939,1169.07735,90.40955,0,0,0,0,1,1,0,0,0,0,0,0,0,0,0,0,0,0,0,0,0,0,0,0,0,0,0,0,0,0,0,0,0,0,0,0,0,0,0,0
3279,B바나나핫케이크,200.1,361.813,8.78922,8.11095,62.43166,1.311,135.631,0.70932,461.426,51.8305,0.119899,0.382122,4.55285,1807.99481,22.64557,0,0,0,0,1,1,0,0,0,0,0,0,0,0,0,0,0,0,0,0,0,0,0,0,0,0,0,0,0,0,0,0,0,0,0,0,0,0,0,0
3280,B바람떡,138,285.66,5.934,1.104,62.928,0,23.46,1.656,213.9,0,0.069,0.0552,0,0,0,0,0,0,0,1,1,0,0,0,0,0,0,0,0,0,0,0,0,0,0,0,0,0,0,0,0,0,0,0,0,0,0,0,0,0,0,0,0,0,0
3281,B바람떡(40g),92,190.44,3.956,0.736,41.952,0,15.64,1.104,142.6,0,0.046,0.0368,0,0,0,0,0,0,0,1,1,0,0,0,0,0,0,0,0,0,0,0,0,0,0,0,0,0,0,0,0,0,0,0,0,0,0,0,0,0,0,0,0,0,0
3282,B밤설기,184,419.52,6.624,0.736,96.6,1.104,12.88,2.576,531.76,0,0.0552,0,1.84,0,0,0,0,0,0,1,1,0,0,0,0,0,0,0,0,0,0,0,0,0,0,0,0,0,0,0,0,0,0,0,0,0,0,0,0,0,0,0,0,0,0
3283,B밤설기(40g),92,209.76,3.312,0.368,48.3,0.552,6.44,1.288,265.88,0,0.0276,0,0.92,0,0,0,0,0,0,1,1,0,0,0,0,0,0,0,0,0,0,0,0,0,0,0,0,0,0,0,0,0,0,0,0,0,0,0,0,0,0,0,0,0,0
3284,B밤식빵,92,227.24,6.9713,3.5029,41.9589,3.795,21.62,0.6072,356.27,1.533333334,0.13547,0.23989,3.6754,426.4706,45.5216,0,0,0,0,1,1,0,0,0,0,0,0,0,0,0,0,0,0,0,0,0,0,0,0,0,0,0,0,0,0,0,0,0,0,0,0,0,0,0,0
3285,B백설기,92,209.76,3.312,0.368,48.3,0.552,6.44,1.288,265.88,0,0.0276,0,0.92,0,0,0,0,0,0,1,1,0,0,0,0,0,0,0,0,0,0,0,0,0,0,0,0,0,0,0,0,0,0,0,0,0,0,0,0,0,0,0,0,0,0
3286,B백설기(80g),184,419.52,6.624,0.736,96.6,1.104,12.88,2.576,531.76,0,0.0552,0,1.84,0,0,0,0,0,0,1,1,0,0,0,0,0,0,0,0,0,0,0,0,0,0,0,0,0,0,0,0,0,0,0,0,0,0,0,0,0,0,0,0,0,0
3287,B보리떡(40g),92,288.88,24.472,4.416,53.82,0,394.68,5.888,259.44,100.4333334,5.2992,3.6432,43.24,0,0,0,0,0,0,1,1,0,0,0,0,0,0,0,0,0,0,0,0,0,0,0,0,0,0,0,0,0,0,0,0,0,0,0,0,0,0,0,0,0,0
3288,B샌드위치,92,196.88,7.9672,9.5496,19.826,5.06,71.76,0.5152,489.44,33.58,0.34316,0.09476,6.7252,1747.2088,252.5032,0,0,0,0,1,1,0,0,0,0,0,0,0,0,0,0,0,0,0,0,0,0,0,0,0,0,0,0,0,0,0,0,0,0,0,0,0,0,0,0
3289,B소보로빵,69,286.35,6.555,10.0326,42.3936,2.829,24.15,0.4899,211.83,15.87,0.02484,0.07659,0,1422.9387,39.3852,0,0,0,0,1,1,0,0,0,0,0,0,0,0,0,0,0,0,0,0,0,0,0,0,0,0,0,0,0,0,0,0,0,0,0,0,0,0,0,0
3290,B송편,184,412.16,10.856,5.0416,80.9784,2.024,57.04,1.3064,318.32,0,0.04784,0.06624,0,2306.4584,334.4752,0,0,0,0,1,1,0,0,0,0,0,0,0,0,0,0,0,0,0,0,0,0,0,0,0,0,0,0,0,0,0,0,0,0,0,0,0,0,0,0
3291,B송편(40g),92,206.08,5.428,2.5208,40.4892,1.012,28.52,0.6532,159.16,0,0.02392,0.03312,0,1153.2292,167.2376,0,0,0,0,1,1,0,0,0,0,0,0,0,0,0,0,0,0,0,0,0,0,0,0,0,0,0,0,0,0,0,0,0,0,0,0,0,0,0,0
3292,B수리취떡,184,379.04,8.28,1.472,83.168,0,44.16,3.312,288.88,1.686666667,0.092,0.0736,0,0,0,0,0,0,0,1,1,0,0,0,0,0,0,0,0,0,0,0,0,0,0,0,0,0,0,0,0,0,0,0,0,0,0,0,0,0,0,0,0,0,0
3293,B수리취떡(40g),92,189.52,4.14,0.736,41.584,0,22.08,1.656,144.44,0.843333334,0.046,0.0368,0,0,0,0,0,0,0,1,1,0,0,0,0,0,0,0,0,0,0,0,0,0,0,0,0,0,0,0,0,0,0,0,0,0,0,0,0,0,0,0,0,0,0
3294,B시루떡,92,168.36,5.3636,0.3772,35.8248,2.852,16.56,0.8096,214.36,0.153333334,0.0276,0.02852,0,136.9144,29.6608,0,0,0,0,1,1,0,0,0,0,0,0,0,0,0,0,0,0,0,0,0,0,0,0,0,0,0,0,0,0,0,0,0,0,0,0,0,0,0,0
3295,B식빵+딸기잼,80.5,227.355,6.2813,3.40055,42.90995,2.6795,19.895,0.4393,356.155,0.9775,0.12466,0.24449,2.3368,379.9646,35.34985,0,0,0,0,1,1,0,0,0,0,0,0,0,0,0,0,0,0,0,0,0,0,0,0,0,0,0,0,0,0,0,0,0,0,0,0,0,0,0,0
3296,B식빵토스트,69,192.51,6.2169,3.3879,34.2792,2.553,17.94,0.414,356.04,0.9775,0.11661,0.22494,0,376.1259,31.5606,0,0,0,0,1,1,0,0,0,0,0,0,0,0,0,0,0,0,0,0,0,0,0,0,0,0,0,0,0,0,0,0,0,0,0,0,0,0,0,0
3297,B쑥떡,202.4,402.408,7.4152,0.97152,91.52896,2.9256,38.456,1.81056,405.352,63.67933333,0.021712,0.091632,1.20888,327.38936,46.2392,0,0,0,0,1,1,0,0,0,0,0,0,0,0,0,0,0,0,0,0,0,0,0,0,0,0,0,0,0,0,0,0,0,0,0,0,0,0,0,0
3298,B쑥떡(40g),101.2,201.204,3.7076,0.48576,45.76448,1.4628,19.228,0.90528,202.676,31.83966666,0.010856,0.045816,0.60444,163.69468,23.1196,0,0,0,0,1,1,0,0,0,0,0,0,0,0,0,0,0,0,0,0,0,0,0,0,0,0,0,0,0,0,0,0,0,0,0,0,0,0,0,0
3299,B쑥버무리,90.9,142.577,4.27064,0.437,30.54952,3.8755,67.065,4.79928,405.487,198.9979166,0.04715,0.251298,3.80121,152.31359,114.53908,0,0,0,0,1,1,0,0,0,0,0,0,0,0,0,0,0,0,0,0,0,0,0,0,0,0,0,0,0,0,0,0,0,0,0,0,0,0,0,0
3300,B쑥설기,184,379.04,8.28,1.472,83.168,0,44.16,3.312,288.88,1.686666667,0.092,0.0736,0,0,0,0,0,0,0,1,1,0,0,0,0,0,0,0,0,0,0,0,0,0,0,0,0,0,0,0,0,0,0,0,0,0,0,0,0,0,0,0,0,0,0
3301,B쑥설기(40g),92,189.52,4.14,0.736,41.584,0,22.08,1.656,144.44,0.843333334,0.046,0.0368,0,0,0,0,0,0,0,1,1,0,0,0,0,0,0,0,0,0,0,0,0,0,0,0,0,0,0,0,0,0,0,0,0,0,0,0,0,0,0,0,0,0,0
3302,B씨앗호떡,85.5,348.86,11.4749,11.63419,53.91337,3.3911,24.722,1.17583,99.919,0.110916667,0.436654,0.20045,0.092,5919.01569,36.67023,0,0,0,0,1,1,0,0,0,0,0,0,0,0,0,0,0,0,0,0,0,0,0,0,0,0,0,0,0,0,0,0,0,0,0,0,0,0,0,0
3303,B(우유제외)아몬드사과도넛,157.1,300.127,10.11655,16.0471,31.56934,4.692,103.389,1.7793,282.398,32.34375,0.06141,0.518259,1.0097,4897.91969,26.74302,0,0,0,0,1,1,0,0,0,0,0,0,0,0,0,0,0,0,0,0,0,0,0,0,0,0,0,0,0,0,0,0,0,0,0,0,0,0,0,0
3304,B아몬드사과도넛,157.1,299.552,9.96475,16.0149,31.66479,4.692,114.429,1.70455,271.013,38.66875,0.059225,0.532289,1.10055,4906.40439,27.61702,0,0,0,0,1,1,0,0,0,0,0,0,0,0,0,0,0,0,0,0,0,0,0,0,0,0,0,0,0,0,0,0,0,0,0,0,0,0,0,0
3305,B애플파이,69,324.99,3.795,14.49,44.8362,1.311,7.59,0.2829,142.83,22.54,0.04485,0.04485,3.6225,1786.7412,121.8816,0,0,0,0,1,1,0,0,0,0,0,0,0,0,0,0,0,0,0,0,0,0,0,0,0,0,0,0,0,0,0,0,0,0,0,0,0,0,0,0
3306,B약과,92,388.24,3.496,12.236,65.964,0,4.6,2.392,31.28,0,0.0552,0.0828,0,0,0,0,0,0,0,1,1,0,0,0,0,0,0,0,0,0,0,0,0,0,0,0,0,0,0,0,0,0,0,0,0,0,0,0,0,0,0,0,0,0,0
3307,B약식,92,224.48,3.404,2.024,48.116,1.564,10.12,2.576,265.88,0,0.0828,0.0736,0,0,0,0,0,0,0,1,1,0,0,0,0,0,0,0,0,0,0,0,0,0,0,0,0,0,0,0,0,0,0,0,0,0,0,0,0,0,0,0,0,0,0
3308,B오색롤샌드위치,135.7,329.153,10.01489,14.57924,39.57035,2.9509,120.451,0.67505,607.246,16.93183333,0.133124,0.290053,24.3133,4925.02243,723.90752,0,0,0,0,1,1,0,0,0,0,0,0,0,0,0,0,0,0,0,0,0,0,0,0,0,0,0,0,0,0,0,0,0,0,0,0,0,0,0,0
3309,B오이달걀샐러드빵,161,355.12,11.19755,14.65215,44.4797,2.047,51.98,1.25465,281.405,107.5825,0.0345,0.277955,4.22855,5498.38,726.06975,0,0,0,0,1,1,0,0,0,0,0,0,0,0,0,0,0,0,0,0,0,0,0,0,0,0,0,0,0,0,0,0,0,0,0,0,0,0,0,0
3310,B인절미,92,212.52,5.0784,1.058,45.7148,1.932,11.04,0.3036,310.04,0,0.0368,0.0276,0,514.6664,70.8492,0,0,0,0,1,1,0,0,0,0,0,0,0,0,0,0,0,0,0,0,0,0,0,0,0,0,0,0,0,0,0,0,0,0,0,0,0,0,0,0
3311,B잼샌드위치,80.5,227.355,6.2813,3.40055,42.90995,2.6795,19.895,0.4393,356.155,0.9775,0.12466,0.24449,2.3368,379.9646,35.34985,0,0,0,0,1,1,0,0,0,0,0,0,0,0,0,0,0,0,0,0,0,0,0,0,0,0,0,0,0,0,0,0,0,0,0,0,0,0,0,0
3312,B절편,184,395.6,6.7896,0.9016,90.2336,1.84,18.4,0.3128,404.8,0,0.01656,0.02208,0,313.1128,11.4816,0,0,0,0,1,1,0,0,0,0,0,0,0,0,0,0,0,0,0,0,0,0,0,0,0,0,0,0,0,0,0,0,0,0,0,0,0,0,0,0
3313,B절편(40g),92,197.8,3.3948,0.4508,45.1168,0.92,9.2,0.1564,202.4,0,0.00828,0.01104,0,156.5564,5.7408,0,0,0,0,1,1,0,0,0,0,0,0,0,0,0,0,0,0,0,0,0,0,0,0,0,0,0,0,0,0,0,0,0,0,0,0,0,0,0,0
3314,B증편,184,364.32,5.5016,1.0488,83.2232,2.944,14.72,0.1288,531.76,0,0,0.05704,0,412.5832,20.976,0,0,0,0,1,1,0,0,0,0,0,0,0,0,0,0,0,0,0,0,0,0,0,0,0,0,0,0,0,0,0,0,0,0,0,0,0,0,0,0
3315,B증편(40g),92,182.16,2.7508,0.5244,41.6116,1.472,7.36,0.0644,265.88,0,0,0.02852,0,206.2916,10.488,0,0,0,0,1,1,0,0,0,0,0,0,0,0,0,0,0,0,0,0,0,0,0,0,0,0,0,0,0,0,0,0,0,0,0,0,0,0,0,0
3316,B찹쌀도너츠,69,204.24,3.45,3.657,39.399,2.001,178.02,3.795,239.43,0.9775,0.1035,0.0276,0,0,0,0,0,0,0,1,1,0,0,0,0,0,0,0,0,0,0,0,0,0,0,0,0,0,0,0,0,0,0,0,0,0,0,0,0,0,0,0,0,0,0
3317,B채소찐빵,69,159.39,5.589,3.795,25.737,0,37.26,0.621,282.21,0,0.0552,0.0276,0,0,0,0,0,0,0,1,1,0,0,0,0,0,0,0,0,0,0,0,0,0,0,0,0,0,0,0,0,0,0,0,0,0,0,0,0,0,0,0,0,0,0
3318,B치즈머핀,69,204.24,4.761,7.866,28.566,1.863,138,1.6491,322.23,26.91,0.19596,0.20769,0.207,0,0,0,0,0,0,1,1,0,0,0,0,0,0,0,0,0,0,0,0,0,0,0,0,0,0,0,0,0,0,0,0,0,0,0,0,0,0,0,0,0,0
3319,B치즈빵,69,258.06,5.52,15.111,25.668,0.69,24.15,1.242,287.73,23.92,0.1311,0.1794,0.069,0,0,0,0,0,0,1,1,0,0,0,0,0,0,0,0,0,0,0,0,0,0,0,0,0,0,0,0,0,0,0,0,0,0,0,0,0,0,0,0,0,0
3320,B크로와상,138,618.24,10.902,36.984,60.582,2.484,28.98,0.828,648.6,7.59,0.1104,0.0414,0,4002,303.6,0,0,0,0,1,1,0,0,0,0,0,0,0,0,0,0,0,0,0,0,0,0,0,0,0,0,0,0,0,0,0,0,0,0,0,0,0,0,0,0
3321,B크로와상(30g),69,309.12,5.451,18.492,30.291,1.242,14.49,0.414,324.3,3.795,0.0552,0.0207,0,2001,151.8,0,0,0,0,1,1,0,0,0,0,0,0,0,0,0,0,0,0,0,0,0,0,0,0,0,0,0,0,0,0,0,0,0,0,0,0,0,0,0,0
3322,B크로와상샌드위치,161,425.04,10.35575,26.67195,35.88,2.967,110.17,1.7503,614.79,161.7666667,0.39606,0.22885,5.1566,4558.19405,687.75175,0,0,0,0,1,1,0,0,0,0,0,0,0,0,0,0,0,0,0,0,0,0,0,0,0,0,0,0,0,0,0,0,0,0,0,0,0,0,0,0
3323,B크루통,34.7,170.669,2.12556,12.64026,11.52768,0.9044,8.26,0.18208,120.389,1.19825,0.039262,0.079746,0.25,1069.4177,96.02935,0,0,0,0,1,1,0,0,0,0,0,0,0,0,0,0,0,0,0,0,0,0,0,0,0,0,0,0,0,0,0,0,0,0,0,0,0,0,0,0
3324,B토스트,69,192.51,6.2169,3.3879,34.2792,2.553,17.94,0.414,356.04,0.9775,0.11661,0.22494,0,376.1259,31.5606,0,0,0,0,1,1,0,0,0,0,0,0,0,0,0,0,0,0,0,0,0,0,0,0,0,0,0,0,0,0,0,0,0,0,0,0,0,0,0,0
3325,B프렌치토스트,333.5,460.805,16.22995,22.1536,47.99065,2.553,291.64,0.94645,470.12,219.0079167,0.18285,0.7107,1.817,972.69645,74.7316,0,0,0,0,1,1,0,0,0,0,0,0,0,0,0,0,0,0,0,0,0,0,0,0,0,0,0,0,0,0,0,0,0,0,0,0,0,0,0,0
3326,B피자빵,138,321.54,15.594,10.074,41.952,0,179.4,3.174,804.54,0,0.3726,0.3036,2.76,0,0,0,0,0,0,1,1,0,0,0,0,0,0,0,0,0,0,0,0,0,0,0,0,0,0,0,0,0,0,0,0,0,0,0,0,0,0,0,0,0,0
3327,B핫케이크,170.3,531.253,12.29972,11.55296,89.78313,0,165.281,0.7918,880.368,42.503,0.147239,0.482027,0.27255,2645.70942,19.28925,0,0,0,0,1,1,0,0,0,0,0,0,0,0,0,0,0,0,0,0,0,0,0,0,0,0,0,0,0,0,0,0,0,0,0,0,0,0,0,0
3328,B호떡,78.6,320.915,9.1634,9.75647,51.93583,2.5976,15.407,0.76597,71.215,0.024666667,0.238854,0.1717,0.092,5893.92407,42.72337,0,0,0,0,1,1,0,0,0,0,0,0,0,0,0,0,0,0,0,0,0,0,0,0,0,0,0,0,0,0,0,0,0,0,0,0,0,0,0,0
3329,B흑임자떡,92,188.6,3.22,0,43.976,0,7.36,1.196,207.92,1.073333334,0.046,0.0184,0,0,0,0,0,0,0,1,1,0,0,0,0,0,0,0,0,0,0,0,0,0,0,0,0,0,0,0,0,0,0,0,0,0,0,0,0,0,0,0,0,0,0
3330,B(저당)씨리얼,92,362.48,6.256,2.5668,78.5036,3.036,10.12,8.2524,506.92,927.36,1.48672,3.13168,142.8484,897.5336,37.3152,0,0,0,0,1,1,0,0,0,0,0,0,0,0,0,0,0,0,0,0,0,0,0,0,0,0,0,0,0,0,0,0,0,0,0,0,0,0,0,0
3331,B쌀씨리얼,92,358.8,6.118,1.5456,80.0308,1.748,238.28,17.25,575,1111.36,3.15284,1.28524,156.3632,790.5008,42.2004,0,0,0,0,1,1,0,0,0,0,0,0,0,0,0,0,0,0,0,0,0,0,0,0,0,0,0,0,0,0,0,0,0,0,0,0,0,0,0,0
3332,B씨리얼,92,347.76,4.7012,0.5428,81.006,2.3,2.76,8.2432,399.28,2236.52,4.66348,2.4472,185.1592,250.2584,16.7624,0,0,0,0,1,1,0,0,0,0,0,0,0,0,0,0,0,0,0,0,0,0,0,0,0,0,0,0,0,0,0,0,0,0,0,0,0,0,0,0
3333,B옥수수씨리얼,92,347.76,4.7012,0.5428,81.006,2.3,2.76,8.2432,399.28,2236.52,4.66348,2.4472,185.1592,250.2584,16.7624,0,0,0,0,1,1,0,0,0,0,0,0,0,0,0,0,0,0,0,0,0,0,0,0,0,0,0,0,0,0,0,0,0,0,0,0,0,0,0,0
3334,B군만두,121.9,302.68,10.787,14.46217,31.95919,6.67,74.75,3.57121,300.219,11.97916667,0.5152,0.08165,0,6027.14057,106.82971,0,0,0,0,1,1,0,0,0,0,0,0,0,0,0,0,0,0,0,0,0,0,0,0,0,0,0,0,0,0,0,0,0,0,0,0,0,0,0,0
3335,B김가루주먹밥,68,257.678,5.07564,4.87076,47.33296,0.0048,18.11,1.44868,527.326,65.85883333,0.17503,0.12145,3.29424,1914.59106,24.56722,0,0,0,0,1,1,0,0,0,0,0,0,0,0,0,0,0,0,0,0,0,0,0,0,0,0,0,0,0,0,0,0,0,0,0,0,0,0,0,0
3336,B김치볶음밥,101.9,246.25,4.21573,3.10147,48.11222,0.3312,23.363,1.06044,60.731,37.36325,0.159058,0.032967,2.7301,1812.48942,11.48326,0,0,0,0,1,1,0,0,0,0,0,0,0,0,0,0,0,0,0,0,0,0,0,0,0,0,0,0,0,0,0,0,0,0,0,0,0,0,0,0
3337,B꼬마김밥(달걀제외),130.7,294.494,6.03656,7.32198,50.51619,1.0511,35.759,2.13563,406.095,226.7055,0.212453,0.212845,20.71522,3532.19533,36.70777,0,0,0,0,1,1,0,0,0,0,0,0,0,0,0,0,0,0,0,0,0,0,0,0,0,0,0,0,0,0,0,0,0,0,0,0,0,0,0,0
3338,B(우유제외)냉콩국+소면,299,328.44,17.9814,8.1098,44.1853,8.257,93.84,2.7899,235.75,15.065,0.17871,0.16215,6.0467,2028.393,296.8955,0,0,0,0,1,1,0,0,0,0,0,0,0,0,0,0,0,0,0,0,0,0,0,0,0,0,0,0,0,0,0,0,0,0,0,0,0,0,0,0
3339,B냉콩국+소면,299,322.69,16.4634,7.7878,45.1398,8.257,204.24,2.0424,121.9,78.315,0.15686,0.30245,6.9552,2113.24,305.6355,0,0,0,0,1,1,0,0,0,0,0,0,0,0,0,0,0,0,0,0,0,0,0,0,0,0,0,0,0,0,0,0,0,0,0,0,0,0,0,0
3340,B다진유부주먹밥,127.8,441.384,11.49246,19.98281,51.20676,0.7134,143.148,2.61173,557.295,27.54183334,0.15643,0.101151,1.54412,4438.79713,44.88489,0,0,0,0,1,1,0,0,0,0,0,0,0,0,0,0,0,0,0,0,0,0,0,0,0,0,0,0,0,0,0,0,0,0,0,0,0,0,0,0
3341,B단호박전,108.6,208.61,4.2021,5.38338,35.45956,4.3125,19.52,0.45364,439.201,211.025,0.04899,0.39813,8.37315,3503.16243,84.22324,0,0,0,0,1,1,0,0,0,0,0,0,0,0,0,0,0,0,0,0,0,0,0,0,0,0,0,0,0,0,0,0,0,0,0,0,0,0,0,0
3342,B단호박튀김,110.4,229.425,3.312,7.61967,36.45684,4.209,33.12,0.56166,302.289,211.025,0.06486,0.11523,8.3697,5064.00867,89.91666,0,0,0,0,1,1,0,0,0,0,0,0,0,0,0,0,0,0,0,0,0,0,0,0,0,0,0,0,0,0,0,0,0,0,0,0,0,0,0,0
3343,B달걀볶음밥,139.9,297.705,8.70781,5.61658,50.52985,0.8055,31.348,1.61285,164.531,100.08425,0.175378,0.227179,2.60102,2197.40755,20.35022,0,0,0,0,1,1,0,0,0,0,0,0,0,0,0,0,0,0,0,0,0,0,0,0,0,0,0,0,0,0,0,0,0,0,0,0,0,0,0,0
3344,B달걀채소볶음밥,137.6,294.37,8.67952,5.62946,49.70162,0.3156,28.036,1.80352,162.162,54.20116667,0.174987,0.242957,41.75507,2192.24635,23.93983,0,0,0,0,1,1,0,0,0,0,0,0,0,0,0,0,0,0,0,0,0,0,0,0,0,0,0,0,0,0,0,0,0,0,0,0,0,0,0,0
3345,B닭가지볶음밥,183.7,310.61,13.0785,4.63387,51.86647,1.8746,22.658,1.27658,246.849,84.79108334,0.233844,0.185436,3.07748,2715.83165,19.11948,0,0,0,0,1,1,0,0,0,0,0,0,0,0,0,0,0,0,0,0,0,0,0,0,0,0,0,0,0,0,0,0,0,0,0,0,0,0,0,0
3346,B닭고기주먹밥,130.2,317.91,11.91843,7.4809,47.76169,0.8809,14.451,1.07709,428.487,90.18200001,0.210808,0.049798,3.03048,3586.80147,37.14684,0,0,0,0,1,1,0,0,0,0,0,0,0,0,0,0,0,0,0,0,0,0,0,0,0,0,0,0,0,0,0,0,0,0,0,0,0,0,0,0
3347,B도토리묵무침,172.5,67.091,1.7641,0.44459,14.77704,2.1965,33.419,0.98555,279.082,82.08316667,0.043815,0.205298,5.53449,136.48568,13.61508,0,0,0,0,1,1,0,0,0,0,0,0,0,0,0,0,0,0,0,0,0,0,0,0,0,0,0,0,0,0,0,0,0,0,0,0,0,0,0,0
3348,B도토리묵밥,285.4,161.989,4.33154,4.28018,26.57954,0.3388,132.828,2.02705,362.221,59.18833334,0.065839,0.11769,4.84669,1466.23862,20.93794,0,0,0,0,1,1,0,0,0,0,0,0,0,0,0,0,0,0,0,0,0,0,0,0,0,0,0,0,0,0,0,0,0,0,0,0,0,0,0,0
3349,B들깨수제비,97.8,265.915,10.40849,2.34793,49.40253,3.8083,148.741,1.53015,274.701,12.50091667,0.125653,0.055522,2.54771,508.66456,899.67518,0,0,0,0,1,1,0,0,0,0,0,0,0,0,0,0,0,0,0,0,0,0,0,0,0,0,0,0,0,0,0,0,0,0,0,0,0,0,0,0
3350,B떡국,80.3,164.366,5.45032,0.52484,34.4326,0.5226,105.036,0.7568,516.447,0.052666667,0.012906,0.019622,0.64832,87.02558,4.11194,0,0,0,0,1,1,0,0,0,0,0,0,0,0,0,0,0,0,0,0,0,0,0,0,0,0,0,0,0,0,0,0,0,0,0,0,0,0,0,0
3351,B멸치주먹밥,118.7,332.975,13.86998,8.20195,47.83529,0.8809,155.671,1.18979,1021.542,86.73200001,0.145833,0.053248,3.03048,3538.89937,45.45674,0,0,0,0,1,1,0,0,0,0,0,0,0,0,0,0,0,0,0,0,0,0,0,0,0,0,0,0,0,0,0,0,0,0,0,0,0,0,0,0
3352,B물만두,115,239.2,10.787,7.567,31.9585,6.67,74.75,3.565,300.15,11.97916667,0.5152,0.08165,0,1234.778,82.225,0,0,0,0,1,1,0,0,0,0,0,0,0,0,0,0,0,0,0,0,0,0,0,0,0,0,0,0,0,0,0,0,0,0,0,0,0,0,0,0
3353,B밥새우주먹밥,107.8,301.76,14.18784,4.54334,48.13831,0.4416,758.538,3.84028,954.176,43.94491667,0.172214,0.038606,15.7228,1981.28408,13.82332,0,0,0,0,1,1,0,0,0,0,0,0,0,0,0,0,0,0,0,0,0,0,0,0,0,0,0,0,0,0,0,0,0,0,0,0,0,0,0,0
3354,B(우유제외)버터감자구이,190.9,172.546,3.7122,5.06989,28.57934,4.968,17.94,1.0672,22.264,6.45725,0.1104,0.05037,19.3384,299.44275,36.2779,0,0,0,0,1,1,0,0,0,0,0,0,0,0,0,0,0,0,0,0,0,0,0,0,0,0,0,0,0,0,0,0,0,0,0,0,0,0,0,0
3355,B버터감자구이,190.9,175.789,3.73911,5.73436,27.87209,4.968,17.664,1.06927,2.53,36.15025,0.1104,0.052854,19.3384,121.03911,15.4606,0,0,0,0,1,1,0,0,0,0,0,0,0,0,0,0,0,0,0,0,0,0,0,0,0,0,0,0,0,0,0,0,0,0,0,0,0,0,0,0
3356,B부추전,97.1,196.236,5.48803,5.8788,28.83188,1.2719,28.329,1.39296,457.026,49.37716667,0.087998,0.385848,2.26803,3513.80016,31.78554,0,0,0,0,1,1,0,0,0,0,0,0,0,0,0,0,0,0,0,0,0,0,0,0,0,0,0,0,0,0,0,0,0,0,0,0,0,0,0,0
3357,B삶은감자,184,141.68,3.8088,0.1472,31.9976,2.944,14.72,1.196,1.84,1.226666667,0.0736,0.04048,18.2528,69.1104,15.9344,0,0,0,0,1,1,0,0,0,0,0,0,0,0,0,0,0,0,0,0,0,0,0,0,0,0,0,0,0,0,0,0,0,0,0,0,0,0,0,0
3358,B삶은고구마,207,349.83,2.2149,0.3105,84.7044,8.694,35.19,0.8694,14.49,6.382499999,0.1242,0.05175,31.7952,146.7423,21.1554,0,0,0,0,1,1,0,0,0,0,0,0,0,0,0,0,0,0,0,0,0,0,0,0,0,0,0,0,0,0,0,0,0,0,0,0,0,0,0,0
3359,B새우볶음밥,142,314.602,13.57966,5.93003,48.71528,0.3933,47.158,2.20978,346.587,78.15858334,0.154951,0.21563,1.9573,2849.94826,20.5123,0,0,0,0,1,1,0,0,0,0,0,0,0,0,0,0,0,0,0,0,0,0,0,0,0,0,0,0,0,0,0,0,0,0,0,0,0,0,0,0
3360,B새우주먹밥,108.2,352.719,23.0512,5.98542,48.07446,0.453,1417.621,6.21277,1450.144,53.07558334,0.18887,0.064975,0.3473,2198.09289,16.48976,0,0,0,0,1,1,0,0,0,0,0,0,0,0,0,0,0,0,0,0,0,0,0,0,0,0,0,0,0,0,0,0,0,0,0,0,0,0,0,0
3361,B새우채소볶음밥,128.4,281.812,11.42411,3.37523,48.84602,0.6284,38.248,1.88034,321.759,53.12975,0.14488,0.131591,2.01682,1817.8075,11.89082,0,0,0,0,1,1,0,0,0,0,0,0,0,0,0,0,0,0,0,0,0,0,0,0,0,0,0,0,0,0,0,0,0,0,0,0,0,0,0,0
3362,B새우채소전,113.2,221.743,10.99032,6.05222,28.79186,1.61,36.954,0.73608,491.273,68.54,0.055085,0.376165,1.70315,3544.62568,33.86014,0,0,0,0,1,1,0,0,0,0,0,0,0,0,0,0,0,0,0,0,0,0,0,0,0,0,0,0,0,0,0,0,0,0,0,0,0,0,0,0
3363,B새우크림소스볶음,205,274.981,15.25504,19.75931,7.68695,0.2599,165.331,1.81631,598.978,145.4855833,0.035364,0.246448,30.75583,780.07527,86.11283,0,0,0,0,1,1,0,0,0,0,0,0,0,0,0,0,0,0,0,0,0,0,0,0,0,0,0,0,0,0,0,0,0,0,0,0,0,0,0,0
3364,B(우유제외)새우크림소스볶음,187.7,208.683,16.03244,12.19406,7.59725,0.2599,65.511,2.39131,717.482,15.79616667,0.048244,0.114658,30.02903,479.81404,58.19115,0,0,0,0,1,1,0,0,0,0,0,0,0,0,0,0,0,0,0,0,0,0,0,0,0,0,0,0,0,0,0,0,0,0,0,0,0,0,0,0
3365,B새우튀김,101.6,190.007,15.48021,8.37606,11.19836,0.4761,60.304,1.32211,186.403,15.662,0.040033,0.100467,3.52866,4999.10796,31.96379,0,0,0,0,1,1,0,0,0,0,0,0,0,0,0,0,0,0,0,0,0,0,0,0,0,0,0,0,0,0,0,0,0,0,0,0,0,0,0,0
3366,B소고기볶음밥,133,318.957,9.54409,8.20477,49.3534,0.8055,14.788,1.52177,134.516,56.47625,0.150952,0.132994,2.8577,1896.74074,16.18538,0,0,0,0,1,1,0,0,0,0,0,0,0,0,0,0,0,0,0,0,0,0,0,0,0,0,0,0,0,0,0,0,0,0,0,0,0,0,0,0
3367,B소고기주먹밥,123.3,349.167,9.12186,12.27709,47.76169,0.8809,14.451,1.51041,428.142,90.04400001,0.143257,0.098788,3.28716,3605.62881,38.8953,0,0,0,0,1,1,0,0,0,0,0,0,0,0,0,0,0,0,0,0,0,0,0,0,0,0,0,0,0,0,0,0,0,0,0,0,0,0,0,0
3368,B소고기파프리카볶음밥,135.3,316.542,9.55973,8.22294,48.74183,0.3524,11.89,1.75085,132.285,11.59558333,0.152263,0.152406,47.848,1892.77784,20.44912,0,0,0,0,1,1,0,0,0,0,0,0,0,0,0,0,0,0,0,0,0,0,0,0,0,0,0,0,0,0,0,0,0,0,0,0,0,0,0,0
3369,B수제감자피자,242.4,280.328,14.1814,12.92523,27.25627,4.3815,251.588,1.25733,517.734,22.42783333,0.169431,0.240606,29.30453,3733.93523,76.76664,0,0,0,0,1,1,0,0,0,0,0,0,0,0,0,0,0,0,0,0,0,0,0,0,0,0,0,0,0,0,0,0,0,0,0,0,0,0,0,0
3370,B수제비,172.5,465.658,15.33341,1.45199,92.84203,4.3815,123.809,1.59735,104.581,55.99925,0.214498,0.056764,3.35041,645.12332,47.1799,0,0,0,0,1,1,0,0,0,0,0,0,0,0,0,0,0,0,0,0,0,0,0,0,0,0,0,0,0,0,0,0,0,0,0,0,0,0,0,0
3371,B시금치견과류주먹밥,92.2,291.809,6.31765,7.46352,48.64551,0.8595,34.741,1.62757,252.629,55.39558334,0.16386,0.15653,13.8,3226.09959,17.50906,0,0,0,0,1,1,0,0,0,0,0,0,0,0,0,0,0,0,0,0,0,0,0,0,0,0,0,0,0,0,0,0,0,0,0,0,0,0,0,0
3372,B시금치스프레드식빵피자,219.4,408.254,18.2685,16.18847,47.54963,3.5765,258.672,1.68007,906.043,99.98766668,0.228978,0.501886,51.95033,4132.29477,112.30555,0,0,0,0,1,1,0,0,0,0,0,0,0,0,0,0,0,0,0,0,0,0,0,0,0,0,0,0,0,0,0,0,0,0,0,0,0,0,0,0
3373,B쑥채소전,133.9,223.721,7.95915,6.76798,32.01807,3.6731,49.374,2.72673,203.543,184.9123333,0.115667,0.246399,3.10408,3675.27166,78.64505,0,0,0,0,1,1,0,0,0,0,0,0,0,0,0,0,0,0,0,0,0,0,0,0,0,0,0,0,0,0,0,0,0,0,0,0,0,0,0,0
3374,B안매운김치볶음밥,124.2,248.722,3.75498,7.15622,40.56901,1.0741,27.209,0.93771,60.651,62.59258334,0.144187,0.048484,3.61146,4167.80723,37.82189,0,0,0,0,1,1,0,0,0,0,0,0,0,0,0,0,0,0,0,0,0,0,0,0,0,0,0,0,0,0,0,0,0,0,0,0,0,0,0,0
3375,B양념꼬치어묵,54.8,98.612,7.02451,1.8681,13.63817,0.6626,116.888,0.83808,736.619,15.2365,0.012822,0.056245,0.98178,746.14092,85.62003,0,0,0,0,1,1,0,0,0,0,0,0,0,0,0,0,0,0,0,0,0,0,0,0,0,0,0,0,0,0,0,0,0,0,0,0,0,0,0,0
3376,B양배추치즈전,155,269.051,12.2539,9.53618,33.32506,3.036,156.01,1.30469,603.808,52.90958333,0.09641,0.578805,6.75855,3838.67583,79.86099,0,0,0,0,1,1,0,0,0,0,0,0,0,0,0,0,0,0,0,0,0,0,0,0,0,0,0,0,0,0,0,0,0,0,0,0,0,0,0,0
3377,B어묵탕,73.6,78.911,7.18604,1.85119,8.58854,0.4857,129.493,0.97645,719.719,32.85258333,0.019962,0.048954,2.88374,721.45848,93.771,0,0,0,0,1,1,0,0,0,0,0,0,0,0,0,0,0,0,0,0,0,0,0,0,0,0,0,0,0,0,0,0,0,0,0,0,0,0,0,0
3378,B연근강정,99.1,208.028,2.36604,7.04675,33.11235,2.3986,20.279,0.56054,197.298,2.645,0.063693,0.122521,16.96391,4867.66005,31.01941,0,0,0,0,1,1,0,0,0,0,0,0,0,0,0,0,0,0,0,0,0,0,0,0,0,0,0,0,0,0,0,0,0,0,0,0,0,0,0,0
3379,B연근어묵,66.3,107.237,7.21196,1.87615,15.62537,1.0421,120.108,0.93008,739.034,15.2365,0.022827,0.070505,4.24203,750.04287,86.31233,0,0,0,0,1,1,0,0,0,0,0,0,0,0,0,0,0,0,0,0,0,0,0,0,0,0,0,0,0,0,0,0,0,0,0,0,0,0,0,0
3380,B연근전,85.6,203.78,4.1308,4.96708,34.00366,2.3805,24.12,0.57324,448.861,0,0.06831,0.36133,13.04445,3395.81223,31.11624,0,0,0,0,1,1,0,0,0,0,0,0,0,0,0,0,0,0,0,0,0,0,0,0,0,0,0,0,0,0,0,0,0,0,0,0,0,0,0,0
3381,B연근튀김,87.4,224.595,3.2407,7.20337,35.00094,2.277,37.72,0.68126,311.949,0,0.08418,0.07843,13.041,4956.65847,36.80966,0,0,0,0,1,1,0,0,0,0,0,0,0,0,0,0,0,0,0,0,0,0,0,0,0,0,0,0,0,0,0,0,0,0,0,0,0,0,0,0
3382,B연두부,161,99.82,6.762,4.508,7.567,0,61.18,1.932,8.05,0,0.2254,0.0322,0,0,0,0,0,0,0,1,1,0,0,0,0,0,0,0,0,0,0,0,0,0,0,0,0,0,0,0,0,0,0,0,0,0,0,0,0,0,0,0,0,0,0
3383,B영양주먹밥,123.1,258.75,4.45188,8.38459,40.98129,1.7526,17.756,1.08323,10.201,88.82216667,0.15571,0.118726,6.02439,4372.7928,49.93523,0,0,0,0,1,1,0,0,0,0,0,0,0,0,0,0,0,0,0,0,0,0,0,0,0,0,0,0,0,0,0,0,0,0,0,0,0,0,0,0
3384,B(우유제외)옥수수버터구이,121.9,201.066,7.6038,6.60629,30.04214,0,25.53,2.645,21.574,10.48225,0.092,0.08119,0,283.48995,32.8923,0,0,0,0,1,1,0,0,0,0,0,0,0,0,0,0,0,0,0,0,0,0,0,0,0,0,0,0,0,0,0,0,0,0,0,0,0,0,0,0
3385,B옥수수버터구이,121.9,204.309,7.63071,7.27076,29.33489,0,25.254,2.64707,1.84,40.17525,0.092,0.083674,0,105.08631,12.075,0,0,0,0,1,1,0,0,0,0,0,0,0,0,0,0,0,0,0,0,0,0,0,0,0,0,0,0,0,0,0,0,0,0,0,0,0,0,0,0
3386,B옥수수빵,138,442.98,10.212,14.076,67.758,3.312,103.5,2.6772,1097.1,49.68,0.34362,0.38088,0.138,0,0,0,0,0,0,1,1,0,0,0,0,0,0,0,0,0,0,0,0,0,0,0,0,0,0,0,0,0,0,0,0,0,0,0,0,0,0,0,0,0,0
3387,B옥수수전,131.6,298.54,9.6232,7.45798,47.12516,0.8625,37.69,2.13724,470.021,34.27,0.21873,0.48806,0.00345,3631.93713,33.91304,0,0,0,0,1,1,0,0,0,0,0,0,0,0,0,0,0,0,0,0,0,0,0,0,0,0,0,0,0,0,0,0,0,0,0,0,0,0,0,0
3388,B온도토리묵국,267,158.24,4.12086,4.26891,25.74372,0.0444,129.102,1.98473,360.289,26.88675,0.063056,0.109502,3.34456,1459.56839,19.60969,0,0,0,0,1,1,0,0,0,0,0,0,0,0,0,0,0,0,0,0,0,0,0,0,0,0,0,0,0,0,0,0,0,0,0,0,0,0,0,0
3389,B온도토리묵밥,278.5,159.85,4.26116,4.27121,26.09447,0.1249,131.172,2.00773,360.634,27.47133333,0.063286,0.113412,4.63831,1460.51024,20.39284,0,0,0,0,1,1,0,0,0,0,0,0,0,0,0,0,0,0,0,0,0,0,0,0,0,0,0,0,0,0,0,0,0,0,0,0,0,0,0,0
3390,B완자전,124.4,185.656,11.93424,9.223,12.61067,1.3915,28.922,1.26264,109.491,77.00975,0.245548,0.155319,2.66685,4150.83622,88.63924,0,0,0,0,1,1,0,0,0,0,0,0,0,0,0,0,0,0,0,0,0,0,0,0,0,0,0,0,0,0,0,0,0,0,0,0,0,0,0,0
3391,B우엉주먹밥,127.4,265.822,5.15403,2.77509,53.146,2.2728,27.162,1.14558,188.515,85.35675001,0.14733,0.10364,2.11918,1706.71357,13.99736,0,0,0,0,1,1,0,0,0,0,0,0,0,0,0,0,0,0,0,0,0,0,0,0,0,0,0,0,0,0,0,0,0,0,0,0,0,0,0,0
3392,B우엉채소볶음밥,141.2,291.674,5.24373,5.08774,54.3328,2.5051,29.002,1.20745,189.527,84.83350001,0.15446,0.103594,2.41335,3306.42751,21.59242,0,0,0,0,1,1,0,0,0,0,0,0,0,0,0,0,0,0,0,0,0,0,0,0,0,0,0,0,0,0,0,0,0,0,0,0,0,0,0,0
3393,B(우유제외)웨지감자구이,173,189.98,3.2591,8.39155,25.6657,4.347,16.99,0.9348,203.635,10.76208333,0.0966,0.04462,16.9211,486.44195,57.7829,0,0,0,0,1,1,0,0,0,0,0,0,0,0,0,0,0,0,0,0,0,0,0,0,0,0,0,0,0,0,0,0,0,0,0,0,0,0,0,0
3394,B웨지감자구이,173,195.385,3.30395,9.499,24.48695,4.347,16.53,0.93825,170.745,60.25041667,0.0966,0.04876,16.9211,189.10255,23.0874,0,0,0,0,1,1,0,0,0,0,0,0,0,0,0,0,0,0,0,0,0,0,0,0,0,0,0,0,0,0,0,0,0,0,0,0,0,0,0,0
3395,B유부초밥,127.8,442.304,11.45566,19.98511,51.47241,0.9434,142.688,2.64623,557.065,28.85475,0.157695,0.101841,2.72517,4439.24448,44.59049,0,0,0,0,1,1,0,0,0,0,0,0,0,0,0,0,0,0,0,0,0,0,0,0,0,0,0,0,0,0,0,0,0,0,0,0,0,0,0,0
3396,B주꾸미미나리볶음밥,172.8,304.16,9.85252,4.04424,54.95562,1.4679,29.086,1.67533,229.76,67.87966667,0.170157,0.220182,2.7013,2464.26317,26.10171,0,0,0,0,1,1,0,0,0,0,0,0,0,0,0,0,0,0,0,0,0,0,0,0,0,0,0,0,0,0,0,0,0,0,0,0,0,0,0,0
3397,B주먹밥,73.5,241.423,4.70228,2.89236,46.94457,0.2097,12.518,0.99035,75.713,23.65591667,0.143709,0.078158,1.03254,1010.31643,13.78067,0,0,0,0,1,1,0,0,0,0,0,0,0,0,0,0,0,0,0,0,0,0,0,0,0,0,0,0,0,0,0,0,0,0,0,0,0,0,0,0
3398,B찐감자,184,147.2,3.8824,0.1656,33.4328,2.944,18.4,0.8832,3.68,1.38,0.0644,0.02944,22.0064,82.3216,19.6328,0,0,0,0,1,1,0,0,0,0,0,0,0,0,0,0,0,0,0,0,0,0,0,0,0,0,0,0,0,0,0,0,0,0,0,0,0,0,0,0
3399,B찐고구마,230,388.7,2.461,0.345,94.116,9.66,39.1,0.966,16.1,7.091666666,0.138,0.0575,35.328,163.047,23.506,0,0,0,0,1,1,0,0,0,0,0,0,0,0,0,0,0,0,0,0,0,0,0,0,0,0,0,0,0,0,0,0,0,0,0,0,0,0,0,0
3400,B찐고구마(80g),184,310.96,1.9688,0.276,75.2928,7.728,31.28,0.7728,12.88,5.673333333,0.1104,0.046,28.2624,130.4376,18.8048,0,0,0,0,1,1,0,0,0,0,0,0,0,0,0,0,0,0,0,0,0,0,0,0,0,0,0,0,0,0,0,0,0,0,0,0,0,0,0,0
3401,B찐만두,115,239.2,10.787,7.567,31.9585,6.67,74.75,3.565,300.15,11.97916667,0.5152,0.08165,0,1234.778,82.225,0,0,0,0,1,1,0,0,0,0,0,0,0,0,0,0,0,0,0,0,0,0,0,0,0,0,0,0,0,0,0,0,0,0,0,0,0,0,0,0
3402,B찐밤,69,104.19,2.2632,0.345,23.0391,3.726,11.04,0.5796,0.69,1.6675,0.05658,0.04485,11.0262,151.0341,41.883,0,0,0,0,1,1,0,0,0,0,0,0,0,0,0,0,0,0,0,0,0,0,0,0,0,0,0,0,0,0,0,0,0,0,0,0,0,0,0,0
3403,B찐빵,138,293.94,8.2248,1.7802,61.2168,7.038,30.36,1.2834,218.04,0.575,0.0207,0.0621,0,486.6018,68.6274,0,0,0,0,1,1,0,0,0,0,0,0,0,0,0,0,0,0,0,0,0,0,0,0,0,0,0,0,0,0,0,0,0,0,0,0,0,0,0,0
3404,B찐옥수수,115,151.8,7.59,1.61,29.21,0,24.15,2.645,1.15,4.025,0.092,0.0805,0,0,0,0,0,0,0,1,1,0,0,0,0,0,0,0,0,0,0,0,0,0,0,0,0,0,0,0,0,0,0,0,0,0,0,0,0,0,0,0,0,0,0
3405,B참나물유부초밥,107,372.37,8.5514,14.26184,49.74463,0.3933,80.083,2.0103,415.331,41.30033334,0.14674,0.044114,0.47127,3521.95527,36.99297,0,0,0,0,1,1,0,0,0,0,0,0,0,0,0,0,0,0,0,0,0,0,0,0,0,0,0,0,0,0,0,0,0,0,0,0,0,0,0,0
3406,B참치가지볶음밥,176,331.072,15.4284,5.45583,52.54771,2.4771,27.288,3.90823,565.946,57.52633334,0.184736,0.131089,2.94722,2119.10672,16.51067,0,0,0,0,1,1,0,0,0,0,0,0,0,0,0,0,0,0,0,0,0,0,0,0,0,0,0,0,0,0,0,0,0,0,0,0,0,0,0,0
3407,B참치밥전,167.9,256.772,17.71138,9.72256,22.29965,0.5842,36.731,3.88171,339.825,96.876,0.063618,0.256427,0.97175,3707.09101,33.17773,0,0,0,0,1,1,0,0,0,0,0,0,0,0,0,0,0,0,0,0,0,0,0,0,0,0,0,0,0,0,0,0,0,0,0,0,0,0,0,0
3408,B참치주먹밥,119.7,324.429,17.2437,6.15792,46.79796,0.453,23.821,4.51077,610.644,53.07558334,0.14632,0.058075,0.3473,2198.09289,16.48976,0,0,0,0,1,1,0,0,0,0,0,0,0,0,0,0,0,0,0,0,0,0,0,0,0,0,0,0,0,0,0,0,0,0,0,0,0,0,0,0
3409,B참치채소전,140.3,187.105,15.56548,8.92193,9.89345,1.0258,34.592,3.75751,325.404,104.2628333,0.067045,0.203205,45.19431,3630.79725,32.23772,0,0,0,0,1,1,0,0,0,0,0,0,0,0,0,0,0,0,0,0,0,0,0,0,0,0,0,0,0,0,0,0,0,0,0,0,0,0,0,0
3410,B채소전,149.5,185.15,5.42961,6.47887,26.17032,3.1993,35.558,1.01936,36.915,90.16,0.085169,0.167601,13.29423,3521.40419,42.06838,0,0,0,0,1,1,0,0,0,0,0,0,0,0,0,0,0,0,0,0,0,0,0,0,0,0,0,0,0,0,0,0,0,0,0,0,0,0,0,0
3411,B채소주먹밥,107.1,247.88,4.87255,7.16179,40.64111,0.9708,26.482,1.41556,530.615,144.26775,0.160977,0.147486,6.09242,3529.23361,42.18085,0,0,0,0,1,1,0,0,0,0,0,0,0,0,0,0,0,0,0,0,0,0,0,0,0,0,0,0,0,0,0,0,0,0,0,0,0,0,0,0
3412,B채소튀김,110.4,237.705,3.25795,7.23672,38.43829,2.254,42.78,0.79971,307.234,61.93708334,0.074865,0.054165,4.91165,4969.55457,41.35446,0,0,0,0,1,1,0,0,0,0,0,0,0,0,0,0,0,0,0,0,0,0,0,0,0,0,0,0,0,0,0,0,0,0,0,0,0,0,0,0
3413,B충무김밥,61.5,217.105,4.5678,0.76705,46.6401,0,12.195,1.16345,437.606,43.32125,0.15985,0.0797,2.139,208.10625,2.67035,0,0,0,0,1,1,0,0,0,0,0,0,0,0,0,0,0,0,0,0,0,0,0,0,0,0,0,0,0,0,0,0,0,0,0,0,0,0,0,0
3414,B치즈,46,137.08,8.6296,9.798,2.8382,0,287.96,0.0414,426.88,36.64666667,0.02714,0.0782,0.0322,100.3996,66.0468,0,0,0,0,1,1,0,0,0,0,0,0,0,0,0,0,0,0,0,0,0,0,0,0,0,0,0,0,0,0,0,0,0,0,0,0,0,0,0,0
3415,B치즈꼬마김밥,122.6,342.94,10.31222,9.87948,51.33136,0.6262,188.622,1.3717,583.162,114.5249167,0.18331,0.148579,4.6207,2651.51574,56.2758,0,0,0,0,1,1,0,0,0,0,0,0,0,0,0,0,0,0,0,0,0,0,0,0,0,0,0,0,0,0,0,0,0,0,0,0,0,0,0,0
3416,B치즈주먹밥,119.9,318.403,8.35895,8.66172,49.18776,0.552,155.428,1.03737,625.191,73.20175,0.16122,0.061425,19.6696,2158.65729,48.65271,0,0,0,0,1,1,0,0,0,0,0,0,0,0,0,0,0,0,0,0,0,0,0,0,0,0,0,0,0,0,0,0,0,0,0,0,0,0,0,0
3417,B톳채소튀김,149.5,291.709,7.21786,6.78753,48.71285,2.6427,90.022,1.6353,438.127,118.1395,0.120589,0.185288,4.01488,3671.38604,48.21352,0,0,0,0,1,1,0,0,0,0,0,0,0,0,0,0,0,0,0,0,0,0,0,0,0,0,0,0,0,0,0,0,0,0,0,0,0,0,0,0
3418,B파래전,55.2,146.418,3.2062,4.90176,21.52248,1.173,21.482,1.10722,245.042,0,0.089332,0.275632,8.28276,3344.11122,32.35226,0,0,0,0,1,1,0,0,0,0,0,0,0,0,0,0,0,0,0,0,0,0,0,0,0,0,0,0,0,0,0,0,0,0,0,0,0,0,0,0
3419,B파프리카유부초밥,132.9,367.44,11.01838,11.45398,52.75059,0.7038,111.447,2.44108,416.223,45.011,0.157808,0.05771,11.95126,361.75069,5.46801,0,0,0,0,1,1,0,0,0,0,0,0,0,0,0,0,0,0,0,0,0,0,0,0,0,0,0,0,0,0,0,0,0,0,0,0,0,0,0,0
3420,B해물굴소스볶음밥,153.7,306.445,14.66711,3.65629,50.9726,0.5916,41.399,1.91944,351.498,53.22175,0.15408,0.085545,2.77582,1818.23668,11.96442,0,0,0,0,1,1,0,0,0,0,0,0,0,0,0,0,0,0,0,0,0,0,0,0,0,0,0,0,0,0,0,0,0,0,0,0,0,0,0,0
3421,B해물파전,144.9,169.74,12.47014,6.96601,13.27215,1.2972,78.338,3.27957,199.203,109.43975,0.05911,0.311926,6.52418,3536.69873,41.8439,0,0,0,0,1,1,0,0,0,0,0,0,0,0,0,0,0,0,0,0,0,0,0,0,0,0,0,0,0,0,0,0,0,0,0,0,0,0,0,0
3422,B후리가케주먹밥,103.5,273.125,4.77181,3.11098,54.35406,0.7199,21.574,0.96117,2192.038,33.82533334,0.172063,0.169441,3.35938,1620.34931,10.20142,0,0,0,0,1,1,0,0,0,0,0,0,0,0,0,0,0,0,0,0,0,0,0,0,0,0,0,0,0,0,0,0,0,0,0,0,0,0,0,0
3423,간장비빔국수,109.6,176.589,4.24172,1.64551,35.13003,2.1055,19.373,0.48218,353.83,86.01841667,0.047205,0.110084,3.02608,734.87381,29.83317,0,0,0,0,0,0,0,0,1,0,0,0,0,1,0,0,0,0,0,0,0,0,0,0,0,0,0,0,0,0,0,0,0,0,0,0,0,0,0,0
3424,감자수제비,90.8,200.248,6.84239,0.62309,40.09361,2.2537,65.702,0.85302,171.2,18.49891667,0.099779,0.033218,3.35487,260.39006,20.36275,0,0,0,0,0,0,0,0,1,0,0,0,0,1,0,0,0,0,0,0,0,0,0,0,0,0,0,0,0,0,0,0,0,0,0,0,0,0,0,0
3425,게살된장우동,151.3,190.665,7.0249,1.36977,35.95596,1.8982,101.76,0.82538,523.087,0.588583333,0.119573,0.068553,1.35147,426.3093,20.99248,0,0,0,0,0,0,0,0,1,0,0,0,0,1,0,0,0,0,0,0,0,0,0,0,0,0,0,0,0,0,0,0,0,0,0,0,0,0,0,0
3426,국수,126.2,253.748,10.06188,5.83741,38.38672,2.1632,74.421,1.35446,767.382,96.03216667,0.086093,0.18356,2.81135,529.20345,32.52561,0,0,0,0,0,0,0,0,1,0,0,0,0,1,0,0,0,0,0,0,0,0,0,0,0,0,0,0,0,0,0,0,0,0,0,0,0,0,0,0
3427,김치우동,161.4,185.107,7.45013,1.55379,33.88946,2.3035,153.043,1.21787,490.187,33.44283334,0.129101,0.08475,3.51136,435.2215,22.68429,0,0,0,0,0,0,0,0,1,0,0,0,0,1,0,0,0,0,0,0,0,0,0,0,0,0,0,0,0,0,0,0,0,0,0,0,0,0,0,0
3428,김치해물칼국수,187,333.364,13.06675,1.95378,62.63994,2.3833,53.972,2.39514,401.461,63.06516667,0.078952,0.113983,4.37322,559.52596,96.90971,0,0,0,0,0,0,0,0,1,0,0,0,0,1,0,0,0,0,0,0,0,0,0,0,0,0,0,0,0,0,0,0,0,0,0,0,0,0,0,0
3429,깻잎비빔국수,99.3,284.637,7.70362,2.71464,54.75404,2.2168,38.489,0.76737,922.315,42.14691667,0.111982,0.100919,3.81932,1227.06838,52.42981,0,0,0,0,0,0,0,0,1,0,0,0,0,1,0,0,0,0,0,0,0,0,0,0,0,0,0,0,0,0,0,0,0,0,0,0,0,0,0,0
3430,(우유제외)냉콩국+소면,226,348.187,15.66416,6.59137,54.05839,4.637,67.469,2.19746,889.585,12.81333333,0.180496,0.160955,5.35879,1265.24983,163.51533,0,0,0,0,0,0,0,0,1,0,0,0,0,1,0,0,0,0,0,0,0,0,0,0,0,0,0,0,0,0,0,0,0,0,0,0,0,0,0,0
3431,냉콩국+소면,231.8,366.159,16.24634,7.12255,56.92631,6.1218,192.949,1.83624,775.851,76.1165,0.19072,0.323527,6.45695,1786.17969,242.54147,0,0,0,0,0,0,0,0,1,0,0,0,0,1,0,0,0,0,0,0,0,0,0,0,0,0,0,0,0,0,0,0,0,0,0,0,0,0,0,0
3432,단호박수제비,108.8,210.077,6.97363,0.76202,42.38624,3.2736,63.956,0.86016,89.22,97.55241666,0.102179,0.058284,5.63896,302.32449,36.28231,0,0,0,0,0,0,0,0,1,0,0,0,0,1,0,0,0,0,0,0,0,0,0,0,0,0,0,0,0,0,0,0,0,0,0,0,0,0,0,0
3433,닭살토마토스파게티,233,339.747,14.79562,4.89658,60.37668,5.5165,53.847,1.83944,525.435,125.10625,0.180758,0.187076,2.31923,1759.22131,251.73549,0,0,0,0,0,0,0,0,1,0,0,0,0,1,0,0,0,0,0,0,0,0,0,0,0,0,0,0,0,0,0,0,0,0,0,0,0,0,0,0
3434,닭채소칼국수,220.9,375.571,14.64205,4.52769,66.07491,3.7295,32.339,1.05349,438.518,103.3245,0.142916,0.15312,5.44336,450.81554,39.66902,0,0,0,0,0,0,0,0,1,0,0,0,0,1,0,0,0,0,0,0,0,0,0,0,0,0,0,0,0,0,0,0,0,0,0,0,0,0,0,0
3435,닭칼국수,163.4,350.821,13.68808,4.491,60.567,2.4053,23.772,0.80301,326.143,62.69591667,0.115933,0.094717,1.78366,438.07589,32.73134,0,0,0,0,0,0,0,0,1,0,0,0,0,1,0,0,0,0,0,0,0,0,0,0,0,0,0,0,0,0,0,0,0,0,0,0,0,0,0,0
3436,두유냉국수,218.6,324.517,13.57078,5.75052,52.10588,3.1591,51.425,1.77279,889.471,11.51583333,0.148465,0.136568,4.93967,835.91588,93.71342,0,0,0,0,0,0,0,0,1,0,0,0,0,1,0,0,0,0,0,0,0,0,0,0,0,0,0,0,0,0,0,0,0,0,0,0,0,0,0,0
3437,들깨수제비,61.9,199.951,6.69823,1.78988,37.26486,1.85,63.329,0.81282,87.571,0.439166667,0.089147,0.031197,1.12509,580.8566,391.2808,0,0,0,0,0,0,0,0,1,0,0,0,0,1,0,0,0,0,0,0,0,0,0,0,0,0,0,0,0,0,0,0,0,0,0,0,0,0,0,0
3438,들깨칼국수,127.5,333.076,10.50049,3.30881,62.63412,3.4094,112.921,1.37423,432.764,0.70575,0.070477,0.057382,2.33242,729.66927,1463.40457,0,0,0,0,0,0,0,0,1,0,0,0,0,1,0,0,0,0,0,0,0,0,0,0,0,0,0,0,0,0,0,0,0,0,0,0,0,0,0,0
3439,맛살우동,220.6,178.504,5.37115,1.45914,35.05907,2.3392,43.335,0.82784,334.773,9.540416667,0.097068,0.050876,0.55941,556.53244,41.98307,0,0,0,0,0,0,0,0,1,0,0,0,0,1,0,0,0,0,0,0,0,0,0,0,0,0,0,0,0,0,0,0,0,0,0,0,0,0,0,0
3440,매생이수제비,92.4,193.029,6.92894,1.00242,38.30532,2.7251,72.865,2.83942,132.79,55.00475,0.089724,0.033565,1.40633,269.11136,39.30227,0,0,0,0,0,0,0,0,1,0,0,0,0,1,0,0,0,0,0,0,0,0,0,0,0,0,0,0,0,0,0,0,0,0,0,0,0,0,0,0
3441,메밀국수,124,119.961,5.64263,0.78712,22.6495,1.6205,57.381,1.20767,298.561,7.850916667,0.037297,0.084871,2.70237,242.76168,34.71288,0,0,0,0,0,0,0,0,1,0,0,0,0,1,0,0,0,0,0,0,0,0,0,0,0,0,0,0,0,0,0,0,0,0,0,0,0,0,0,0
3442,메밀소바,117.5,221.328,8.73519,0.79712,44.16553,2.7638,23.669,1.86789,577.374,15.41025,0.085002,0.173788,3.04922,335.86663,17.32513,0,0,0,0,0,0,0,0,1,0,0,0,0,1,0,0,0,0,0,0,0,0,0,0,0,0,0,0,0,0,0,0,0,0,0,0,0,0,0,0
3443,미트볼스파게티,126.7,280.162,8.68603,9.31527,40.95593,1.9673,21.061,1.28514,148.217,16.9145,0.090326,0.144454,10.2452,1272.48466,129.74638,0,0,0,0,0,0,0,0,1,0,0,0,0,1,0,0,0,0,0,0,0,0,0,0,0,0,0,0,0,0,0,0,0,0,0,0,0,0,0,0
3444,바지락칼국수,151.9,311.444,9.59124,0.99351,62.92081,2.659,32.527,1.03732,479.926,55.44916667,0.059022,0.110253,3.09918,437.36421,32.88022,0,0,0,0,0,0,0,0,1,0,0,0,0,1,0,0,0,0,0,0,0,0,0,0,0,0,0,0,0,0,0,0,0,0,0,0,0,0,0,0
3445,베이컨치즈스파게티,154.9,272.512,11.07204,8.92623,37.41726,2.0967,131.255,1.14754,678.546,105.3821667,0.062467,0.229548,6.11771,444.19133,41.62943,0,0,0,0,0,0,0,0,1,0,0,0,0,1,0,0,0,0,0,0,0,0,0,0,0,0,0,0,0,0,0,0,0,0,0,0,0,0,0,0
3446,볶음쌀국수,174.4,282.7,11.09001,5.21486,48.19029,1.596,48.119,0.97627,1417.411,95.77166667,0.436788,0.122897,8.13972,731.71074,222.38811,0,0,0,0,0,0,0,0,1,0,0,0,0,1,0,0,0,0,0,0,0,0,0,0,0,0,0,0,0,0,0,0,0,0,0,0,0,0,0,0
3447,볶음우동,149,188.111,3.77965,3.48401,34.15563,2.7873,18.12,0.33761,275.64,56.21316667,0.104455,0.053733,12.90248,1396.58875,36.62387,0,0,0,0,0,0,0,0,1,0,0,0,0,1,0,0,0,0,0,0,0,0,0,0,0,0,0,0,0,0,0,0,0,0,0,0,0,0,0,0
3448,비빔국수,72.6,203.356,5.31981,1.75263,40.02984,1.4137,22.649,0.52002,628.999,5.28375,0.070519,0.099728,1.4851,791.53929,23.80394,0,0,0,0,0,0,0,0,1,0,0,0,0,1,0,0,0,0,0,0,0,0,0,0,0,0,0,0,0,0,0,0,0,0,0,0,0,0,0,0
3449,비빔쌀국수,108.4,235.917,10.23433,1.15804,46.30599,0.4252,23.605,1.17766,1314.233,0.68925,0.265649,0.126973,2.60055,5.41489,1.46423,0,0,0,0,0,0,0,0,1,0,0,0,0,1,0,0,0,0,0,0,0,0,0,0,0,0,0,0,0,0,0,0,0,0,0,0,0,0,0,0
3450,새싹메밀비빔국수,119.9,256.029,9.07146,2.04116,49.75892,3.8919,33.385,1.86376,579.235,58.73491667,0.108998,0.198954,3.19635,858.89506,39.51897,0,0,0,0,0,0,0,0,1,0,0,0,0,1,0,0,0,0,0,0,0,0,0,0,0,0,0,0,0,0,0,0,0,0,0,0,0,0,0,0
3451,새우크림스파게티,244.8,430.189,14.63677,21.33468,45.45914,2.0697,186.046,2.01203,122.663,226.73725,0.082596,0.326438,6.31135,1004.49033,232.25342,0,0,0,0,0,0,0,0,1,0,0,0,0,1,0,0,0,0,0,0,0,0,0,0,0,0,0,0,0,0,0,0,0,0,0,0,0,0,0,0
3452,새우튀김우동,141.1,227.611,10.6258,4.49676,33.81712,1.9506,77.826,2.03733,252.834,15.62891667,0.100091,0.067128,0.44565,956.54938,285.08477,0,0,0,0,0,0,0,0,1,0,0,0,0,1,0,0,0,0,0,0,0,0,0,0,0,0,0,0,0,0,0,0,0,0,0,0,0,0,0,0
3453,소고기비빔국수,136.8,259.893,10.24347,4.98777,42.14327,2.4961,58.339,1.0009,835.448,12.08283333,0.116624,0.313015,3.61597,1072.71589,215.46609,0,0,0,0,0,0,0,0,1,0,0,0,0,1,0,0,0,0,0,0,0,0,0,0,0,0,0,0,0,0,0,0,0,0,0,0,0,0,0,0
3454,소고기쌀국수,113.1,195.589,11.10114,0.99791,35.5176,0.7118,19.16,0.5765,990.922,4.310416667,0.23789,0.096632,3.22693,6.78658,2.57517,0,0,0,0,0,0,0,0,1,0,0,0,0,1,0,0,0,0,0,0,0,0,0,0,0,0,0,0,0,0,0,0,0,0,0,0,0,0,0,0
3455,수제비,235.8,226.619,8.53849,2.2029,41.18505,2.5653,31.177,1.10441,55.315,88.068,0.129753,0.146902,3.40635,518.66543,29.11497,0,0,0,0,0,0,0,0,1,0,0,0,0,1,0,0,0,0,0,0,0,0,0,0,0,0,0,0,0,0,0,0,0,0,0,0,0,0,0,0
3456,쌀국수,126.6,260.725,10.16849,5.15952,43.57456,0.7837,23.014,1.11456,1143.621,2.908833333,0.264035,0.109457,3.31626,69.70376,6.26504,0,0,0,0,0,0,0,0,1,0,0,0,0,1,0,0,0,0,0,0,0,0,0,0,0,0,0,0,0,0,0,0,0,0,0,0,0,0,0,0
3457,쌀국수볶음,174.4,264.814,10.75195,3.25244,48.57105,1.6929,48.286,0.90391,1413.059,94.34416667,0.333752,0.133331,8.30724,433.00696,210.15868,0,0,0,0,0,0,0,0,1,0,0,0,0,1,0,0,0,0,0,0,0,0,0,0,0,0,0,0,0,0,0,0,0,0,0,0,0,0,0,0
3458,알리오올리오스파게티,54.2,208.811,6.66856,3.72472,37.42935,2.0118,46.757,1.04791,48.333,21.529,0.040826,0.091006,1.57116,593.19994,69.72391,0,0,0,0,0,0,0,0,1,0,0,0,0,1,0,0,0,0,0,0,0,0,0,0,0,0,0,0,0,0,0,0,0,0,0,0,0,0,0,0
3459,어묵유부우동,288.8,275.479,11.17074,7.61766,40.08418,2.7938,104.913,1.93068,451.697,17.9855,0.11246,0.096362,0.6032,923.2666,89.79946,0,0,0,0,0,0,0,0,1,0,0,0,0,1,0,0,0,0,0,0,0,0,0,0,0,0,0,0,0,0,0,0,0,0,0,0,0,0,0,0
3460,어묵우동,137.7,174.995,4.72006,1.69874,34.19348,2.3777,26.614,0.36426,217.08,10.54408333,0.09461,0.035556,1.32996,669.11834,53.01476,0,0,0,0,0,0,0,0,1,0,0,0,0,1,0,0,0,0,0,0,0,0,0,0,0,0,0,0,0,0,0,0,0,0,0,0,0,0,0,0
3461,오리엔탈비빔쌀국수,184.3,284.294,10.62432,5.12855,49.81036,1.8031,67.615,1.21087,1312.908,76.43175,0.389262,0.248364,42.42736,1230.47401,43.78653,0,0,0,0,0,0,0,0,1,0,0,0,0,1,0,0,0,0,0,0,0,0,0,0,0,0,0,0,0,0,0,0,0,0,0,0,0,0,0,0
3462,오색채소비빔면,123.6,252.805,7.17106,1.91797,50.22021,2.5632,37.478,0.8392,775.939,11.73241667,0.092943,0.1588,47.403,840.32232,37.76565,0,0,0,0,0,0,0,0,1,0,0,0,0,1,0,0,0,0,0,0,0,0,0,0,0,0,0,0,0,0,0,0,0,0,0,0,0,0,0,0
3463,오이비빔국수,58.1,176.448,5.02364,0.83312,35.26485,1.0717,11.998,0.42955,644.244,10.987,0.054726,0.064268,1.13711,413.7472,18.49156,0,0,0,0,0,0,0,0,1,0,0,0,0,1,0,0,0,0,0,0,0,0,0,0,0,0,0,0,0,0,0,0,0,0,0,0,0,0,0,0
3464,오징어칼국수,178.6,325.12,13.2599,1.32343,61.98517,2.7934,77.456,1.1045,513.625,86.51316667,0.077227,0.080101,2.85873,445.73577,35.79855,0,0,0,0,0,0,0,0,1,0,0,0,0,1,0,0,0,0,0,0,0,0,0,0,0,0,0,0,0,0,0,0,0,0,0,0,0,0,0,0
3465,온메밀국수,107.3,111.98,4.61921,0.42838,22.10156,1.4586,31.91,0.98041,122.509,3.176833333,0.030703,0.059225,1.5997,172.05102,9.35299,0,0,0,0,0,0,0,0,1,0,0,0,0,1,0,0,0,0,0,0,0,0,0,0,0,0,0,0,0,0,0,0,0,0,0,0,0,0,0,0
3466,우동,274,291.758,11.12439,11.91486,34.3107,2.7432,120.488,2.56437,313.296,14.3785,0.120087,0.124844,0.9172,449.439,35.38376,0,0,0,0,0,0,0,0,1,0,0,0,0,1,0,0,0,0,0,0,0,0,0,0,0,0,0,0,0,0,0,0,0,0,0,0,0,0,0,0
3467,유부우동,126.9,244.421,8.65348,8.35089,31.75958,1.8202,103.378,1.43462,218.11,0.807916667,0.096914,0.03569,0.14797,422.4935,19.49553,0,0,0,0,0,0,0,0,1,0,0,0,0,1,0,0,0,0,0,0,0,0,0,0,0,0,0,0,0,0,0,0,0,0,0,0,0,0,0,0
3468,잔치국수,83.1,218.465,7.32092,2.04432,40.73329,1.7039,65.41,0.88037,751.091,63.55958334,0.078505,0.086752,1.96694,599.90761,161.72052,0,0,0,0,0,0,0,0,1,0,0,0,0,1,0,0,0,0,0,0,0,0,0,0,0,0,0,0,0,0,0,0,0,0,0,0,0,0,0,0
3469,짜장면,132,224.539,8.38032,3.8357,37.51551,2.4569,18.682,0.41258,754.728,1.7935,0.131305,0.047384,1.4062,919.68872,227.36259,0,0,0,0,0,0,0,0,1,0,0,0,0,1,0,0,0,0,0,0,0,0,0,0,0,0,0,0,0,0,0,0,0,0,0,0,0,0,0,0
3470,카레볶음우동,191.6,287.269,9.14234,7.36039,46.75139,3.2963,31.172,1.38188,144.033,83.46758334,0.244497,0.059122,4.48592,1058.029,224.96308,0,0,0,0,0,0,0,0,1,0,0,0,0,1,0,0,0,0,0,0,0,0,0,0,0,0,0,0,0,0,0,0,0,0,0,0,0,0,0,0
3471,칼국수,136.5,295.79,8.21114,0.93803,61.0267,2.3665,64.484,0.77056,614.015,5.790833333,0.052175,0.029533,2.19816,431.53092,36.71396,0,0,0,0,0,0,0,0,1,0,0,0,0,1,0,0,0,0,0,0,0,0,0,0,0,0,0,0,0,0,0,0,0,0,0,0,0,0,0,0
3472,(우유제외)콩국수,224.3,347.83,15.63475,6.58899,53.98631,4.6183,66.245,2.15241,889.585,11.56808333,0.179986,0.158456,5.12606,1264.48007,162.78773,0,0,0,0,0,0,0,0,1,0,0,0,0,1,0,0,0,0,0,0,0,0,0,0,0,0,0,0,0,0,0,0,0,0,0,0,0,0,0,0
3473,콩국수,230.1,365.802,16.21693,7.12017,56.85423,6.1031,191.725,1.79119,775.851,74.87125,0.19021,0.321028,6.22422,1785.40993,241.81387,0,0,0,0,0,0,0,0,1,0,0,0,0,1,0,0,0,0,0,0,0,0,0,0,0,0,0,0,0,0,0,0,0,0,0,0,0,0,0,0
3474,크림소스스파게티,138.4,275.312,8.21079,12.64823,32.26668,1.5435,70.932,0.72326,164.189,71.53591667,0.077983,0.171958,9.43409,901.04728,75.9079,0,0,0,0,0,0,0,0,1,0,0,0,0,1,0,0,0,0,0,0,0,0,0,0,0,0,0,0,0,0,0,0,0,0,0,0,0,0,0,0
3475,토마토스파게티,262.9,353.151,13.14803,6.56638,61.89498,5.4831,52.151,1.94017,516.789,45.29041667,0.257481,0.23136,49.00253,2060.11824,275.09078,0,0,0,0,0,0,0,0,1,0,0,0,0,1,0,0,0,0,0,0,0,0,0,0,0,0,0,0,0,0,0,0,0,0,0,0,0,0,0,0
3476,푸실리파스타,251.5,352.55,13.47093,6.56597,61.35943,5.8887,60.06,1.97291,521.287,119.3229167,0.262691,0.220595,8.0309,2055.86757,274.6635,0,0,0,0,0,0,0,0,1,0,0,0,0,1,0,0,0,0,0,0,0,0,0,0,0,0,0,0,0,0,0,0,0,0,0,0,0,0,0,0
3477,해물볶음우동,133.2,194.494,6.82136,2.61782,34.27281,2.1127,14.667,0.31831,382.006,11.573,0.097091,0.069911,1.72982,661.53055,154.7808,0,0,0,0,0,0,0,0,1,0,0,0,0,1,0,0,0,0,0,0,0,0,0,0,0,0,0,0,0,0,0,0,0,0,0,0,0,0,0,0
3478,해물수제비,276.2,256.786,14.20056,2.52471,42.05407,2.6929,57.478,2.03119,168.284,89.373,0.138877,0.219012,4.10573,519.93928,32.12822,0,0,0,0,0,0,0,0,1,0,0,0,0,1,0,0,0,0,0,0,0,0,0,0,0,0,0,0,0,0,0,0,0,0,0,0,0,0,0,0
3479,해물우동볶음,194.6,216.458,11.4705,1.8431,37.01475,3.2158,38.98,2.10655,319.492,58.46041667,0.112061,0.096629,7.82554,437.79456,25.24667,0,0,0,0,0,0,0,0,1,0,0,0,0,1,0,0,0,0,0,0,0,0,0,0,0,0,0,0,0,0,0,0,0,0,0,0,0,0,0,0
3480,해물칼국수,176.2,338.406,17.05806,1.6143,60.29684,2.155,85.19,1.32201,546.559,32.04833334,0.071073,0.101979,1.86809,434.64332,35.58907,0,0,0,0,0,0,0,0,1,0,0,0,0,1,0,0,0,0,0,0,0,0,0,0,0,0,0,0,0,0,0,0,0,0,0,0,0,0,0,0
3481,해산물칼국수,183,355.104,16.85141,2.87268,61.87012,2.2895,49.105,3.59434,421.469,61.11966667,0.061602,0.147875,2.92142,677.03176,164.77709,0,0,0,0,0,0,0,0,1,0,0,0,0,1,0,0,0,0,0,0,0,0,0,0,0,0,0,0,0,0,0,0,0,0,0,0,0,0,0,0
3482,햄크림파스타,286,347.545,15.05216,7.10928,57.25326,3.3285,157.04,1.47951,218.031,74.36441667,0.117928,0.414708,50.38248,868.35062,247.83514,0,0,0,0,0,0,0,0,1,0,0,0,0,1,0,0,0,0,0,0,0,0,0,0,0,0,0,0,0,0,0,0,0,0,0,0,0,0,0,0
3483,호박감자수제비,156,234.503,10.12069,0.87422,44.78754,3.2698,104.034,3.7105,89.45,32.66275,0.125511,0.103342,6.71426,267.47261,28.44249,0,0,0,0,0,0,0,0,1,0,0,0,0,1,0,0,0,0,0,0,0,0,0,0,0,0,0,0,0,0,0,0,0,0,0,0,0,0,0,0
3484,호박칼제비,167.6,296.209,11.32011,1.0957,57.62844,3.097,106.696,3.6497,276.248,33.69075,0.102629,0.099912,4.61128,384.44437,37.44599,0,0,0,0,0,0,0,0,1,0,0,0,0,1,0,0,0,0,0,0,0,0,0,0,0,0,0,0,0,0,0,0,0,0,0,0,0,0,0,0
3485,가지채소볶음밥,110.7,192.692,3.61928,1.42074,39.99463,1.5826,14.13,0.75697,73.876,56.86966667,0.12853,0.073739,1.38115,250.33943,141.89627,0,0,0,0,0,0,0,0,1,0,0,0,0,1,0,0,0,0,0,0,0,0,0,0,0,0,0,0,0,0,0,0,0,0,0,0,0,0,0,0
3486,건새우우엉주먹밥,144.1,277.481,14.08443,3.6527,45.11791,2.384,729.585,3.71388,781.681,56.94733334,0.155471,0.138733,2.07825,759.64281,152.97765,0,0,0,0,0,0,0,0,1,0,0,0,0,1,0,0,0,0,0,0,0,0,0,0,0,0,0,0,0,0,0,0,0,0,0,0,0,0,0,0
3487,게살볶음밥,90.1,221.409,6.58149,2.46247,41.24799,0.291,50.371,1.05023,267.148,43.79466667,0.126831,0.130435,0.38106,453.65057,141.60488,0,0,0,0,0,0,0,0,1,0,0,0,0,1,0,0,0,0,0,0,0,0,0,0,0,0,0,0,0,0,0,0,0,0,0,0,0,0,0,0
3488,게살비빔밥,163.5,238.731,10.58854,2.91437,40.83207,1.5261,71.392,1.13794,118.953,86.23883334,0.229419,0.309348,2.79606,762.50252,155.81438,0,0,0,0,0,0,0,0,1,0,0,0,0,1,0,0,0,0,0,0,0,0,0,0,0,0,0,0,0,0,0,0,0,0,0,0,0,0,0,0
3489,게살파인애플볶음밥,191.1,282.966,11.37817,1.77221,53.29103,1.8202,73.065,1.29585,119.854,86.26616667,0.263654,0.319112,4.16449,263.70838,150.88642,0,0,0,0,0,0,0,0,1,0,0,0,0,1,0,0,0,0,0,0,0,0,0,0,0,0,0,0,0,0,0,0,0,0,0,0,0,0,0,0
3490,겨울나물비빔밥,122.1,198.386,4.45783,1.67597,40.42661,1.7282,30.517,1.00885,82.373,131.9161667,0.172018,0.069114,2.64,638.88331,40.9317,0,0,0,0,0,0,0,0,1,0,0,0,0,1,0,0,0,0,0,0,0,0,0,0,0,0,0,0,0,0,0,0,0,0,0,0,0,0,0,0
3491,고구마짜장밥,180.1,357.458,10.53277,5.28542,65.12555,3.2601,28.643,1.31716,973.728,82.09200001,0.316103,0.057602,6.60032,950.87039,230.18319,0,0,0,0,0,0,0,0,1,0,0,0,0,1,0,0,0,0,0,0,0,0,0,0,0,0,0,0,0,0,0,0,0,0,0,0,0,0,0,0
3492,고구마표고버섯밥,132.3,245.074,4.2146,0.3555,56.1357,1.242,12.538,1.0468,8.915,1.38,0.16794,0.11431,3.2752,19.4948,2.5254,0,0,0,0,0,0,0,0,1,0,0,0,0,1,0,0,0,0,0,0,0,0,0,0,0,0,0,0,0,0,0,0,0,0,0,0,0,0,0,0
3493,곤드레나물밥+양념장,70.8,245.451,4.39414,0.59776,53.52059,0.0491,7.943,0.91864,146.046,1.255083333,0.149858,0.027232,0.21153,102.07952,1.53953,0,0,0,0,0,0,0,0,1,0,0,0,0,1,0,0,0,0,0,0,0,0,0,0,0,0,0,0,0,0,0,0,0,0,0,0,0,0,0,0
3494,곤드레무밥+양념장,139.3,223.514,5.11434,4.34693,40.01806,0.2698,139.345,1.81073,173.971,133.7734167,0.313102,0.155429,8.45962,843.64347,1480.3822,0,0,0,0,0,0,0,0,1,0,0,0,0,1,0,0,0,0,0,0,0,0,0,0,0,0,0,0,0,0,0,0,0,0,0,0,0,0,0,0
3495,곤드레주먹밥+양념장,139.4,228.721,5.3016,4.34819,41.28173,0.9222,140.999,1.97493,176.051,217.43875,0.303521,0.168121,7.83532,853.70439,1480.44395,0,0,0,0,0,0,0,0,1,0,0,0,0,1,0,0,0,0,0,0,0,0,0,0,0,0,0,0,0,0,0,0,0,0,0,0,0,0,0,0
3496,곤드레콩나물밥+양념장,139.3,231.977,6.73037,4.85874,40.19538,0.6728,149.42,2.0082,171.956,133.8405833,0.335267,0.181221,6.227,1102.36544,1522.79795,0,0,0,0,0,0,0,0,1,0,0,0,0,1,0,0,0,0,0,0,0,0,0,0,0,0,0,0,0,0,0,0,0,0,0,0,0,0,0,0
3497,과일카레라이스,122.2,291.656,5.33198,3.14187,60.36792,1.2308,16.199,1.46499,6.178,29.37491667,0.162183,0.045062,2.39733,250.19301,138.34377,0,0,0,0,0,0,0,0,1,0,0,0,0,1,0,0,0,0,0,0,0,0,0,0,0,0,0,0,0,0,0,0,0,0,0,0,0,0,0,0
3498,굴소스닭가슴살덮밥,106.3,239.918,11.1802,1.94435,42.11934,0.2784,9.335,0.81951,234.263,30.37116667,0.181695,0.056962,1.1542,384.30091,139.89075,0,0,0,0,0,0,0,0,1,0,0,0,0,1,0,0,0,0,0,0,0,0,0,0,0,0,0,0,0,0,0,0,0,0,0,0,0,0,0,0
3499,김가루주먹밥,49.5,181.645,3.718,1.45898,37.29142,0.0048,8.986,0.80898,36.956,20.82358333,0.119464,0.081324,2.669,499.455,6.40884,0,0,0,0,0,0,0,0,1,0,0,0,0,1,0,0,0,0,0,0,0,0,0,0,0,0,0,0,0,0,0,0,0,0,0,0,0,0,0,0
3500,김주먹밥,133.7,216.019,4.58845,2.70102,42.61084,1.8642,22.383,0.99353,180.539,126.9986667,0.146179,0.150788,5.16772,765.04208,156.94844,0,0,0,0,0,0,0,0,1,0,0,0,0,1,0,0,0,0,0,0,0,0,0,0,0,0,0,0,0,0,0,0,0,0,0,0,0,0,0,0
3501,김치볶음밥,152,216.652,5.104,2.76317,42.63737,1.9163,43.122,1.26328,103.429,94.18358334,0.164801,0.137636,10.05256,778.98844,157.91386,0,0,0,0,0,0,0,0,1,0,0,0,0,1,0,0,0,0,0,0,0,0,0,0,0,0,0,0,0,0,0,0,0,0,0,0,0,0,0,0
3502,김치스팸치즈볶음밥,192.3,319.045,11.13369,9.60396,45.07013,1.4333,185.783,1.23085,450.083,113.52525,0.192498,0.127812,9.38723,1153.37726,204.39963,0,0,0,0,0,0,0,0,1,0,0,0,0,1,0,0,0,0,0,0,0,0,0,0,0,0,0,0,0,0,0,0,0,0,0,0,0,0,0,0
3503,김치어묵볶음밥,163.5,305.486,8.4595,4.26382,56.41629,0.7782,48.728,1.30723,326.518,21.259,0.175929,0.057408,3.97027,1452.89963,231.61334,0,0,0,0,0,0,0,0,1,0,0,0,0,1,0,0,0,0,0,0,0,0,0,0,0,0,0,0,0,0,0,0,0,0,0,0,0,0,0,0
3504,김치영양밥,134.7,211.637,4.6893,2.73547,41.64617,1.6863,32.28,1.18238,62.603,90.13250001,0.166941,0.116446,8.91401,762.39969,157.91386,0,0,0,0,0,0,0,0,1,0,0,0,0,1,0,0,0,0,0,0,0,0,0,0,0,0,0,0,0,0,0,0,0,0,0,0,0,0,0,0
3505,김치참치볶음밥,192.2,298.818,19.07484,5.18558,41.47088,0.897,50.966,5.23194,525.694,16.14933333,0.17435,0.08965,5.2877,744.03638,152.53826,0,0,0,0,0,0,0,0,1,0,0,0,0,1,0,0,0,0,0,0,0,0,0,0,0,0,0,0,0,0,0,0,0,0,0,0,0,0,0,0
3506,김치치즈볶음밥,145.1,266.15,8.10696,6.37218,42.26335,1.211,171.274,0.92757,274.99,107.3061667,0.1591,0.088569,3.70383,307.26549,177.97105,0,0,0,0,0,0,0,0,1,0,0,0,0,1,0,0,0,0,0,0,0,0,0,0,0,0,0,0,0,0,0,0,0,0,0,0,0,0,0,0
3507,김치햄볶음밥,145.3,214.397,6.00955,1.97864,42.14646,1.3647,30.614,1.08463,256.556,63.68033334,0.164474,0.103403,9.32357,262.85123,144.48945,0,0,0,0,0,0,0,0,1,0,0,0,0,1,0,0,0,0,0,0,0,0,0,0,0,0,0,0,0,0,0,0,0,0,0,0,0,0,0,0
3508,깍두기볶음밥,134.8,215.974,3.96351,2.68781,42.43523,2.6945,27.235,0.85772,181.227,89.15675,0.141735,0.058244,2.36063,790.99309,157.83214,0,0,0,0,0,0,0,0,1,0,0,0,0,1,0,0,0,0,0,0,0,0,0,0,0,0,0,0,0,0,0,0,0,0,0,0,0,0,0,0
3509,깍두기치즈볶음밥,145.1,269.14,8.11386,6.36988,42.98555,2.2,165.984,0.81947,336.86,105.6195,0.14967,0.089259,2.28243,330.24709,182.28815,0,0,0,0,0,0,0,0,1,0,0,0,0,1,0,0,0,0,0,0,0,0,0,0,0,0,0,0,0,0,0,0,0,0,0,0,0,0,0,0
3510,깐풍돼지고기덮밥,122.3,295.309,11.74346,3.76494,51.15004,0.2903,8.835,1.0519,145.644,1.42375,0.257181,0.220386,1.00712,905.2861,150.06669,0,0,0,0,0,0,0,0,1,0,0,0,0,1,0,0,0,0,0,0,0,0,0,0,0,0,0,0,0,0,0,0,0,0,0,0,0,0,0,0
3511,깻잎누드롤,140.9,262.877,8.63573,4.60289,46.14427,1.32,65.277,1.54461,233.825,133.7006667,0.203356,0.231319,11.73231,1070.38403,101.90269,0,0,0,0,0,0,0,0,1,0,0,0,0,1,0,0,0,0,0,0,0,0,0,0,0,0,0,0,0,0,0,0,0,0,0,0,0,0,0,0
3512,깻잎볶음밥,124.3,203.355,4.50817,1.51355,42.01664,2.258,64.675,1.09906,117.209,167.2904167,0.184659,0.162496,2.88729,266.15391,189.42811,0,0,0,0,0,0,0,0,1,0,0,0,0,1,0,0,0,0,0,0,0,0,0,0,0,0,0,0,0,0,0,0,0,0,0,0,0,0,0,0
3513,꼬마김밥,81.8,200.399,4.1663,2.73368,38.88785,0.5266,18.149,1.1466,270.304,101.2469167,0.138338,0.119025,11.40832,746.54302,144.23104,0,0,0,0,0,0,0,0,1,0,0,0,0,1,0,0,0,0,0,0,0,0,0,0,0,0,0,0,0,0,0,0,0,0,0,0,0,0,0,0
3514,나물비빔밥,175,242.198,7.70883,4.33765,43.56206,2.6136,61.882,2.30525,194.289,171.1653334,0.206026,0.338932,22.73356,1412.06689,191.10884,0,0,0,0,0,0,0,0,1,0,0,0,0,1,0,0,0,0,0,0,0,0,0,0,0,0,0,0,0,0,0,0,0,0,0,0,0,0,0,0
3515,날치알김치볶음밥,140.7,225.222,5.55676,3.04886,42.28183,1.211,30.272,1.13567,321.104,88.99383334,0.14899,0.052039,3.86073,756.52069,151.35649,0,0,0,0,0,0,0,0,1,0,0,0,0,1,0,0,0,0,0,0,0,0,0,0,0,0,0,0,0,0,0,0,0,0,0,0,0,0,0,0
3516,납작김밥,168.2,320.899,9.9739,11.77452,42.61084,1.8642,26.178,1.76633,199.859,135.9686667,0.152734,0.269813,5.44372,930.03143,165.82529,0,0,0,0,0,0,0,0,1,0,0,0,0,1,0,0,0,0,0,0,0,0,0,0,0,0,0,0,0,0,0,0,0,0,0,0,0,0,0,0
3517,다진소고기김치볶음밥,141.5,286.856,7.36714,9.82067,40.26017,0.805,35.041,1.51314,99.97,69.7015,0.15387,0.128455,3.98015,1317.62108,160.09778,0,0,0,0,0,0,0,0,1,0,0,0,0,1,0,0,0,0,0,0,0,0,0,0,0,0,0,0,0,0,0,0,0,0,0,0,0,0,0,0
3518,단호박영양밥,91.1,202.065,3.80359,1.54192,41.96748,1.7232,12.301,0.83309,173.133,97.17633333,0.119343,0.108774,3.34148,547.86384,25.96688,0,0,0,0,0,0,0,0,1,0,0,0,0,1,0,0,0,0,0,0,0,0,0,0,0,0,0,0,0,0,0,0,0,0,0,0,0,0,0,0
3519,단호박카레라이스,150.9,304.723,9.06846,6.03254,54.36493,2.2677,25.187,1.84473,15.506,127.2924167,0.268676,0.0874,6.16643,573.78025,167.98653,0,0,0,0,0,0,0,0,1,0,0,0,0,1,0,0,0,0,0,0,0,0,0,0,0,0,0,0,0,0,0,0,0,0,0,0,0,0,0,0
3520,달걀버섯볶음밥,139.4,236.173,8.61121,4.05959,41.67472,1.1245,23.284,1.60317,85.018,47.07333333,0.170659,0.300717,0,650.79699,153.3226,0,0,0,0,0,0,0,0,1,0,0,0,0,1,0,0,0,0,0,0,0,0,0,0,0,0,0,0,0,0,0,0,0,0,0,0,0,0,0,0
3521,달걀볶음밥,90.2,227.538,6.75793,3.72543,39.50384,0.2726,21.635,1.21122,148.816,67.35666667,0.134555,0.164789,0.38106,643.02793,145.79148,0,0,0,0,0,0,0,0,1,0,0,0,0,1,0,0,0,0,0,0,0,0,0,0,0,0,0,0,0,0,0,0,0,0,0,0,0,0,0,0
3522,달걀주먹밥,159.1,278.156,9.39726,7.1252,41.95607,1.395,40.323,1.68582,136.012,148.8326667,0.1683,0.263829,2.48598,1723.22024,171.23711,0,0,0,0,0,0,0,0,1,0,0,0,0,1,0,0,0,0,0,0,0,0,0,0,0,0,0,0,0,0,0,0,0,0,0,0,0,0,0,0
3523,달걀채소볶음밥,130.2,261.007,8.42143,4.43131,44.51263,0.8318,30.984,1.457,213.755,110.2813333,0.160984,0.205157,1.93658,751.11992,147.35644,0,0,0,0,0,0,0,0,1,0,0,0,0,1,0,0,0,0,0,0,0,0,0,0,0,0,0,0,0,0,0,0,0,0,0,0,0,0,0,0
3524,닭가슴살굴소스볶음밥,116.3,235.989,11.30946,1.7509,41.55709,0.552,11.243,0.82492,290.457,56.58083334,0.185797,0.066559,1.6615,306.73322,139.30072,0,0,0,0,0,0,0,0,1,0,0,0,0,1,0,0,0,0,0,0,0,0,0,0,0,0,0,0,0,0,0,0,0,0,0,0,0,0,0,0
3525,닭가슴살채소볶음밥,108.7,225.883,11.42838,1.94101,38.4486,0.347,8.638,0.89849,187.222,7.458666667,0.185836,0.099472,15.23892,383.28318,143.64312,0,0,0,0,0,0,0,0,1,0,0,0,0,1,0,0,0,0,0,0,0,0,0,0,0,0,0,0,0,0,0,0,0,0,0,0,0,0,0,0
3526,닭가슴살파프리카볶음밥,110.2,231.919,11.51876,2.4522,38.7357,0.2052,8.953,0.989,188.231,7.403,0.18625,0.10425,22.60282,482.28084,198.47317,0,0,0,0,0,0,0,0,1,0,0,0,0,1,0,0,0,0,0,0,0,0,0,0,0,0,0,0,0,0,0,0,0,0,0,0,0,0,0,0
3527,닭가지볶음밥,113.8,222.575,8.99185,2.33693,39.48169,1.0067,12.514,0.86704,126.264,41.80116667,0.170628,0.102208,1.06912,469.28964,197.30769,0,0,0,0,0,0,0,0,1,0,0,0,0,1,0,0,0,0,0,0,0,0,0,0,0,0,0,0,0,0,0,0,0,0,0,0,0,0,0,0
3528,닭갈비덮밥,132.6,259.086,11.87409,1.90512,46.61686,0.8772,18.646,1.14567,239.765,44.57825,0.191378,0.118834,3.6477,249.56549,141.48138,0,0,0,0,0,0,0,0,1,0,0,0,0,1,0,0,0,0,0,0,0,0,0,0,0,0,0,0,0,0,0,0,0,0,0,0,0,0,0,0
3529,닭고기카레라이스,110.7,261.192,11.11231,3.35912,45.87138,0.5889,15.437,1.38122,18.321,31.50675,0.18925,0.043811,1.72485,292.32925,138.60488,0,0,0,0,0,0,0,0,1,0,0,0,0,1,0,0,0,0,0,0,0,0,0,0,0,0,0,0,0,0,0,0,0,0,0,0,0,0,0,0
3530,닭살데리야끼덮밥,141.7,259.034,9.55032,1.77172,49.23421,1.3114,17.388,1.11179,157.5,94.43183334,0.184455,0.087966,2.41289,258.22163,145.07023,0,0,0,0,0,0,0,0,1,0,0,0,0,1,0,0,0,0,0,0,0,0,0,0,0,0,0,0,0,0,0,0,0,0,0,0,0,0,0,0
3531,닭살옥수수볶음밥,142.9,243.676,9.4795,1.87838,45.43256,1.3489,15.87,1.07684,217.114,69.322,0.172827,0.123144,2.93022,298.85031,148.47159,0,0,0,0,0,0,0,0,1,0,0,0,0,1,0,0,0,0,0,0,0,0,0,0,0,0,0,0,0,0,0,0,0,0,0,0,0,0,0,0
3532,닭살짜장밥,118.8,290.439,12.10835,2.546,52.6103,1.4709,19.582,1.23938,973.083,15.015,0.185716,0.078283,1.73007,447.96883,156.70441,0,0,0,0,0,0,0,0,1,0,0,0,0,1,0,0,0,0,0,0,0,0,0,0,0,0,0,0,0,0,0,0,0,0,0,0,0,0,0,0
3533,닭살채소볶음밥,145.3,238.592,10.7853,1.83204,42.92171,1.6522,16.5,1.15723,90.984,70.47233334,0.194084,0.098763,4.31987,254.24463,144.91265,0,0,0,0,0,0,0,0,1,0,0,0,0,1,0,0,0,0,0,0,0,0,0,0,0,0,0,0,0,0,0,0,0,0,0,0,0,0,0,0
3534,닭살채소주먹밥,129.3,232.552,7.91073,2.86384,42.05233,1.4983,15.238,1.01867,84.449,65.07833334,0.167664,0.073914,3.7208,753.20544,151.21661,0,0,0,0,0,0,0,0,1,0,0,0,0,1,0,0,0,0,0,0,0,0,0,0,0,0,0,0,0,0,0,0,0,0,0,0,0,0,0,0
3535,닭살카레감자밥+양념장,164.7,282.159,11.62918,4.64111,47.02785,1.9173,24.6,1.62013,134.282,73.98233334,0.205617,0.148216,6.14216,1214.25477,157.35276,0,0,0,0,0,0,0,0,1,0,0,0,0,1,0,0,0,0,0,0,0,0,0,0,0,0,0,0,0,0,0,0,0,0,0,0,0,0,0,0
3536,닭살카레라이스,168.1,301.719,12.63865,4.36012,53.38837,1.7491,28.52,2.05053,23.961,73.17775,0.216839,0.11669,4.65503,255.23643,144.96737,0,0,0,0,0,0,0,0,1,0,0,0,0,1,0,0,0,0,0,0,0,0,0,0,0,0,0,0,0,0,0,0,0,0,0,0,0,0,0,0
3537,닭살카레밥+양념장,168.2,257.976,11.5734,2.36098,46.37705,2.0111,25.693,1.55416,135.304,101.9364167,0.205062,0.152364,5.62421,262.67783,147.90797,0,0,0,0,0,0,0,0,1,0,0,0,0,1,0,0,0,0,0,0,0,0,0,0,0,0,0,0,0,0,0,0,0,0,0,0,0,0,0,0
3538,닭살카레볶음밥,171.5,275.935,11.9164,3.19019,49.36679,2.0543,25.502,1.66678,25.295,99.85866667,0.211431,0.116746,5.00746,260.93794,147.91932,0,0,0,0,0,0,0,0,1,0,0,0,0,1,0,0,0,0,0,0,0,0,0,0,0,0,0,0,0,0,0,0,0,0,0,0,0,0,0,0
3539,닭살토마토소스덮밥,227.9,300.275,12.43535,3.92785,53.17713,4.0003,43.988,1.75616,531.346,127.6980833,0.255756,0.184467,2.44969,1270.11639,168.83819,0,0,0,0,0,0,0,0,1,0,0,0,0,1,0,0,0,0,0,0,0,0,0,0,0,0,0,0,0,0,0,0,0,0,0,0,0,0,0,0
3540,닭살파프리카볶음밥,106.3,224.869,11.32996,1.94908,38.29857,0.3461,7.999,0.85896,129.304,8.22875,0.1831,0.087275,16.59625,389.47447,145.21712,0,0,0,0,0,0,0,0,1,0,0,0,0,1,0,0,0,0,0,0,0,0,0,0,0,0,0,0,0,0,0,0,0,0,0,0,0,0,0,0
3541,닭살하이라이스,142.9,268.494,9.20814,2.76499,50.70683,1.8615,23.166,1.41216,396.226,88.74883334,0.180023,0.071146,4.29216,327.0931,143.90042,0,0,0,0,0,0,0,0,1,0,0,0,0,1,0,0,0,0,0,0,0,0,0,0,0,0,0,0,0,0,0,0,0,0,0,0,0,0,0,0
3542,닭영양밥,132.3,238.749,12.0346,0.7511,44.4793,0.9775,13.573,1.23195,28.12,69.53666667,0.20727,0.13478,2.37475,15.41805,1.75145,0,0,0,0,0,0,0,0,1,0,0,0,0,1,0,0,0,0,0,0,0,0,0,0,0,0,0,0,0,0,0,0,0,0,0,0,0,0,0,0
3543,대파달걀볶음밥,90.1,218.293,6.29105,3.30537,38.76224,0.3822,20.286,1.18507,145.243,60.76141667,0.134483,0.169188,0.58341,582.19364,145.81231,0,0,0,0,0,0,0,0,1,0,0,0,0,1,0,0,0,0,0,0,0,0,0,0,0,0,0,0,0,0,0,0,0,0,0,0,0,0,0,0
3544,돼지고기굴소스덮밥,132.6,283.581,10.41819,5.30337,46.58236,0.8772,16.921,0.99042,236.66,30.77825,0.350768,0.078124,4.0341,811.40489,165.65553,0,0,0,0,0,0,0,0,1,0,0,0,0,1,0,0,0,0,0,0,0,0,0,0,0,0,0,0,0,0,0,0,0,0,0,0,0,0,0,0
3545,돼지고기굴소스볶음밥,116.3,263.244,10.20891,5.2975,41.55709,0.552,11.933,0.95257,291.837,55.54583334,0.344152,0.079669,2.0479,810.46772,161.03917,0,0,0,0,0,0,0,0,1,0,0,0,0,1,0,0,0,0,0,0,0,0,0,0,0,0,0,0,0,0,0,0,0,0,0,0,0,0,0,0
3546,돼지고기안심굴소스볶음밥,194.6,257.946,12.08144,2.56338,45.43957,2.4413,31.807,1.20634,186.655,63.57958334,0.448524,0.182567,9.06765,425.43103,169.53784,0,0,0,0,0,0,0,0,1,0,0,0,0,1,0,0,0,0,0,0,0,0,0,0,0,0,0,0,0,0,0,0,0,0,0,0,0,0,0,0
3547,돼지고기김치볶음밥,152.4,262.529,9.5001,5.91236,40.91223,1.211,29.899,1.13497,143.094,91.02083334,0.336296,0.077025,4.01029,1225.53445,171.53665,0,0,0,0,0,0,0,0,1,0,0,0,0,1,0,0,0,0,0,0,0,0,0,0,0,0,0,0,0,0,0,0,0,0,0,0,0,0,0,0
3548,돼지고기김치비빔밥,146.3,243.536,8.4543,4.91693,40.83417,1.1638,33.487,1.17193,67.508,6.905000001,0.279875,0.106189,3.235,1190.47868,181.00695,0,0,0,0,0,0,0,0,1,0,0,0,0,1,0,0,0,0,0,0,0,0,0,0,0,0,0,0,0,0,0,0,0,0,0,0,0,0,0,0
3549,돼지고기버섯카레라이스,162.4,312.299,9.64694,4.50902,58.24936,1.705,22.11,1.85651,21.385,57.98275,0.268402,0.166556,5.72331,419.26647,146.55423,0,0,0,0,0,0,0,0,1,0,0,0,0,1,0,0,0,0,0,0,0,0,0,0,0,0,0,0,0,0,0,0,0,0,0,0,0,0,0,0
3550,돼지고기볶음밥,119.9,258.934,10.1834,5.29706,40.58552,0.6711,10.463,0.92483,183.556,32.93233334,0.34462,0.079004,13.15444,812.62207,166.28969,0,0,0,0,0,0,0,0,1,0,0,0,0,1,0,0,0,0,0,0,0,0,0,0,0,0,0,0,0,0,0,0,0,0,0,0,0,0,0,0
3551,돼지고기양배추덮밥,155.5,271.212,8.56864,4.0377,48.71679,1.745,25.088,0.98297,233.21,60.18033334,0.287236,0.088493,6.86487,633.33563,169.11023,0,0,0,0,0,0,0,0,1,0,0,0,0,1,0,0,0,0,0,0,0,0,0,0,0,0,0,0,0,0,0,0,0,0,0,0,0,0,0,0
3552,돼지고기잡채덮밥,106.6,238.156,10.48504,1.51831,43.82041,0.6559,16.207,1.23789,93.714,41.02625,0.206911,0.106158,4.36754,235.62669,8.31485,0,0,0,0,0,0,0,0,1,0,0,0,0,1,0,0,0,0,0,0,0,0,0,0,0,0,0,0,0,0,0,0,0,0,0,0,0,0,0,0
3553,돼지고기짜장밥,118.8,296.199,12.11699,3.1796,52.5815,1.4709,17.566,1.03202,967.611,1.767,0.20674,0.069355,1.87983,572.59795,163.08361,0,0,0,0,0,0,0,0,1,0,0,0,0,1,0,0,0,0,0,0,0,0,0,0,0,0,0,0,0,0,0,0,0,0,0,0,0,0,0,0
3554,돼지고기채소덮밥,132.6,283.581,10.41819,5.30337,46.58236,0.8772,16.921,0.99042,236.66,30.77825,0.350768,0.078124,4.0341,811.40489,165.65553,0,0,0,0,0,0,0,0,1,0,0,0,0,1,0,0,0,0,0,0,0,0,0,0,0,0,0,0,0,0,0,0,0,0,0,0,0,0,0,0
3555,돼지고기채소볶음밥,108.5,237.223,8.03377,4.01031,40.61366,0.7424,9.034,0.86072,178.098,32.11783334,0.268699,0.082877,12.69048,629.69691,158.17692,0,0,0,0,0,0,0,0,1,0,0,0,0,1,0,0,0,0,0,0,0,0,0,0,0,0,0,0,0,0,0,0,0,0,0,0,0,0,0,0
3556,돼지고기카레라이스,133.6,273.495,8.31461,5.04659,48.43973,1.3707,20.382,1.49258,15.506,58.63441667,0.259186,0.05952,3.73418,534.5825,154.39238,0,0,0,0,0,0,0,0,1,0,0,0,0,1,0,0,0,0,0,0,0,0,0,0,0,0,0,0,0,0,0,0,0,0,0,0,0,0,0,0
3557,돼지고기카레볶음밥,109.9,255.879,11.2294,3.48498,43.44726,0.6565,12.789,1.18971,184.054,28.02833333,0.205351,0.134403,2.01693,452.39467,144.01894,0,0,0,0,0,0,0,0,1,0,0,0,0,1,0,0,0,0,0,0,0,0,0,0,0,0,0,0,0,0,0,0,0,0,0,0,0,0,0,0
3558,돼지불고기덮밥,106.6,235.918,11.25421,2.78225,39.29851,0.5208,11.288,1.03525,189.173,39.25775,0.416275,0.189497,1.00601,526.10038,147.13304,0,0,0,0,0,0,0,0,1,0,0,0,0,1,0,0,0,0,0,0,0,0,0,0,0,0,0,0,0,0,0,0,0,0,0,0,0,0,0,0
3559,두부굴소스볶음밥,133.6,231.905,6.84051,3.02173,42.70275,2.103,34.234,1.25347,169.01,67.54366667,0.13489,0.112159,1.97203,1077.30409,278.3828,0,0,0,0,0,0,0,0,1,0,0,0,0,1,0,0,0,0,0,0,0,0,0,0,0,0,0,0,0,0,0,0,0,0,0,0,0,0,0,0
3560,두부베이컨볶음밥,153.2,268.221,10.05766,5.05432,43.85176,2.1651,38.596,1.436,281.669,57.17816667,0.176098,0.140092,12.2683,1297.96465,185.01112,0,0,0,0,0,0,0,0,1,0,0,0,0,1,0,0,0,0,0,0,0,0,0,0,0,0,0,0,0,0,0,0,0,0,0,0,0,0,0,0
3561,두부짜장밥,219.9,362.143,14.95597,6.90388,58.20986,4.4282,57.91,1.97255,975.044,134.1953333,0.321868,0.1415,5.84768,1948.43651,351.35262,0,0,0,0,0,0,0,0,1,0,0,0,0,1,0,0,0,0,0,0,0,0,0,0,0,0,0,0,0,0,0,0,0,0,0,0,0,0,0,0
3562,두부카레라이스,150.9,313.923,11.00736,6.94794,52.09253,1.7847,37.147,2.11613,15.736,56.95075,0.269136,0.09729,3.37653,1081.52595,238.50223,0,0,0,0,0,0,0,0,1,0,0,0,0,1,0,0,0,0,0,0,0,0,0,0,0,0,0,0,0,0,0,0,0,0,0,0,0,0,0,0
3563,마파두부덮밥,113.6,269.929,9.8017,5.91095,42.36471,1.2309,30.683,1.49243,197.947,9.222416666,0.258755,0.162877,0.34822,1403.57002,293.01742,0,0,0,0,0,0,0,0,1,0,0,0,0,1,0,0,0,0,0,0,0,0,0,0,0,0,0,0,0,0,0,0,0,0,0,0,0,0,0,0
3564,마파두부밥,119,294.252,10.10104,3.17176,53.81644,1.3156,28.529,1.48161,233.782,3.791666666,0.152438,0.167047,0.48729,1341.51161,141.78903,0,0,0,0,0,0,0,0,1,0,0,0,0,1,0,0,0,0,0,0,0,0,0,0,0,0,0,0,0,0,0,0,0,0,0,0,0,0,0,0
3565,마파배추덮밥,192.5,275.217,9.34681,4.06066,48.87312,2.4904,43.929,1.55763,224.663,86.17400001,0.271549,0.1672,9.13032,1136.48442,259.36436,0,0,0,0,0,0,0,0,1,0,0,0,0,1,0,0,0,0,0,0,0,0,0,0,0,0,0,0,0,0,0,0,0,0,0,0,0,0,0,0
3566,멸치볶음밥,79.9,214.494,8.43139,2.13189,38.32706,0.3992,79.428,0.86014,476.973,28.17533333,0.117809,0.087126,0.7221,333.89482,144.25036,0,0,0,0,0,0,0,0,1,0,0,0,0,1,0,0,0,0,0,0,0,0,0,0,0,0,0,0,0,0,0,0,0,0,0,0,0,0,0,0
3567,멸치주먹밥,84.4,231.855,8.11824,4.22431,38.18429,0.6117,80.324,0.83764,378.467,54.01375,0.115479,0.032158,1.9365,1210.65017,154.71321,0,0,0,0,0,0,0,0,1,0,0,0,0,1,0,0,0,0,0,0,0,0,0,0,0,0,0,0,0,0,0,0,0,0,0,0,0,0,0,0
3568,멸치파래주먹밥,133.7,246.169,8.926,4.20082,43.00779,1.3505,96.247,1.65241,358.539,11.00133333,0.139675,0.136609,41.4202,1224.56495,172.77969,0,0,0,0,0,0,0,0,1,0,0,0,0,1,0,0,0,0,0,0,0,0,0,0,0,0,0,0,0,0,0,0,0,0,0,0,0,0,0,0
3569,미나리불고기덮밥,131.4,267.022,6.51079,6.00923,45.31021,1.6519,25.74,1.16732,19.54,61.04016667,0.128061,0.116628,5.45227,351.20332,158.25886,0,0,0,0,0,0,0,0,1,0,0,0,0,1,0,0,0,0,0,0,0,0,0,0,0,0,0,0,0,0,0,0,0,0,0,0,0,0,0,0
3570,미니김밥,155.5,263.28,12.45671,5.7407,39.19822,1.1608,76.721,2.04632,247.329,159.7273333,0.164344,0.402873,7.01684,880.60406,153.49563,0,0,0,0,0,0,0,0,1,0,0,0,0,1,0,0,0,0,0,0,0,0,0,0,0,0,0,0,0,0,0,0,0,0,0,0,0,0,0,0
3571,밥새우주먹밥,77.4,223.235,9.5103,2.678,38.07902,0.2784,474.789,2.52848,609.772,27.73433334,0.130816,0.026154,9.9122,492.55474,139.56442,0,0,0,0,0,0,0,0,1,0,0,0,0,1,0,0,0,0,0,0,0,0,0,0,0,0,0,0,0,0,0,0,0,0,0,0,0,0,0,0
3572,방울토마토새우볶음밥,145.4,96.601,8.67706,3.19759,8.42903,2.1765,42.706,1.39954,198.67,112.8793333,0.052578,0.187746,8.84887,533.96307,147.47904,0,0,0,0,0,0,0,0,1,0,0,0,0,1,0,0,0,0,0,0,0,0,0,0,0,0,0,0,0,0,0,0,0,0,0,0,0,0,0,0
3573,백김치볶음밥,153.1,222.192,3.96815,3.75337,41.71821,2.199,29.378,0.88435,167.914,85.71608334,0.135439,0.058586,9.0301,1223.43017,166.44132,0,0,0,0,0,0,0,0,1,0,0,0,0,1,0,0,0,0,0,0,0,0,0,0,0,0,0,0,0,0,0,0,0,0,0,0,0,0,0,0
3574,버섯덮밥,146.4,225.892,4.9893,1.50028,48.95997,2.5048,16.294,1.15444,171.65,42.68425,0.168385,0.177702,4.44691,298.71089,151.1344,0,0,0,0,0,0,0,0,1,0,0,0,0,1,0,0,0,0,0,0,0,0,0,0,0,0,0,0,0,0,0,0,0,0,0,0,0,0,0,0
3575,버섯영양밥+양념장,114.1,193.519,5.14789,1.4932,40.6788,0.7588,10.804,1.19395,174.733,4.412833333,0.147055,0.225166,0.79402,523.28264,8.89124,0,0,0,0,0,0,0,0,1,0,0,0,0,1,0,0,0,0,0,0,0,0,0,0,0,0,0,0,0,0,0,0,0,0,0,0,0,0,0,0
3576,베이컨김치볶음밥,155.7,270.903,6.84302,3.82751,51.4907,1.4118,37.476,1.35284,137.591,76.38725,0.193513,0.095041,33.59091,822.44576,79.96307,0,0,0,0,0,0,0,0,1,0,0,0,0,1,0,0,0,0,0,0,0,0,0,0,0,0,0,0,0,0,0,0,0,0,0,0,0,0,0,0
3577,베이컨주먹밥,116.3,248.142,7.27083,5.37627,41.10985,1.1869,16.254,0.89494,157.795,57.07983334,0.173109,0.067122,20.15805,679.40355,175.94252,0,0,0,0,0,0,0,0,1,0,0,0,0,1,0,0,0,0,0,0,0,0,0,0,0,0,0,0,0,0,0,0,0,0,0,0,0,0,0,0
3578,베이컨채소볶음밥,118.6,230.784,6.19585,3.20451,42.78452,0.9783,11.704,0.85438,281.092,59.22891667,0.160252,0.081232,34.83986,345.62048,30.00558,0,0,0,0,0,0,0,0,1,0,0,0,0,1,0,0,0,0,0,0,0,0,0,0,0,0,0,0,0,0,0,0,0,0,0,0,0,0,0,0
3579,베이컨파래볶음밥,143.4,237.542,6.64198,4.43479,41.86717,1.4886,24.504,1.79668,349.111,48.63125,0.227816,0.095739,43.39144,582.64255,172.11968,0,0,0,0,0,0,0,0,1,0,0,0,0,1,0,0,0,0,0,0,0,0,0,0,0,0,0,0,0,0,0,0,0,0,0,0,0,0,0,0
3580,봄나물덮밥,138.8,226.266,5.38105,3.30827,43.30752,2.332,104.99,3.66356,173.277,117.2999167,0.209405,0.362982,38.2752,1273.36857,115.21955,0,0,0,0,0,0,0,0,1,0,0,0,0,1,0,0,0,0,0,0,0,0,0,0,0,0,0,0,0,0,0,0,0,0,0,0,0,0,0,0
3581,봄나물비빔밥,74.9,190.282,3.86311,1.44798,38.99305,0.8886,32.247,1.42502,173.717,52.11566667,0.118879,0.125555,4.04974,384.59516,100.04312,0,0,0,0,0,0,0,0,1,0,0,0,0,1,0,0,0,0,0,0,0,0,0,0,0,0,0,0,0,0,0,0,0,0,0,0,0,0,0,0
3582,불고기주먹밥,113.2,200.929,6.45655,0.58221,41.58587,0.7926,11.535,0.85062,72.188,54.4995,0.149462,0.116543,1.71276,99.22244,3.59214,0,0,0,0,0,0,0,0,1,0,0,0,0,1,0,0,0,0,0,0,0,0,0,0,0,0,0,0,0,0,0,0,0,0,0,0,0,0,0,0
3583,불고기채소비빔밥,198.5,313.327,9.84318,10.63467,43.5042,3.0785,64.293,2.16515,77.424,149.3910833,0.169471,0.272733,9.84388,700.93188,28.78632,0,0,0,0,0,0,0,0,1,0,0,0,0,1,0,0,0,0,0,0,0,0,0,0,0,0,0,0,0,0,0,0,0,0,0,0,0,0,0,0
3584,브로콜리볶음밥,131.3,240.217,7.6523,3.58076,42.68473,1.3578,33.475,1.4143,206.38,98.636,0.148277,0.207914,7.9385,573.50123,159.57624,0,0,0,0,0,0,0,0,1,0,0,0,0,1,0,0,0,0,0,0,0,0,0,0,0,0,0,0,0,0,0,0,0,0,0,0,0,0,0,0
3585,브로콜리채소볶음밥,88.9,192.107,3.90652,1.54411,39.33283,1.1346,15.987,0.85002,39.985,42.85316667,0.120617,0.061039,7.49035,294.52317,151.81488,0,0,0,0,0,0,0,0,1,0,0,0,0,1,0,0,0,0,0,0,0,0,0,0,0,0,0,0,0,0,0,0,0,0,0,0,0,0,0,0
3586,뿌리채소영양밥,160,219.976,4.68638,1.46651,45.8666,2.6638,34.764,1.07895,181.055,106.041,0.149552,0.122595,4.75498,538.99658,13.91045,0,0,0,0,0,0,0,0,1,0,0,0,0,1,0,0,0,0,0,0,0,0,0,0,0,0,0,0,0,0,0,0,0,0,0,0,0,0,0,0
3587,살코기납작김밥,170.5,342.095,9.9739,14.07454,42.60916,1.8642,28.287,1.93363,200.087,136.12975,0.152734,0.271143,5.44372,888.40548,2330.4353,0,0,0,0,0,0,0,0,1,0,0,0,0,1,0,0,0,0,0,0,0,0,0,0,0,0,0,0,0,0,0,0,0,0,0,0,0,0,0,0
3588,삼색나물비빔밥,157.7,236.835,7.53237,4.31516,42.34587,2.0773,57.73,2.25681,190.31,91.64300001,0.199625,0.328206,22.2111,1397.70443,189.74214,0,0,0,0,0,0,0,0,1,0,0,0,0,1,0,0,0,0,0,0,0,0,0,0,0,0,0,0,0,0,0,0,0,0,0,0,0,0,0,0
3589,삼색소보로덮밥,115.3,286.811,9.7588,9.2532,38.66151,0.1491,24.616,1.61861,219.224,44.70975,0.133262,0.267519,2.08465,1135.82166,154.85398,0,0,0,0,0,0,0,0,1,0,0,0,0,1,0,0,0,0,0,0,0,0,0,0,0,0,0,0,0,0,0,0,0,0,0,0,0,0,0,0
3590,삼선짜장밥,191.2,344.94,16.28507,6.26838,54.59431,2.2317,38.341,1.8048,1024.974,82.11950001,0.386498,0.12671,3.91733,1025.70756,179.89797,0,0,0,0,0,0,0,0,1,0,0,0,0,1,0,0,0,0,0,0,0,0,0,0,0,0,0,0,0,0,0,0,0,0,0,0,0,0,0,0
3591,새송이버섯카레라이스,162.4,301.48,9.79925,5.9314,54.11999,2.1068,23.516,1.90443,17.291,56.95075,0.27614,0.132539,3.9756,559.83628,149.46601,0,0,0,0,0,0,0,0,1,0,0,0,0,1,0,0,0,0,0,0,0,0,0,0,0,0,0,0,0,0,0,0,0,0,0,0,0,0,0,0
3592,새우간장덮밥,104,227.38,10.3196,1.915,40.02838,0.3896,34.485,1.635,208.943,28.17533333,0.114811,0.087648,1.0671,328.85851,138.90447,0,0,0,0,0,0,0,0,1,0,0,0,0,1,0,0,0,0,0,0,0,0,0,0,0,0,0,0,0,0,0,0,0,0,0,0,0,0,0,0
3593,새우버섯덮밥,168.2,251.348,9.59559,1.70678,49.88314,2.4195,32.222,1.7492,339.799,53.21675,0.167413,0.209023,3.61189,299.74904,149.55406,0,0,0,0,0,0,0,0,1,0,0,0,0,1,0,0,0,0,0,0,0,0,0,0,0,0,0,0,0,0,0,0,0,0,0,0,0,0,0,0
3594,새우부추볶음밥,151,228.359,10.7921,1.81079,40.53909,0.9273,45.543,2.57108,169.569,81.80200001,0.166331,0.076546,3.65986,255.36734,137.43362,0,0,0,0,0,0,0,0,1,0,0,0,0,1,0,0,0,0,0,0,0,0,0,0,0,0,0,0,0,0,0,0,0,0,0,0,0,0,0,0
3595,새우살굴소스볶음밥,194.5,265.338,11.22335,1.95154,49.18969,1.8933,41.269,1.83518,310.171,89.31316667,0.127466,0.143781,49.85286,337.53769,153.34502,0,0,0,0,0,0,0,0,1,0,0,0,0,1,0,0,0,0,0,0,0,0,0,0,0,0,0,0,0,0,0,0,0,0,0,0,0,0,0,0
3596,새우살볶음밥,194.5,253.148,11.64885,2.18384,45.38089,2.1003,34.254,2.98058,169.641,94.21983334,0.143106,0.124691,49.13066,282.84369,160.04032,0,0,0,0,0,0,0,0,1,0,0,0,0,1,0,0,0,0,0,0,0,0,0,0,0,0,0,0,0,0,0,0,0,0,0,0,0,0,0,0
3597,새우굴소스채소볶음밥,194.7,247.628,11.49245,1.82044,45.18539,2.4453,51.929,1.90688,330.675,92.80150001,0.140576,0.133891,35.08226,277.82739,167.59122,0,0,0,0,0,0,0,0,1,0,0,0,0,1,0,0,0,0,0,0,0,0,0,0,0,0,0,0,0,0,0,0,0,0,0,0,0,0,0,0
3598,새우채소볶음밥,155.5,233.257,10.71197,1.34473,43.51141,1.4929,20.918,2.09533,242.536,59.91508334,0.151689,0.169125,33.29243,49.36901,7.34668,0,0,0,0,0,0,0,0,1,0,0,0,0,1,0,0,0,0,0,0,0,0,0,0,0,0,0,0,0,0,0,0,0,0,0,0,0,0,0,0
3599,새우카레볶음밥,99.2,266.498,8.37745,1.12345,53.54835,0.304,17.856,2.0917,6.26,16.87491667,0.15868,0.030195,0.7819,4.9067,0.3869,0,0,0,0,0,0,0,0,1,0,0,0,0,1,0,0,0,0,0,0,0,0,0,0,0,0,0,0,0,0,0,0,0,0,0,0,0,0,0,0
3600,새우파래볶음밥,110.9,86.366,8.46776,3.15504,5.99908,1.452,44.431,1.70084,210.4,85.50933334,0.075808,0.163826,7.75867,505.99967,147.45144,0,0,0,0,0,0,0,0,1,0,0,0,0,1,0,0,0,0,0,0,0,0,0,0,0,0,0,0,0,0,0,0,0,0,0,0,0,0,0,0
3601,새우편마늘볶음밥,172.9,239.528,10.99478,1.79151,43.49559,1.7461,41.118,1.8032,168.843,89.02083334,0.132689,0.112652,49.30592,281.89922,149.97782,0,0,0,0,0,0,0,0,1,0,0,0,0,1,0,0,0,0,0,0,0,0,0,0,0,0,0,0,0,0,0,0,0,0,0,0,0,0,0,0
3602,소고기가지덮밥,194.6,332.813,9.92903,10.51614,48.32959,2.6412,33.752,1.69585,197.332,64.08166667,0.15021,0.269918,7.60898,420.18407,154.66957,0,0,0,0,0,0,0,0,1,0,0,0,0,1,0,0,0,0,0,0,0,0,0,0,0,0,0,0,0,0,0,0,0,0,0,0,0,0,0,0
3603,소고기굴소스덮밥,177.4,318.166,8.66183,9.039,49.22539,2.1471,29.846,1.51648,188.885,94.00000001,0.146656,0.170163,7.52526,403.18495,163.41104,0,0,0,0,0,0,0,0,1,0,0,0,0,1,0,0,0,0,0,0,0,0,0,0,0,0,0,0,0,0,0,0,0,0,0,0,0,0,0,0
3604,소고기굴소스볶음밥,118.8,299.232,8.73706,10.49002,40.47662,0.6639,12.023,1.47187,185.869,39.99916667,0.122469,0.167755,12.91565,415.53807,151.966,0,0,0,0,0,0,0,0,1,0,0,0,0,1,0,0,0,0,0,0,0,0,0,0,0,0,0,0,0,0,0,0,0,0,0,0,0,0,0,0
3605,소고기김주먹밥,107.3,304.591,9.11455,12.25961,38.19436,0.5053,13.753,1.53383,97.765,49.522,0.121122,0.17554,2.11667,1035.3547,201.26752,0,0,0,0,0,0,0,0,1,0,0,0,0,1,0,0,0,0,0,0,0,0,0,0,0,0,0,0,0,0,0,0,0,0,0,0,0,0,0,0
3606,소고기무밥+양념장,99.5,246.021,8.61622,5.77531,37.87668,0.2739,10.573,1.26739,20.673,5.63225,0.12438,0.094676,1.88588,176.42689,8.94068,0,0,0,0,0,0,0,0,1,0,0,0,0,1,0,0,0,0,0,0,0,0,0,0,0,0,0,0,0,0,0,0,0,0,0,0,0,0,0,0
3607,소고기배추밥+양념장,92.8,267.043,7.11241,8.90198,37.6073,0.1222,17.666,1.35197,129.332,6.547916667,0.148529,0.150556,1.9566,613.31556,887.44228,0,0,0,0,0,0,0,0,1,0,0,0,0,1,0,0,0,0,0,0,0,0,0,0,0,0,0,0,0,0,0,0,0,0,0,0,0,0,0,0
3608,소고기볶음밥,102.9,293.384,8.87874,10.67754,38.29026,0.3992,11.923,1.52829,192.003,37.14533333,0.121834,0.195111,0.9981,493.78277,147.75441,0,0,0,0,0,0,0,0,1,0,0,0,0,1,0,0,0,0,0,0,0,0,0,0,0,0,0,0,0,0,0,0,0,0,0,0,0,0,0,0
3609,소고기부추볶음밥,102.9,293.326,8.8799,10.68624,38.24966,0.3064,12.155,1.67793,192.177,36.227,0.127286,0.194299,1.0822,491.05909,146.30499,0,0,0,0,0,0,0,0,1,0,0,0,0,1,0,0,0,0,0,0,0,0,0,0,0,0,0,0,0,0,0,0,0,0,0,0,0,0,0,0
3610,소고기비빔밥,127.1,279.678,7.06599,4.98958,49.97836,1.3288,25.803,1.55551,78.015,88.35275001,0.165893,0.14614,9.17302,453.21524,154.36002,0,0,0,0,0,0,0,0,1,0,0,0,0,1,0,0,0,0,0,0,0,0,0,0,0,0,0,0,0,0,0,0,0,0,0,0,0,0,0,0
3611,소고기상추비빔밥,198.5,313.327,9.84318,10.63467,43.5042,3.0785,64.293,2.16515,77.424,149.3910833,0.169471,0.272733,9.84388,700.93188,28.78632,0,0,0,0,0,0,0,0,1,0,0,0,0,1,0,0,0,0,0,0,0,0,0,0,0,0,0,0,0,0,0,0,0,0,0,0,0,0,0,0
3612,소고기양배추덮밥,165.9,328.288,9.63604,10.52029,47.25865,1.8257,30.088,1.65487,198.666,90.33483334,0.142079,0.213277,7.99004,427.72291,156.57719,0,0,0,0,0,0,0,0,1,0,0,0,0,1,0,0,0,0,0,0,0,0,0,0,0,0,0,0,0,0,0,0,0,0,0,0,0,0,0,0
3613,소고기오므라이스,185.8,368.214,12.97549,9.71891,54.33965,1.6602,42.074,2.23874,139.698,124.2628333,0.19613,0.313537,6.32261,924.79466,154.3792,0,0,0,0,0,0,0,0,1,0,0,0,0,1,0,0,0,0,0,0,0,0,0,0,0,0,0,0,0,0,0,0,0,0,0,0,0,0,0,0
3614,소고기오이볶음밥,112.1,293.527,9.01124,10.67569,38.26878,0.3504,13.615,1.54485,191.819,27.44275,0.119299,0.198929,2.53385,492.28098,148.69516,0,0,0,0,0,0,0,0,1,0,0,0,0,1,0,0,0,0,0,0,0,0,0,0,0,0,0,0,0,0,0,0,0,0,0,0,0,0,0,0
3615,소고기유부초밥,150.3,350.784,11.77817,13.39622,43.92718,0.9515,83.91,2.29689,227.15,86.56391667,0.134702,0.132681,3.66995,128.78243,8.62881,0,0,0,0,0,0,0,0,1,0,0,0,0,1,0,0,0,0,0,0,0,0,0,0,0,0,0,0,0,0,0,0,0,0,0,0,0,0,0,0
3616,소고기잡채덮밥,262.4,674.292,15.21214,13.26197,118.92489,1.4261,47.248,3.92978,219.874,184.2080834,0.35202,0.331785,19.95094,1384.89558,159.46116,0,0,0,0,0,0,0,0,1,0,0,0,0,1,0,0,0,0,0,0,0,0,0,0,0,0,0,0,0,0,0,0,0,0,0,0,0,0,0,0
3617,소고기주먹밥,79.8,239.664,6.00305,6.16309,38.01202,0.603,9.546,1.10428,217.685,58.45141667,0.118846,0.080464,0.8308,415.06629,142.53099,0,0,0,0,0,0,0,0,1,0,0,0,0,1,0,0,0,0,0,0,0,0,0,0,0,0,0,0,0,0,0,0,0,0,0,0,0,0,0,0
3618,소고기채소볶음밥,145.6,306.93,7.30529,6.33103,53.08193,1.8168,18.966,1.43974,79.496,62.65983334,0.161004,0.100117,7.57077,422.0299,143.4937,0,0,0,0,0,0,0,0,1,0,0,0,0,1,0,0,0,0,0,0,0,0,0,0,0,0,0,0,0,0,0,0,0,0,0,0,0,0,0,0
3619,소고기카레라이스,133.6,305.985,8.70173,7.15514,52.08959,1.2716,22.767,2.0147,16.601,57.81575,0.152227,0.084128,3.94273,299.7765,139.96658,0,0,0,0,0,0,0,0,1,0,0,0,0,1,0,0,0,0,0,0,0,0,0,0,0,0,0,0,0,0,0,0,0,0,0,0,0,0,0,0
3620,소고기콩나물밥+양념장,101.8,251.083,9.35579,5.99393,38.2266,0.4213,15.537,1.34897,234.264,5.661083333,0.134754,0.112586,0.89959,286.83195,27.14893,0,0,0,0,0,0,0,0,1,0,0,0,0,1,0,0,0,0,0,0,0,0,0,0,0,0,0,0,0,0,0,0,0,0,0,0,0,0,0,0
3621,소고기파인애플볶음밥,156.6,290.769,7.37365,7.49341,46.84477,1.7274,18.894,1.30707,288.678,90.92700001,0.141668,0.156524,4.14259,369.67474,154.8949,0,0,0,0,0,0,0,0,1,0,0,0,0,1,0,0,0,0,0,0,0,0,0,0,0,0,0,0,0,0,0,0,0,0,0,0,0,0,0,0
3622,소고기파프리카볶음밥,125.6,281.116,9.78723,7.84307,40.92145,0.6003,8.496,1.39905,184.121,11.33008333,0.11644,0.146041,35.66844,352.16576,150.56742,0,0,0,0,0,0,0,0,1,0,0,0,0,1,0,0,0,0,0,0,0,0,0,0,0,0,0,0,0,0,0,0,0,0,0,0,0,0,0,0
3623,소고기하이라이스,114.3,320.584,9.05127,10.07486,47.06422,0.9021,18.337,1.75318,399.09,35.2265,0.13383,0.122269,1.95525,451.28619,150.02544,0,0,0,0,0,0,0,0,1,0,0,0,0,1,0,0,0,0,0,0,0,0,0,0,0,0,0,0,0,0,0,0,0,0,0,0,0,0,0,0
3624,소보로덮밥,112.5,291.163,8.65447,3.50386,53.29727,0.4042,27.68,1.53734,177.607,100.0085833,0.178377,0.211769,0.38288,607.69761,45.16426,0,0,0,0,0,0,0,0,1,0,0,0,0,1,0,0,0,0,0,0,0,0,0,0,0,0,0,0,0,0,0,0,0,0,0,0,0,0,0,0
3625,소불고기덮밥,199.4,350.325,10.59118,12.96035,46.94609,1.9243,43.608,2.47279,213.553,159.4005833,0.178779,0.327327,25.61108,1385.85672,168.84862,0,0,0,0,0,0,0,0,1,0,0,0,0,1,0,0,0,0,0,0,0,0,0,0,0,0,0,0,0,0,0,0,0,0,0,0,0,0,0,0
3626,소불고기덮밥(안심),109.3,262.636,10.23661,6.14275,39.52515,0.5492,10.87,1.73625,188.836,40.4765,0.142501,0.158816,1.20022,440.87359,143.17304,0,0,0,0,0,0,0,0,1,0,0,0,0,1,0,0,0,0,0,0,0,0,0,0,0,0,0,0,0,0,0,0,0,0,0,0,0,0,0,0
3627,시금치데리야끼볶음밥,160.1,211.021,5.86529,1.64779,43.36979,1.0236,29.911,2.07934,165.888,177.6385,0.194189,0.234078,26.26076,258.09102,138.88304,0,0,0,0,0,0,0,0,1,0,0,0,0,1,0,0,0,0,0,0,0,0,0,0,0,0,0,0,0,0,0,0,0,0,0,0,0,0,0,0
3628,시금치소고기덮밥,148.7,276,7.36008,6.11765,46.70569,1.0481,26.756,1.94063,202.282,154.5748333,0.163291,0.242353,19.49916,340.98895,143.40219,0,0,0,0,0,0,0,0,1,0,0,0,0,1,0,0,0,0,0,0,0,0,0,0,0,0,0,0,0,0,0,0,0,0,0,0,0,0,0,0
3629,시래기영양밥+양념장,92.8,283.9,5.30551,2.97958,56.4805,0.1222,70.722,3.03877,142.339,2.965666666,0.198789,0.100026,12.4986,503.32266,881.52438,0,0,0,0,0,0,0,0,1,0,0,0,0,1,0,0,0,0,0,0,0,0,0,0,0,0,0,0,0,0,0,0,0,0,0,0,0,0,0,0
3630,씻은김치볶음밥,135.8,221.494,3.9073,3.77116,41.52121,1.4333,29.993,0.97163,62.089,90.29591667,0.149691,0.056266,4.20016,1216.23259,159.77973,0,0,0,0,0,0,0,0,1,0,0,0,0,1,0,0,0,0,0,0,0,0,0,0,0,0,0,0,0,0,0,0,0,0,0,0,0,0,0,0
3631,안매운김치볶음밥,112.8,216.434,3.6612,3.75046,40.33901,0.9273,26.543,0.91873,62.089,85.12091667,0.140951,0.037866,3.48486,1212.65609,149.71723,0,0,0,0,0,0,0,0,1,0,0,0,0,1,0,0,0,0,0,0,0,0,0,0,0,0,0,0,0,0,0,0,0,0,0,0,0,0,0,0
3632,안매운마파두부덮밥,112,266.989,9.70594,5.87727,41.72035,1.1737,30.003,1.44676,145.646,6.018666666,0.249136,0.158846,0.34822,1395.83889,292.03556,0,0,0,0,0,0,0,0,1,0,0,0,0,1,0,0,0,0,0,0,0,0,0,0,0,0,0,0,0,0,0,0,0,0,0,0,0,0,0,0
3633,양배추밥+양념장,66.3,180.419,3.33349,0.80401,38.3917,0.514,11.825,0.66447,146.117,0.959833333,0.113777,0.024158,3.45909,257.66229,8.82007,0,0,0,0,0,0,0,0,1,0,0,0,0,1,0,0,0,0,0,0,0,0,0,0,0,0,0,0,0,0,0,0,0,0,0,0,0,0,0,0
3634,양배추소시지덮밥,154.4,281.828,7.76269,5.33609,49.40915,1.8257,33.193,1.05227,347.706,81.59483334,0.202684,0.121852,15.55704,852.10626,189.38094,0,0,0,0,0,0,0,0,1,0,0,0,0,1,0,0,0,0,0,0,0,0,0,0,0,0,0,0,0,0,0,0,0,0,0,0,0,0,0,0
3635,연근달걀볶음밥,188.7,266.38,8.70629,4.01455,47.25055,2.374,39.642,1.67024,224.457,109.79625,0.17858,0.30754,32.20575,651.45828,163.04362,0,0,0,0,0,0,0,0,1,0,0,0,0,1,0,0,0,0,0,0,0,0,0,0,0,0,0,0,0,0,0,0,0,0,0,0,0,0,0,0
3636,연두부된장덮밥,145.4,259.979,10.45524,4.23598,42.72608,0.1324,33.954,1.73725,129.29,1.678,0.272463,0.070451,0.43818,398.59693,142.22254,0,0,0,0,0,0,0,0,1,0,0,0,0,1,0,0,0,0,0,0,0,0,0,0,0,0,0,0,0,0,0,0,0,0,0,0,0,0,0,0
3637,연두부볶음밥,151.9,238.562,5.34588,2.48381,47.16896,1.2742,23.455,1.2559,192.963,47.27891667,0.172194,0.079764,25.97919,288.74722,144.85062,0,0,0,0,0,0,0,0,1,0,0,0,0,1,0,0,0,0,0,0,0,0,0,0,0,0,0,0,0,0,0,0,0,0,0,0,0,0,0,0
3638,열무보리간장비빔밥,60.4,177.289,3.55718,0.89562,37.20311,1.0028,20.613,0.78629,203.232,8.557666667,0.105409,0.044051,0.28083,314.25124,15.00227,0,0,0,0,0,0,0,0,1,0,0,0,0,1,0,0,0,0,0,0,0,0,0,0,0,0,0,0,0,0,0,0,0,0,0,0,0,0,0,0
3639,열무보리비빔밥,59.8,178.865,3.53384,0.91885,37.69295,1.082,20.555,0.79841,104.55,13.50891667,0.112907,0.041138,0.20562,326.17336,16.51969,0,0,0,0,0,0,0,0,1,0,0,0,0,1,0,0,0,0,0,0,0,0,0,0,0,0,0,0,0,0,0,0,0,0,0,0,0,0,0,0
3640,열무비빔밥,187.1,255.744,9.30712,4.49593,43.04891,1.482,79.194,2.0446,116.086,185.6985,0.168804,0.280175,40.02935,986.97605,61.83068,0,0,0,0,0,0,0,0,1,0,0,0,0,1,0,0,0,0,0,0,0,0,0,0,0,0,0,0,0,0,0,0,0,0,0,0,0,0,0,0
3641,오리훈제볶음밥,114.2,259.124,7.35878,5.82295,42.46414,0.7755,11.841,1.09998,194.757,37.33,0.133376,0.053334,13.52564,1003.94373,178.00088,0,0,0,0,0,0,0,0,1,0,0,0,0,1,0,0,0,0,0,0,0,0,0,0,0,0,0,0,0,0,0,0,0,0,0,0,0,0,0,0
3642,오므라이스,151,330.703,12.18707,11.5374,42.02612,1.0624,32.528,1.97624,131.213,136.3468333,0.152256,0.291102,2.29674,772.60831,153.13814,0,0,0,0,0,0,0,0,1,0,0,0,0,1,0,0,0,0,0,0,0,0,0,0,0,0,0,0,0,0,0,0,0,0,0,0,0,0,0,0
3643,오징어굴소스볶음밥,114.1,217.753,7.77529,1.76246,40.92693,0.7047,11.331,0.80299,212.25,32.84541667,0.129069,0.063506,23.99235,257.98412,144.17352,0,0,0,0,0,0,0,0,1,0,0,0,0,1,0,0,0,0,0,0,0,0,0,0,0,0,0,0,0,0,0,0,0,0,0,0,0,0,0,0
3644,오징어김치볶음밥,152.1,235.686,9.21808,3.08298,40.89201,1.211,30.978,0.97971,119.054,88.99383334,0.15993,0.056069,3.68773,757.09669,151.47169,0,0,0,0,0,0,0,0,1,0,0,0,0,1,0,0,0,0,0,0,0,0,0,0,0,0,0,0,0,0,0,0,0,0,0,0,0,0,0,0
3645,오징어덮밥,164.2,252.454,10.7149,1.98831,46.55305,1.9611,29.648,0.94724,189.017,58.39533334,0.154836,0.09166,7.87992,290.86441,149.56837,0,0,0,0,0,0,0,0,1,0,0,0,0,1,0,0,0,0,0,0,0,0,0,0,0,0,0,0,0,0,0,0,0,0,0,0,0,0,0,0
3646,오징어버섯덮밥,166,250.296,10.01071,1.87417,47.82347,1.9204,29.059,1.02283,229.615,34.2815,0.175096,0.130571,6.81392,270.53796,146.7484,0,0,0,0,0,0,0,0,1,0,0,0,0,1,0,0,0,0,0,0,0,0,0,0,0,0,0,0,0,0,0,0,0,0,0,0,0,0,0,0
3647,오징어채소덮밥,194.7,266.002,10.82139,1.96604,50.01777,2.3501,33.431,0.95782,240.716,61.22883334,0.162552,0.081299,8.7756,264.14255,160.03582,0,0,0,0,0,0,0,0,1,0,0,0,0,1,0,0,0,0,0,0,0,0,0,0,0,0,0,0,0,0,0,0,0,0,0,0,0,0,0,0
3648,완두콩짜장밥,168.1,315.932,11.78247,5.21051,53.63618,3.3034,25.964,1.42707,655.491,85.40041667,0.356937,0.072943,6.5928,875.21081,171.1456,0,0,0,0,0,0,0,0,1,0,0,0,0,1,0,0,0,0,0,0,0,0,0,0,0,0,0,0,0,0,0,0,0,0,0,0,0,0,0,0
3649,우렁된장소스덮밥,75.4,184.241,6.97178,1.02271,37.63399,2.3901,160.504,2.67166,236.693,11.374,0.150566,0.159503,0.89872,355.84891,36.87509,0,0,0,0,0,0,0,0,1,0,0,0,0,1,0,0,0,0,0,0,0,0,0,0,0,0,0,0,0,0,0,0,0,0,0,0,0,0,0,0
3650,우엉소고기볶음밥,171.6,305.682,9.15291,9.02627,45.48841,2.7861,31.575,1.67995,193.622,92.37700001,0.1413,0.228736,2.99624,404.61136,156.98572,0,0,0,0,0,0,0,0,1,0,0,0,0,1,0,0,0,0,0,0,0,0,0,0,0,0,0,0,0,0,0,0,0,0,0,0,0,0,0,0
3651,우엉주먹밥,144,231.434,5.11953,2.67225,45.76149,2.9931,34.443,1.18693,178.376,84.78500001,0.134678,0.144706,8.75964,769.72632,160.21402,0,0,0,0,0,0,0,0,1,0,0,0,0,1,0,0,0,0,0,0,0,0,0,0,0,0,0,0,0,0,0,0,0,0,0,0,0,0,0,0
3652,우엉채소볶음밥,96.2,203.104,3.91115,1.51769,41.94477,1.6468,19.048,0.87449,65.474,53.4275,0.12004,0.064051,1.22415,297.30955,139.48452,0,0,0,0,0,0,0,0,1,0,0,0,0,1,0,0,0,0,0,0,0,0,0,0,0,0,0,0,0,0,0,0,0,0,0,0,0,0,0,0
3653,유부불고기덮밥,194.7,328.841,11.13073,11.20595,45.02599,1.9243,74.906,2.68145,208.631,156.3785,0.182234,0.27446,25.51908,373.57152,153.60606,0,0,0,0,0,0,0,0,1,0,0,0,0,1,0,0,0,0,0,0,0,0,0,0,0,0,0,0,0,0,0,0,0,0,0,0,0,0,0,0
3654,유부초밥,79.9,284.161,6.86674,10.18084,39.25859,0.4157,67.434,1.56355,75.076,14.48025,0.120537,0.06124,1.33574,1664.69995,153.86787,0,0,0,0,0,0,0,0,1,0,0,0,0,1,0,0,0,0,0,0,0,0,0,0,0,0,0,0,0,0,0,0,0,0,0,0,0,0,0,0
3655,일본식소고기덮밥(규동),103.2,304.275,9.02693,9.60524,43.44767,0.247,18.802,1.60143,89.813,10.2825,0.134576,0.152778,1.28543,293.10887,11.16423,0,0,0,0,0,0,0,0,1,0,0,0,0,1,0,0,0,0,0,0,0,0,0,0,0,0,0,0,0,0,0,0,0,0,0,0,0,0,0,0
3656,잔멸치김밥,132.5,289.583,17.92565,4.71883,41.63985,0.5308,173.209,1.52093,889.775,86.69083334,0.143389,0.232648,4.53189,1006.23015,52.18738,0,0,0,0,0,0,0,0,1,0,0,0,0,1,0,0,0,0,0,0,0,0,0,0,0,0,0,0,0,0,0,0,0,0,0,0,0,0,0,0
3657,잔멸치주먹밥,77.5,220.202,8.06314,3.1265,37.79531,0.5131,78.981,0.80679,378.117,53.994,0.113449,0.03075,1.59546,751.80722,148.78276,0,0,0,0,0,0,0,0,1,0,0,0,0,1,0,0,0,0,0,0,0,0,0,0,0,0,0,0,0,0,0,0,0,0,0,0,0,0,0,0
3658,(우유제외)장조림버터비빔밥,93.5,263.765,11.15638,6.26393,38.13499,0.029,12.137,1.59401,184.847,19.93825,0.144045,0.122955,0.20973,574.02191,24.37688,0,0,0,0,0,0,0,0,1,0,0,0,0,1,0,0,0,0,0,0,0,0,0,0,0,0,0,0,0,0,0,0,0,0,0,0,0,0,0,0
3659,장조림버터비빔밥,93.5,265.41,11.17003,6.60098,37.77624,0.029,11.997,1.59506,174.837,34.99991667,0.144045,0.124215,0.20973,483.52731,13.81738,0,0,0,0,0,0,0,0,1,0,0,0,0,1,0,0,0,0,0,0,0,0,0,0,0,0,0,0,0,0,0,0,0,0,0,0,0,0,0,0
3660,주꾸미미나리볶음밥,114.2,197.466,7.49258,1.60374,36.60895,0.7157,18.615,1.22585,115.814,34.20816667,0.116239,0.141941,1.285,253.37232,142.6606,0,0,0,0,0,0,0,0,1,0,0,0,0,1,0,0,0,0,0,0,0,0,0,0,0,0,0,0,0,0,0,0,0,0,0,0,0,0,0,0
3661,주꾸미부추볶음밥,148.7,216.833,8.38505,1.67201,40.40446,0.8767,23.712,1.93608,173.295,33.31875,0.163508,0.176573,2.46029,249.23287,145.43289,0,0,0,0,0,0,0,0,1,0,0,0,0,1,0,0,0,0,0,0,0,0,0,0,0,0,0,0,0,0,0,0,0,0,0,0,0,0,0,0
3662,짜장덮밥,118.8,296.199,12.11699,3.1796,52.5815,1.4709,17.566,1.03202,967.611,1.767,0.20674,0.069355,1.87983,572.59795,163.08361,0,0,0,0,0,0,0,0,1,0,0,0,0,1,0,0,0,0,0,0,0,0,0,0,0,0,0,0,0,0,0,0,0,0,0,0,0,0,0,0
3663,짜장라이스,175,362.474,10.49077,3.70163,70.05148,2.5,40.912,1.36205,1159.371,13.72891667,0.272094,0.101333,13.80416,638.45093,172.10689,0,0,0,0,0,0,0,0,1,0,0,0,0,1,0,0,0,0,0,0,0,0,0,0,0,0,0,0,0,0,0,0,0,0,0,0,0,0,0,0
3664,짜장밥,178.4,298.626,12.85889,2.02629,55.59533,2.9885,27.528,1.19751,971.657,85.17700001,0.232487,0.098618,5.15722,356.55689,36.479,0,0,0,0,0,0,0,0,1,0,0,0,0,1,0,0,0,0,0,0,0,0,0,0,0,0,0,0,0,0,0,0,0,0,0,0,0,0,0,0
3665,짜장참치볶음밥,168,311.504,19.25884,5.00365,44.69495,1.3455,57.58,4.97979,607.152,53.03416667,0.15963,0.237735,2.23215,824.85643,150.50402,0,0,0,0,0,0,0,0,1,0,0,0,0,1,0,0,0,0,0,0,0,0,0,0,0,0,0,0,0,0,0,0,0,0,0,0,0,0,0,0
3666,참나물유부초밥,93.5,281.586,7.60394,11.41804,35.28799,0.6296,83.507,1.89363,213.676,50.26308334,0.106975,0.042142,0.83429,1459.35269,161.01671,0,0,0,0,0,0,0,0,1,0,0,0,0,1,0,0,0,0,0,0,0,0,0,0,0,0,0,0,0,0,0,0,0,0,0,0,0,0,0,0
3667,참치가지볶음밥,126.7,261.876,13.76466,4.27176,39.80246,1.353,19.353,3.57344,355.03,29.30516667,0.135452,0.082804,1.30276,746.91608,143.20904,0,0,0,0,0,0,0,0,1,0,0,0,0,1,0,0,0,0,0,0,0,0,0,0,0,0,0,0,0,0,0,0,0,0,0,0,0,0,0,0
3668,참치김치볶음밥,140.7,237.678,8.80916,3.49866,40.89783,1.211,31.483,2.31207,233.739,88.99383334,0.14899,0.060689,3.68773,756.52069,151.35649,0,0,0,0,0,0,0,0,1,0,0,0,0,1,0,0,0,0,0,0,0,0,0,0,0,0,0,0,0,0,0,0,0,0,0,0,0,0,0,0
3669,참치깻잎덮밥,129.5,236.274,10.68404,2.5858,41.06903,1.468,51.398,2.80164,225.024,129.2895833,0.158891,0.100337,3.62474,531.97883,37.81291,0,0,0,0,0,0,0,0,1,0,0,0,0,1,0,0,0,0,0,0,0,0,0,0,0,0,0,0,0,0,0,0,0,0,0,0,0,0,0,0
3670,참치마요덮밥,117.5,300.198,14.72127,8.29905,39.13864,0.395,30.927,3.71679,380.418,38.72291667,0.139244,0.106014,0.77175,2642.47488,484.69229,0,0,0,0,0,0,0,0,1,0,0,0,0,1,0,0,0,0,0,0,0,0,0,0,0,0,0,0,0,0,0,0,0,0,0,0,0,0,0,0
3671,참치비빔밥,129.5,232.939,10.29764,2.5628,40.46068,1.261,28.283,2.76599,229.049,66.75833334,0.133706,0.077567,3.31079,523.98518,9.63446,0,0,0,0,0,0,0,0,1,0,0,0,0,1,0,0,0,0,0,0,0,0,0,0,0,0,0,0,0,0,0,0,0,0,0,0,0,0,0,0
3672,참치새싹비빔밥,123.7,229.648,10.67494,2.59843,39.30619,1.1739,30.173,2.97634,228.185,14.15533333,0.170316,0.107289,2.389,520.08488,10.95878,0,0,0,0,0,0,0,0,1,0,0,0,0,1,0,0,0,0,0,0,0,0,0,0,0,0,0,0,0,0,0,0,0,0,0,0,0,0,0,0
3673,참치주먹밥,129.4,261.834,13.80629,4.37435,39.78867,1.2255,25.807,3.59728,350.763,56.86533334,0.128965,0.068914,6.41095,790.91011,154.4681,0,0,0,0,0,0,0,0,1,0,0,0,0,1,0,0,0,0,0,0,0,0,0,0,0,0,0,0,0,0,0,0,0,0,0,0,0,0,0,0
3674,참치채소볶음밥,163.7,251.488,10.50463,3.76956,42.3594,1.892,21.388,2.79405,192.555,90.90091667,0.134123,0.083614,40.47511,776.58589,155.40783,0,0,0,0,0,0,0,0,1,0,0,0,0,1,0,0,0,0,0,0,0,0,0,0,0,0,0,0,0,0,0,0,0,0,0,0,0,0,0,0
3675,참치채소비빔밥,112.3,228.183,10.33673,2.57631,39.13575,1.0338,26.93,2.84361,228.205,40.37866667,0.14909,0.089704,1.69221,520.13406,9.83298,0,0,0,0,0,0,0,0,1,0,0,0,0,1,0,0,0,0,0,0,0,0,0,0,0,0,0,0,0,0,0,0,0,0,0,0,0,0,0,0
3676,찹쌀닭백숙,83.1,192.973,12.72576,6.1936,20.02574,0.114,8.574,1.1325,106.074,28.792,0.14948,0.15061,0.40548,0.47556,0.2454,0,0,0,0,0,0,0,0,1,0,0,0,0,1,0,0,0,0,0,0,0,0,0,0,0,0,0,0,0,0,0,0,0,0,0,0,0,0,0,0
3677,채소볶음밥,98.2,196.18,3.79855,1.63006,40.09638,1.0868,13.318,0.82563,174.763,68.067,0.126283,0.092966,1.86328,338.97292,145.62386,0,0,0,0,0,0,0,0,1,0,0,0,0,1,0,0,0,0,0,0,0,0,0,0,0,0,0,0,0,0,0,0,0,0,0,0,0,0,0,0
3678,채소비빔밥,118,195.911,4.17335,1.50657,40.41313,1.5492,28.46,1.17558,45.864,40.83516667,0.171887,0.09835,3.24036,526.90104,11.52738,0,0,0,0,0,0,0,0,1,0,0,0,0,1,0,0,0,0,0,0,0,0,0,0,0,0,0,0,0,0,0,0,0,0,0,0,0,0,0,0
3679,채소유부초밥,150.1,341.421,9.64346,7.43794,56.74514,1.8978,86.589,2.20567,89.59,60.8,0.169381,0.079192,20.04854,25.41832,7.96344,0,0,0,0,0,0,0,0,1,0,0,0,0,1,0,0,0,0,0,0,0,0,0,0,0,0,0,0,0,0,0,0,0,0,0,0,0,0,0,0
3680,채소주먹밥,77.5,189.178,3.32959,1.40039,39.15832,0.7144,8.367,0.71745,72.724,28.661,0.118719,0.023194,1.75466,507.64138,10.63759,0,0,0,0,0,0,0,0,1,0,0,0,0,1,0,0,0,0,0,0,0,0,0,0,0,0,0,0,0,0,0,0,0,0,0,0,0,0,0,0
3681,채소주먹밥(달걀),111.9,232.704,7.62833,4.00547,39.65215,0.5555,26.715,1.3479,50.951,75.08625,0.145347,0.199563,2.39456,640.13225,145.2695,0,0,0,0,0,0,0,0,1,0,0,0,0,1,0,0,0,0,0,0,0,0,0,0,0,0,0,0,0,0,0,0,0,0,0,0,0,0,0,0
3682,청포묵비빔밥,111.7,212.523,6.72392,1.95144,40.17069,0.8146,13.837,0.87061,80.826,63.63566667,0.137242,0.097325,1.38115,576.27197,13.86259,0,0,0,0,0,0,0,0,1,0,0,0,0,1,0,0,0,0,0,0,0,0,0,0,0,0,0,0,0,0,0,0,0,0,0,0,0,0,0,0
3683,충무김밥,47.6,170.962,3.4516,0.43958,37.00828,0,6.986,0.7291,74.002,14.73816667,0.11528,0.05278,1.884,83.2425,1.06814,0,0,0,0,0,0,0,0,1,0,0,0,0,1,0,0,0,0,0,0,0,0,0,0,0,0,0,0,0,0,0,0,0,0,0,0,0,0,0,0
3684,충무김밥+반찬,114.5,249.1,10.20075,2.83259,44.84602,1.0988,33.562,1.11563,353.587,40.70916667,0.14389,0.120162,3.7996,1007.16601,66.18375,0,0,0,0,0,0,0,0,1,0,0,0,0,1,0,0,0,0,0,0,0,0,0,0,0,0,0,0,0,0,0,0,0,0,0,0,0,0,0,0
3685,취나물밥+양념장,99.8,245.574,5.0974,1.83031,50.75708,1.8054,57.33,2.94956,173.936,66.92258332,0.156868,0.261587,4.51835,642.82088,70.96482,0,0,0,0,0,0,0,0,1,0,0,0,0,1,0,0,0,0,0,0,0,0,0,0,0,0,0,0,0,0,0,0,0,0,0,0,0,0,0,0
3686,취나물표고영양밥,104.8,197.856,4.27168,1.57492,41.68656,1.3824,44.056,2.51692,6.752,55.41233332,0.145256,0.219416,3.70368,527.4198,58.9602,0,0,0,0,0,0,0,0,1,0,0,0,0,1,0,0,0,0,0,0,0,0,0,0,0,0,0,0,0,0,0,0,0,0,0,0,0,0,0,0
3687,치즈채소볶음밥,185.5,304.369,8.75372,6.49399,51.21593,2.353,160.126,0.99952,319.266,107.4545833,0.150899,0.129302,40.06413,371.74191,182.74348,0,0,0,0,0,0,0,0,1,0,0,0,0,1,0,0,0,0,0,0,0,0,0,0,0,0,0,0,0,0,0,0,0,0,0,0,0,0,0,0
3688,치킨마요덮밥,109.7,288.435,12.80127,6.99855,40.81649,0.0945,16.518,1.03679,153.311,22.20016667,0.194334,0.088759,0.84595,2715.23458,479.63889,0,0,0,0,0,0,0,0,1,0,0,0,0,1,0,0,0,0,0,0,0,0,0,0,0,0,0,0,0,0,0,0,0,0,0,0,0,0,0,0
3689,카레라이스,145.1,298.769,9.02264,5.89514,52.87809,1.5483,25.187,1.82263,17.068,83.62091667,0.269337,0.061882,4.48592,539.0954,149.97893,0,0,0,0,0,0,0,0,1,0,0,0,0,1,0,0,0,0,0,0,0,0,0,0,0,0,0,0,0,0,0,0,0,0,0,0,0,0,0,0
3690,콩나물무밥,110.5,233.547,5.16122,1.83746,47.58138,0.5988,23.655,1.00286,6.46,0.423333333,0.178652,0.04165,2.2066,697.122,41.80242,0,0,0,0,0,0,0,0,1,0,0,0,0,1,0,0,0,0,0,0,0,0,0,0,0,0,0,0,0,0,0,0,0,0,0,0,0,0,0,0
3691,콩나물무밥+양념장,123.2,239.084,5.64063,1.85034,48.55036,0.728,31.154,1.30371,173.865,7.162333333,0.182777,0.112014,3.46608,701.28776,45.74002,0,0,0,0,0,0,0,0,1,0,0,0,0,1,0,0,0,0,0,0,0,0,0,0,0,0,0,0,0,0,0,0,0,0,0,0,0,0,0,0
3692,콩나물밥,86.3,219.093,5.01632,0.62168,46.8069,0.4608,17.849,0.94046,4.888,0.335666666,0.165082,0.03598,0.5184,191.9952,33.13728,0,0,0,0,0,0,0,0,1,0,0,0,0,1,0,0,0,0,0,0,0,0,0,0,0,0,0,0,0,0,0,0,0,0,0,0,0,0,0,0
3693,콩나물밥+양념장,68.4,179.799,4.12758,0.67377,37.94663,0.3758,13.706,0.79558,171.305,1.133333333,0.128451,0.087104,0.354,222.48617,21.80482,0,0,0,0,0,0,0,0,1,0,0,0,0,1,0,0,0,0,0,0,0,0,0,0,0,0,0,0,0,0,0,0,0,0,0,0,0,0,0,0
3694,크림리조또,123.2,262.936,6.69036,11.0062,32.53112,0.2351,63.82,0.58535,135.948,70.36133334,0.13533,0.114512,11.52213,708.01674,177.96768,0,0,0,0,0,0,0,0,1,0,0,0,0,1,0,0,0,0,0,0,0,0,0,0,0,0,0,0,0,0,0,0,0,0,0,0,0,0,0,0
3695,토마토새우볶음밥,117.6,247.119,7.8881,1.65206,48.14484,1.0927,24.919,1.35668,85.922,10.01466667,0.142481,0.055975,7.26771,263.22999,144.5682,0,0,0,0,0,0,0,0,1,0,0,0,0,1,0,0,0,0,0,0,0,0,0,0,0,0,0,0,0,0,0,0,0,0,0,0,0,0,0,0
3696,파인애플볶음밥,139.4,222.183,3.88659,1.45311,47.12317,1.8202,17.756,0.83943,275.798,86.28583334,0.141126,0.082626,4.16449,262.40552,150.42642,0,0,0,0,0,0,0,0,1,0,0,0,0,1,0,0,0,0,0,0,0,0,0,0,0,0,0,0,0,0,0,0,0,0,0,0,0,0,0,0
3697,파인애플새우볶음밥,150.9,225.743,7.21947,1.60591,44.11983,1.8202,30.381,1.27415,55.244,86.22783334,0.140604,0.070182,4.33749,262.32838,150.42642,0,0,0,0,0,0,0,0,1,0,0,0,0,1,0,0,0,0,0,0,0,0,0,0,0,0,0,0,0,0,0,0,0,0,0,0,0,0,0,0
3698,파인콘채소볶음밥,137.2,230.72,4.01313,1.5633,48.7277,1.643,14.724,0.85325,203.947,58.512,0.134612,0.083148,4.29865,299.51117,149.95247,0,0,0,0,0,0,0,0,1,0,0,0,0,1,0,0,0,0,0,0,0,0,0,0,0,0,0,0,0,0,0,0,0,0,0,0,0,0,0,0
3699,파프리카유부초밥,83.8,245.889,6.6232,5.76136,40.04477,0.3496,56.889,1.44804,75.099,22.61475,0.118981,0.031889,5.55841,46.78297,24.40075,0,0,0,0,0,0,0,0,1,0,0,0,0,1,0,0,0,0,0,0,0,0,0,0,0,0,0,0,0,0,0,0,0,0,0,0,0,0,0,0
3700,표고버섯콩나물밥,115.2,248.882,5.79681,3.08396,48.79168,0.4888,20.632,1.15855,173.647,0.346666666,0.184847,0.14656,0.5184,928.45308,175.39224,0,0,0,0,0,0,0,0,1,0,0,0,0,1,0,0,0,0,0,0,0,0,0,0,0,0,0,0,0,0,0,0,0,0,0,0,0,0,0,0
3701,하이라이스,131.4,277.44,8.36477,4.45922,49.90103,1.5848,20.054,1.30667,393.164,55.15866667,0.255808,0.046509,3.9756,603.0201,155.50961,0,0,0,0,0,0,0,0,1,0,0,0,0,1,0,0,0,0,0,0,0,0,0,0,0,0,0,0,0,0,0,0,0,0,0,0,0,0,0,0
3702,해물굴소스볶음밥,116.7,239.689,12.32814,2.14598,40.48664,0.4108,28.141,1.35964,325.14,28.22133333,0.127244,0.070076,1.09442,330.01336,138.96956,0,0,0,0,0,0,0,0,1,0,0,0,0,1,0,0,0,0,0,0,0,0,0,0,0,0,0,0,0,0,0,0,0,0,0,0,0,0,0,0
3703,해물버섯덮밥,150.9,245.817,11.53161,1.82809,44.71699,1.3764,35.955,1.22783,71.385,30.59725,0.156995,0.108795,4.47679,265.68592,142.48612,0,0,0,0,0,0,0,0,1,0,0,0,0,1,0,0,0,0,0,0,0,0,0,0,0,0,0,0,0,0,0,0,0,0,0,0,0,0,0,0
3704,해물볶음밥,151.2,228.764,10.35639,1.86084,40.99868,1.2451,27.532,1.31165,155.187,61.37475,0.133778,0.077488,36.74999,270.57189,147.87474,0,0,0,0,0,0,0,0,1,0,0,0,0,1,0,0,0,0,0,0,0,0,0,0,0,0,0,0,0,0,0,0,0,0,0,0,0,0,0,0
3705,햄김치볶음밥,175,246.092,8.784,3.72917,43.92537,1.9163,44.502,1.47028,333.429,94.18358334,0.187801,0.185936,20.86256,778.98844,157.91386,0,0,0,0,0,0,0,0,1,0,0,0,0,1,0,0,0,0,0,0,0,0,0,0,0,0,0,0,0,0,0,0,0,0,0,0,0,0,0,0
3706,햄파프리카볶음밥,123.2,232.45,7.09909,3.5939,41.24752,0.9841,11.978,0.97189,237.048,57.70275,0.14256,0.090488,35.44479,760.94203,149.60164,0,0,0,0,0,0,0,0,1,0,0,0,0,1,0,0,0,0,0,0,0,0,0,0,0,0,0,0,0,0,0,0,0,0,0,0,0,0,0,0
3707,햄채소볶음밥,128,221.917,7.44635,2.40404,41.52326,1.3647,12.872,0.95773,304.74,56.93633334,0.150054,0.110273,12.71257,262.85123,144.48945,0,0,0,0,0,0,0,0,1,0,0,0,0,1,0,0,0,0,0,0,0,0,0,0,0,0,0,0,0,0,0,0,0,0,0,0,0,0,0,0
3708,호박짜장밥,179.6,314.842,10.54995,4.78041,55.89465,3.1161,28.638,1.25295,971.707,87.80400001,0.308327,0.072866,5.44544,844.39215,184.59952,0,0,0,0,0,0,0,0,1,0,0,0,0,1,0,0,0,0,0,0,0,0,0,0,0,0,0,0,0,0,0,0,0,0,0,0,0,0,0,0
3709,홍합영양밥,97.2,230.562,7.34228,0.95866,46.31355,0.5355,17.985,2.46846,145.654,34.26375,0.118654,0.132836,2.13981,119.47384,5.51833,0,0,0,0,0,0,0,0,1,0,0,0,0,1,0,0,0,0,0,0,0,0,0,0,0,0,0,0,0,0,0,0,0,0,0,0,0,0,0,0
3710,훈제오리볶음밥,119.9,255.449,7.59407,5.79901,41.97279,1.0336,11.955,1.12338,183.499,37.26233334,0.137746,0.07639,13.25014,999.85013,177.15176,0,0,0,0,0,0,0,0,1,0,0,0,0,1,0,0,0,0,0,0,0,0,0,0,0,0,0,0,0,0,0,0,0,0,0,0,0,0,0,0
3711,Empty,0,0,0,0,0,0,0,0,0,0,0,0,0,0,0,0,0,0,0,0,0,0,0,0,0,0,0,0,0,1,0,0,0,0,0,0,0,0,0,0,0,0,0,0,0,0,0,0,0,0,0,0,0,0,0
3712,Empty,0,0,0,0,0,0,0,0,0,0,0,0,0,0,0,0,0,0,0,0,0,0,0,0,0,0,0,0,0,1,0,0,0,0,0,0,0,0,0,0,0,0,0,0,0,0,0,0,0,0,0,0,0,0,0
3713,Empty,0,0,0,0,0,0,0,0,0,0,0,0,0,0,0,0,0,0,0,0,0,0,0,0,0,0,0,0,0,1,0,0,0,0,0,0,0,0,0,0,0,0,0,0,0,0,0,0,0,0,0,0,0,0,0
3714,종료,0,0,0,0,0,0,0,0,0,0,0,0,0,0,0,0,0,0,0,0,0,0,0,0,0,0,0,0,0,0,0,0,0,0,0,0,0,0,0,0,0,0,0,0,0,0,0,0,0,0,0,0,0,0,0
